"COD_IDT_COTC";"COD_COTC";"ANO_COTC";"COD_ORG_EMP";"TXT_ORG_EMP";"COD_UNID_ORCM_SOF";"TXT_UNID_ORCM";"COD_TIP_COTC";"TXT_TIP_COTC";"COD_FNDT_LEGA_DESP";"TXT_RESU_FNDT_LEGA";"COD_MODL_LICI_SOF";"TXT_MODL_LICI";"DT_INIC_VIG";"DT_FIM_VIG";"DT_FIM_VIG_ATU";"VAL_EPH_INFM_PRIN";"VAL_EPH_INFM_REAJ";"QTD_DIA_PRZO_ATUL";"VAL_TOT_MNTT_PRIN";"VAL_TOT_MNTT_REAJ";"VAL_TOT_EPH_PRIN";"VAL_TOT_EPH_REAJ";"COD_SITU_COTC_ATU";"COD_COND_PGTO";"TXT_COND_PGTO";"ANO_ATA_REG_PCO";"COD_ATA_REG_PCO";"RP_COD_ORG_EMP";"RP_TXT_ORG_EMP";"RP_COD_EMP_ORG_EXTR";"RP_TXT_EMP_ORG_EXTR";"COD_IND_REAJ_SOF";"TXT_IND_REAJ_SOF";"COD_ORGN_COTC";"NOM_PPST_COTT";"DT_ENVI_PPTA_COTC";"DT_ASSI_DPCH";"DT_PUBL_DPCH";"COD_NRO_PAG_DPCH";"DT_ASSI_COTC";"DT_PUBL_COTC";"COD_NRO_PAG_COTC";"COD_NRO_EDIT_COTC";"COD_NRO_PCSS_SOF";"COD_TIP_DOC";"COD_GSTR_COTC";"NOM_GSTR_COTC";"TXT_DOC_DESG_GSTR";"TXT_OBJE_COTC";"TXT_REAJ_OTRO";"COD_ORG_EMP_ATUAL";"TXT_ORG_EMP_ATUAL";"COD_UNID_ORCM_SOF_ATUAL";"TXT_UNID_ORCM_ATUAL";"VAL_PRIN_ACRE";"VAL_REAJ_ACRE";"QTD_DIA_PRZO_COTR";"VL_TOTAL_ADITAMENTO";"VL_TOTAL_REAJUSTES";"VL_TOTAL_ATUALIZADO";"VL_ATUAL_CONTR_GERAL";"VL_EMPENHADOS_ANTES_GERAL";"VL_EMPENHADOS_APOS_GERAL";"VL_ANULACOES_GERAL";"VL_SALDO_EMPENHAR_GERAL";"VL_SALDO_LIQUIDAR_GERAL";"VL_SALDO_PAGAR_GERAL";"VL_PAGOS_GERAL";"VL_EMPENHOS_CANCELADOS_GERAL";"VL_ATUAL_CONTR_PRINC";"VL_EMPENHADOS_ANTES_PRINC";"VL_EMPENHADOS_APOS_PRINC";"VL_ANULACOES_PRINC";"VL_SALDO_EMPENHAR_PRINC";"VL_SALDO_LIQUIDAR_PRINC";"VL_SALDO_PAGAR_PRINC";"VL_PAGOS_PRINC";"VL_EMPENHOS_CANCELADOS_PRINC";"VL_ATUAL_CONTR_REAJ";"VL_EMPENHADOS_ANTES_REAJ";"VL_EMPENHADOS_APOS_REAJ";"VL_ANULACOES_REAJ";"VL_SALDO_EMPENHAR_REAJ";"VL_SALDO_LIQUIDAR_REAJ";"VL_SALDO_PAGAR_REAJ";"VL_PAGOS_REAJ";"VL_EMPENHOS_CANCELADOS_REAJ";"PERC_ADIT_ACRESC_PATAMAR";"PERC_ADIT_SUPR_PATAMAR";"PERC_ADIT_ACRESC_OBJETO";"PERC_ADIT_SUPR_OBJETO";"QT_PRAZO_ATUAL_ACRESCIMO_OBJ";"QT_PRAZO_ATUAL_SUPRESSAO_OBJ";"QT_PRAZO_ATUAL_ACRESCIMO_PAT";"QT_PRAZO_ATUAL_SUPRESSAO_PAT";"QT_PRAZO_ATUAL_ACRESCIMO_PRO";"QT_PRAZO_ATUAL_SUPRESSAO_PRO";"DOTACAO";"COD_SUB_ELEM_DESP";"DESC_SUB_ELEMENTO";"COD_ITEM_DESP_SOF";"DESC_ITEM_DESP";"COD_ELEM_DESP";"DESC_ELEMENTO";"VL_SALDO_EMPENHAR_TOTAL"
"595214";"22822";"2025";"22";"Secretaria Municipal de Infraestrutura Urbana e Obras";"10";"Gabinete do Secretário";"2";"Termo de Contrato - Serviços";"122";"Art. 75 - Inciso IX - Lei Federal 14.133/2021";"6";"Dispensa de Licitação";"01/09/2025 00:00:00";"01/02/2026 00:00:00";"01/02/2026 00:00:00";"0";"0";"153";"184311,17";"0";"184311,17";"0";"A";"9";"umental";"-1";"-1";"";"";"";"";"41";"SEM REAJUSTE";"059/SIURB/2025";"DELSON JOSE AMADOR";"12/05/2025 00:00:00";"18/07/2025 00:00:00";"22/07/2025 00:00:00";"";"28/08/2025 00:00:00";"05/09/2025 00:00:00";"";"oficio 69/siurb G";"6022202500028295";"S";"D8222908";"Jonathan Sant'ana dos Santos";"129404349";"Prestação de serviços técnicos especializados para apoio técnico preparatório e execução de licitação nos termos da Lei nº 14.133/2021 para contratação de empresa especializada em engenharia para execução de obras e serviços de adequação da pista Pit Lane e instalações permanentes do Autódromo Municipal José Carlos Pace - Interlagos, para realização do Grande Prêmio de Fórmula 1 - 2025.";"";"22";"Secretaria Municipal de Infraestrutura Urbana e Obras";"10";"Gabinete do Secretário";"184311,17";"0";"153";"0";"0";"184311,17";"184311,17";"0";"184311,17";"0";"0";"0";"184311,17";"184311,17";"0";"184311,17";"0";"184311,17";"0";"0";"0";"184311,17";"184311,17";"0";"0";"0";"0";"0";"0";"0";"0";"0";"0";"0";"0";"0";"0";"0";"0";"0";"0";"0";"0";"22.10.27.813.3015.1.109.44905100.00.1.500.0003.1";"80";"Estudos e Projetos";"99";"Outros Estudos e Projetos";"51";"Obras e Instalações";"0"
"612848";"38937";"2025";"22";"Secretaria Municipal de Infraestrutura Urbana e Obras";"10";"Gabinete do Secretário";"2";"Termo de Contrato - Serviços";"106";"Art. 28 - Inciso II Lei Federal 14.133/2021";"4";"Concorrência";"12/03/2026 00:00:00";"01/03/2028 00:00:00";"01/03/2028 00:00:00";"0";"0";"720";"68707431";"0";"8537658,82";"0";"A";"9";"umental";"-1";"-1";"";"";"";"";"33";"IPC/FIPE";"166/SIURB/2025";"Rafael Sangiacomo";"11/09/2025 00:00:00";"11/12/2025 00:00:00";"12/12/2025 00:00:00";"15200";"30/12/2025 00:00:00";"03/03/2026 00:00:00";"15200";"nº 90046/25/SIURB";"6022202500060172";"S";"528.666-2";"ARIOVALDO JOSÉ LOPES";"147701726";"ELABORAÇÃO DE PROJETOS EXECUTIVOS E OBRAS DE CANALIZAÇÃO E SERVIÇOS COMPLEMENTARES NA ÁREA DE RISCO CV - 08 FUTURO MELHOR E CV10 CÓRREGO DO BISPO";"";"22";"Secretaria Municipal de Infraestrutura Urbana e Obras";"10";"Gabinete do Secretário";"68707431";"0";"720";"0";"0";"68707431";"68707431";"0";"8537658,82";"0";"60169772,18";"4042804,61";"4494854,21";"4494854,21";"17373999,43";"68707431";"0";"8537658,82";"0";"60169772,18";"4042804,61";"4494854,21";"4494854,21";"17373999,43";"0";"0";"0";"0";"0";"0";"0";"0";"0";"0";"0";"0";"0";"0";"0";"0";"0";"0";"0";"22.10.17.512.4014.5.013.44905100.00.1.500.0003.0";"89";"Obras em Andamento - Uso Comum do Povo";"22";"Canalização de Córregos";"51";"Obras e Instalações";"60169772,18"
"580557";"9289";"2025";"22";"Secretaria Municipal de Infraestrutura Urbana e Obras";"10";"Gabinete do Secretário";"30";"Nota de Empenho para Fornecimento de Serviços";"115";"Art. 75 - Inciso II - Lei Federal 14.133/2021";"6";"Dispensa de Licitação";"01/05/2025 00:00:00";"01/05/2026 00:00:00";"01/05/2026 00:00:00";"0";"0";"365";"3531";"0";"3531";"0";"E";"90";"ocumento equivalente";"-1";"-1";"";"";"";"";"33";"IPC/FIPE";"013/SIURB/2025";"Carla Cristina Fernandes Dagosto";"24/03/2025 00:00:00";"25/03/2025 00:00:00";"26/03/2025 00:00:00";"313";"08/04/2025 00:00:00";"29/04/2025 00:00:00";"";"Dispensa - Licitação";"6022202500012348";"S";"883.190-4";"Weberton da Silva Oliveira";"Conforme doc. sei! 122355568.";"Prestação de serviços de chaveiro, compreendendo cópia e modelagem de chaves, conserto e abertura de fechaduras, troca de segredo de fechadura em geral.";"";"22";"Secretaria Municipal de Infraestrutura Urbana e Obras";"10";"Gabinete do Secretário";"16500";"0";"365";"0";"0";"16500";"16500";"0";"3531";"12969";"0";"0";"3531";"3531";"12969";"16500";"0";"3531";"12969";"0";"0";"3531";"3531";"12969";"0";"0";"0";"0";"0";"0";"0";"0";"0";"0";"0";"0";"0";"0";"0";"0";"0";"0";"0";"22.10.15.122.3024.2.100.33903900.00.1.500.9001.0";"05";"Serviços Técnicos Profissionais";"99";"Outros Serviços Técnicos Profissionais - PJ";"39";"Outros Serviços de Terceiros - Pessoa Jurídica";"0"
"590420";"18238";"2025";"22";"Secretaria Municipal de Infraestrutura Urbana e Obras";"10";"Gabinete do Secretário";"54";"Nota de Empenho - Pagamento de Anuidades / Taxas / Impostos";"39";"Não Aplicável";"8";"Não Aplicável";"26/06/2025 00:00:00";"01/07/2025 00:00:00";"01/07/2025 00:00:00";"0";"0";"5";"4000";"0";"4000";"0";"E";"1";"";"-1";"-1";"";"";"";"";"41";"SEM REAJUSTE";"CR1062890-77/2018";"";"26/06/2025 00:00:00";"26/06/2025 00:00:00";"30/06/2025 00:00:00";"";"";"";"";"";"7910202500009401";"S";"";"";"";"Pagamento de Tarifa extraordinária relacionada as obras do Quadrilátero República - CR 1062890-77/2018 - 881763.";"";"22";"Secretaria Municipal de Infraestrutura Urbana e Obras";"10";"Gabinete do Secretário";"4000";"0";"5";"0";"0";"4000";"4000";"0";"4000";"0";"0";"0";"4000";"4000";"0";"4000";"0";"4000";"0";"0";"0";"4000";"4000";"0";"0";"0";"0";"0";"0";"0";"0";"0";"0";"0";"0";"0";"0";"0";"0";"0";"0";"0";"0";"22.10.15.451.3009.5.100.44903900.00.1.500.0003.1";"99";"Outros Serviços de Terceiros - Pessoa Jurídica";"99";"Outros Serviços de Terceiros - Pessoa Jurídica";"39";"Outros Serviços de Terceiros - Pessoa Jurídica";"0"
"587752";"15759";"2025";"22";"Secretaria Municipal de Infraestrutura Urbana e Obras";"10";"Gabinete do Secretário";"2";"Termo de Contrato - Serviços";"39";"Não Aplicável";"8";"Não Aplicável";"01/09/2025 00:00:00";"01/09/2026 00:00:00";"01/09/2026 00:00:00";"0";"0";"365";"6440365,40";"0";"6440365,40";"0";"A";"9";"umental";"-1";"-1";"";"";"";"";"41";"SEM REAJUSTE";"TCNO 027/SIURB/2025";"Jorge Bayerlein";"26/05/2025 00:00:00";"04/06/2025 00:00:00";"05/06/2025 00:00:00";"";"13/06/2025 00:00:00";"24/06/2025 00:00:00";"";"termo não oneroso";"7910202200011273";"S";"8222908";"Jhonatan Sant'Ana dos Santos";"126981025";"Execução das obras de implantação da Ciclopassarela Bernardo Goldfarb - OUCFL.";"";"22";"Secretaria Municipal de Infraestrutura Urbana e Obras";"10";"Gabinete do Secretário";"6022527,32";"0";"365";"417838,08";"0";"6440365,40";"6440365,40";"0";"6440365,40";"0";"0";"0";"6440365,40";"6440365,40";"0";"6440365,40";"0";"6440365,40";"0";"0";"0";"6440365,40";"6440365,40";"0";"0";"0";"0";"0";"0";"0";"0";"0";"0";"0";"0";"6,94";"0";"0";"0";"0";"0";"0";"0";"29.50.15.451.3009.5.100.44905100.08.1.799.0708.0";"89";"Obras em Andamento - Uso Comum do Povo";"08";"Obras em Áreas de Risco";"51";"Obras e Instalações";"0"
"601927";"28849";"2025";"22";"Secretaria Municipal de Infraestrutura Urbana e Obras";"10";"Gabinete do Secretário";"72";"Nota de Empenho Desapropriações - Interesse Social";"65";"Decreto-Lei 3365/1941-Operação de Desapropriação por Utilidade Pública";"8";"Não Aplicável";"01/09/2025 00:00:00";"01/10/2025 00:00:00";"01/10/2025 00:00:00";"0";"0";"30";"71,26";"0";"71,26";"0";"A";"1";"";"-1";"-1";"";"";"";"";"41";"SEM REAJUSTE";"TCNO 055/SIURB/2025";"";"";"25/09/2025 00:00:00";"29/09/2025 00:00:00";"";"08/12/2025 00:00:00";"10/12/2025 00:00:00";"";"";"7910202500015657";"S";"837819";"ELISEU APARECIDO NETTO";"142996363";"desapropriação de imóvel necessário para implantação do melhoramento HIS - Habitação de Interesse Social, integrante da Operação Urbana Consorciada Água Espraiada - OUCAE.";"";"22";"Secretaria Municipal de Infraestrutura Urbana e Obras";"10";"Gabinete do Secretário";"71,26";"0";"30";"0";"0";"71,26";"71,26";"0";"71,26";"0";"0";"0";"71,26";"71,26";"0";"71,26";"0";"71,26";"0";"0";"0";"71,26";"71,26";"0";"0";"0";"0";"0";"0";"0";"0";"0";"0";"0";"0";"0";"0";"0";"0";"0";"0";"0";"0";"29.30.16.482.3002.3.354.44903900.08.1.799.0624.0";"99";"Outros Serviços de Terceiros - Pessoa Jurídica";"99";"Outros Serviços de Terceiros - Pessoa Jurídica";"39";"Outros Serviços de Terceiros - Pessoa Jurídica";"0"
"605814";"32381";"2025";"22";"Secretaria Municipal de Infraestrutura Urbana e Obras";"10";"Gabinete do Secretário";"71";"Nota de Empenho Desapropriações - Interesse  Público";"65";"Decreto-Lei 3365/1941-Operação de Desapropriação por Utilidade Pública";"8";"Não Aplicável";"01/09/2025 00:00:00";"01/10/2025 00:00:00";"01/10/2025 00:00:00";"0";"0";"30";"21,76";"0";"21,76";"0";"A";"1";"";"-1";"-1";"";"";"";"";"41";"SEM REAJUSTE";"TCNO 055/SIURB/2025";"";"";"21/10/2025 00:00:00";"23/10/2025 00:00:00";"";"08/12/2025 00:00:00";"10/12/2025 00:00:00";"";"";"7910202500016475";"S";"837819";"ELISEU APARECIDO NETTO";"144648160";"Desapropriação de imóvel necessário para implantação do melhoramento HIS - Habitação de Interesse Social, integrante da Operação Urbana Consorciada Água Espraiada - OUCAE.";"";"22";"Secretaria Municipal de Infraestrutura Urbana e Obras";"10";"Gabinete do Secretário";"21,76";"0";"30";"0";"0";"21,76";"21,76";"0";"21,76";"0";"0";"0";"21,76";"21,76";"0";"21,76";"0";"21,76";"0";"0";"0";"21,76";"21,76";"0";"0";"0";"0";"0";"0";"0";"0";"0";"0";"0";"0";"0";"0";"0";"0";"0";"0";"0";"0";"29.30.16.482.3002.3.354.44906100.08.1.799.0624.0";"99";"Outras Aquisições de Bens Imóveis";"01";"Desapropriações";"61";"Aquisição de Imóveis";"0"
"586137";"14334";"2025";"22";"Secretaria Municipal de Infraestrutura Urbana e Obras";"10";"Gabinete do Secretário";"2";"Termo de Contrato - Serviços";"39";"Não Aplicável";"8";"Não Aplicável";"18/06/2025 00:00:00";"17/09/2025 00:00:00";"01/11/2025 00:00:00";"0";"0";"91";"21539,10";"0";"21539,10";"0";"E";"9";"umental";"-1";"-1";"";"";"";"";"41";"SEM REAJUSTE";"027/SIURB/2025";"Delson Silva Lapa";"22/04/2025 00:00:00";"06/05/2025 00:00:00";"07/05/2025 00:00:00";"";"05/06/2025 00:00:00";"06/06/2025 00:00:00";"";"ARP 007/SIURB/2024";"6022202500030990";"S";"8378193";"Eliseu Aparecido Netto";"124552669";"Contratação de Material Técnico Expropriatório dos imóveis localizados na Rua Agrimensor Sugaya, distrito de Itaquera.";"";"22";"Secretaria Municipal de Infraestrutura Urbana e Obras";"10";"Gabinete do Secretário";"21539,11";"0";"91";"0";"0";"21539,11";"21539,11";"0";"21539,10";"0,01";"0";"0";"21539,10";"21539,10";"21539,12";"21539,11";"0";"21539,10";"0,01";"0";"0";"21539,10";"21539,10";"21539,12";"0";"0";"0";"0";"0";"0";"0";"0";"0";"0";"0";"0";"0";"0";"0";"0";"0";"45";"0";"98.22.15.451.3009.5.100.44903900.08.1.759.0402.0";"05";"Serviços Técnicos Profissionais";"01";"Gerenciamento";"39";"Outros Serviços de Terceiros - Pessoa Jurídica";"0"
"611317";"37474";"2025";"22";"Secretaria Municipal de Infraestrutura Urbana e Obras";"10";"Gabinete do Secretário";"71";"Nota de Empenho Desapropriações - Interesse  Público";"65";"Decreto-Lei 3365/1941-Operação de Desapropriação por Utilidade Pública";"8";"Não Aplicável";"01/11/2025 00:00:00";"01/12/2025 00:00:00";"01/12/2025 00:00:00";"0";"0";"30";"71,26";"0";"71,26";"0";"E";"1";"";"-1";"-1";"";"";"";"";"41";"SEM REAJUSTE";"062/SIURB/2025";"";"";"17/12/2025 00:00:00";"18/12/2025 00:00:00";"14815";"21/01/2026 00:00:00";"22/01/2026 00:00:00";"14850";"";"7910202500019970";"S";"837819";"ELISEU APARECIDO NETTO";"148049539";"Trata-se de processo administrativo de desapropriação de imóvel necessário para implantação do melhoramento Chucri Zaidan, integrante da OUCAE";"";"22";"Secretaria Municipal de Infraestrutura Urbana e Obras";"10";"Gabinete do Secretário";"71,26";"0";"30";"0";"0";"71,26";"71,26";"0";"71,26";"0";"0";"0";"71,26";"71,26";"0";"71,26";"0";"71,26";"0";"0";"0";"71,26";"71,26";"0";"0";"0";"0";"0";"0";"0";"0";"0";"0";"0";"0";"0";"0";"0";"0";"0";"0";"0";"0";"29.30.15.451.3009.5.100.44903900.08.2.799.0707.1";"99";"Outros Serviços de Terceiros - Pessoa Jurídica";"99";"Outros Serviços de Terceiros - Pessoa Jurídica";"39";"Outros Serviços de Terceiros - Pessoa Jurídica";"0"
"610212";"36468";"2025";"22";"Secretaria Municipal de Infraestrutura Urbana e Obras";"10";"Gabinete do Secretário";"54";"Nota de Empenho - Pagamento de Anuidades / Taxas / Impostos";"39";"Não Aplicável";"8";"Não Aplicável";"01/11/2025 00:00:00";"01/12/2025 00:00:00";"01/12/2025 00:00:00";"0";"0";"30";"3150";"0";"3150";"0";"E";"1";"";"-1";"-1";"";"";"";"";"41";"SEM REAJUSTE";"0403.765-78/2013";"";"26/11/2025 00:00:00";"02/12/2025 00:00:00";"04/12/2025 00:00:00";"";"";"";"";"Não Aplicável";"7910202500021207";"S";"";"";"";"Tarifa Extraordinária relacionada ao TC 0403.765-78/2013 - Reservatório de Controle de Cheias na Bacia do Córrego Aricanduva.";"";"22";"Secretaria Municipal de Infraestrutura Urbana e Obras";"10";"Gabinete do Secretário";"3150";"0";"30";"0";"0";"3150";"3150";"0";"3150";"0";"0";"0";"3150";"3150";"0";"3150";"0";"3150";"0";"0";"0";"3150";"3150";"0";"0";"0";"0";"0";"0";"0";"0";"0";"0";"0";"0";"0";"0";"0";"0";"0";"0";"0";"0";"22.10.15.451.3022.5.085.44905100.00.1.500.0003.1";"89";"Obras em Andamento - Uso Comum do Povo";"23";"Reservatórios e Piscinões";"51";"Obras e Instalações";"0"
"580787";"9489";"2025";"22";"Secretaria Municipal de Infraestrutura Urbana e Obras";"10";"Gabinete do Secretário";"1";"Sem Ônus";"39";"Não Aplicável";"8";"Não Aplicável";"28/03/2025 00:00:00";"02/04/2025 00:00:00";"02/04/2025 00:00:00";"0";"0";"5";"34427,62";"0";"34427,62";"0";"E";"1";"";"-1";"-1";"";"";"";"";"41";"SEM REAJUSTE";"T.AJUSTE 4722/2024";"petrobas";"28/03/2025 00:00:00";"27/03/2025 00:00:00";"28/03/2025 00:00:00";"";"28/03/2025 00:00:00";"28/03/2025 00:00:00";"";"boleto";"6022202500017706";"S";"d753210";"Paulo Mauricio Bacelli Mendes";"fiscal";"Ressarcimento de custos - Termo de ajuste nº 4722/2024 - Implantação de rede de drenagem de águas pluviais.";"";"22";"Secretaria Municipal de Infraestrutura Urbana e Obras";"10";"Gabinete do Secretário";"34427,62";"0";"5";"0";"0";"34427,62";"34427,62";"0";"34427,62";"0";"0";"0";"34427,62";"34427,62";"0";"34427,62";"0";"34427,62";"0";"0";"0";"34427,62";"34427,62";"0";"0";"0";"0";"0";"0";"0";"0";"0";"0";"0";"0";"0";"0";"0";"0";"0";"0";"0";"0";"86.22.17.451.3008.5.013.44903900.08.1.759.0709.0";"99";"Outros Serviços de Terceiros - Pessoa Jurídica";"99";"Outros Serviços de Terceiros - Pessoa Jurídica";"39";"Outros Serviços de Terceiros - Pessoa Jurídica";"0"
"604318";"31025";"2025";"22";"Secretaria Municipal de Infraestrutura Urbana e Obras";"10";"Gabinete do Secretário";"2";"Termo de Contrato - Serviços";"122";"Art. 75 - Inciso IX - Lei Federal 14.133/2021";"6";"Dispensa de Licitação";"03/12/2025 00:00:00";"02/04/2026 00:00:00";"02/04/2026 00:00:00";"0";"0";"120";"77714,56";"0";"77714,56";"0";"E";"9";"umental";"-1";"-1";"";"";"";"";"41";"SEM REAJUSTE";"100/SIURB/2025";"JORGE BAYERLEIN";"17/09/2025 00:00:00";"16/10/2025 00:00:00";"17/10/2025 00:00:00";"";"05/12/2025 00:00:00";"05/12/2025 00:00:00";"14731";"DL";"6022202500061985";"S";"753.583-0";"Sandra de Paula Assis";"152355828";"Prestação de serviços técnicos especializados para elaboração de material preparatório para licitação e processo licitatório para a execução do Túnel Sena Madureira.";"";"22";"Secretaria Municipal de Infraestrutura Urbana e Obras";"10";"Gabinete do Secretário";"77714,56";"0";"120";"0";"0";"77714,56";"77714,56";"0";"77714,56";"0";"0";"0";"77714,56";"77714,56";"0";"77714,56";"0";"77714,56";"0";"0";"0";"77714,56";"77714,56";"0";"0";"0";"0";"0";"0";"0";"0";"0";"0";"0";"0";"0";"0";"0";"0";"0";"0";"0";"0";"98.22.15.451.3009.5.100.44903900.08.1.759.0402.1";"05";"Serviços Técnicos Profissionais";"01";"Gerenciamento";"39";"Outros Serviços de Terceiros - Pessoa Jurídica";"0"
"606019";"32577";"2025";"22";"Secretaria Municipal de Infraestrutura Urbana e Obras";"10";"Gabinete do Secretário";"2";"Termo de Contrato - Serviços";"39";"Não Aplicável";"8";"Não Aplicável";"03/12/2025 00:00:00";"02/04/2026 00:00:00";"02/04/2026 00:00:00";"0";"0";"120";"1845178,51";"0";"1845178,25";"0";"A";"9";"umental";"-1";"-1";"";"";"";"";"33";"IPC/FIPE";"105/SIURB/2025";"LUIS FILIPE GONÇALVES FREGOLENT";"11/08/2023 00:00:00";"31/10/2025 00:00:00";"31/10/2025 00:00:00";"";"03/11/2025 00:00:00";"01/12/2025 00:00:00";"";"ATA RP 008/SMSG/2023";"6022202500082508";"S";"627.528.1";"José Alberto Alves da Silva";"145342597";"Contratação da empresa HE ENGENHARIA COMERCIO E REPRESENTAÇÕES LTDA., inscrita no CNPJ/MF sob o n.º 62.533.278/0001-81, detentora da Ata de RP n° 008/SMS.G/23, para a prestação de serviços de reparos, adequações pontuais e pequenos serviços de engenharia nos prédios ocupados pela Secretaria Municipal de Saúde, com fornecimento de material e mão-de-obra, em lotes - Unidade Escolar EMEF Veremundo Toth - Subprefeitura Campo Limpo, pelo prazo de 120 dias, a contar da emissão da ordem de início.";"";"22";"Secretaria Municipal de Infraestrutura Urbana e Obras";"10";"Gabinete do Secretário";"1845178,51";"0";"120";"0";"0";"1845178,51";"1845178,51";"0";"1845178,25";"0";"0,26";"57871,71";"1787306,54";"1787306,54";"0,26";"1845178,51";"0";"1845178,25";"0";"0,26";"57871,71";"1787306,54";"1787306,54";"0,26";"0";"0";"0";"0";"0";"0";"0";"0";"0";"0";"0";"0";"0";"0";"0";"0";"0";"0";"0";"16.10.12.361.3010.2.879.33903900.00.1.500.9001.1";"05";"Serviços Técnicos Profissionais";"99";"Outros Serviços Técnicos Profissionais - PJ";"39";"Outros Serviços de Terceiros - Pessoa Jurídica";"0,26"
"587555";"15584";"2025";"22";"Secretaria Municipal de Infraestrutura Urbana e Obras";"10";"Gabinete do Secretário";"2";"Termo de Contrato - Serviços";"122";"Art. 75 - Inciso IX - Lei Federal 14.133/2021";"6";"Dispensa de Licitação";"02/07/2025 00:00:00";"02/04/2026 00:00:00";"02/04/2026 00:00:00";"0";"0";"274";"144230,66";"0";"98743,65";"0";"A";"9";"umental";"-1";"-1";"";"";"";"";"41";"SEM REAJUSTE";"042/SIURB/2025";"Marco Alessio Antunes";"30/05/2025 00:00:00";"30/05/2025 00:00:00";"02/06/2025 00:00:00";"";"30/05/2025 00:00:00";"02/06/2025 00:00:00";"";"Oficio 152/2024";"6022202400098755";"S";"D7531460";"Fernando Vilar Lemos";"126439809";"Prestação de serviços técnicos especializados para elaboração dos elementos do projeto funcional e material técnico preparatório e licitação dos projetos básicos e executivos do novo eixo de ligação viária entre as regiões Perus x Lapa, e ligação complementar entre Pirituba x CEAGESP, contemplando ciclovia, pista com faixa exclusiva de moto, transporte público (BRT) e tráfego de em geral.";"";"22";"Secretaria Municipal de Infraestrutura Urbana e Obras";"10";"Gabinete do Secretário";"144230,66";"0";"274";"0";"0";"144230,66";"144230,66";"0";"98743,65";"0";"45487,01";"0";"98743,65";"98743,65";"45487,01";"144230,66";"0";"98743,65";"0";"45487,01";"0";"98743,65";"98743,65";"45487,01";"0";"0";"0";"0";"0";"0";"0";"0";"0";"0";"0";"0";"0";"0";"0";"0";"0";"0";"0";"98.22.26.453.3009.5.105.44903900.08.1.759.0402.0";"99";"Outros Serviços de Terceiros - Pessoa Jurídica";"99";"Outros Serviços de Terceiros - Pessoa Jurídica";"39";"Outros Serviços de Terceiros - Pessoa Jurídica";"45487,01"
"608442";"34793";"2025";"22";"Secretaria Municipal de Infraestrutura Urbana e Obras";"10";"Gabinete do Secretário";"30";"Nota de Empenho para Fornecimento de Serviços";"115";"Art. 75 - Inciso II - Lei Federal 14.133/2021";"6";"Dispensa de Licitação";"02/12/2025 00:00:00";"02/12/2026 00:00:00";"02/12/2026 00:00:00";"0";"0";"365";"10370,74";"0";"9648,07";"0";"A";"90";"ocumento equivalente";"2025";"9";"13";"Secretaria Municipal de Gestão";"";"";"33";"IPC/FIPE";"142/SIURB/2025";"";"13/05/2025 00:00:00";"17/11/2025 00:00:00";"19/11/2025 00:00:00";"100";"";"";"";"90007/2025-COBES";"6022202500072588";"S";"d517692";"Paulo Roberto Ribeiro Da Silva";"146160718";"Prestação de serviços de locação, instalação e manutenção de aparelhos purificadores de água para as unidades da PMSP - Adesão Ata de RP nº 009/SEGES-COBES/2025.";"";"22";"Secretaria Municipal de Infraestrutura Urbana e Obras";"10";"Gabinete do Secretário";"10370,74";"0";"365";"0";"0";"10370,74";"10370,74";"0";"9648,07";"0";"722,67";"3192,97";"6455,10";"5735,20";"9029,41";"10370,74";"0";"9648,07";"0";"722,67";"3192,97";"6455,10";"5735,20";"9029,41";"0";"0";"0";"0";"0";"0";"0";"0";"0";"0";"0";"0";"0";"0";"0";"0";"0";"0";"0";"22.10.15.122.3024.2.100.33903900.00.1.500.9001.0";"12";"Locação de Máquinas e Equipamentos";"99";"Outras Máquinas e Equipamentos em Geral";"39";"Outros Serviços de Terceiros - Pessoa Jurídica";"722,67"
"600210";"27288";"2025";"22";"Secretaria Municipal de Infraestrutura Urbana e Obras";"10";"Gabinete do Secretário";"2";"Termo de Contrato - Serviços";"39";"Não Aplicável";"8";"Não Aplicável";"06/10/2025 00:00:00";"03/02/2026 00:00:00";"03/02/2026 00:00:00";"0";"0";"120";"868283,91";"0";"868188,13";"0";"A";"9";"umental";"-1";"-1";"";"";"";"";"33";"IPC/FIPE";"074/SIURB/2025";"FABIANO GUEDES";"11/08/2025 00:00:00";"10/09/2025 00:00:00";"11/09/2025 00:00:00";"";"23/09/2025 00:00:00";"30/09/2025 00:00:00";"14730";"ATA RP 04/SMS.G/2023";"6022202500061152";"S";"5474302";"Samir Joukhadar";"141960555";"Contratação da empresa CÓDIGO ENGENHARIA E CONSTRUÇÕES LTDA., inscrita no CNPJ/MF sob o nº 05.577.367/0001-96, detentora da Ata de RP n° 004/SMS.G/2023, para a execução de Obras e Serviços de Manutenção da Unidade Escolar EMEI Maria do Carmo Godoy Ramos - Subprefeitura Pirituba/ Jaraguá";"";"22";"Secretaria Municipal de Infraestrutura Urbana e Obras";"10";"Gabinete do Secretário";"868283,91";"0";"120";"0";"0";"868283,91";"868283,91";"0";"868188,13";"0";"95,78";"0";"868188,13";"868188,13";"95,78";"868283,91";"0";"868188,13";"0";"95,78";"0";"868188,13";"868188,13";"95,78";"0";"0";"0";"0";"0";"0";"0";"0";"0";"0";"0";"0";"0";"0";"0";"0";"0";"0";"0";"16.10.12.365.3025.3.362.44905100.00.1.500.9001.1";"89";"Obras em Andamento - Uso Comum do Povo";"02";"Escolas e Similares";"51";"Obras e Instalações";"95,78"
"588760";"16677";"2025";"22";"Secretaria Municipal de Infraestrutura Urbana e Obras";"10";"Gabinete do Secretário";"2";"Termo de Contrato - Serviços";"39";"Não Aplicável";"8";"Não Aplicável";"03/07/2025 00:00:00";"31/10/2025 00:00:00";"03/02/2026 00:00:00";"0";"0";"120";"364689,49";"0";"364689,49";"0";"A";"9";"umental";"2024";"7";"22";"Secretaria Municipal de Infraestrutura Urbana e Obras";"";"";"41";"SEM REAJUSTE";"047/SIURB/2025";"DELSON SILVA LAPA";"24/04/2025 00:00:00";"13/06/2025 00:00:00";"16/06/2025 00:00:00";"";"16/06/2025 00:00:00";"16/06/2025 00:00:00";"";"ata 007/SIURB/2024";"6022202500031687";"S";"D8378193";"Eliseu Aparecido Netto";"127464102";"Contratação de Material Técnico Expropriatório: CEU Cidade Tirademtes, CEU São Rafael e CEU Cachoeirinha. Utilização da  Ata de Registro de Preços 007/SIURB/2024,";"";"22";"Secretaria Municipal de Infraestrutura Urbana e Obras";"10";"Gabinete do Secretário";"364689,49";"0";"120";"0";"0";"364689,49";"364689,49";"0";"364689,49";"0";"0";"0,01";"364689,48";"364689,48";"0";"364689,49";"0";"364689,49";"0";"0";"0,01";"364689,48";"364689,48";"0";"0";"0";"0";"0";"0";"0";"0";"0";"0";"0";"0";"0";"0";"0";"0";"0";"0";"95";"0";"16.10.12.368.3010.3.363.44903900.00.1.500.0003.0";"99";"Outros Serviços de Terceiros - Pessoa Jurídica";"99";"Outros Serviços de Terceiros - Pessoa Jurídica";"39";"Outros Serviços de Terceiros - Pessoa Jurídica";"0"
"607337";"33777";"2025";"22";"Secretaria Municipal de Infraestrutura Urbana e Obras";"10";"Gabinete do Secretário";"2";"Termo de Contrato - Serviços";"39";"Não Aplicável";"8";"Não Aplicável";"05/12/2025 00:00:00";"03/02/2026 00:00:00";"03/02/2026 00:00:00";"0";"0";"60";"8958,75";"0";"8958,75";"0";"E";"9";"umental";"2024";"6";"22";"Secretaria Municipal de Infraestrutura Urbana e Obras";"";"";"41";"SEM REAJUSTE";"132/SIURB/2025";"Adriana Carla Vilella";"26/06/2025 00:00:00";"05/11/2025 00:00:00";"07/11/2025 00:00:00";"";"02/12/2025 00:00:00";"02/12/2025 00:00:00";"";"006/SIURB/24";"6022202500083210";"S";"837.819-3";"Eliseu Aparecido Netto";"147645746";"elementos técnicos para basear a propositura de ação expropriatória em imóvel situado na Praça Maldivas, 4, Socorro, na Subprefeitura Capela do Socorro, necessário para complementação de área para implantação do PIU Jurubatuba.";"";"22";"Secretaria Municipal de Infraestrutura Urbana e Obras";"10";"Gabinete do Secretário";"8958,75";"0";"60";"0";"0";"8958,75";"8958,75";"0";"8958,75";"0";"0";"0";"8958,75";"8958,75";"0";"8958,75";"0";"8958,75";"0";"0";"0";"8958,75";"8958,75";"0";"0";"0";"0";"0";"0";"0";"0";"0";"0";"0";"0";"0";"0";"0";"0";"0";"0";"0";"0";"98.22.26.453.3009.5.105.44903900.08.1.759.0402.1";"99";"Outros Serviços de Terceiros - Pessoa Jurídica";"99";"Outros Serviços de Terceiros - Pessoa Jurídica";"39";"Outros Serviços de Terceiros - Pessoa Jurídica";"0"
"600865";"27908";"2025";"22";"Secretaria Municipal de Infraestrutura Urbana e Obras";"10";"Gabinete do Secretário";"2";"Termo de Contrato - Serviços";"39";"Não Aplicável";"8";"Não Aplicável";"06/10/2025 00:00:00";"03/02/2026 00:00:00";"03/02/2026 00:00:00";"0";"0";"120";"1587547,72";"0";"1570116,21";"0";"A";"9";"umental";"-1";"-1";"";"";"";"";"33";"IPC/FIPE";"079/SIURB/2025";"FABIANO GUEDES";"11/08/2023 00:00:00";"15/09/2025 00:00:00";"17/09/2025 00:00:00";"";"23/09/2025 00:00:00";"30/09/2025 00:00:00";"";"ATA RP 004/SMS.G/23";"6022202500038533";"S";"547.430.2";"Samir Joukhadar";"141876435";"AUTORIZO a utilização da Ata RP nº 004/SMS.G/23(SIMA), oriunda concorrência pública nº 003/2023.SMS.G para a prestação de serviços de reparos, adequações pontuais e pequenos serviços de engenharia nos prédios ocupados pela Secretaria Municipal de Saúde, com fornecimento de material e mão-de-obra, visando a e readequação da unidade CEI VILA RICA.";"";"22";"Secretaria Municipal de Infraestrutura Urbana e Obras";"10";"Gabinete do Secretário";"1587590,56";"0";"120";"-42,84";"0";"1587547,72";"1587547,72";"0";"1570116,21";"0";"17431,51";"0";"1570116,21";"1570116,21";"17474,35";"1587547,72";"0";"1570116,21";"0";"17431,51";"0";"1570116,21";"1570116,21";"17474,35";"0";"0";"0";"0";"0";"0";"0";"0";"0";"0";"0";"0";"0";"0";"0";"0";"0";"0";"0";"16.10.12.365.3025.2.878.33903900.00.1.500.9001.1";"05";"Serviços Técnicos Profissionais";"99";"Outros Serviços Técnicos Profissionais - PJ";"39";"Outros Serviços de Terceiros - Pessoa Jurídica";"17431,51"
"600458";"27522";"2025";"22";"Secretaria Municipal de Infraestrutura Urbana e Obras";"10";"Gabinete do Secretário";"2";"Termo de Contrato - Serviços";"39";"Não Aplicável";"8";"Não Aplicável";"06/10/2025 00:00:00";"03/02/2026 00:00:00";"03/02/2026 00:00:00";"0";"0";"120";"954282,02";"0";"954275,98";"0";"A";"9";"umental";"-1";"-1";"";"";"";"";"33";"IPC/FIPE";"075/SIURB/2025";"Priscilla de Souza Lima";"28/07/2023 00:00:00";"10/09/2025 00:00:00";"12/09/2025 00:00:00";"";"29/09/2025 00:00:00";"30/09/2025 00:00:00";"";"ATA RP 05/SMS.G/2023";"6022202500038320";"S";"7385013";"Willian Bordin Cano";"141911407";"Contratação da empresa B & B ENGENHARIA E CONSTRUÇÕES, inscrita no CNPJ/MF sob o n.º 03.643.992/0001-63, detentora da Ata de RP n° 005/SMS.G/2023, para prestação de serviços de reparos, adequações pontuais e pequenos serviços de engenharia na Unidade Escolar EMEF Cel. Romão Gomes - Subprefeitura Vila Maria / Vila Guilherme.";"";"22";"Secretaria Municipal de Infraestrutura Urbana e Obras";"10";"Gabinete do Secretário";"954282,02";"0";"120";"0";"0";"954282,02";"954282,02";"0";"954275,98";"0";"6,04";"0";"954275,98";"954275,98";"6,04";"954282,02";"0";"954275,98";"0";"6,04";"0";"954275,98";"954275,98";"6,04";"0";"0";"0";"0";"0";"0";"0";"0";"0";"0";"0";"0";"0";"0";"0";"0";"0";"0";"0";"16.10.12.361.3010.2.879.33903900.00.1.500.9001.1";"05";"Serviços Técnicos Profissionais";"99";"Outros Serviços Técnicos Profissionais - PJ";"39";"Outros Serviços de Terceiros - Pessoa Jurídica";"6,04"
"600226";"27300";"2025";"22";"Secretaria Municipal de Infraestrutura Urbana e Obras";"10";"Gabinete do Secretário";"2";"Termo de Contrato - Serviços";"39";"Não Aplicável";"8";"Não Aplicável";"06/10/2025 00:00:00";"03/02/2026 00:00:00";"03/02/2026 00:00:00";"0";"0";"120";"2256513,03";"0";"2256513,03";"0";"E";"9";"umental";"-1";"-1";"";"";"";"";"33";"IPC/FIPE";"073/SIURB/2025";"Marcelo Corio";"28/07/2023 00:00:00";"10/09/2025 00:00:00";"11/09/2025 00:00:00";"";"10/09/2025 00:00:00";"11/09/2025 00:00:00";"14343";"ATA RP 09/SMS.G/2023";"6022202500039882";"S";"7385013";"Willian Bordin Cano";"141914955";"Contratação da empresa MACOR ENGENHARIA CONSTRUÇÕES E COMERCIO LTDA., inscrita no CNPJ/MF sob o n.º 57.646.374/0001-04, detentora da Ata de RP n° 009/SMS.G/2023, para prestação de serviços de reparos, adequações pontuais e pequenos serviços de engenharia na Unidade Escolar EMEI Dr. Albert Sabin - Subprefeitura Capela do Socorro.";"";"22";"Secretaria Municipal de Infraestrutura Urbana e Obras";"10";"Gabinete do Secretário";"2256513,03";"0";"120";"0";"0";"2256513,03";"2256513,03";"0";"2256513,03";"0";"0";"0";"2256513,03";"2256513,03";"0";"2256513,03";"0";"2256513,03";"0";"0";"0";"2256513,03";"2256513,03";"0";"0";"0";"0";"0";"0";"0";"0";"0";"0";"0";"0";"0";"0";"0";"0";"0";"0";"0";"0";"16.10.12.365.3025.2.878.33903900.00.1.500.9001.1";"05";"Serviços Técnicos Profissionais";"99";"Outros Serviços Técnicos Profissionais - PJ";"39";"Outros Serviços de Terceiros - Pessoa Jurídica";"0"
"602925";"29760";"2025";"22";"Secretaria Municipal de Infraestrutura Urbana e Obras";"10";"Gabinete do Secretário";"2";"Termo de Contrato - Serviços";"39";"Não Aplicável";"8";"Não Aplicável";"03/11/2025 00:00:00";"03/03/2026 00:00:00";"03/03/2026 00:00:00";"0";"0";"120";"419980,04";"0";"419980,04";"0";"A";"9";"umental";"-1";"-1";"";"";"";"";"33";"IPC/FIPE";"097/SIURB/2025";"GUILHERME LEME PERAZZA";"29/07/2023 00:00:00";"02/10/2025 00:00:00";"06/10/2025 00:00:00";"";"15/10/2025 00:00:00";"23/10/2025 00:00:00";"";"ATA RP 02/SMS.G/2023";"6022202500068769";"S";"596.952.2";"Regina Celi F. Rodrigues";"143402526";"utilização da Ata de Registro de Preços nº 002/SMS.G/23, oriunda concorrência pública nº 003/2023.SMS.G, cuja detentora é a empresa CONSTRUTORA PROGREDIOR LTDA, inscrita no CNPJ sob o nº 56.838.949/0001- 10, para a contratação das  Obras e Serviços de Manutenção da (o) EMEF FÚLVIO ABRAMO - Subprefeitura Cidade Tiradentes, no valor total de R$ 419.980,04, pelo período de 120 dias.";"";"22";"Secretaria Municipal de Infraestrutura Urbana e Obras";"10";"Gabinete do Secretário";"419980,04";"0";"120";"0";"0";"419980,04";"419980,04";"0";"419980,04";"0";"0";"244,29";"419735,75";"419735,75";"0";"419980,04";"0";"419980,04";"0";"0";"244,29";"419735,75";"419735,75";"0";"0";"0";"0";"0";"0";"0";"0";"0";"0";"0";"0";"0";"0";"0";"0";"0";"0";"0";"0";"16.10.12.361.3010.2.879.33903900.00.1.500.9001.1";"05";"Serviços Técnicos Profissionais";"99";"Outros Serviços Técnicos Profissionais - PJ";"39";"Outros Serviços de Terceiros - Pessoa Jurídica";"0"
"602968";"29803";"2025";"22";"Secretaria Municipal de Infraestrutura Urbana e Obras";"10";"Gabinete do Secretário";"2";"Termo de Contrato - Serviços";"39";"Não Aplicável";"8";"Não Aplicável";"03/11/2025 00:00:00";"03/03/2026 00:00:00";"03/03/2026 00:00:00";"0";"0";"120";"1450085,05";"0";"1450085,05";"0";"A";"9";"umental";"-1";"-1";"";"";"";"";"33";"IPC/FIPE";"096/SIURB/2025";"Guilherme Leme Perazza";"25/10/2023 00:00:00";"03/10/2025 00:00:00";"07/10/2025 00:00:00";"";"24/10/2025 00:00:00";"24/10/2025 00:00:00";"17471";"ATA RP 02/SMS.G/2023";"6022202500067312";"S";"596.952.2";"Regina Celi F. Rodrigues";"145234941";"Utilização da Ata de Registro de Preços nº 002/SMS.G/23(SIMA) (142173160), oriunda concorrência pública nº 003/2023.SMS.G, cuja detentora é a empresa CONSTRUTORA PROGREDIOR LTDA, inscrita no CNPJ sob o nº 56.838.949/0001- 10, para a contratação das Obras e Serviços de Manutenção da EMEF Thomás Rodrigues Alckmin, no valor total de R$ 1.450.085,05, pelo período de 120 dias.";"";"22";"Secretaria Municipal de Infraestrutura Urbana e Obras";"10";"Gabinete do Secretário";"1450085,05";"0";"120";"0";"0";"1450085,05";"1450085,05";"0";"1450085,05";"0";"0";"969,91";"1449115,14";"1449115,14";"0";"1450085,05";"0";"1450085,05";"0";"0";"969,91";"1449115,14";"1449115,14";"0";"0";"0";"0";"0";"0";"0";"0";"0";"0";"0";"0";"0";"0";"0";"0";"0";"0";"0";"0";"16.10.12.361.3010.2.879.33903900.00.1.500.9001.1";"05";"Serviços Técnicos Profissionais";"99";"Outros Serviços Técnicos Profissionais - PJ";"39";"Outros Serviços de Terceiros - Pessoa Jurídica";"0"
"586670";"14813";"2025";"22";"Secretaria Municipal de Infraestrutura Urbana e Obras";"10";"Gabinete do Secretário";"2";"Termo de Contrato - Serviços";"109";"Art. 74 - Inciso I - Lei Federal 14.133/2021";"7";"Inexigibilidade";"03/06/2025 00:00:00";"03/06/2026 00:00:00";"03/06/2026 00:00:00";"0";"0";"365";"18043108,91";"0";"0";"0";"A";"9";"umental";"-1";"-1";"";"";"";"";"41";"SEM REAJUSTE";"384217312";"";"";"21/05/2025 00:00:00";"23/05/2025 00:00:00";"";"";"";"";"NOTA TÉCNICA";"7910202500002504";"S";"575.101-2";"Eduardo de Carvalho";"125776742";"Nota Técnica 384217312 - Enterramento das Redes Aéreas de energia Elétrica, incluindo a implantação da infraestrutura civil subterrânea necessária para o Enterramento das Redes Aéreas de Energia Elétrica no Bloco/Trecho 2 do Projeto de Requalificação do Corredor Amador Bueno, trecho compreendido entre a Rua Mandu e a Rua Embira, com aproximadamente 2,4km de extensão.";"";"22";"Secretaria Municipal de Infraestrutura Urbana e Obras";"10";"Gabinete do Secretário";"18043108,91";"0";"365";"0";"0";"18043108,91";"18043108,91";"0";"0";"0";"18043108,91";"0";"0";"0";"18043108,91";"18043108,91";"0";"0";"0";"18043108,91";"0";"0";"0";"18043108,91";"0";"0";"0";"0";"0";"0";"0";"0";"0";"0";"0";"0";"0";"0";"0";"0";"0";"0";"0";"98.22.26.453.3009.5.105.44905100.08.1.759.0402.0";"89";"Obras em Andamento - Uso Comum do Povo";"18";"Iluminação Pública";"51";"Obras e Instalações";"18043108,91"
"573208";"2433";"2025";"22";"Secretaria Municipal de Infraestrutura Urbana e Obras";"10";"Gabinete do Secretário";"30";"Nota de Empenho para Fornecimento de Serviços";"115";"Art. 75 - Inciso II - Lei Federal 14.133/2021";"6";"Dispensa de Licitação";"03/07/2025 00:00:00";"03/07/2026 00:00:00";"03/07/2026 00:00:00";"0";"0";"365";"6535";"0";"6535";"0";"E";"90";"ocumento equivalente";"-1";"-1";"";"";"";"";"33";"IPC/FIPE";"003/SIURB/2025";"Lais Lima";"29/01/2025 00:00:00";"30/01/2025 00:00:00";"31/01/2025 00:00:00";"254";"10/03/2025 00:00:00";"12/03/2025 00:00:00";"199";"Dispensa - Licitação";"6022202400091793";"S";"770.660.0";"Raquel Alves Cabral Toledo";"Conforme doc. sei! 118850910.";"Serviços de limpeza e desinfecção, preventiva e periódica, de reservatórios de água (caixas d'água).";"";"22";"Secretaria Municipal de Infraestrutura Urbana e Obras";"10";"Gabinete do Secretário";"6535";"0";"365";"0";"0";"6535";"6535";"0";"6535";"0";"0";"0";"6535";"6535";"0";"6535";"0";"6535";"0";"0";"0";"6535";"6535";"0";"0";"0";"0";"0";"0";"0";"0";"0";"0";"0";"0";"0";"0";"0";"0";"0";"0";"0";"0";"22.10.15.122.3024.2.100.33903900.00.1.500.9001.0";"78";"Limpeza e Conservação";"02";"Dedetização, Descupinização e Outros";"39";"Outros Serviços de Terceiros - Pessoa Jurídica";"0"
"588474";"16423";"2025";"22";"Secretaria Municipal de Infraestrutura Urbana e Obras";"10";"Gabinete do Secretário";"2";"Termo de Contrato - Serviços";"117";"Art. 75 - Inciso IV - Lei Federal 14.133/2021";"6";"Dispensa de Licitação";"03/07/2025 00:00:00";"03/07/2026 00:00:00";"03/07/2026 00:00:00";"0";"0";"365";"80675000";"2055456,46";"68108228,24";"1000000";"A";"9";"umental";"-1";"-1";"";"";"";"";"33";"IPC/FIPE";"044/SIURB/2025";"ARYEMIR GUALTIERI FILHO";"01/06/2025 00:00:00";"11/06/2025 00:00:00";"13/06/2025 00:00:00";"12744";"27/06/2025 00:00:00";"03/07/2025 00:00:00";"13098";"C nº 003/2024";"7910202400005056";"S";"D9311084";"Aureliano Carneiro de Lima";"127371015";"Concorrência nº 003/2024 - Construção das Arquibancadas A, D e OTC no Autódromo Municipal José Carlos Pace - Interlagos.";"";"22";"Secretaria Municipal de Infraestrutura Urbana e Obras";"10";"Gabinete do Secretário";"80675000";"0";"365";"0";"2055456,46";"82730456,46";"82730456,46";"0";"69108228,24";"0";"13622228,22";"15514958,33";"53593269,91";"48555775,13";"23182531,42";"80675000";"0";"68108228,24";"0";"12566771,76";"15503250,73";"52604977,51";"47751974,49";"23182531,42";"2055456,46";"0";"1000000";"0";"1055456,46";"11707,60";"988292,40";"803800,64";"0";"0";"0";"0";"0";"0";"0";"0";"0";"0";"0";"22.10.17.451.3008.5.013.44905100.00.1.500.9001.1";"89";"Obras em Andamento - Uso Comum do Povo";"08";"Obras em Áreas de Risco";"51";"Obras e Instalações";"13622228,22"
"594194";"21884";"2025";"22";"Secretaria Municipal de Infraestrutura Urbana e Obras";"10";"Gabinete do Secretário";"2";"Termo de Contrato - Serviços";"39";"Não Aplicável";"8";"Não Aplicável";"04/08/2025 00:00:00";"03/09/2025 00:00:00";"03/09/2025 00:00:00";"0";"0";"30";"27644,58";"0";"27644,58";"0";"A";"9";"umental";"2024";"8";"22";"Secretaria Municipal de Infraestrutura Urbana e Obras";"";"";"41";"SEM REAJUSTE";"052/SIURB/2025";"PAULA BAILLOT LACERDA";"01/11/2024 00:00:00";"14/07/2025 00:00:00";"15/07/2025 00:00:00";"";"23/07/2025 00:00:00";"31/07/2025 00:00:00";"";"ATA 08/SIURB/2024";"6022202500047451";"S";"D8171408";"Fabiane Della Flora Olguin";"128909830";"Utilização da ATA de RP nº 008/SIURB/24 - Sondagem e Topografia para a implantação do Reservatório Carumbé (RCR-1), na Bacia do Córrego Cabuçu de Baixo, na Avenida Deputado Cantídio Sampaio.";"";"22";"Secretaria Municipal de Infraestrutura Urbana e Obras";"10";"Gabinete do Secretário";"27644,58";"0";"30";"0";"0";"27644,58";"27644,58";"0";"27644,58";"0";"0";"0";"27644,58";"27644,58";"27644,58";"27644,58";"0";"27644,58";"0";"0";"0";"27644,58";"27644,58";"27644,58";"0";"0";"0";"0";"0";"0";"0";"0";"0";"0";"0";"0";"0";"0";"0";"0";"0";"0";"0";"22.10.17.451.3008.5.013.44905100.00.1.500.9001.1";"80";"Estudos e Projetos";"99";"Outros Estudos e Projetos";"51";"Obras e Instalações";"0"
"599288";"26486";"2025";"22";"Secretaria Municipal de Infraestrutura Urbana e Obras";"10";"Gabinete do Secretário";"72";"Nota de Empenho Desapropriações - Interesse Social";"65";"Decreto-Lei 3365/1941-Operação de Desapropriação por Utilidade Pública";"8";"Não Aplicável";"03/09/2025 00:00:00";"03/10/2025 00:00:00";"03/10/2025 00:00:00";"0";"0";"30";"820807,46";"0";"820807,46";"0";"E";"1";"";"-1";"-1";"";"";"";"";"41";"SEM REAJUSTE";"";"";"";"29/08/2025 00:00:00";"01/09/2025 00:00:00";"";"03/09/2025 00:00:00";"19/09/2025 00:00:00";"";"";"7910202500001915";"S";"837819";"ELISEU APARECIDO NETTO";"140705469";"Desapropriação de imóvel necessário para implantação do Melhoramento Habitação de Interesse Social - HIS 44, integrante da Operação Urbana Consorciada Água Espraiada - OUCAE.";"";"22";"Secretaria Municipal de Infraestrutura Urbana e Obras";"10";"Gabinete do Secretário";"820807,46";"0";"30";"0";"0";"820807,46";"820807,46";"0";"820807,46";"0";"0";"0";"820807,46";"820807,46";"0";"820807,46";"0";"820807,46";"0";"0";"0";"820807,46";"820807,46";"0";"0";"0";"0";"0";"0";"0";"0";"0";"0";"0";"0";"0";"0";"0";"0";"0";"0";"0";"0";"29.30.16.482.3002.3.354.44903900.08.1.799.0624.0";"99";"Outros Serviços de Terceiros - Pessoa Jurídica";"99";"Outros Serviços de Terceiros - Pessoa Jurídica";"39";"Outros Serviços de Terceiros - Pessoa Jurídica";"0"
"595230";"22837";"2025";"22";"Secretaria Municipal de Infraestrutura Urbana e Obras";"10";"Gabinete do Secretário";"71";"Nota de Empenho Desapropriações - Interesse  Público";"65";"Decreto-Lei 3365/1941-Operação de Desapropriação por Utilidade Pública";"8";"Não Aplicável";"03/09/2025 00:00:00";"03/10/2025 00:00:00";"03/10/2025 00:00:00";"0";"0";"30";"185,10";"0";"185,10";"0";"E";"1";"";"-1";"-1";"";"";"";"";"41";"SEM REAJUSTE";"037/SIURB/25";"ELISEU APARECIDO NETTO";"16/05/2025 00:00:00";"18/07/2025 00:00:00";"22/07/2025 00:00:00";"";"18/07/2025 00:00:00";"18/07/2025 00:00:00";"";"";"7910202500010680";"S";"837819";"ELISEU APARECIDO NETTO";"129347930";"Desapropriação de imóvel necessário para implantação do melhoramento Chucri Zaidan, integrante da Operação Urbana Consorciada Água Espraiada - OUCAE.";"";"22";"Secretaria Municipal de Infraestrutura Urbana e Obras";"10";"Gabinete do Secretário";"185,10";"0";"30";"0";"0";"185,10";"185,10";"0";"185,10";"0";"0";"0";"185,10";"185,10";"0";"185,10";"0";"185,10";"0";"0";"0";"185,10";"185,10";"0";"0";"0";"0";"0";"0";"0";"0";"0";"0";"0";"0";"0";"0";"0";"0";"0";"0";"0";"0";"29.30.15.451.3009.5.100.44903900.08.2.799.0707.1";"99";"Outros Serviços de Terceiros - Pessoa Jurídica";"99";"Outros Serviços de Terceiros - Pessoa Jurídica";"39";"Outros Serviços de Terceiros - Pessoa Jurídica";"0"
"599266";"26464";"2025";"22";"Secretaria Municipal de Infraestrutura Urbana e Obras";"10";"Gabinete do Secretário";"72";"Nota de Empenho Desapropriações - Interesse Social";"65";"Decreto-Lei 3365/1941-Operação de Desapropriação por Utilidade Pública";"8";"Não Aplicável";"03/09/2025 00:00:00";"03/10/2025 00:00:00";"03/10/2025 00:00:00";"0";"0";"30";"10200";"0";"10200";"0";"E";"1";"";"-1";"-1";"";"";"";"";"41";"SEM REAJUSTE";"";"";"";"28/08/2025 00:00:00";"01/09/2025 00:00:00";"";"03/09/2025 00:00:00";"19/09/2025 00:00:00";"";"";"7910202500012275";"S";"837819";"ELISEU APARECIDO NETTO";"130551210";"Desapropriação de imóvel necessário para implantação do melhoramento Habitação de Interesse Social - HIS 8, integrante da Operação Urbana Consorciada Água Espraiada - OUCAE.";"";"22";"Secretaria Municipal de Infraestrutura Urbana e Obras";"10";"Gabinete do Secretário";"10200";"0";"30";"0";"0";"10200";"10200";"0";"10200";"0";"0";"0";"10200";"10200";"0";"10200";"0";"10200";"0";"0";"0";"10200";"10200";"0";"0";"0";"0";"0";"0";"0";"0";"0";"0";"0";"0";"0";"0";"0";"0";"0";"0";"0";"0";"29.30.16.482.3002.3.354.44903900.08.1.799.0624.0";"99";"Outros Serviços de Terceiros - Pessoa Jurídica";"99";"Outros Serviços de Terceiros - Pessoa Jurídica";"39";"Outros Serviços de Terceiros - Pessoa Jurídica";"0"
"581023";"9688";"2025";"22";"Secretaria Municipal de Infraestrutura Urbana e Obras";"10";"Gabinete do Secretário";"2";"Termo de Contrato - Serviços";"39";"Não Aplicável";"8";"Não Aplicável";"22/04/2025 00:00:00";"18/12/2025 00:00:00";"03/11/2026 00:00:00";"0";"0";"240";"23244563,47";"0";"17344472,07";"0";"A";"9";"umental";"-1";"-1";"";"";"";"";"41";"SEM REAJUSTE";"TCNO 015/SIURB/2025";"MARCO ALESSIO ANTUNES";"24/11/2023 00:00:00";"31/03/2025 00:00:00";"01/04/2025 00:00:00";"";"16/04/2025 00:00:00";"16/05/2025 00:00:00";"";"TCNO";"7910202300016234";"S";"8022908";"Jonathan Sant'ana Dos Santos";"Fiscal";"Repasse de recursos - Contratação de empresa especializada em engenharia para execução de obras e serviços de recuperação estrutural do Viaduto Elias Nagib Breim - Lote 82.";"";"22";"Secretaria Municipal de Infraestrutura Urbana e Obras";"10";"Gabinete do Secretário";"16125988,23";"0";"240";"7118575,24";"0";"23244563,47";"23244563,47";"0";"17344472,07";"0";"5900091,40";"2803651,79";"14540820,28";"14540820,28";"16232476,88";"23244563,47";"0";"17344472,07";"0";"5900091,40";"2803651,79";"14540820,28";"14540820,28";"16232476,88";"0";"0";"0";"0";"0";"0";"0";"0";"0";"0";"0";"2,12";"0";"0";"0";"0";"0";"320";"0";"98.22.15.451.3009.5.187.44905100.08.1.759.0402.0";"89";"Obras em Andamento - Uso Comum do Povo";"15";"Pontes, Pontilhões e Viadutos";"51";"Obras e Instalações";"5900091,40"
"586500";"14664";"2025";"22";"Secretaria Municipal de Infraestrutura Urbana e Obras";"10";"Gabinete do Secretário";"2";"Termo de Contrato - Serviços";"122";"Art. 75 - Inciso IX - Lei Federal 14.133/2021";"6";"Dispensa de Licitação";"07/08/2025 00:00:00";"04/01/2026 00:00:00";"04/01/2026 00:00:00";"0";"0";"150";"52069,92";"0";"6582,91";"0";"A";"9";"umental";"-1";"-1";"";"";"";"";"41";"SEM REAJUSTE";"037/SIURB/2025";"MARCO ALESSIO ANTUNES";"19/02/2025 00:00:00";"22/05/2025 00:00:00";"26/05/2025 00:00:00";"";"07/08/2025 00:00:00";"11/08/2025 00:00:00";"";"DL";"6022202500009118";"S";"7535830";"Sandra de Paula Assis";"125747198";"Contratação da prestação de serviços técnicos especializados para apoio técnico preparatório de material e instrução/execução de licitação para a contratação de empresa especializada em engenharia para o desenvolvimento de Projetos Executivos e execução das Obras de Contenção - Muro de Gabião e Implantação de Pista de Serviços, na Margem Esquerda da Área de Proteção Ambiental APP do Autódromo Municipal José Carlos Pace - Interlagos.";"";"22";"Secretaria Municipal de Infraestrutura Urbana e Obras";"10";"Gabinete do Secretário";"52069,92";"0";"150";"0";"0";"52069,92";"52069,92";"0";"6582,91";"0";"45487,01";"0";"6582,91";"6582,91";"45487,01";"52069,92";"0";"6582,91";"0";"45487,01";"0";"6582,91";"6582,91";"45487,01";"0";"0";"0";"0";"0";"0";"0";"0";"0";"0";"0";"0";"0";"0";"0";"0";"0";"0";"0";"22.10.27.813.3015.1.109.44903900.00.1.500.9001.1";"05";"Serviços Técnicos Profissionais";"01";"Gerenciamento";"39";"Outros Serviços de Terceiros - Pessoa Jurídica";"45487,01"
"575036";"4120";"2025";"22";"Secretaria Municipal de Infraestrutura Urbana e Obras";"10";"Gabinete do Secretário";"5";"Nota de Empenho Fornecimento de Bens de Consumo e/ou Permanente";"115";"Art. 75 - Inciso II - Lei Federal 14.133/2021";"6";"Dispensa de Licitação";"17/02/2025 00:00:00";"04/03/2025 00:00:00";"04/03/2025 00:00:00";"0";"0";"15";"27675";"0";"27675";"0";"E";"90";"ocumento equivalente";"2024";"9";"13";"Secretaria Municipal de Gestão";"";"";"41";"SEM REAJUSTE";"";"Diego Gonçalves";"05/11/2024 00:00:00";"12/02/2025 00:00:00";"13/02/2025 00:00:00";"62";"";"";"";"90012/2024-COBES";"6022202500003853";"S";"d517692";"PAULO ROBERTO RIBEIRO DA SILVA";"Conforme doc. sei! 119331001.";"Aquisição de Café Torrado e Moído, Tipo Superior, Alto Vácuo - 500 Gramas - 009/SEGES-COBES/2024";"";"22";"Secretaria Municipal de Infraestrutura Urbana e Obras";"10";"Gabinete do Secretário";"16173";"0";"15";"11502";"0";"27675";"27675";"0";"27675";"0";"0";"0";"27675";"27675";"0";"27675";"0";"27675";"0";"0";"0";"27675";"27675";"0";"0";"0";"0";"0";"0";"0";"0";"0";"0";"0";"0";"71,12";"0";"0";"0";"0";"0";"0";"0";"22.10.15.122.3024.2.100.33903000.00.1.500.9001.0";"07";"Gêneros de Alimentação";"02";"Café";"30";"Material de Consumo";"0"
"575035";"4119";"2025";"22";"Secretaria Municipal de Infraestrutura Urbana e Obras";"10";"Gabinete do Secretário";"5";"Nota de Empenho Fornecimento de Bens de Consumo e/ou Permanente";"115";"Art. 75 - Inciso II - Lei Federal 14.133/2021";"6";"Dispensa de Licitação";"17/02/2025 00:00:00";"04/03/2025 00:00:00";"04/03/2025 00:00:00";"0";"0";"15";"1992";"0";"1992";"0";"E";"30";"";"2025";"1";"13";"Secretaria Municipal de Gestão";"";"";"41";"SEM REAJUSTE";"";"Vanessa Strambeck Lofrano";"23/09/2024 00:00:00";"12/02/2025 00:00:00";"13/02/2025 00:00:00";"61";"";"";"";"90011/2024-COBES";"6022202500003462";"S";"d517692";"PAULO ROBERTO RIBEIRO DA SILVA";"Conforme doc. se! 119578554.";"Aquisição de Açúcar Refinado Amorfo - 001/SEGES-COBES/2025";"";"22";"Secretaria Municipal de Infraestrutura Urbana e Obras";"10";"Gabinete do Secretário";"1992";"0";"15";"0";"0";"1992";"1992";"0";"1992";"0";"0";"0";"1992";"1992";"0";"1992";"0";"1992";"0";"0";"0";"1992";"1992";"0";"0";"0";"0";"0";"0";"0";"0";"0";"0";"0";"0";"0";"0";"0";"0";"0";"0";"0";"0";"22.10.15.122.3024.2.100.33903000.00.1.500.9001.0";"07";"Gêneros de Alimentação";"01";"Açúcar";"30";"Material de Consumo";"0"
"599490";"26649";"2025";"22";"Secretaria Municipal de Infraestrutura Urbana e Obras";"10";"Gabinete do Secretário";"2";"Termo de Contrato - Serviços";"39";"Não Aplicável";"8";"Não Aplicável";"10/09/2025 00:00:00";"04/03/2027 00:00:00";"04/03/2027 00:00:00";"0";"0";"540";"8262710";"0";"7145063,99";"0";"A";"9";"umental";"-1";"-1";"";"";"";"";"33";"IPC/FIPE";"070/SIURB/2025";"BRUNO ROBERTO BRAGA";"30/07/2025 00:00:00";"13/08/2025 00:00:00";"14/08/2025 00:00:00";"";"08/09/2025 00:00:00";"10/09/2025 00:00:00";"";"90007/25/SIURB";"6022202500032764";"S";"5043204";"JOSE DONIZETE VENANCIO";"142425564";"ELABORAÇÃO DE PROJETO EXECUTIVO E EXECUÇÃO DE OBRAS DE CONTENÇÃO DE ENCOSTA NA AVENIDA FRANCISCO MORATO.";"";"22";"Secretaria Municipal de Infraestrutura Urbana e Obras";"10";"Gabinete do Secretário";"8262710";"0";"540";"0";"0";"8262710";"8262710";"0";"7145063,99";"0";"1117646,01";"775479,06";"6369584,93";"6369584,93";"1117646,01";"8262710";"0";"7145063,99";"0";"1117646,01";"775479,06";"6369584,93";"6369584,93";"1117646,01";"0";"0";"0";"0";"0";"0";"0";"0";"0";"0";"0";"0";"0";"0";"0";"0";"0";"0";"0";"98.22.15.451.3009.5.100.44905100.08.1.759.0402.1";"89";"Obras em Andamento - Uso Comum do Povo";"08";"Obras em Áreas de Risco";"51";"Obras e Instalações";"1117646,01"
"605413";"32021";"2025";"22";"Secretaria Municipal de Infraestrutura Urbana e Obras";"10";"Gabinete do Secretário";"2";"Termo de Contrato - Serviços";"39";"Não Aplicável";"8";"Não Aplicável";"10/11/2025 00:00:00";"04/05/2027 00:00:00";"04/05/2027 00:00:00";"0";"0";"540";"25996386,24";"0";"22662966,10";"0";"A";"9";"umental";"-1";"-1";"";"";"";"";"33";"IPC/FIPE";"122/SIURB/2025";"FERNANDO MARSIARELLI";"03/10/2025 00:00:00";"24/10/2025 00:00:00";"28/10/2025 00:00:00";"";"07/11/2025 00:00:00";"10/11/2025 00:00:00";"";"90020/25/SIURB";"6022202500056590";"S";"753022";"JOÃO LUIS MARANHÃO BISCAIA";"146933626";"RECUPERAÇÃO E REFORÇO ESTRUTURAL DO VIADUTO SANTA GENEROSA.";"";"22";"Secretaria Municipal de Infraestrutura Urbana e Obras";"10";"Gabinete do Secretário";"25996386,24";"0";"540";"0";"0";"25996386,24";"25996386,24";"0";"22662966,10";"0";"3333420,14";"2746487,74";"19916478,36";"19916478,36";"6715177,49";"25996386,24";"0";"22662966,10";"0";"3333420,14";"2746487,74";"19916478,36";"19916478,36";"6715177,49";"0";"0";"0";"0";"0";"0";"0";"0";"0";"0";"0";"0";"0";"0";"0";"0";"0";"0";"0";"22.10.15.451.3009.5.187.44905100.00.1.500.0003.0";"89";"Obras em Andamento - Uso Comum do Povo";"15";"Pontes, Pontilhões e Viadutos";"51";"Obras e Instalações";"3333420,14"
"583450";"11888";"2025";"22";"Secretaria Municipal de Infraestrutura Urbana e Obras";"10";"Gabinete do Secretário";"2";"Termo de Contrato - Serviços";"121";"Art. 75 - Inciso VIII - Lei Federal 14.133/2021";"6";"Dispensa de Licitação";"06/05/2025 00:00:00";"04/08/2025 00:00:00";"04/08/2025 00:00:00";"0";"0";"90";"6024545,73";"0";"6024545,73";"0";"E";"9";"umental";"-1";"-1";"";"";"";"";"41";"SEM REAJUSTE";"025/SIURB/25";"JOÃO TONETTI NETO";"10/01/2025 00:00:00";"20/01/2025 00:00:00";"21/01/2025 00:00:00";"";"06/05/2025 00:00:00";"15/05/2025 00:00:00";"";"EMERGENCIAL";"6022202500002393";"S";"d753022";"João Luis M. Biscaia";"117967168";"Intervenção, em caráter emergencial, para recuperação estrutural de pontilhão e serviços complementares - Estrada da Luminosa (estrada Paiol - Embu Guaçu) altura do número 1100/1200 - Subprefeitura de Parelheiros.";"";"22";"Secretaria Municipal de Infraestrutura Urbana e Obras";"10";"Gabinete do Secretário";"6024545,73";"0";"90";"0";"0";"6024545,73";"6024545,73";"0";"6024545,73";"0";"0";"0";"6024545,73";"6024545,73";"0";"6024545,73";"0";"6024545,73";"0";"0";"0";"6024545,73";"6024545,73";"0";"0";"0";"0";"0";"0";"0";"0";"0";"0";"0";"0";"0";"0";"0";"0";"0";"0";"0";"0";"22.10.15.451.3009.5.187.44905100.00.1.500.0003.0";"89";"Obras em Andamento - Uso Comum do Povo";"08";"Obras em Áreas de Risco";"51";"Obras e Instalações";"0"
"579983";"8777";"2025";"22";"Secretaria Municipal de Infraestrutura Urbana e Obras";"10";"Gabinete do Secretário";"2";"Termo de Contrato - Serviços";"39";"Não Aplicável";"8";"Não Aplicável";"05/05/2025 00:00:00";"31/12/2025 00:00:00";"04/09/2026 00:00:00";"0";"0";"240";"6727058,75";"0";"6455109,88";"0";"A";"9";"umental";"-1";"-1";"";"";"";"";"41";"SEM REAJUSTE";"012/SIURB/2025";"Fábio Gomes Duque";"01/05/2024 00:00:00";"18/03/2025 00:00:00";"20/03/2025 00:00:00";"";"10/04/2025 00:00:00";"28/04/2025 00:00:00";"";"032/2022";"7910202200004773";"S";"7247222";"Fernando Cesar Zago";"Fiscal";"Execução de Obras e Serviços de Recuperação Estrutural da Ponte Transamérica, Viaduto Frederico Eduardo Mayr e Viaduto Honestino Monteiro Guimarães - Lote 25.";"";"22";"Secretaria Municipal de Infraestrutura Urbana e Obras";"10";"Gabinete do Secretário";"6727058,75";"0";"240";"0";"0";"6727058,75";"6727058,75";"0";"6455109,88";"0";"271948,87";"0";"6455109,88";"6455109,88";"11454418,97";"6727058,75";"0";"6455109,88";"0";"271948,87";"0";"6455109,88";"6455109,88";"11454418,97";"0";"0";"0";"0";"0";"0";"0";"0";"0";"0";"0";"0";"0";"0";"0";"0";"0";"247";"0";"22.10.15.451.3009.5.187.44905100.00.1.500.0003.0";"89";"Obras em Andamento - Uso Comum do Povo";"15";"Pontes, Pontilhões e Viadutos";"51";"Obras e Instalações";"271948,87"
"586138";"14335";"2025";"22";"Secretaria Municipal de Infraestrutura Urbana e Obras";"10";"Gabinete do Secretário";"2";"Termo de Contrato - Serviços";"39";"Não Aplicável";"8";"Não Aplicável";"06/06/2025 00:00:00";"04/10/2025 00:00:00";"04/10/2025 00:00:00";"0";"0";"120";"23610,38";"0";"23610,38";"0";"E";"9";"umental";"-1";"-1";"";"";"";"";"41";"SEM REAJUSTE";"032/SIURB/2025";"Delson Silva Lapa";"10/04/2025 00:00:00";"16/05/2025 00:00:00";"19/05/2025 00:00:00";"";"05/06/2025 00:00:00";"06/06/2025 00:00:00";"";"ARP 007/SIURB/2024";"6022202500028732";"S";"837.819-3";"Eliseu Aparecido Netto";"123605881";"Elementos técnicos para basear a propositura de ação expropriatória dos imóveis localizados na Rua Cleonice Kammer Di Sandro para melhoramentos ao longo do Ribeirão Perus.";"";"22";"Secretaria Municipal de Infraestrutura Urbana e Obras";"10";"Gabinete do Secretário";"23610,38";"0";"120";"0";"0";"23610,38";"23610,38";"0";"23610,38";"0";"0";"0";"23610,38";"23610,38";"0";"23610,38";"0";"23610,38";"0";"0";"0";"23610,38";"23610,38";"0";"0";"0";"0";"0";"0";"0";"0";"0";"0";"0";"0";"0";"0";"0";"0";"0";"0";"0";"0";"86.22.17.451.3008.5.013.44903900.08.1.759.0709.0";"05";"Serviços Técnicos Profissionais";"01";"Gerenciamento";"39";"Outros Serviços de Terceiros - Pessoa Jurídica";"0"
"604252";"30964";"2025";"22";"Secretaria Municipal de Infraestrutura Urbana e Obras";"10";"Gabinete do Secretário";"5";"Nota de Empenho Fornecimento de Bens de Consumo e/ou Permanente";"39";"Não Aplicável";"8";"Não Aplicável";"20/10/2025 00:00:00";"04/11/2025 00:00:00";"04/11/2025 00:00:00";"0";"0";"15";"4125";"0";"4125";"0";"E";"90";"ocumento equivalente";"-1";"-1";"";"";"";"";"41";"SEM REAJUSTE";"";"Paulo";"14/05/2025 00:00:00";"16/10/2025 00:00:00";"17/10/2025 00:00:00";"61";"";"";"";"";"6022202500077431";"S";"517.692.1";"Paulo Roberto Ribeiro da Silva";"144338162";"Adesão à Ata de Registro de Preços nº 006/SEGES-COBES/2025 - Aquisição de copos, canecas e xícaras de fibra de coco, para uso dos servidores da Secretaria Municipal de Infraestrutura Urbana e Obras - SIURB.";"";"22";"Secretaria Municipal de Infraestrutura Urbana e Obras";"10";"Gabinete do Secretário";"4125";"0";"15";"0";"0";"4125";"4125";"0";"4125";"0";"0";"0";"4125";"4125";"0";"4125";"0";"4125";"0";"0";"0";"4125";"4125";"0";"0";"0";"0";"0";"0";"0";"0";"0";"0";"0";"0";"0";"0";"0";"0";"0";"0";"0";"0";"22.10.15.122.3024.2.100.33903000.00.1.500.9001.1";"20";"Material de Cama, Mesa e Banho";"99";"Diversos Materiais de Cama, Mesa e Banho";"30";"Material de Consumo";"0"
"609206";"35530";"2025";"22";"Secretaria Municipal de Infraestrutura Urbana e Obras";"10";"Gabinete do Secretário";"2";"Termo de Contrato - Serviços";"109";"Art. 74 - Inciso I - Lei Federal 14.133/2021";"7";"Inexigibilidade";"04/12/2025 00:00:00";"04/12/2026 00:00:00";"04/12/2026 00:00:00";"0";"0";"365";"21669914,24";"0";"0";"0";"A";"1";"";"-1";"-1";"";"";"";"";"44";"LOCAÇÃO E MANUTENÇÃO ELETRO-MECÂNICA";"387469097";"";"";"27/11/2025 00:00:00";"27/11/2025 00:00:00";"";"";"";"";"dispensa licitação";"7910202500000072";"S";"";"";"";"Nota Técnica: 385918517- Contratação da Concessionária ENEL para execução das obras de de enterramento das redes áreas da energeia elétrica do trecho 1 do Projeto BRT Radial Leste 1, compreendido entre o Terminal Parque Dom Pedro II e a Rua Almirante Brasil.";"";"22";"Secretaria Municipal de Infraestrutura Urbana e Obras";"10";"Gabinete do Secretário";"21669914,24";"0";"365";"0";"0";"21669914,24";"21669914,24";"0";"0";"0";"21669914,24";"0";"0";"0";"21669914,24";"21669914,24";"0";"0";"0";"21669914,24";"0";"0";"0";"21669914,24";"0";"0";"0";"0";"0";"0";"0";"0";"0";"0";"0";"0";"0";"0";"0";"0";"0";"0";"0";"98.22.26.453.3009.1.099.44905100.08.1.759.0402.1";"99";"Outras Obras e Instalações";"04";"Remanejamento de Interferências";"51";"Obras e Instalações";"21669914,24"
"599371";"26552";"2025";"22";"Secretaria Municipal de Infraestrutura Urbana e Obras";"10";"Gabinete do Secretário";"2";"Termo de Contrato - Serviços";"39";"Não Aplicável";"8";"Não Aplicável";"05/09/2025 00:00:00";"05/09/2026 00:00:00";"04/12/2026 00:00:00";"0";"0";"365";"37754933,51";"694138,31";"34295823,81";"694138,31";"A";"9";"umental";"-1";"-1";"";"";"";"";"33";"IPC/FIPE";"068/SIURB/2025";"PAULO ARTHUR BORGE";"01/07/2025 00:00:00";"28/08/2025 00:00:00";"01/09/2025 00:00:00";"";"04/09/2025 00:00:00";"09/09/2025 00:00:00";"";"nº 90007/2025";"7910202500005228";"S";"575101-2";"Engenheiro Eduardo de Carvalho Pereira";"141361057";"Execução das Obras e Serviços de Adequação, Manutenção e Reforma da Pista/Pit Lane e das Instalações Permanentes no Autódromo Municipal José Carlos Pace - Interlagos";"";"22";"Secretaria Municipal de Infraestrutura Urbana e Obras";"10";"Gabinete do Secretário";"30599000";"0";"365";"7155933,51";"694138,31";"38449071,82";"38449071,82";"0";"34989962,12";"0";"3459109,70";"575042,96";"34414919,16";"32188728,98";"630497,13";"37754933,51";"0";"34295823,81";"0";"3459109,70";"405411,20";"33890412,61";"31745753,78";"630497,13";"694138,31";"0";"694138,31";"0";"0";"169631,76";"524506,55";"442975,20";"0";"0";"0";"23,39";"0";"0";"0";"0";"0";"90";"0";"22.10.27.813.3015.1.109.44905100.00.1.500.0003.1";"89";"Obras em Andamento - Uso Comum do Povo";"06";"Centros Esportivos e Similares";"51";"Obras e Instalações";"3459109,70"
"612713";"38802";"2025";"22";"Secretaria Municipal de Infraestrutura Urbana e Obras";"10";"Gabinete do Secretário";"2";"Termo de Contrato - Serviços";"39";"Não Aplicável";"8";"Não Aplicável";"05/01/2026 00:00:00";"05/01/2028 00:00:00";"05/01/2028 00:00:00";"0";"0";"730";"84394014,23";"0";"54772925,96";"0";"A";"9";"umental";"-1";"-1";"";"";"";"";"33";"IPC/FIPE";"164/SIURB/2025";"Jorge BAyerlein/ Marco Alessio Antunes";"29/12/2025 00:00:00";"29/12/2025 00:00:00";"29/12/2025 00:00:00";"";"30/12/2025 00:00:00";"21/01/2026 00:00:00";"";"Ofício nº 121/SIURB";"6022202500048601";"S";"724.722-2";"Fernando Cesar Zago";"147649891";"Prestação de serviços técnicos especializados de engenharia para a elaboração de planilhas orçamentárias, preparação de materiais licitatórios, licitações e gerenciamento de intervenções em equipamentos educacionais, baseado no Plano Plurianual 2022-2025 e do Programa de Metas 2025-2028, notadamente quanto as obras e serviços complementares de construção de unidades educacionais relacionados no ANEXO II da Portaria Conjunta SME/SIURB nº 03 de 20/12/2021.";"";"22";"Secretaria Municipal de Infraestrutura Urbana e Obras";"10";"Gabinete do Secretário";"84394014,23";"0";"730";"0";"0";"84394014,23";"84394014,23";"0";"54772925,96";"0";"29621088,27";"23219225,97";"31553699,99";"31165883,93";"0";"84394014,23";"0";"54772925,96";"0";"29621088,27";"23219225,97";"31553699,99";"31165883,93";"0";"0";"0";"0";"0";"0";"0";"0";"0";"0";"0";"0";"0";"0";"0";"0";"0";"0";"0";"0";"16.10.12.365.3025.3.359.44905100.00.1.500.9001.1";"05";"Serviços Técnicos Profissionais";"01";"Gerenciamento";"51";"Obras e Instalações";"29621088,27"
"582991";"11453";"2025";"22";"Secretaria Municipal de Infraestrutura Urbana e Obras";"10";"Gabinete do Secretário";"2";"Termo de Contrato - Serviços";"39";"Não Aplicável";"8";"Não Aplicável";"05/04/2025 00:00:00";"05/04/2026 00:00:00";"05/04/2026 00:00:00";"0";"0";"365";"11993900,17";"0";"11993900,17";"0";"A";"9";"umental";"-1";"-1";"";"";"";"";"41";"SEM REAJUSTE";"TCNO 021/SIURB/2025";"Marco Alessio Antunes";"05/05/2025 00:00:00";"16/04/2025 00:00:00";"17/04/2025 00:00:00";"";"22/05/2025 00:00:00";"22/05/2025 00:00:00";"";"TCNO";"7910202200009708";"S";"8022908";"Jonathan Sant'ana Dos Santos";"123665085";"Repasse de recursos - Recuperação Estrutural do Viaduto Pacheco Chaves e Viaduto São Carlos - Lote 54.";"";"22";"Secretaria Municipal de Infraestrutura Urbana e Obras";"10";"Gabinete do Secretário";"11498719,53";"0";"365";"495180,64";"0";"11993900,17";"11993900,17";"0";"11993900,17";"0";"0";"0";"11993900,17";"11993900,17";"15660521,12";"11993900,17";"0";"11993900,17";"0";"0";"0";"11993900,17";"11993900,17";"15660521,12";"0";"0";"0";"0";"0";"0";"0";"0";"0";"0";"0";"4,31";"0";"0";"0";"0";"0";"0";"0";"98.22.15.451.3009.5.187.44905100.08.1.759.0402.0";"89";"Obras em Andamento - Uso Comum do Povo";"15";"Pontes, Pontilhões e Viadutos";"51";"Obras e Instalações";"0"
"606257";"32810";"2025";"22";"Secretaria Municipal de Infraestrutura Urbana e Obras";"10";"Gabinete do Secretário";"2";"Termo de Contrato - Serviços";"39";"Não Aplicável";"8";"Não Aplicável";"06/11/2025 00:00:00";"05/05/2026 00:00:00";"05/08/2026 00:00:00";"0";"0";"180";"9729000";"369867,39";"9729000";"365578,45";"A";"9";"umental";"-1";"-1";"";"";"";"";"33";"IPC/FIPE";"093/SIURB/2025";"Flavio Augusto Rodrigues Rocha";"01/01/2025 00:00:00";"02/10/2025 00:00:00";"06/10/2025 00:00:00";"";"05/11/2025 00:00:00";"14/11/2025 00:00:00";"";"90006/2025";"7910202400024395";"S";"D3009556";"Ricardo Francisco Pereira Cimino";"143710918";"execução de recuperação do complexo viário - túnel Ayrton Senna, que está localizado na região centro-sul da cidade de São Paulo, mais precisamente sob o parque do Ibirapuera, e : Av. 23 de Maio, Rua Senna Madureira e Av. Antônio Joaquim de Moura Andrade.";"";"22";"Secretaria Municipal de Infraestrutura Urbana e Obras";"10";"Gabinete do Secretário";"9729000";"0";"180";"0";"369867,39";"10098867,39";"10098867,39";"0";"10094578,45";"0";"4288,94";"481872,86";"9612705,59";"9612705,59";"608289,51";"9729000";"0";"9729000";"0";"0";"427793,92";"9301206,08";"9301206,08";"474000,57";"369867,39";"0";"365578,45";"0";"4288,94";"54078,94";"311499,51";"311499,51";"134288,94";"0";"0";"0";"0";"0";"0";"0";"0";"92";"0";"98.22.26.453.3009.5.105.44905100.08.1.759.0402.0";"89";"Obras em Andamento - Uso Comum do Povo";"08";"Obras em Áreas de Risco";"51";"Obras e Instalações";"4288,94"
"604813";"31447";"2025";"22";"Secretaria Municipal de Infraestrutura Urbana e Obras";"10";"Gabinete do Secretário";"2";"Termo de Contrato - Serviços";"39";"Não Aplicável";"8";"Não Aplicável";"08/12/2025 00:00:00";"06/02/2026 00:00:00";"06/02/2026 00:00:00";"0";"0";"60";"37481,73";"0";"37481,73";"0";"A";"9";"umental";"-1";"-1";"";"";"";"";"33";"IPC/FIPE";"102/SIURB/2025";"Graciana";"01/07/2025 00:00:00";"20/10/2025 00:00:00";"21/10/2025 00:00:00";"";"10/11/2025 00:00:00";"11/11/2025 00:00:00";"";"ATA RP 008/SIURB/24";"6022202500069420";"S";"817.140.8";"Fabiane Della Flora Olguin";"144454339";"Contratação do CONSÓRCIO ALPHAGEOS-EPT-JBA, inscrito no CNPJ/MF sob o n.º 57.728.903/0001-00, detentor da Ata de RP n° 008/SIURB/2024, para prestação de serviços especializados de engenharia consultiva para apoio técnico, topografia, controle tecnológico e ensaios de materiais (solos, pavimentação, concreto) e investigações geotécnicas na cidade de São Paulo - sondagem e topografia para a implantação do Reservatório Jaguaré - JG-1, localizado na Avenida Escola Politécnica, pelo prazo de 02 meses, a contar da emissão da ordem de início.";"";"22";"Secretaria Municipal de Infraestrutura Urbana e Obras";"10";"Gabinete do Secretário";"37481,73";"0";"60";"0";"0";"37481,73";"37481,73";"0";"37481,73";"0";"0";"0";"37481,73";"37481,73";"37481,73";"37481,73";"0";"37481,73";"0";"0";"0";"37481,73";"37481,73";"37481,73";"0";"0";"0";"0";"0";"0";"0";"0";"0";"0";"0";"0";"0";"0";"0";"0";"0";"0";"0";"22.10.17.451.3008.5.013.44905100.00.1.500.9001.1";"80";"Estudos e Projetos";"99";"Outros Estudos e Projetos";"51";"Obras e Instalações";"0"
"583292";"11737";"2025";"22";"Secretaria Municipal de Infraestrutura Urbana e Obras";"10";"Gabinete do Secretário";"2";"Termo de Contrato - Serviços";"12";"Art. 24 Inciso VI da lei Federal 8.666/93";"6";"Dispensa de Licitação";"07/05/2025 00:00:00";"06/12/2025 00:00:00";"06/03/2026 00:00:00";"0";"0";"213";"9130175,20";"0";"5676657";"0";"A";"9";"umental";"-1";"-1";"";"";"";"";"33";"IPC/FIPE";"023/SIURB/2025";"Almeida Sapata";"20/10/2022 00:00:00";"23/04/2025 00:00:00";"25/04/2025 00:00:00";"";"28/04/2025 00:00:00";"12/05/2025 00:00:00";"14088";"nº 040/2022";"7910202200006059";"S";"d7247222";"Fernando Cesar Zago";"123700691";"Concorrência nº 040/2022 - Execução de Obras e Serviços de Recuperação Estrutural do Viaduto Santo Amaro e Viaduto dos Bandeirantes - Lote 34.";"";"22";"Secretaria Municipal de Infraestrutura Urbana e Obras";"10";"Gabinete do Secretário";"6087703,01";"0";"213";"3042472,19";"0";"9130175,20";"9130175,20";"0";"5676657";"0";"3453518,20";"53550,17";"5623106,83";"5623106,83";"6119875,29";"9130175,20";"0";"5676657";"0";"3453518,20";"53550,17";"5623106,83";"5623106,83";"6119875,29";"0";"0";"0";"0";"0";"0";"0";"0";"0";"0";"0";"0";"0";"0";"0";"0";"0";"90";"0";"22.10.15.451.3009.5.187.44905100.00.1.500.0003.0";"89";"Obras em Andamento - Uso Comum do Povo";"15";"Pontes, Pontilhões e Viadutos";"51";"Obras e Instalações";"3453518,20"
"584064";"12452";"2025";"22";"Secretaria Municipal de Infraestrutura Urbana e Obras";"10";"Gabinete do Secretário";"72";"Nota de Empenho Desapropriações - Interesse Social";"65";"Decreto-Lei 3365/1941-Operação de Desapropriação por Utilidade Pública";"8";"Não Aplicável";"06/06/2025 00:00:00";"06/07/2025 00:00:00";"06/07/2025 00:00:00";"0";"0";"30";"23743,79";"0";"23743,79";"0";"E";"1";"";"-1";"-1";"";"";"";"";"41";"SEM REAJUSTE";"TCNO 022/SIURB/25";"";"03/04/2025 00:00:00";"16/04/2025 00:00:00";"17/04/2025 00:00:00";"";"06/06/2025 00:00:00";"";"";"não se aplica";"7910202500004817";"S";"8378193";"ELISEU APARECIDO NETTO";"123872556";"Pagamento de Desapropriação - Operação Urbana Consorciada Água Espraiada - Autos nº: 0035663-11.2024.8.26.0053 - 9ª VPF (Processo Principal n. 0043318-88.2011.8.26.0053 - 9ª VFP).";"";"22";"Secretaria Municipal de Infraestrutura Urbana e Obras";"10";"Gabinete do Secretário";"23743,79";"0";"30";"0";"0";"23743,79";"23743,79";"0";"23743,79";"0";"0";"0";"23743,79";"23743,79";"0";"23743,79";"0";"23743,79";"0";"0";"0";"23743,79";"23743,79";"0";"0";"0";"0";"0";"0";"0";"0";"0";"0";"0";"0";"0";"0";"0";"0";"0";"0";"0";"0";"29.30.16.482.3002.3.354.44903900.08.1.799.0624.0";"99";"Outros Serviços de Terceiros - Pessoa Jurídica";"99";"Outros Serviços de Terceiros - Pessoa Jurídica";"39";"Outros Serviços de Terceiros - Pessoa Jurídica";"0"
"582270";"10785";"2025";"22";"Secretaria Municipal de Infraestrutura Urbana e Obras";"10";"Gabinete do Secretário";"2";"Termo de Contrato - Serviços";"121";"Art. 75 - Inciso VIII - Lei Federal 14.133/2021";"6";"Dispensa de Licitação";"07/01/2025 00:00:00";"07/01/2026 00:00:00";"07/01/2026 00:00:00";"0";"0";"365";"11959731,03";"0";"11937322,13";"0";"A";"9";"umental";"-1";"-1";"";"";"";"";"41";"SEM REAJUSTE";"021/SIURB/2025";"JUAREZ MUNHOZ PICERNI";"03/01/2025 00:00:00";"07/01/2025 00:00:00";"09/01/2025 00:00:00";"";"14/04/2025 00:00:00";"15/05/2025 00:00:00";"";"EMERGENCIAL";"6022202500000463";"S";"753022";"João Luis M. Biscaia";"117427138";"Intervenção, em caráter emergencial, para recuperação de galerias de águas pluviais e serviços complementares - Rua Rosa Maria, nº 456 - Vila Gustavo - Subprefeitura Santana/Tucuruvi.";"";"22";"Secretaria Municipal de Infraestrutura Urbana e Obras";"10";"Gabinete do Secretário";"11959731,03";"0";"365";"0";"0";"11959731,03";"11959731,03";"0";"11937322,13";"0";"22408,90";"0";"11937322,13";"11937322,13";"1685833,88";"11959731,03";"0";"11937322,13";"0";"22408,90";"0";"11937322,13";"11937322,13";"1685833,88";"0";"0";"0";"0";"0";"0";"0";"0";"0";"0";"0";"0";"0";"0";"0";"0";"0";"0";"0";"86.22.17.451.3008.5.013.44905100.08.1.759.0709.0";"89";"Obras em Andamento - Uso Comum do Povo";"08";"Obras em Áreas de Risco";"51";"Obras e Instalações";"22408,90"
"581876";"10452";"2025";"22";"Secretaria Municipal de Infraestrutura Urbana e Obras";"10";"Gabinete do Secretário";"2";"Termo de Contrato - Serviços";"114";"Art. 75 - Inciso I - Lei Federal 14.133/2021";"6";"Dispensa de Licitação";"10/09/2025 00:00:00";"09/12/2025 00:00:00";"07/02/2026 00:00:00";"0";"0";"90";"49991,29";"0";"49991,29";"0";"S";"9";"umental";"-1";"-1";"";"";"";"";"41";"SEM REAJUSTE";"020/SIURB/2025";"GLAUCO TONON";"25/02/2025 00:00:00";"07/04/2025 00:00:00";"09/04/2025 00:00:00";"";"29/04/2025 00:00:00";"15/05/2025 00:00:00";"";"DL";"6022202100024691";"S";"8926581";"REGIS YASSUDA SUGAYA";"125777250";"Prestação de Serviços Técnicos Especializados para o Desenvolvimento de Projeto Executivo de Arquitetura, Hidráulica, Elétrica e Projeto de Segurança contra Incêndio com a devida aprovação pelo Corpo de Bombeiros para Reforma do Prédio de DESAP/PGM.";"";"22";"Secretaria Municipal de Infraestrutura Urbana e Obras";"10";"Gabinete do Secretário";"49991,29";"0";"90";"0";"0";"49991,29";"49991,29";"0";"49991,29";"0";"0";"0";"49991,29";"49991,29";"13314,93";"49991,29";"0";"49991,29";"0";"0";"0";"49991,29";"49991,29";"13314,93";"0";"0";"0";"0";"0";"0";"0";"0";"0";"0";"0";"0";"0";"0";"0";"0";"0";"60";"0";"21.10.02.122.3024.2.100.33903900.00.1.500.9001.1";"05";"Serviços Técnicos Profissionais";"26";"Elaboração de Projetos";"39";"Outros Serviços de Terceiros - Pessoa Jurídica";"0"
"576433";"5421";"2025";"22";"Secretaria Municipal de Infraestrutura Urbana e Obras";"10";"Gabinete do Secretário";"5";"Nota de Empenho Fornecimento de Bens de Consumo e/ou Permanente";"8";"Art. 24 Inciso II da lei Federal 8.666/93";"6";"Dispensa de Licitação";"26/02/2025 00:00:00";"07/04/2025 00:00:00";"07/04/2025 00:00:00";"0";"0";"40";"115828";"0";"115828";"0";"E";"90";"ocumento equivalente";"2024";"14";"";"";"237";"Câmara dos Deputados";"41";"SEM REAJUSTE";"";"Paulo Cristiano Bonatelli";"28/02/2024 00:00:00";"20/02/2025 00:00:00";"21/02/2025 00:00:00";"64";"";"";"";"00133/2023";"6022202500006348";"S";"926.552-0";"Roberta Miranda Santos";"Conforme doc.sei! 120073205.";"Aquisição de 100 (cem) Cadeiras de Escritório - Ata de RP nº 14/2024  - Câmara dos Deputados";"";"22";"Secretaria Municipal de Infraestrutura Urbana e Obras";"10";"Gabinete do Secretário";"115828";"0";"40";"0";"0";"115828";"115828";"0";"115828";"0";"0";"0";"115828";"115828";"0";"115828";"0";"115828";"0";"0";"0";"115828";"115828";"0";"0";"0";"0";"0";"0";"0";"0";"0";"0";"0";"0";"0";"0";"0";"0";"0";"0";"0";"0";"22.10.15.122.3024.2.100.44905200.00.1.500.9001.0";"42";"Mobiliário em Geral";"99";"Outros Móveis em Geral";"52";"Equipamentos e Material Permanente";"0"
"580786";"9488";"2025";"22";"Secretaria Municipal de Infraestrutura Urbana e Obras";"10";"Gabinete do Secretário";"71";"Nota de Empenho Desapropriações - Interesse  Público";"65";"Decreto-Lei 3365/1941-Operação de Desapropriação por Utilidade Pública";"8";"Não Aplicável";"07/04/2025 00:00:00";"07/05/2025 00:00:00";"07/05/2025 00:00:00";"0";"0";"30";"1811,11";"0";"1811,11";"0";"E";"1";"";"-1";"-1";"";"";"";"";"41";"SEM REAJUSTE";"";"";"13/03/2025 00:00:00";"26/03/2025 00:00:00";"28/03/2025 00:00:00";"";"22/04/2025 00:00:00";"24/04/2025 00:00:00";"";"";"7910202500003721";"S";"837819-3";"Eliseu Aparecido Netto";"SEI 122328892";"Desapropriação de imóvel localizado na Rua Carreiro de Pedra, n. 148, Bairro Jardim Caravelas, necessário para implantação do Melhoramento Prolongamento da Av. Chucri Zaidan, integrante da Operação Urbana Consorciada Água Espraiada - OUCAE.";"";"22";"Secretaria Municipal de Infraestrutura Urbana e Obras";"10";"Gabinete do Secretário";"1811,11";"0";"30";"0";"0";"1811,11";"1811,11";"0";"1811,11";"0";"0";"0";"1811,11";"1811,11";"0";"1811,11";"0";"1811,11";"0";"0";"0";"1811,11";"1811,11";"0";"0";"0";"0";"0";"0";"0";"0";"0";"0";"0";"0";"0";"0";"0";"0";"0";"0";"0";"0";"29.30.15.451.3009.5.100.44903900.08.1.799.0707.0";"99";"Outros Serviços de Terceiros - Pessoa Jurídica";"99";"Outros Serviços de Terceiros - Pessoa Jurídica";"39";"Outros Serviços de Terceiros - Pessoa Jurídica";"0"
"575633";"4665";"2025";"22";"Secretaria Municipal de Infraestrutura Urbana e Obras";"10";"Gabinete do Secretário";"2";"Termo de Contrato - Serviços";"39";"Não Aplicável";"8";"Não Aplicável";"11/03/2025 00:00:00";"07/09/2025 00:00:00";"07/09/2025 00:00:00";"0";"0";"180";"632356,64";"0";"632356,10";"0";"S";"9";"umental";"2024";"6";"22";"Secretaria Municipal de Infraestrutura Urbana e Obras";"";"";"33";"IPC/FIPE";"005/SIURB/2025";"Adriana Carla Vilella";"16/08/2024 00:00:00";"14/02/2025 00:00:00";"18/02/2025 00:00:00";"";"25/02/2025 00:00:00";"11/03/2025 00:00:00";"";"";"6022202400075950";"S";"8174245";"Nycolas Felix Gonçalves,";"Fiscal";"Contratação de material expropriatório necessário para a Implantação da Ligação Viária entre a Avenida Hélio Pellegrino e Rua Alvorada, no âmbito da Operação Urbana Consorciada Faria Lima. Utilização de Ata de Registro de Preços.";"";"22";"Secretaria Municipal de Infraestrutura Urbana e Obras";"10";"Gabinete do Secretário";"615265,92";"0";"180";"17090,72";"0";"632356,64";"632356,64";"0";"632356,10";"0";"0,54";"0";"632356,10";"632356,10";"0,54";"632356,64";"0";"632356,10";"0";"0,54";"0";"632356,10";"632356,10";"0,54";"0";"0";"0";"0";"0";"0";"0";"0";"0";"0";"0";"2,78";"0";"0";"0";"0";"0";"0";"0";"29.50.15.451.3009.5.100.44903900.08.1.799.0708.0";"05";"Serviços Técnicos Profissionais";"05";"Serviços de Instalação de Rede de Energia";"39";"Outros Serviços de Terceiros - Pessoa Jurídica";"0,54"
"610503";"36714";"2025";"22";"Secretaria Municipal de Infraestrutura Urbana e Obras";"10";"Gabinete do Secretário";"71";"Nota de Empenho Desapropriações - Interesse  Público";"65";"Decreto-Lei 3365/1941-Operação de Desapropriação por Utilidade Pública";"8";"Não Aplicável";"09/12/2025 00:00:00";"08/01/2026 00:00:00";"08/01/2026 00:00:00";"0";"0";"30";"21212,44";"0";"21212,44";"0";"A";"1";"";"-1";"-1";"";"";"";"";"41";"SEM REAJUSTE";"061/SIURB/2025";"";"";"09/12/2025 00:00:00";"11/12/2025 00:00:00";"";"22/01/2026 00:00:00";"03/02/2026 00:00:00";"15073";"";"7910202500013700";"S";"837819";"ELISEU APARECIDO NETTO";"147462259";"Desapropriação de imóvel necessário para implantação do melhoramento Habitação de Interesse Social - HIS, integrante da Operação Urbana Consorciada Água Espraiada - OUCAE.";"";"22";"Secretaria Municipal de Infraestrutura Urbana e Obras";"10";"Gabinete do Secretário";"21212,44";"0";"30";"0";"0";"21212,44";"21212,44";"0";"21212,44";"0";"0";"0";"21212,44";"21212,44";"0";"21212,44";"0";"21212,44";"0";"0";"0";"21212,44";"21212,44";"0";"0";"0";"0";"0";"0";"0";"0";"0";"0";"0";"0";"0";"0";"0";"0";"0";"0";"0";"0";"29.30.16.482.3002.3.354.44906100.08.1.799.0624.0";"99";"Outras Aquisições de Bens Imóveis";"01";"Desapropriações";"61";"Aquisição de Imóveis";"0"
"586077";"14275";"2025";"22";"Secretaria Municipal de Infraestrutura Urbana e Obras";"10";"Gabinete do Secretário";"2";"Termo de Contrato - Serviços";"39";"Não Aplicável";"8";"Não Aplicável";"09/06/2025 00:00:00";"08/02/2026 00:00:00";"08/02/2026 00:00:00";"0";"0";"244";"473145,99";"0";"343099,84";"0";"A";"9";"umental";"-1";"-1";"";"";"";"";"41";"SEM REAJUSTE";"033/SIURB/2025";"JORGE BAYERLEIN";"09/05/2025 00:00:00";"21/05/2025 00:00:00";"26/05/2025 00:00:00";"";"23/05/2025 00:00:00";"26/05/2025 00:00:00";"";"DL";"6022202400057706";"S";"9311084";"AURELIANO CARNEIRO LIMA";"127768476";"Apoio técnico preparatório de material e licitação nos termos da Lei nº 14.133/2021 de contratação para execução de obras de recuperação funcional de 9 túneis.";"";"22";"Secretaria Municipal de Infraestrutura Urbana e Obras";"10";"Gabinete do Secretário";"473145,99";"0";"244";"0";"0";"473145,99";"473145,99";"0";"343099,84";"0";"130046,15";"0";"343099,84";"343099,84";"141299,71";"473145,99";"0";"343099,84";"0";"130046,15";"0";"343099,84";"343099,84";"141299,71";"0";"0";"0";"0";"0";"0";"0";"0";"0";"0";"0";"0";"0";"0";"0";"0";"0";"0";"0";"98.22.15.451.3009.5.287.44903900.08.1.759.0402.0";"05";"Serviços Técnicos Profissionais";"01";"Gerenciamento";"39";"Outros Serviços de Terceiros - Pessoa Jurídica";"130046,15"
"573990";"3167";"2025";"22";"Secretaria Municipal de Infraestrutura Urbana e Obras";"10";"Gabinete do Secretário";"71";"Nota de Empenho Desapropriações - Interesse  Público";"65";"Decreto-Lei 3365/1941-Operação de Desapropriação por Utilidade Pública";"8";"Não Aplicável";"07/03/2025 00:00:00";"08/03/2025 00:00:00";"08/03/2025 00:00:00";"0";"0";"1";"655271,83";"0";"655271,83";"0";"E";"1";"";"-1";"-1";"";"";"";"";"41";"SEM REAJUSTE";"TCNO 001/SIURB/25";"JORGE BAYERLEIN";"28/01/2025 00:00:00";"04/02/2025 00:00:00";"06/02/2025 00:00:00";"";"07/03/2025 00:00:00";"10/03/2025 00:00:00";"";"DESAPROPRIAÇÃO";"7910202500000650";"S";"837819-3";"ELISEU APARECIDO NETTO";"119102142";"Desapropriação do imóvel situado na Rua Tenente Coronel Braga, ns. 14, 18, 22 e 44, Jabaquara, ligado ao melhoramento HIS área 17, integrante da Operação Urbana Consorciada Água Espraiada - OUCAE, nos autos nº 0043245-19.2011.8.26.0053 - 1ª Vara da Fazenda Pública (Cumprimento de Sentença n. 0027909-18.2024.8.26.0053 - 1ª VFP)";"";"22";"Secretaria Municipal de Infraestrutura Urbana e Obras";"10";"Gabinete do Secretário";"655271,83";"0";"1";"0";"0";"655271,83";"655271,83";"0";"655271,83";"0";"0";"0";"655271,83";"655271,83";"0";"655271,83";"0";"655271,83";"0";"0";"0";"655271,83";"655271,83";"0";"0";"0";"0";"0";"0";"0";"0";"0";"0";"0";"0";"0";"0";"0";"0";"0";"0";"0";"0";"29.30.16.482.3002.3.354.44906100.08.1.799.0624.0";"99";"Outras Aquisições de Bens Imóveis";"01";"Desapropriações";"61";"Aquisição de Imóveis";"0"
"585723";"13949";"2025";"22";"Secretaria Municipal de Infraestrutura Urbana e Obras";"10";"Gabinete do Secretário";"2";"Termo de Contrato - Serviços";"39";"Não Aplicável";"8";"Não Aplicável";"09/06/2025 00:00:00";"08/04/2026 00:00:00";"08/10/2026 00:00:00";"0";"0";"303";"6765261,16";"0";"5746725,77";"0";"A";"9";"umental";"-1";"-1";"";"";"";"";"39";"ICV/DIEESE";"031/SIURB/2025";"Paulo Henrique Cordeiro Silva";"01/11/2022 00:00:00";"16/05/2025 00:00:00";"19/05/2025 00:00:00";"";"16/06/2025 00:00:00";"17/06/2025 00:00:00";"12766";"044/2022";"7910202200011869";"S";"889.219-9";"Victor Henrique Santana Dantas";"125560982";"Recuperação Estrutural do Viaduto Deputado Ulysses Guimarães e Viaduto Dona Mora Guimarães - Lote 40.";"";"22";"Secretaria Municipal de Infraestrutura Urbana e Obras";"10";"Gabinete do Secretário";"6765261,16";"0";"303";"0";"0";"6765261,16";"6765261,16";"0";"5746725,77";"0";"1018535,39";"924672,15";"4822053,62";"4822053,62";"9093098,97";"6765261,16";"0";"5746725,77";"0";"1018535,39";"924672,15";"4822053,62";"4822053,62";"9093098,97";"0";"0";"0";"0";"0";"0";"0";"0";"0";"0";"0";"0";"0";"0";"0";"0";"0";"183";"0";"22.10.15.451.3009.5.187.44905100.00.1.500.0003.0";"89";"Obras em Andamento - Uso Comum do Povo";"15";"Pontes, Pontilhões e Viadutos";"51";"Obras e Instalações";"1018535,39"
"604304";"31011";"2025";"22";"Secretaria Municipal de Infraestrutura Urbana e Obras";"10";"Gabinete do Secretário";"2";"Termo de Contrato - Serviços";"122";"Art. 75 - Inciso IX - Lei Federal 14.133/2021";"6";"Dispensa de Licitação";"08/12/2025 00:00:00";"08/12/2026 00:00:00";"08/12/2026 00:00:00";"0";"0";"365";"3051808,03";"0";"3051808,03";"0";"A";"9";"umental";"-1";"-1";"";"";"";"";"33";"IPC/FIPE";"099/SIURB/2025";"Jorge Bayerlein / Marco Alessio Antunes";"17/09/2025 00:00:00";"16/10/2025 00:00:00";"17/10/2025 00:00:00";"";"11/12/2025 00:00:00";"12/12/2025 00:00:00";"";"Ofício 158/SIURB/25";"6022202500066154";"S";"602.998-1";"Arqª Maria de Fatima Soares de Macedo";"144045099";"Prestação de serviços técnicos especializados para apoio técnico no gerenciamento de SIURB na execução de obras e serviços de manutenção da Pista Pit Lane e reforma e manutenção das instalações permanentes do Autódromo Municipal José Carlos Pace - Interlagos.";"";"22";"Secretaria Municipal de Infraestrutura Urbana e Obras";"10";"Gabinete do Secretário";"3051808,03";"0";"365";"0";"0";"3051808,03";"3051808,03";"0";"3051808,03";"0";"0";"1017269,23";"2034538,80";"2034538,80";"2280221,28";"3051808,03";"0";"3051808,03";"0";"0";"1017269,23";"2034538,80";"2034538,80";"2280221,28";"0";"0";"0";"0";"0";"0";"0";"0";"0";"0";"0";"0";"0";"0";"0";"0";"0";"0";"0";"22.10.27.813.3015.1.109.44905100.00.1.500.0003.1";"05";"Serviços Técnicos Profissionais";"01";"Gerenciamento";"51";"Obras e Instalações";"0"
"585169";"13453";"2025";"22";"Secretaria Municipal de Infraestrutura Urbana e Obras";"10";"Gabinete do Secretário";"2";"Termo de Contrato - Serviços";"75";"Art. 24 Inciso XXXIII da Lei Federal 8.666/93";"6";"Dispensa de Licitação";"09/06/2025 00:00:00";"08/12/2026 00:00:00";"08/12/2026 00:00:00";"0";"0";"547";"37429792,38";"0";"1528498,03";"0";"A";"9";"umental";"-1";"-1";"";"";"";"";"33";"IPC/FIPE";"030/SIURB/2025";"Joel Ernesto Guedes Junior";"11/11/2024 00:00:00";"13/05/2025 00:00:00";"14/05/2025 00:00:00";"14689";"10/06/2025 00:00:00";"24/06/2025 00:00:00";"";"Ofício nº 003/SIURB";"6022202400000437";"S";"D6187528";"Osmar Dias dos Santos";"125286841";"prestação de serviços técnicos especializados para acompanhamento, assistência e subsídio de informações à fiscalização SIURB na execução de obras do Corredor de Ônibus - BRT Radial Leste I, compreendido entre Terminal Parque Dom Pedro II até a Rua Professor Miguel Russiano - na Região Leste da Cidade de São Paulo, dividido em 3(três) lotes (7910.2022/0001612-7),";"";"22";"Secretaria Municipal de Infraestrutura Urbana e Obras";"10";"Gabinete do Secretário";"37429792,38";"0";"547";"0";"0";"37429792,38";"37429792,38";"0";"1528498,03";"0";"35901294,35";"287136,09";"1241361,94";"994271,73";"4369686,99";"37429792,38";"0";"1528498,03";"0";"35901294,35";"287136,09";"1241361,94";"994271,73";"4369686,99";"0";"0";"0";"0";"0";"0";"0";"0";"0";"0";"0";"0";"0";"0";"0";"0";"0";"0";"0";"98.22.26.453.3009.5.105.44905100.08.1.759.0402.0";"80";"Estudos e Projetos";"99";"Outros Estudos e Projetos";"51";"Obras e Instalações";"35901294,35"
"609302";"35620";"2025";"22";"Secretaria Municipal de Infraestrutura Urbana e Obras";"10";"Gabinete do Secretário";"2";"Termo de Contrato - Serviços";"108";"Art. 28 - Inciso IV Lei Federal 14.133/2021";"13";"Leilão";"08/12/2025 00:00:00";"08/12/2027 00:00:00";"08/12/2027 00:00:00";"0";"0";"730";"29960400,78";"0";"26628337,78";"0";"A";"9";"umental";"-1";"-1";"";"";"";"";"33";"IPC/FIPE";"148/SIURB/2025";"Fernando Marsiarelli";"31/10/2025 00:00:00";"27/11/2025 00:00:00";"28/11/2025 00:00:00";"";"01/12/2025 00:00:00";"12/12/2025 00:00:00";"";"";"6022202500060385";"S";"822.290-8";"JONATHAN SANT'ANA DOS SANTOS";"146822508";"ELABORAÇÃO DE PROJETOS EXECUTIVOS E OBRAS DE CANALIZAÇÃO E SERVIÇOS COMPLEMENTARES NA ÁREA DE RISCO BT- 12 CAMARAZAL.";"";"22";"Secretaria Municipal de Infraestrutura Urbana e Obras";"10";"Gabinete do Secretário";"29960400,78";"0";"730";"0";"0";"29960400,78";"29960400,78";"0";"26628337,78";"0";"3332063";"2235293,44";"24393044,34";"24393044,34";"9845148,29";"29960400,78";"0";"26628337,78";"0";"3332063";"2235293,44";"24393044,34";"24393044,34";"9845148,29";"0";"0";"0";"0";"0";"0";"0";"0";"0";"0";"0";"0";"0";"0";"0";"0";"0";"0";"0";"86.22.17.451.3008.5.013.44905100.08.1.759.0709.0";"89";"Obras em Andamento - Uso Comum do Povo";"22";"Canalização de Córregos";"51";"Obras e Instalações";"3332063"
"603989";"30713";"2025";"22";"Secretaria Municipal de Infraestrutura Urbana e Obras";"10";"Gabinete do Secretário";"71";"Nota de Empenho Desapropriações - Interesse  Público";"65";"Decreto-Lei 3365/1941-Operação de Desapropriação por Utilidade Pública";"8";"Não Aplicável";"10/12/2025 00:00:00";"09/01/2026 00:00:00";"09/01/2026 00:00:00";"0";"0";"30";"3230,10";"0";"3230,10";"0";"A";"1";"";"-1";"-1";"";"";"";"";"41";"SEM REAJUSTE";"053/SIURB/2025";"";"";"15/10/2025 00:00:00";"16/10/2025 00:00:00";"";"08/12/2025 00:00:00";"10/12/2025 00:00:00";"14461";"";"7910202500004019";"S";"837819";"ELISEU APARECIDO NETTO";"144146841";"Desapropriação de imóvel localizado na Rua dos Guassatungas, n. 31 e 31-A, Jabaquara, São Paulo-SP, necessário para implantação do Melhoramento Parque Linear, integrante da Operação Urbana Consorciada Água Espraiada - OUCAE.";"";"22";"Secretaria Municipal de Infraestrutura Urbana e Obras";"10";"Gabinete do Secretário";"3230,10";"0";"30";"0";"0";"3230,10";"3230,10";"0";"3230,10";"0";"0";"0";"3230,10";"3230,10";"3230,10";"3230,10";"0";"3230,10";"0";"0";"0";"3230,10";"3230,10";"3230,10";"0";"0";"0";"0";"0";"0";"0";"0";"0";"0";"0";"0";"0";"0";"0";"0";"0";"0";"0";"29.30.15.451.3009.5.100.44906100.08.1.799.0707.0";"99";"Outras Aquisições de Bens Imóveis";"01";"Desapropriações";"61";"Aquisição de Imóveis";"0"
"606405";"32944";"2025";"22";"Secretaria Municipal de Infraestrutura Urbana e Obras";"10";"Gabinete do Secretário";"2";"Termo de Contrato - Serviços";"122";"Art. 75 - Inciso IX - Lei Federal 14.133/2021";"6";"Dispensa de Licitação";"11/12/2025 00:00:00";"09/02/2026 00:00:00";"09/02/2026 00:00:00";"0";"0";"60";"689442,20";"0";"689442,20";"0";"E";"96";"recebimento do produto/serviço";"-1";"-1";"";"";"";"";"41";"SEM REAJUSTE";"128/SIURB/2025";"Jorge Bayerlein / Marco Alessio Antunes.";"01/01/2025 00:00:00";"30/10/2025 00:00:00";"03/11/2025 00:00:00";"";"11/12/2025 00:00:00";"12/12/2025 00:00:00";"";"Contratação Direta";"6022202500022521";"S";"7535830";"Sandra de Paula Assis";"144814178";"Contratação da prestação de serviços de consultoria e assessoria técnica especializada para apoio técnico, estudos preliminares e elaboração de projeto para construção de passarela entre a Avenida Washington Luís x Rua Pirandello - Brooklin.";"";"22";"Secretaria Municipal de Infraestrutura Urbana e Obras";"10";"Gabinete do Secretário";"689442,20";"0";"60";"0";"0";"689442,20";"689442,20";"0";"689442,20";"0";"0";"0";"689442,20";"689442,20";"0";"689442,20";"0";"689442,20";"0";"0";"0";"689442,20";"689442,20";"0";"0";"0";"0";"0";"0";"0";"0";"0";"0";"0";"0";"0";"0";"0";"0";"0";"0";"0";"0";"98.22.15.451.3009.5.100.44903900.08.1.759.0402.1";"05";"Serviços Técnicos Profissionais";"01";"Gerenciamento";"39";"Outros Serviços de Terceiros - Pessoa Jurídica";"0"
"580247";"9008";"2025";"22";"Secretaria Municipal de Infraestrutura Urbana e Obras";"10";"Gabinete do Secretário";"1";"Sem Ônus";"39";"Não Aplicável";"8";"Não Aplicável";"15/04/2025 00:00:00";"09/02/2026 00:00:00";"09/02/2026 00:00:00";"0";"0";"300";"17788921,75";"0";"11703411,26";"0";"A";"9";"umental";"-1";"-1";"";"";"";"";"33";"IPC/FIPE";"TCNO 008/SIURB/2025";"sp obras";"22/06/2023 00:00:00";"21/03/2025 00:00:00";"24/03/2025 00:00:00";"13832";"15/04/2025 00:00:00";"22/04/2025 00:00:00";"";"";"7910202200009775";"S";"5043204";"José Donizete Venâncio";"Fiscaal";"Recuperação estrutural do Viaduto do Café - Lote 57.";"";"22";"Secretaria Municipal de Infraestrutura Urbana e Obras";"10";"Gabinete do Secretário";"11387293,67";"0";"300";"6401628,08";"0";"17788921,75";"17788921,75";"0";"11703411,26";"0";"6085510,49";"9535,32";"11693875,94";"11693875,94";"13391015,49";"17788921,75";"0";"11703411,26";"0";"6085510,49";"9535,32";"11693875,94";"11693875,94";"13391015,49";"0";"0";"0";"0";"0";"0";"0";"0";"0";"54,83";"0";"1,38";"0";"0";"0";"0";"0";"0";"0";"98.22.15.451.3009.5.187.44903900.08.1.759.0402.0";"89";"Obras em Andamento - Uso Comum do Povo";"15";"Pontes, Pontilhões e Viadutos";"39";"Outros Serviços de Terceiros - Pessoa Jurídica";"6085510,49"
"594708";"22354";"2025";"22";"Secretaria Municipal de Infraestrutura Urbana e Obras";"10";"Gabinete do Secretário";"71";"Nota de Empenho Desapropriações - Interesse  Público";"65";"Decreto-Lei 3365/1941-Operação de Desapropriação por Utilidade Pública";"8";"Não Aplicável";"10/07/2025 00:00:00";"09/08/2025 00:00:00";"09/08/2025 00:00:00";"0";"0";"30";"51744,09";"0";"51744,09";"0";"E";"1";"";"-1";"-1";"";"";"";"";"41";"SEM REAJUSTE";"";"";"";"10/07/2025 00:00:00";"11/07/2025 00:00:00";"";"";"";"";"";"6021202500410135";"S";"837819";"ELISEU APARECIDO NETTO";"128878440";"Prolongamento da Av. Roberto Marinho - Operação Urbana Consorciada Água Espraiada - OUCAE.";"";"22";"Secretaria Municipal de Infraestrutura Urbana e Obras";"10";"Gabinete do Secretário";"51744,09";"0";"30";"0";"0";"51744,09";"51744,09";"0";"51744,09";"0";"0";"0";"51744,09";"51744,09";"0";"51744,09";"0";"51744,09";"0";"0";"0";"51744,09";"51744,09";"0";"0";"0";"0";"0";"0";"0";"0";"0";"0";"0";"0";"0";"0";"0";"0";"0";"0";"0";"0";"29.30.15.451.3009.5.100.44906100.08.1.799.0707.0";"99";"Outras Aquisições de Bens Imóveis";"01";"Desapropriações";"61";"Aquisição de Imóveis";"0"
"605603";"32199";"2025";"22";"Secretaria Municipal de Infraestrutura Urbana e Obras";"10";"Gabinete do Secretário";"71";"Nota de Empenho Desapropriações - Interesse  Público";"65";"Decreto-Lei 3365/1941-Operação de Desapropriação por Utilidade Pública";"8";"Não Aplicável";"10/10/2025 00:00:00";"09/11/2025 00:00:00";"09/11/2025 00:00:00";"0";"0";"30";"354100,19";"0";"354100,19";"0";"E";"1";"";"-1";"-1";"";"";"";"";"41";"SEM REAJUSTE";"";"";"";"15/10/2025 00:00:00";"17/10/2025 00:00:00";"14430";"";"";"";"";"6021201800241306";"S";"837819";"ELISEU APARECIDO NETTO";"144211719";"Desapropriação, cujo imóvel atingido está localizado na Avenida Santo Amaro, nº 1.855 - São Paulo/SP, cadastrado sob o contribuinte º 041.094.0035-1, necessário para implantação do melhoramento Requalificação da Avenida Santo Amaro- Boulevard Santo Amaro.";"";"22";"Secretaria Municipal de Infraestrutura Urbana e Obras";"10";"Gabinete do Secretário";"354100,19";"0";"30";"0";"0";"354100,19";"354100,19";"0";"354100,19";"0";"0";"0";"354100,19";"354100,19";"0";"354100,19";"0";"354100,19";"0";"0";"0";"354100,19";"354100,19";"0";"0";"0";"0";"0";"0";"0";"0";"0";"0";"0";"0";"0";"0";"0";"0";"0";"0";"0";"0";"29.50.15.452.3009.5.395.44906100.08.1.799.0708.0";"99";"Outras Aquisições de Bens Imóveis";"01";"Desapropriações";"61";"Aquisição de Imóveis";"0"
"605209";"31827";"2025";"22";"Secretaria Municipal de Infraestrutura Urbana e Obras";"10";"Gabinete do Secretário";"2";"Termo de Contrato - Serviços";"112";"Art. 74 - Inciso IV - Lei Federal 14.133/2021";"7";"Inexigibilidade";"10/11/2025 00:00:00";"09/11/2028 00:00:00";"09/11/2028 00:00:00";"0";"0";"1095";"83100000";"0";"26856177,08";"0";"A";"9";"umental";"-1";"-1";"";"";"";"";"33";"IPC/FIPE";"104/SIURB/2025";"Jose Edson Sesti";"08/10/2025 00:00:00";"20/10/2025 00:00:00";"21/10/2025 00:00:00";"";"04/11/2025 00:00:00";"06/11/2025 00:00:00";"17666";"CC 90021/25/SIURB.";"6022202500048903";"S";"d300955";"Ricardo Francisco Pereira Cimino";"144549448";"ELABORAÇÃO DE PROJETO EXECUTIVO E EXECUÇÃO DE SERVIÇOS DE RECUPERAÇÃO E REFORÇO ESTRUTURAL DO VIADUTO RAIMUNDO PEREIRA DE MAGALHÃES, LOCALIZADO NO BAIRRO VILA PIRITUBA, SÃO PAULO.";"";"22";"Secretaria Municipal de Infraestrutura Urbana e Obras";"10";"Gabinete do Secretário";"83100000";"0";"1095";"0";"0";"83100000";"83100000";"0";"26856177,08";"0";"56243822,92";"292051,66";"26564125,42";"26564125,42";"14555115,98";"83100000";"0";"26856177,08";"0";"56243822,92";"292051,66";"26564125,42";"26564125,42";"14555115,98";"0";"0";"0";"0";"0";"0";"0";"0";"0";"0";"0";"0";"0";"0";"0";"0";"0";"0";"0";"22.10.15.451.3009.5.187.44905100.00.1.500.0003.0";"89";"Obras em Andamento - Uso Comum do Povo";"15";"Pontes, Pontilhões e Viadutos";"51";"Obras e Instalações";"56243822,92"
"594684";"22330";"2025";"22";"Secretaria Municipal de Infraestrutura Urbana e Obras";"10";"Gabinete do Secretário";"2";"Termo de Contrato - Serviços";"39";"Não Aplicável";"8";"Não Aplicável";"11/08/2025 00:00:00";"09/12/2025 00:00:00";"09/12/2025 00:00:00";"0";"0";"120";"232399,20";"0";"232399,20";"0";"E";"9";"umental";"-1";"-1";"";"";"";"";"41";"SEM REAJUSTE";"054/SIURB/2025";"FABIO GOMES DUQUE";"11/08/2023 00:00:00";"16/07/2025 00:00:00";"17/07/2025 00:00:00";"";"23/07/2025 00:00:00";"01/08/2025 00:00:00";"";"ARP 006/SMS.G/2023";"6022202500048270";"S";"d627528";"José Alberto Alves da Silva";"129272460";"Ata de RP nº 006/SMS.G/2023 - Obras e Serviços de Manutenção da Praça Doutor Almeida Junqueira - Subprefeitura Mooca";"";"22";"Secretaria Municipal de Infraestrutura Urbana e Obras";"10";"Gabinete do Secretário";"238150,02";"0";"120";"-575,24";"0";"237574,78";"237574,78";"0";"232399,20";"5175,58";"0";"0";"232399,20";"232399,20";"5750,82";"237574,78";"0";"232399,20";"5175,58";"0";"0";"232399,20";"232399,20";"5750,82";"0";"0";"0";"0";"0";"0";"0";"0";"0";"0";"0";"0";"0,24";"0";"0";"0";"0";"0";"0";"22.10.15.451.3022.5.085.44905100.00.1.500.7061.1";"89";"Obras em Andamento - Uso Comum do Povo";"16";"Praças, Parques e Jardins";"51";"Obras e Instalações";"0"
"594691";"22337";"2025";"22";"Secretaria Municipal de Infraestrutura Urbana e Obras";"10";"Gabinete do Secretário";"2";"Termo de Contrato - Serviços";"39";"Não Aplicável";"8";"Não Aplicável";"11/08/2025 00:00:00";"09/12/2025 00:00:00";"09/12/2025 00:00:00";"0";"0";"120";"247999,56";"0";"247999,56";"0";"E";"9";"umental";"-1";"-1";"";"";"";"";"41";"SEM REAJUSTE";"055/SIURB/2025";"FABIO GOMES DUQUE";"11/08/2023 00:00:00";"16/07/2025 00:00:00";"17/07/2025 00:00:00";"";"23/07/2025 00:00:00";"01/08/2025 00:00:00";"14703";"ARP 006/SMS.G/2023";"6022202500048369";"S";"d627528";"José Alberto Alves da Silva";"129270428";"Ata de RP nº 006/SMS.G/2023 - Obras e Serviços de Manutenção da Praça Elias Chaibub - Subprefeitura Mooca";"";"22";"Secretaria Municipal de Infraestrutura Urbana e Obras";"10";"Gabinete do Secretário";"266611,21";"0";"120";"-1819,62";"0";"264791,59";"264791,59";"0";"247999,56";"16792,03";"0";"0";"247999,56";"247999,56";"18611,65";"264791,59";"0";"247999,56";"16792,03";"0";"0";"247999,56";"247999,56";"18611,65";"0";"0";"0";"0";"0";"0";"0";"0";"0";"0";"0";"0";"0,68";"0";"0";"0";"0";"0";"0";"22.10.15.451.3022.5.085.44905100.00.1.500.7061.1";"89";"Obras em Andamento - Uso Comum do Povo";"16";"Praças, Parques e Jardins";"51";"Obras e Instalações";"0"
"610953";"37127";"2025";"22";"Secretaria Municipal de Infraestrutura Urbana e Obras";"10";"Gabinete do Secretário";"2";"Termo de Contrato - Serviços";"128";"Art. 75 - Inciso XV - Lei Federal 14.133/2021";"6";"Dispensa de Licitação";"19/12/2025 00:00:00";"09/12/2027 00:00:00";"09/12/2027 00:00:00";"0";"0";"720";"14400000";"0";"2900000";"0";"A";"9";"umental";"-1";"-1";"";"";"";"";"33";"IPC/FIPE";"158/SIURB/2025";"Ricardo Alexandre Pereira";"10/11/2025 00:00:00";"15/12/2025 00:00:00";"17/12/2025 00:00:00";"";"19/12/2025 00:00:00";"23/01/2026 00:00:00";"";"contratação direta";"6022202500073240";"S";"953.108-4";"Gualberto Kroll Lazarini,";"154504730";"Contratação de empresa especializada para assessoramento e apoio na análise da compatibilidade jurídica-administrativa, técnica e financeira de Contratos pactuados entre a Secretaria Municipal de Infraestrutura Urbana e Obras da Cidade de São Paulo com a empresa São Paulo Obras - SPObras, visando melhoria no fluxo de contratação e execução dos contratos, estudos econométricos, pesquisas e o apoio no monitoramento da execução dos Contratos.";"";"22";"Secretaria Municipal de Infraestrutura Urbana e Obras";"10";"Gabinete do Secretário";"14400000";"0";"720";"0";"0";"14400000";"14400000";"0";"2900000";"0";"11500000";"2600000";"300000";"300000";"120850";"14400000";"0";"2900000";"0";"11500000";"2600000";"300000";"300000";"120850";"0";"0";"0";"0";"0";"0";"0";"0";"0";"0";"0";"0";"0";"0";"0";"0";"0";"0";"0";"22.10.15.451.3022.5.085.44905100.00.1.500.0003.1";"80";"Estudos e Projetos";"99";"Outros Estudos e Projetos";"51";"Obras e Instalações";"11500000"
"580578";"9310";"2025";"22";"Secretaria Municipal de Infraestrutura Urbana e Obras";"10";"Gabinete do Secretário";"2";"Termo de Contrato - Serviços";"122";"Art. 75 - Inciso IX - Lei Federal 14.133/2021";"6";"Dispensa de Licitação";"16/05/2025 00:00:00";"10/02/2026 00:00:00";"10/02/2026 00:00:00";"0";"0";"270";"455158,08";"0";"450573,12";"0";"A";"9";"umental";"-1";"-1";"";"";"";"";"41";"SEM REAJUSTE";"014/SIURB/2025";"Marco Alessio Antunes";"01/05/2024 00:00:00";"26/12/2024 00:00:00";"27/12/2024 00:00:00";"";"16/05/2025 00:00:00";"19/05/2025 00:00:00";"";"DL";"6022202400001972";"S";"3889432";"José Roberto Kopenhagen Feld";"Fiscal";"Contratação da prestação de serviços técnicos especializados para acompanhamento, assistência e subsídio de informações à fiscalização SIURB na elaboração de projeto funcional, projetos básicos, projetos executivos, serviços ambientais e Sistema de Transporte Inteligente ITS para implantação do Terminal de Ônibus Urbano Itaim Paulista, na Região Leste da Cidade de São Paulo (7910.2023/0001658-7).";"";"22";"Secretaria Municipal de Infraestrutura Urbana e Obras";"10";"Gabinete do Secretário";"455158,08";"0";"270";"0";"0";"455158,08";"455158,08";"0";"450573,12";"0";"4584,96";"197707,51";"252865,61";"252865,61";"804584,96";"455158,08";"0";"450573,12";"0";"4584,96";"197707,51";"252865,61";"252865,61";"804584,96";"0";"0";"0";"0";"0";"0";"0";"0";"0";"0";"0";"0";"0";"0";"0";"0";"0";"0";"0";"98.22.26.453.3009.1.095.44903900.08.1.759.0402.0";"05";"Serviços Técnicos Profissionais";"01";"Gerenciamento";"39";"Outros Serviços de Terceiros - Pessoa Jurídica";"4584,96"
"572806";"2056";"2025";"22";"Secretaria Municipal de Infraestrutura Urbana e Obras";"10";"Gabinete do Secretário";"30";"Nota de Empenho para Fornecimento de Serviços";"128";"Art. 75 - Inciso XV - Lei Federal 14.133/2021";"6";"Dispensa de Licitação";"10/02/2025 00:00:00";"10/02/2026 00:00:00";"10/02/2026 00:00:00";"0";"0";"365";"2827802";"0";"2311132";"0";"A";"90";"ocumento equivalente";"-1";"-1";"";"";"";"";"33";"IPC/FIPE";"001/SIURB/2025";"Ilana Rubinstein Chenker";"19/11/2024 00:00:00";"28/01/2025 00:00:00";"30/01/2025 00:00:00";"60";"04/02/2025 00:00:00";"11/02/2025 00:00:00";"189";"Dispensa - Licitação";"6022202400095705";"S";"921.834.3";"Marcos Vinícius Santos de Almeida";"Conforme doc. sei! 118388153.";"Prestação de serviços técnicos visando o levantamento dos custos médios de 3.000 insumos adotados nas tabelas de SIURB, elaboração de 04 (quatro) índices - Pavimentação de Tráfego Leve, Pavimentação de Vias Arteriais, Mão de Obra e Locação de Veículos e Criação de até 100 (cem) composições de custos unitários (CPU's).";"";"22";"Secretaria Municipal de Infraestrutura Urbana e Obras";"10";"Gabinete do Secretário";"2827802";"0";"365";"0";"0";"2827802";"2827802";"0";"2311132";"0";"516670";"0";"2311132";"2311132";"2467485,98";"2827802";"0";"2311132";"0";"516670";"0";"2311132";"2311132";"2467485,98";"0";"0";"0";"0";"0";"0";"0";"0";"0";"0";"0";"0";"0";"0";"0";"0";"0";"0";"0";"22.10.15.122.3024.2.100.33903900.00.1.500.9001.0";"05";"Serviços Técnicos Profissionais";"35";"Pesquisa em Geral";"39";"Outros Serviços de Terceiros - Pessoa Jurídica";"516670"
"593671";"21385";"2025";"22";"Secretaria Municipal de Infraestrutura Urbana e Obras";"10";"Gabinete do Secretário";"2";"Termo de Contrato - Serviços";"39";"Não Aplicável";"8";"Não Aplicável";"19/08/2025 00:00:00";"10/02/2027 00:00:00";"10/02/2027 00:00:00";"0";"0";"540";"33176970,12";"0";"33073535,21";"0";"A";"90";"ocumento equivalente";"-1";"-1";"";"";"";"";"33";"IPC/FIPE";"053/SIURB/2025";"RONALDO ALVES PEREIRA";"01/10/2024 00:00:00";"07/02/2025 00:00:00";"11/02/2025 00:00:00";"";"27/08/2025 00:00:00";"28/08/2025 00:00:00";"";"90032/2024";"6022202400088458";"S";"300.955.6";"Engenheiro Ricardo Francisco Pereira Cimino";"141320654";"Elaboração de projeto executivo e execução de obra de microdrenagem na Rua Estados Unidos.";"";"22";"Secretaria Municipal de Infraestrutura Urbana e Obras";"10";"Gabinete do Secretário";"33176970,12";"0";"540";"0";"0";"33176970,12";"33176970,12";"0";"33073535,21";"0";"103434,91";"3700000";"29373535,21";"29373535,21";"18347746,19";"33176970,12";"0";"33073535,21";"0";"103434,91";"3700000";"29373535,21";"29373535,21";"18347746,19";"0";"0";"0";"0";"0";"0";"0";"0";"0";"0";"0";"0";"0";"0";"0";"0";"0";"0";"0";"22.10.17.451.3008.5.013.44905100.00.1.500.9001.1";"89";"Obras em Andamento - Uso Comum do Povo";"25";"Reforço e Construção de Galerias";"51";"Obras e Instalações";"103434,91"
"595650";"23226";"2025";"22";"Secretaria Municipal de Infraestrutura Urbana e Obras";"10";"Gabinete do Secretário";"71";"Nota de Empenho Desapropriações - Interesse  Público";"65";"Decreto-Lei 3365/1941-Operação de Desapropriação por Utilidade Pública";"8";"Não Aplicável";"10/09/2025 00:00:00";"10/10/2025 00:00:00";"10/10/2025 00:00:00";"0";"0";"30";"71,26";"0";"71,26";"0";"E";"1";"";"-1";"-1";"";"";"";"";"41";"SEM REAJUSTE";"";"";"";"23/07/2025 00:00:00";"25/07/2025 00:00:00";"";"23/07/2025 00:00:00";"25/07/2025 00:00:00";"";"";"7910202500011279";"S";"837819";"ELISEU APARECIDO NETTO";"129584477";"Desapropriação de imóvel necessário para implantação do melhoramento Chucri Zaidan, integrante da Operação Urbana Consorciada Água Espraiada - OUCAE.";"";"22";"Secretaria Municipal de Infraestrutura Urbana e Obras";"10";"Gabinete do Secretário";"71,26";"0";"30";"0";"0";"71,26";"71,26";"0";"71,26";"0";"0";"0";"71,26";"71,26";"0";"71,26";"0";"71,26";"0";"0";"0";"71,26";"71,26";"0";"0";"0";"0";"0";"0";"0";"0";"0";"0";"0";"0";"0";"0";"0";"0";"0";"0";"0";"0";"29.30.15.451.3009.5.100.44903900.08.2.799.0707.1";"99";"Outros Serviços de Terceiros - Pessoa Jurídica";"99";"Outros Serviços de Terceiros - Pessoa Jurídica";"39";"Outros Serviços de Terceiros - Pessoa Jurídica";"0"
"588699";"16620";"2025";"22";"Secretaria Municipal de Infraestrutura Urbana e Obras";"10";"Gabinete do Secretário";"5";"Nota de Empenho Fornecimento de Bens de Consumo e/ou Permanente";"109";"Art. 74 - Inciso I - Lei Federal 14.133/2021";"7";"Inexigibilidade";"10/10/2025 00:00:00";"10/10/2026 00:00:00";"10/10/2026 00:00:00";"0";"0";"365";"12500";"0";"12500";"0";"E";"90";"ocumento equivalente";"-1";"-1";"";"";"";"";"41";"SEM REAJUSTE";"";"Marcos Costola";"28/05/2025 00:00:00";"13/06/2025 00:00:00";"16/06/2025 00:00:00";"58";"";"";"";"Dispensa - Licitação";"6022202500039289";"S";"931.382.6";"Gabriel Apolinario dos Santos Nascimento";"127551467";"Aquisição de 02 (duas) licenças de software Scriptcase, com suporte e atualizações por um período de 12 (doze) meses.";"";"22";"Secretaria Municipal de Infraestrutura Urbana e Obras";"10";"Gabinete do Secretário";"12500";"0";"365";"0";"0";"12500";"12500";"0";"12500";"0";"0";"0";"12500";"12500";"0";"12500";"0";"12500";"0";"0";"0";"12500";"12500";"0";"0";"0";"0";"0";"0";"0";"0";"0";"0";"0";"0";"0";"0";"0";"0";"0";"0";"0";"0";"22.10.15.126.3011.2.818.33903000.00.1.500.9001.0";"17";"Material de Processamento de Dados";"99";"Diversos Materiais para Uso na Área de Informática";"30";"Material de Consumo";"0"
"608967";"35303";"2025";"22";"Secretaria Municipal de Infraestrutura Urbana e Obras";"10";"Gabinete do Secretário";"2";"Termo de Contrato - Serviços";"128";"Art. 75 - Inciso XV - Lei Federal 14.133/2021";"6";"Dispensa de Licitação";"10/12/2025 00:00:00";"10/12/2026 00:00:00";"10/12/2026 00:00:00";"0";"0";"365";"5379637,28";"0";"3998889,65";"0";"A";"9";"umental";"-1";"-1";"";"";"";"";"33";"IPC/FIPE";"145/SIURB/2025";"ANA PAULA HAIPEK CAMPOS";"27/10/2025 00:00:00";"24/11/2025 00:00:00";"26/11/2025 00:00:00";"";"10/12/2025 00:00:00";"15/12/2025 00:00:00";"";"Dispensa licitação";"6022202500076052";"S";"D8898367";"Douglas de Paula D'Amaro";"146347206";"estudos e pesquisas aplicadas para elaboração dos planos e programas da Política Ambiental da SIURB.";"";"22";"Secretaria Municipal de Infraestrutura Urbana e Obras";"10";"Gabinete do Secretário";"5379637,28";"0";"365";"0";"0";"5379637,28";"5379637,28";"0";"3998889,65";"0";"1380747,63";"706109,42";"3292780,23";"3292780,23";"376281,01";"5379637,28";"0";"3998889,65";"0";"1380747,63";"706109,42";"3292780,23";"3292780,23";"376281,01";"0";"0";"0";"0";"0";"0";"0";"0";"0";"0";"0";"0";"0";"0";"0";"0";"0";"0";"0";"86.22.15.452.3005.5.087.44903900.08.1.759.0709.1";"05";"Serviços Técnicos Profissionais";"14";"Avaliação Ambiental";"39";"Outros Serviços de Terceiros - Pessoa Jurídica";"1380747,63"
"611993";"38107";"2025";"22";"Secretaria Municipal de Infraestrutura Urbana e Obras";"10";"Gabinete do Secretário";"2";"Termo de Contrato - Serviços";"39";"Não Aplicável";"8";"Não Aplicável";"26/12/2025 00:00:00";"10/12/2028 00:00:00";"10/12/2028 00:00:00";"0";"0";"1080";"62174993,77";"0";"13612204,99";"0";"A";"9";"umental";"-1";"-1";"";"";"";"";"33";"IPC/FIPE";"161/SIURB/2025";"DIMITRIUS ANASTASE TZORTZIS";"23/10/2025 00:00:00";"03/11/2025 00:00:00";"04/11/2025 00:00:00";"";"03/11/2025 00:00:00";"04/11/2025 00:00:00";"14545";"Nº 90032/25/SIURB";"6022202500061780";"S";"753.210-5";"Paulo Mauricio Baccelli Mendes";"151421809";"CONTRATAÇÃO DE EMPRESA ESPECIALIZADA EM ENGENHARIA PARA ELABORAÇÃO DE PROJETOS EXECUTIVO E EXECUÇÃO DE SERVIÇOS DE RECUPERAÇÃO E REFORÇO ESTRUTURAL DA PONTE DESEMBARGADOR DOMINGOS FRANCIULLI NETTO - PENHA - SÃO PAULO - SP.";"";"22";"Secretaria Municipal de Infraestrutura Urbana e Obras";"10";"Gabinete do Secretário";"62174993,77";"0";"1080";"0";"0";"62174993,77";"62174993,77";"0";"13612204,99";"0";"48562788,78";"4562134,16";"9050070,83";"9050070,83";"4828,69";"62174993,77";"0";"13612204,99";"0";"48562788,78";"4562134,16";"9050070,83";"9050070,83";"4828,69";"0";"0";"0";"0";"0";"0";"0";"0";"0";"0";"0";"0";"0";"0";"0";"0";"0";"0";"0";"98.22.15.451.3009.5.187.44905100.08.1.759.0402.1";"89";"Obras em Andamento - Uso Comum do Povo";"15";"Pontes, Pontilhões e Viadutos";"51";"Obras e Instalações";"48562788,78"
"596616";"24078";"2025";"22";"Secretaria Municipal de Infraestrutura Urbana e Obras";"10";"Gabinete do Secretário";"2";"Termo de Contrato - Serviços";"112";"Art. 74 - Inciso IV - Lei Federal 14.133/2021";"7";"Inexigibilidade";"12/08/2025 00:00:00";"12/08/2026 00:00:00";"11/02/2027 00:00:00";"0";"0";"365";"45231915,95";"0";"41205694,25";"0";"A";"9";"umental";"-1";"-1";"";"";"";"";"33";"IPC/FIPE";"062/SIURB/2025";"FERNANDO MARSIARELLI";"04/07/2025 00:00:00";"24/07/2025 00:00:00";"28/07/2025 00:00:00";"";"06/08/2025 00:00:00";"12/08/2025 00:00:00";"";"Nº 90006/25/SIURB";"6022202500029127";"S";"7530220";"JOÃO LUIS MARANHÃO BISCAIA";"6022202500029127";"CONTRATAÇÃO DE EMPRESA ESPECIALIZADA NA EXECUÇÃO DE SERVIÇOS DE TALUDE, CANALIZAÇÃO DE CÓRREGO E RECUPERAÇÃO DE ÁREA LOCALIZADA NA RUA ANFITRIÃO - CASA VERDE - SÃO PAULO/SP.";"";"22";"Secretaria Municipal de Infraestrutura Urbana e Obras";"10";"Gabinete do Secretário";"36399457,82";"0";"365";"8832458,13";"0";"45231915,95";"45231915,95";"0";"41205694,25";"0";"4026221,70";"2590387,25";"38615307";"38615307";"8399357,76";"45231915,95";"0";"41205694,25";"0";"4026221,70";"2590387,25";"38615307";"38615307";"8399357,76";"0";"0";"0";"0";"0";"0";"0";"0";"0";"0";"0";"0";"0";"0";"0";"0";"0";"183";"0";"22.10.17.451.3008.5.013.44905100.00.1.500.9001.1";"89";"Obras em Andamento - Uso Comum do Povo";"08";"Obras em Áreas de Risco";"51";"Obras e Instalações";"4026221,70"
"608224";"34595";"2025";"22";"Secretaria Municipal de Infraestrutura Urbana e Obras";"10";"Gabinete do Secretário";"2";"Termo de Contrato - Serviços";"108";"Art. 28 - Inciso IV Lei Federal 14.133/2021";"13";"Leilão";"11/12/2025 00:00:00";"11/06/2028 00:00:00";"11/06/2028 00:00:00";"0";"0";"913";"69540000";"0";"21856408,40";"0";"A";"9";"umental";"-1";"-1";"";"";"";"";"33";"IPC/FIPE";"141/SIURB/2025";"ALEXANDRE FRANÇA PINTO FRAGA DOS SANTOS";"07/10/2025 00:00:00";"23/10/2025 00:00:00";"24/10/2025 00:00:00";"";"26/11/2025 00:00:00";"03/12/2025 00:00:00";"";"nº 90044/25/SIURB";"6022202500062353";"S";"5043204";"JOSE DONIZETE VENANCIO";"148320237";"EXECUÇÃO DE SERVIÇOS DE RECUPERAÇÃO E REFORÇO ESTRUTURAL DO VIADUTO JÚLIO DE MESQUITA NETO, LOCALIZADO NO BAIRRO DO LIMÃO - SÃO PAULO.";"";"22";"Secretaria Municipal de Infraestrutura Urbana e Obras";"10";"Gabinete do Secretário";"69540000";"0";"913";"0";"0";"69540000";"69540000";"0";"21856408,40";"0";"47683591,60";"2752545,38";"19103863,02";"19103863,02";"1817001,07";"69540000";"0";"21856408,40";"0";"47683591,60";"2752545,38";"19103863,02";"19103863,02";"1817001,07";"0";"0";"0";"0";"0";"0";"0";"0";"0";"0";"0";"0";"0";"0";"0";"0";"0";"0";"0";"22.10.15.451.3009.5.187.44905100.00.1.500.0003.0";"99";"Outros Serviços de Terceiros - Pessoa Jurídica";"99";"Outros Serviços de Terceiros - Pessoa Jurídica";"51";"Obras e Instalações";"47683591,60"
"605601";"32197";"2025";"22";"Secretaria Municipal de Infraestrutura Urbana e Obras";"10";"Gabinete do Secretário";"2";"Termo de Contrato - Serviços";"39";"Não Aplicável";"8";"Não Aplicável";"11/12/2025 00:00:00";"11/06/2028 00:00:00";"11/06/2028 00:00:00";"0";"0";"913";"76899999,97";"0";"20875729,49";"0";"A";"9";"umental";"-1";"-1";"";"";"";"";"33";"IPC/FIPE";"140/SIURB/2025";"ALEXANDRE FRANÇA PINTO FRAGA DOS SANTOS";"01/10/2025 00:00:00";"17/10/2025 00:00:00";"20/10/2025 00:00:00";"";"26/11/2025 00:00:00";"02/12/2025 00:00:00";"";"90042/25/SIURB";"6022202500042581";"S";"8222908";"JONATHAN SANT'ANA DOS SANTOS";"148867909";"EXECUÇÃO DE SERVIÇOS DE RECUPERAÇÃO E REFORÇO ESTRUTURAL DO VIADUTO CADEIÃO (VIADUTO LASZIO BRAUN), LOCALIZADO NO BAIRRO DA VILA LEOPOLDINA, SÃO PAULO/SP.";"";"22";"Secretaria Municipal de Infraestrutura Urbana e Obras";"10";"Gabinete do Secretário";"76899999,97";"0";"913";"0";"0";"76899999,97";"76899999,97";"0";"20875729,49";"0";"56024270,48";"1063365,10";"19812364,39";"19812364,39";"4584200,11";"76899999,97";"0";"20875729,49";"0";"56024270,48";"1063365,10";"19812364,39";"19812364,39";"4584200,11";"0";"0";"0";"0";"0";"0";"0";"0";"0";"0";"0";"0";"0";"0";"0";"0";"0";"0";"0";"22.10.15.451.3009.5.187.44905100.00.1.500.0003.0";"89";"Obras em Andamento - Uso Comum do Povo";"15";"Pontes, Pontilhões e Viadutos";"51";"Obras e Instalações";"56024270,48"
"589997";"17826";"2025";"22";"Secretaria Municipal de Infraestrutura Urbana e Obras";"10";"Gabinete do Secretário";"30";"Nota de Empenho para Fornecimento de Serviços";"105";"Art. 28 - Inciso I Lei Federal 14.133/2021";"12";"Pregão";"11/07/2025 00:00:00";"11/07/2026 00:00:00";"11/07/2026 00:00:00";"0";"0";"365";"6094633,95";"0";"5777329,40";"0";"A";"90";"ocumento equivalente";"-1";"-1";"";"";"";"";"33";"IPC/FIPE";"049/SIURB/2025";"William";"11/06/2025 00:00:00";"26/06/2025 00:00:00";"27/06/2025 00:00:00";"61";"03/07/2025 00:00:00";"07/07/2025 00:00:00";"266";"90001/2025/SIURB";"6022202500032373";"S";"947.783.7";"Dagmar Ferreira";"128810809";"Prestação de serviços de gestão integrada de serviços prediais na modelagem Facilities, contemplando recepção, copa, bombeiro civil e manutenção predial no Edifício sede da Secretaria Municipal de Infraestrutura Urbana e Obras - SIURB.";"";"22";"Secretaria Municipal de Infraestrutura Urbana e Obras";"10";"Gabinete do Secretário";"6094633,95";"0";"365";"0";"0";"6094633,95";"6094633,95";"0";"5777329,40";"0";"317304,55";"0";"5777329,40";"5777329,40";"2979519,87";"6094633,95";"0";"5777329,40";"0";"317304,55";"0";"5777329,40";"5777329,40";"2979519,87";"0";"0";"0";"0";"0";"0";"0";"0";"0";"0";"0";"0";"0";"0";"0";"0";"0";"0";"0";"22.10.15.122.3024.2.100.33903000.00.1.500.9001.0";"24";"Material para Manutenção de Bens Imóveis";"99";"Diversos Materiais para Manutenção de Bens Imóveis";"30";"Material de Consumo";"317304,55"
"607162";"33621";"2025";"22";"Secretaria Municipal de Infraestrutura Urbana e Obras";"10";"Gabinete do Secretário";"2";"Termo de Contrato - Serviços";"39";"Não Aplicável";"8";"Não Aplicável";"15/12/2025 00:00:00";"13/06/2026 00:00:00";"11/09/2026 00:00:00";"0";"0";"180";"262900";"0";"262900";"0";"A";"9";"umental";"-1";"-1";"";"";"";"";"41";"SEM REAJUSTE";"131/SIURB/2025";"Fabiane Della Flora Olguin";"11/10/2025 00:00:00";"20/10/2025 00:00:00";"21/10/2025 00:00:00";"";"18/11/2025 00:00:00";"27/11/2025 00:00:00";"14679";"90033/25/SIURB";"6022202400094750";"S";"944.467-0";"Marcello Carneiro Faidiga";"146792103";"CONTRATAÇÃO DE EMPRESA ESPECIALIZADA EM ENGENHARIA PARA ELABORAÇÃO DE PROJETO BÁSICO, INCLUINDO OBTENÇÃO DE OUTORGA DO DAEE, PARA ADEQUAÇÃO DO CANAL E DAS GALERIAS DA BACIA DO CÓRREGO BURACÃO";"";"22";"Secretaria Municipal de Infraestrutura Urbana e Obras";"10";"Gabinete do Secretário";"262900";"0";"180";"0";"0";"262900";"262900";"0";"262900";"0";"0";"81985,91";"180914,09";"180914,09";"0";"262900";"0";"262900";"0";"0";"81985,91";"180914,09";"180914,09";"0";"0";"0";"0";"0";"0";"0";"0";"0";"0";"0";"0";"0";"0";"0";"0";"0";"0";"90";"0";"86.22.17.451.3008.5.013.44903900.08.1.759.0709.0";"99";"Outros Serviços de Terceiros - Pessoa Jurídica";"99";"Outros Serviços de Terceiros - Pessoa Jurídica";"39";"Outros Serviços de Terceiros - Pessoa Jurídica";"0"
"604774";"31408";"2025";"22";"Secretaria Municipal de Infraestrutura Urbana e Obras";"10";"Gabinete do Secretário";"2";"Termo de Contrato - Serviços";"122";"Art. 75 - Inciso IX - Lei Federal 14.133/2021";"6";"Dispensa de Licitação";"10/11/2025 00:00:00";"11/12/2026 00:00:00";"11/12/2026 00:00:00";"0";"0";"396";"86219688,81";"0";"23920112,78";"0";"A";"9";"umental";"-1";"-1";"";"";"";"";"33";"IPC/FIPE";"103/SIURB/2025";"Fábio Luis Rodrigues Simões";"09/10/2025 00:00:00";"16/10/2025 00:00:00";"17/10/2025 00:00:00";"";"11/12/2025 00:00:00";"12/12/2025 00:00:00";"";"Nº 90022/25/SIURB";"6022202500049799";"S";"300.955.6";"Ricardo Francisco Pereira Cimino";"147771793";"ELABORAÇÃO DE PROJETO EXECUTIVO E EXECUÇÃO DE SERVIÇOS DE RECUPERAÇÃO E REFORÇO ESTRUTURAL DO VIADUTO VEREADOR JOSÉ DINIZ.";"";"22";"Secretaria Municipal de Infraestrutura Urbana e Obras";"10";"Gabinete do Secretário";"86219688,81";"0";"396";"0";"0";"86219688,81";"86219688,81";"0";"23920112,78";"0";"62299576,03";"950541,11";"22969571,67";"22969571,67";"10718269,85";"86219688,81";"0";"23920112,78";"0";"62299576,03";"950541,11";"22969571,67";"22969571,67";"10718269,85";"0";"0";"0";"0";"0";"0";"0";"0";"0";"0";"0";"0";"0";"0";"0";"0";"0";"0";"0";"22.10.15.451.3009.5.187.44905100.00.1.500.0003.0";"89";"Obras em Andamento - Uso Comum do Povo";"15";"Pontes, Pontilhões e Viadutos";"51";"Obras e Instalações";"62299576,03"
"608238";"34607";"2025";"22";"Secretaria Municipal de Infraestrutura Urbana e Obras";"10";"Gabinete do Secretário";"2";"Termo de Contrato - Serviços";"108";"Art. 28 - Inciso IV Lei Federal 14.133/2021";"13";"Leilão";"11/12/2025 00:00:00";"11/12/2027 00:00:00";"11/12/2027 00:00:00";"0";"0";"730";"39367999,93";"0";"11967849,94";"0";"A";"9";"umental";"-1";"-1";"";"";"";"";"33";"IPC/FIPE";"139/SIURB/2025";"Eng. Fábio Luis Rodrigues Simões- CREA 5061540291-SP";"01/09/2025 00:00:00";"17/10/2025 00:00:00";"20/10/2025 00:00:00";"";"02/12/2025 00:00:00";"03/12/2025 00:00:00";"";"90043/25/SIURB";"6022202500042603";"S";"300.955.6";"Eng. Ricardo Francisco Pereira Cimino";"148867044";"EXECUÇÃO DE SERVIÇOS DE RECUPERAÇÃO E REFORÇO ESTRUTURAL DO VIADUTO DOUTOR EDUARDO SAIEGH, LOCALIZADO NO BAIRRO DA VILA MARIANA - SÃO PAULO.";"";"22";"Secretaria Municipal de Infraestrutura Urbana e Obras";"10";"Gabinete do Secretário";"39367999,93";"0";"730";"0";"0";"39367999,93";"39367999,93";"0";"11967849,94";"0";"27400149,99";"0";"11967849,94";"11967849,94";"2995513,36";"39367999,93";"0";"11967849,94";"0";"27400149,99";"0";"11967849,94";"11967849,94";"2995513,36";"0";"0";"0";"0";"0";"0";"0";"0";"0";"0";"0";"0";"0";"0";"0";"0";"0";"0";"0";"22.10.15.451.3009.5.187.44905100.00.1.500.0003.0";"89";"Obras em Andamento - Uso Comum do Povo";"15";"Pontes, Pontilhões e Viadutos";"51";"Obras e Instalações";"27400149,99"
"580576";"9308";"2025";"22";"Secretaria Municipal de Infraestrutura Urbana e Obras";"10";"Gabinete do Secretário";"2";"Termo de Contrato - Serviços";"39";"Não Aplicável";"8";"Não Aplicável";"17/06/2025 00:00:00";"12/02/2026 00:00:00";"12/02/2026 00:00:00";"0";"0";"240";"6571801,02";"0";"5802359,30";"0";"A";"9";"umental";"-1";"-1";"";"";"";"";"41";"SEM REAJUSTE";"TCNO 010/SIURB/2025";"PEDRO JOSÉ DA SILVA";"19/09/2023 00:00:00";"21/03/2025 00:00:00";"24/03/2025 00:00:00";"";"17/06/2025 00:00:00";"18/06/2025 00:00:00";"";"TCNO";"7910202200011893";"S";"5043204";"José Donizete Venâncio";"143366686";"Repasse de recursos - Recuperação Estrutural do Viaduto Deputado Antônio Sylvio Cunha Bueno - Lote 52.";"";"22";"Secretaria Municipal de Infraestrutura Urbana e Obras";"10";"Gabinete do Secretário";"6571801,02";"0";"240";"0";"0";"6571801,02";"6571801,02";"0";"5802359,30";"0";"769441,72";"167379,68";"5634979,62";"5634979,62";"7654176,28";"6571801,02";"0";"5802359,30";"0";"769441,72";"167379,68";"5634979,62";"5634979,62";"7654176,28";"0";"0";"0";"0";"0";"0";"0";"0";"0";"0";"0";"0";"0";"0";"0";"0";"0";"0";"0";"22.10.15.451.3009.5.187.44905100.00.1.500.0003.0";"89";"Obras em Andamento - Uso Comum do Povo";"15";"Pontes, Pontilhões e Viadutos";"51";"Obras e Instalações";"769441,72"
"571254";"607";"2025";"22";"Secretaria Municipal de Infraestrutura Urbana e Obras";"10";"Gabinete do Secretário";"8";"Ordem de Execução de Serviço";"115";"Art. 75 - Inciso II - Lei Federal 14.133/2021";"6";"Dispensa de Licitação";"12/04/2025 00:00:00";"12/04/2026 00:00:00";"12/04/2026 00:00:00";"0";"0";"365";"20000";"0";"20000";"0";"E";"90";"ocumento equivalente";"-1";"-1";"";"";"";"";"33";"IPC/FIPE";"002/SIURB/2025";"Oliver Jack Georges Aaron";"22/11/2024 00:00:00";"07/01/2025 00:00:00";"08/01/2025 00:00:00";"148";"11/03/2025 00:00:00";"19/03/2025 00:00:00";"204";"Dispensa - Licitação";"6022202400091769";"S";"926.552-0";"Roberta Miranda Santos";"Conforme doc. sei! 117227152.";"Contratação de serviços de limpeza e higienização à seco de carpetes e pisos acarpetados";"";"22";"Secretaria Municipal de Infraestrutura Urbana e Obras";"10";"Gabinete do Secretário";"20000";"0";"365";"0";"0";"20000";"20000";"0";"20000";"0";"0";"0";"20000";"20000";"0";"20000";"0";"20000";"0";"0";"0";"20000";"20000";"0";"0";"0";"0";"0";"0";"0";"0";"0";"0";"0";"0";"0";"0";"0";"0";"0";"0";"0";"0";"22.10.15.122.3024.2.100.33903900.00.1.500.9001.0";"78";"Limpeza e Conservação";"01";"Limpeza de Ambientes";"39";"Outros Serviços de Terceiros - Pessoa Jurídica";"0"
"602856";"29703";"2025";"22";"Secretaria Municipal de Infraestrutura Urbana e Obras";"10";"Gabinete do Secretário";"2";"Termo de Contrato - Serviços";"39";"Não Aplicável";"8";"Não Aplicável";"13/10/2025 00:00:00";"11/04/2026 00:00:00";"12/06/2026 00:00:00";"0";"0";"180";"10008470,52";"0";"8039202,52";"0";"A";"9";"umental";"-1";"-1";"";"";"";"";"41";"SEM REAJUSTE";"076/SIURB/2025";"Paulo Ehremberger Machado - CREA : 0601642644";"11/08/2025 00:00:00";"03/10/2025 00:00:00";"06/10/2025 00:00:00";"";"10/10/2025 00:00:00";"14/10/2025 00:00:00";"";"90008/2025/SPOBRAS";"7910202400005080";"S";"6275036";"José Rodrigues Vazquez";"143706352";"Elaboração de Projetos Complementares e Execução de Obras de Recuperação e Reforços das Estruturas Metálicas das Coberturas das Arquibancadas dos setores M, PIT STOP, e B no Autódromo Municipal José Carlos Pace - Interlagos.";"";"22";"Secretaria Municipal de Infraestrutura Urbana e Obras";"10";"Gabinete do Secretário";"8990000";"0";"180";"1018470,52";"0";"10008470,52";"10008470,52";"0";"8039202,52";"0";"1969268";"1091891,28";"6947311,24";"6947311,24";"6350073,12";"10008470,52";"0";"8039202,52";"0";"1969268";"1091891,28";"6947311,24";"6947311,24";"6350073,12";"0";"0";"0";"0";"0";"0";"0";"0";"0";"0";"0";"0";"0";"0";"0";"0";"0";"62";"0";"22.10.27.813.3015.1.109.44905100.00.1.500.0003.1";"89";"Obras em Andamento - Uso Comum do Povo";"06";"Centros Esportivos e Similares";"51";"Obras e Instalações";"1969268"
"610334";"36571";"2025";"22";"Secretaria Municipal de Infraestrutura Urbana e Obras";"10";"Gabinete do Secretário";"2";"Termo de Contrato - Serviços";"105";"Art. 28 - Inciso I Lei Federal 14.133/2021";"12";"Pregão";"12/12/2025 00:00:00";"12/07/2028 00:00:00";"12/07/2028 00:00:00";"0";"0";"943";"51615000";"0";"15177262,54";"0";"A";"9";"umental";"-1";"-1";"";"";"";"";"33";"IPC/FIPE";"153/SIURB/2025";"FERNANDO CESAR ZAGO";"12/09/2025 00:00:00";"29/10/2025 00:00:00";"30/10/2025 00:00:00";"";"17/12/2025 00:00:00";"17/12/2025 00:00:00";"14810";"90049/25/SIURB";"6022202500062396";"S";"575101";"EDUARDO DE CARVALHO PEREIRA";"149739258";"CONTRATAÇÃO DE EMPRESA ESPECIALIZADA PARA EXECUÇÃO DE SERVIÇOS DE RECUPERAÇÃO E REFORÇO ESTRUTURAL DO VIADUTO DO GASÔMETRO, LOCALIZADO NO BAIRRO DO BRÁS, SÃO PAULO/SP.";"";"22";"Secretaria Municipal de Infraestrutura Urbana e Obras";"10";"Gabinete do Secretário";"51615000";"0";"943";"0";"0";"51615000";"51615000";"0";"15177262,54";"0";"36437737,46";"3519,42";"15173743,12";"15173743,12";"190818,95";"51615000";"0";"15177262,54";"0";"36437737,46";"3519,42";"15173743,12";"15173743,12";"190818,95";"0";"0";"0";"0";"0";"0";"0";"0";"0";"0";"0";"0";"0";"0";"0";"0";"0";"0";"0";"98.22.15.451.3009.5.187.44905100.08.1.759.0402.1";"89";"Obras em Andamento - Uso Comum do Povo";"15";"Pontes, Pontilhões e Viadutos";"51";"Obras e Instalações";"36437737,46"
"588819";"16734";"2025";"22";"Secretaria Municipal de Infraestrutura Urbana e Obras";"10";"Gabinete do Secretário";"71";"Nota de Empenho Desapropriações - Interesse  Público";"65";"Decreto-Lei 3365/1941-Operação de Desapropriação por Utilidade Pública";"8";"Não Aplicável";"13/08/2025 00:00:00";"12/09/2025 00:00:00";"12/09/2025 00:00:00";"0";"0";"30";"113232,98";"0";"113232,98";"0";"E";"1";"";"-1";"-1";"";"";"";"";"41";"SEM REAJUSTE";"006/SIURB/2025";"";"";"13/06/2025 00:00:00";"17/06/2025 00:00:00";"14074";"06/08/2025 00:00:00";"08/08/2025 00:00:00";"14074";"";"7910202500008413";"S";"837819";"ELISEU APARECIDO NETTO";"127384015";"Desapropriação de imóvel localizado na Rua Flores do Campos, n. 146, Campo Belo - Jabaquara, CEP 04360-060, São Paulo - SP, necessário para implantação do melhoramento Parque Linear, integrante da Operação Urbana Consorciada Água Espraiada - OUCAE.";"";"22";"Secretaria Municipal de Infraestrutura Urbana e Obras";"10";"Gabinete do Secretário";"113232,98";"0";"30";"0";"0";"113232,98";"113232,98";"0";"113232,98";"0";"0";"0";"113232,98";"113232,98";"0";"113232,98";"0";"113232,98";"0";"0";"0";"113232,98";"113232,98";"0";"0";"0";"0";"0";"0";"0";"0";"0";"0";"0";"0";"0";"0";"0";"0";"0";"0";"0";"0";"29.30.15.451.3009.5.100.44906100.08.1.799.0707.0";"99";"Outras Aquisições de Bens Imóveis";"01";"Desapropriações";"61";"Aquisição de Imóveis";"0"
"592712";"20477";"2025";"22";"Secretaria Municipal de Infraestrutura Urbana e Obras";"10";"Gabinete do Secretário";"72";"Nota de Empenho Desapropriações - Interesse Social";"65";"Decreto-Lei 3365/1941-Operação de Desapropriação por Utilidade Pública";"8";"Não Aplicável";"13/08/2025 00:00:00";"12/09/2025 00:00:00";"12/09/2025 00:00:00";"0";"0";"30";"10154,58";"0";"10154,58";"0";"E";"1";"";"-1";"-1";"";"";"";"";"41";"SEM REAJUSTE";"034/SIURB/2025";"";"";"04/07/2025 00:00:00";"07/07/2025 00:00:00";"";"06/08/2025 00:00:00";"08/08/2025 00:00:00";"14085";"";"7910202500010060";"S";"837819";"ELISEU APARECIDO NETTO";"128652705";"Desapropriação de imóvel necessário para implantação do melhoramento Prolongamento da Av. Roberto Marinho - Parque Linear, integrante da Operação Urbana Consorciada Água Espraiada - OUCAE.";"";"22";"Secretaria Municipal de Infraestrutura Urbana e Obras";"10";"Gabinete do Secretário";"10154,58";"0";"30";"0";"0";"10154,58";"10154,58";"0";"10154,58";"0";"0";"0";"10154,58";"10154,58";"0";"10154,58";"0";"10154,58";"0";"0";"0";"10154,58";"10154,58";"0";"0";"0";"0";"0";"0";"0";"0";"0";"0";"0";"0";"0";"0";"0";"0";"0";"0";"0";"0";"29.30.15.451.3009.5.100.44906100.08.1.799.0707.0";"99";"Outras Aquisições de Bens Imóveis";"01";"Desapropriações";"61";"Aquisição de Imóveis";"0"
"587167";"15257";"2025";"22";"Secretaria Municipal de Infraestrutura Urbana e Obras";"10";"Gabinete do Secretário";"71";"Nota de Empenho Desapropriações - Interesse  Público";"71";"Progamas: Jovem Monitor Cultural/Jovem Monitor de Turismo Lei 14968/09";"8";"Não Aplicável";"13/08/2025 00:00:00";"12/09/2025 00:00:00";"12/09/2025 00:00:00";"0";"0";"30";"1505,98";"0";"1505,98";"0";"E";"1";"";"-1";"-1";"";"";"";"";"41";"SEM REAJUSTE";"024/SIURB/25";"";"";"29/05/2025 00:00:00";"30/05/2025 00:00:00";"";"29/05/2025 00:00:00";"30/05/2025 00:00:00";"";"";"7910202500006526";"S";"817424";"NYCOLAS FELIX GONÇALVES";"125439407";"Desapropriação - Operação Urbana Consorciada Água Espraiada - OUCAE.";"";"22";"Secretaria Municipal de Infraestrutura Urbana e Obras";"10";"Gabinete do Secretário";"1505,98";"0";"30";"0";"0";"1505,98";"1505,98";"0";"1505,98";"0";"0";"0";"1505,98";"1505,98";"0";"1505,98";"0";"1505,98";"0";"0";"0";"1505,98";"1505,98";"0";"0";"0";"0";"0";"0";"0";"0";"0";"0";"0";"0";"0";"0";"0";"0";"0";"0";"0";"0";"29.30.15.451.3009.5.100.44903900.08.1.799.0707.0";"99";"Outros Serviços de Terceiros - Pessoa Jurídica";"99";"Outros Serviços de Terceiros - Pessoa Jurídica";"39";"Outros Serviços de Terceiros - Pessoa Jurídica";"0"
"595698";"23264";"2025";"22";"Secretaria Municipal de Infraestrutura Urbana e Obras";"10";"Gabinete do Secretário";"71";"Nota de Empenho Desapropriações - Interesse  Público";"65";"Decreto-Lei 3365/1941-Operação de Desapropriação por Utilidade Pública";"8";"Não Aplicável";"12/09/2025 00:00:00";"12/10/2025 00:00:00";"12/10/2025 00:00:00";"0";"0";"30";"71,26";"0";"71,26";"0";"E";"1";"";"-1";"-1";"";"";"";"";"41";"SEM REAJUSTE";"";"";"";"23/07/2025 00:00:00";"25/07/2025 00:00:00";"";"23/07/2025 00:00:00";"25/07/2025 00:00:00";"";"";"7910202500011260";"S";"837819";"ELISEU APARECIDO NETTO";"129584621";"esapropriação de imóvel necessário para implantação do melhoramento Chucri Zaidan, integrante da Operação Urbana Consorciada Água Espraiada - OUCAE.";"";"22";"Secretaria Municipal de Infraestrutura Urbana e Obras";"10";"Gabinete do Secretário";"71,26";"0";"30";"0";"0";"71,26";"71,26";"0";"71,26";"0";"0";"0";"71,26";"71,26";"0";"71,26";"0";"71,26";"0";"0";"0";"71,26";"71,26";"0";"0";"0";"0";"0";"0";"0";"0";"0";"0";"0";"0";"0";"0";"0";"0";"0";"0";"0";"0";"29.30.15.451.3009.5.100.44903900.08.2.799.0707.1";"99";"Outros Serviços de Terceiros - Pessoa Jurídica";"99";"Outros Serviços de Terceiros - Pessoa Jurídica";"39";"Outros Serviços de Terceiros - Pessoa Jurídica";"0"
"601455";"28448";"2025";"22";"Secretaria Municipal de Infraestrutura Urbana e Obras";"10";"Gabinete do Secretário";"2";"Termo de Contrato - Serviços";"39";"Não Aplicável";"8";"Não Aplicável";"13/10/2025 00:00:00";"12/12/2025 00:00:00";"12/12/2025 00:00:00";"0";"0";"60";"69238,65";"0";"69238,65";"0";"A";"9";"umental";"2024";"8";"22";"Secretaria Municipal de Infraestrutura Urbana e Obras";"";"";"41";"SEM REAJUSTE";"083/SIURB/2025";"Graciana";"01/07/2025 00:00:00";"18/09/2025 00:00:00";"22/09/2025 00:00:00";"";"09/10/2025 00:00:00";"10/10/2025 00:00:00";"";"ATA N° 008/SIURB/24";"6022202500064941";"S";"D8171408";"Fabiane Della Flora Olguin";"142784875";"registro de preços para prestação de serviços especializados de engenharia consultiva para apoio técnico, topografia, controle tecnológico e ensaios de materiais (solos, pavimentação, concreto) e investigações geotécnicas na cidade de São Paulo - sondagem e topografia para a implantação do Reservatório Água Vermelha RAV-1, localizado na Rua Grapirá - Vila Curuçá.";"";"22";"Secretaria Municipal de Infraestrutura Urbana e Obras";"10";"Gabinete do Secretário";"69238,65";"0";"60";"0";"0";"69238,65";"69238,65";"0";"69238,65";"0";"0";"0";"69238,65";"69238,65";"60000";"69238,65";"0";"69238,65";"0";"0";"0";"69238,65";"69238,65";"60000";"0";"0";"0";"0";"0";"0";"0";"0";"0";"0";"0";"0";"0";"0";"0";"0";"0";"0";"0";"86.22.17.451.3008.5.013.44903900.08.1.759.0709.1";"99";"Outros Serviços de Terceiros - Pessoa Jurídica";"99";"Outros Serviços de Terceiros - Pessoa Jurídica";"39";"Outros Serviços de Terceiros - Pessoa Jurídica";"0"
"601473";"28460";"2025";"22";"Secretaria Municipal de Infraestrutura Urbana e Obras";"10";"Gabinete do Secretário";"2";"Termo de Contrato - Serviços";"39";"Não Aplicável";"8";"Não Aplicável";"13/10/2025 00:00:00";"12/12/2025 00:00:00";"12/12/2025 00:00:00";"0";"0";"60";"44234,99";"0";"44234,99";"0";"A";"9";"umental";"-1";"-1";"";"";"";"";"41";"SEM REAJUSTE";"082/SIURB/2025";"PAULA BAILLOT LACERDA";"01/07/2025 00:00:00";"18/09/2025 00:00:00";"22/09/2025 00:00:00";"";"09/10/2025 00:00:00";"10/10/2025 00:00:00";"";"008/SIURB/2024";"6022202500064968";"S";"8171408";"Fabiane Della Flora Olguin";"142628862";"Adesão ARP 008/SIURB/2024 - Contratação de sondagem e topografia para a implantação do Reservatório Água Vermelha RAV-2, localizado na Praça Mãe Preta.";"";"22";"Secretaria Municipal de Infraestrutura Urbana e Obras";"10";"Gabinete do Secretário";"44234,99";"0";"60";"0";"0";"44234,99";"44234,99";"0";"44234,99";"0";"0";"0";"44234,99";"44234,99";"88469,98";"44234,99";"0";"44234,99";"0";"0";"0";"44234,99";"44234,99";"88469,98";"0";"0";"0";"0";"0";"0";"0";"0";"0";"0";"0";"0";"0";"0";"0";"0";"0";"0";"0";"22.10.17.451.3008.5.013.44905100.00.1.500.9001.1";"05";"Serviços Técnicos Profissionais";"13";"Topografia";"51";"Obras e Instalações";"0"
"607956";"34346";"2025";"22";"Secretaria Municipal de Infraestrutura Urbana e Obras";"10";"Gabinete do Secretário";"2";"Termo de Contrato - Serviços";"39";"Não Aplicável";"8";"Não Aplicável";"12/12/2025 00:00:00";"12/12/2027 00:00:00";"12/12/2027 00:00:00";"0";"0";"730";"57689982";"0";"34811894,35";"0";"A";"9";"umental";"-1";"-1";"";"";"";"";"33";"IPC/FIPE";"134/SIURB/2025";"PAULO GOMES DUQUE JUNIOR";"01/10/2025 00:00:00";"05/11/2025 00:00:00";"07/11/2025 00:00:00";"";"02/12/2025 00:00:00";"05/12/2025 00:00:00";"";"90037/25/SIURB";"6022202500064771";"S";"7247222";"FERNANDO CESAR ZAGO";"148130889";"EXECUÇÃO DE PROJETOS EXECUTIVOS, OBRA E SERVIÇOS DE REFORÇO E RECUPERAÇÃO ESTRUTURAL DO VIADUTO JOSÉ PINHEIRO BORGES - ITAQUERA - SÃO PAULO.";"";"22";"Secretaria Municipal de Infraestrutura Urbana e Obras";"10";"Gabinete do Secretário";"57689982";"0";"730";"0";"0";"57689982";"57689982";"0";"34811894,35";"0";"22878087,65";"1437056,67";"33374837,68";"33374837,68";"2106421,68";"57689982";"0";"34811894,35";"0";"22878087,65";"1437056,67";"33374837,68";"33374837,68";"2106421,68";"0";"0";"0";"0";"0";"0";"0";"0";"0";"0";"0";"0";"0";"0";"0";"0";"0";"0";"0";"98.22.15.451.3009.5.187.44905100.08.1.759.0402.1";"89";"Obras em Andamento - Uso Comum do Povo";"15";"Pontes, Pontilhões e Viadutos";"51";"Obras e Instalações";"22878087,65"
"599011";"26233";"2025";"22";"Secretaria Municipal de Infraestrutura Urbana e Obras";"10";"Gabinete do Secretário";"2";"Termo de Contrato - Serviços";"39";"Não Aplicável";"8";"Não Aplicável";"15/09/2025 00:00:00";"13/01/2026 00:00:00";"13/01/2026 00:00:00";"0";"0";"120";"890209,24";"0";"836150,96";"0";"A";"9";"umental";"-1";"-1";"";"";"";"";"41";"SEM REAJUSTE";"065/SIURB/2025";"PAULO GOMES DUQUE JUNIOR";"11/08/2023 00:00:00";"26/08/2025 00:00:00";"28/08/2025 00:00:00";"";"09/09/2025 00:00:00";"15/09/2025 00:00:00";"";"ARP 006/SMS.G/2023";"6022202500048318";"S";"627.528.1";"José Alberto Alves da Silva";"140893109";"Ata de RP nº 006/SMS.G/2023 - Obras e Serviços de Manutenção, requalificações e modificações de segundo escalão na Praça Manuel Pina - Subprefeitura Mooca.";"";"22";"Secretaria Municipal de Infraestrutura Urbana e Obras";"10";"Gabinete do Secretário";"890589,16";"0";"120";"-379,92";"0";"890209,24";"890209,24";"0";"836150,96";"0";"54058,28";"0";"836150,96";"836150,96";"54438,20";"890209,24";"0";"836150,96";"0";"54058,28";"0";"836150,96";"836150,96";"54438,20";"0";"0";"0";"0";"0";"0";"0";"0";"0";"0";"0";"0";"0,04";"0";"0";"0";"0";"0";"0";"22.10.15.451.3022.5.085.44905100.00.1.500.7061.1";"89";"Obras em Andamento - Uso Comum do Povo";"16";"Praças, Parques e Jardins";"51";"Obras e Instalações";"54058,28"
"583526";"11954";"2025";"22";"Secretaria Municipal de Infraestrutura Urbana e Obras";"10";"Gabinete do Secretário";"1";"Sem Ônus";"39";"Não Aplicável";"8";"Não Aplicável";"13/05/2025 00:00:00";"13/05/2026 00:00:00";"13/05/2026 00:00:00";"0";"0";"365";"20682615,67";"0";"20650652,10";"0";"A";"9";"umental";"-1";"-1";"";"";"";"";"41";"SEM REAJUSTE";"TCNO 022/SIURB/2025";"SP OBRAS";"06/06/2023 00:00:00";"28/04/2025 00:00:00";"29/04/2025 00:00:00";"";"13/05/2025 00:00:00";"16/05/2025 00:00:00";"";"REPASSE";"7910202200011850";"S";"D88022908";"Jonathan Sant`ana dos Santos";"120717413";"EXECUÇÃO DE OBRA E DE SERVIÇOS DE RECUPERAÇÃO ESTRUTURAL DO VIADUTO ORLANDO MURGEL - LOTE 36]";"";"22";"Secretaria Municipal de Infraestrutura Urbana e Obras";"10";"Gabinete do Secretário";"20682615,67";"0";"365";"0";"0";"20682615,67";"20682615,67";"0";"20650652,10";"0";"31963,57";"0";"20650652,10";"20650652,10";"8389776,15";"20682615,67";"0";"20650652,10";"0";"31963,57";"0";"20650652,10";"20650652,10";"8389776,15";"0";"0";"0";"0";"0";"0";"0";"0";"0";"0";"0";"0";"0";"0";"0";"0";"0";"0";"0";"98.22.15.451.3009.5.187.44905100.08.1.759.0402.0";"89";"Obras em Andamento - Uso Comum do Povo";"15";"Pontes, Pontilhões e Viadutos";"51";"Obras e Instalações";"31963,57"
"583404";"11843";"2025";"22";"Secretaria Municipal de Infraestrutura Urbana e Obras";"10";"Gabinete do Secretário";"30";"Nota de Empenho para Fornecimento de Serviços";"122";"Art. 75 - Inciso IX - Lei Federal 14.133/2021";"6";"Dispensa de Licitação";"13/05/2025 00:00:00";"13/05/2026 00:00:00";"13/05/2027 00:00:00";"0";"0";"365";"1765567,39";"34291,79";"998843,86";"20003,55";"A";"90";"ocumento equivalente";"-1";"-1";"";"";"";"";"33";"IPC/FIPE";"024/SIURB/2025";"Regis Batista Damasceno";"27/03/2025 00:00:00";"24/04/2025 00:00:00";"28/04/2025 00:00:00";"60";"13/05/2025 00:00:00";"19/05/2025 00:00:00";"257";"Dispensa - Licitação";"6022202500024540";"S";"883.261.7";"Lucas dos Santos Guimarães Vieira";"124308323";"Prestação de serviços de Infraestrutura em Nuvem (Infrastructure as a Service-IaaS) e de Gerenciamento do Consumo de Nuvem (GCN) para o suporte aos negócios para -SIURB na plataforma Amazon Web Services (AWS).";"";"22";"Secretaria Municipal de Infraestrutura Urbana e Obras";"10";"Gabinete do Secretário";"865637,83";"0";"365";"899929,56";"34291,79";"1799859,18";"1799859,18";"0";"1018847,41";"0";"781011,77";"523276,46";"495570,95";"460471,87";"394608,43";"1765567,39";"0";"998843,86";"0";"766723,53";"506093,11";"492750,75";"457651,67";"394608,43";"34291,79";"0";"20003,55";"0";"14288,24";"17183,35";"2820,20";"2820,20";"0";"0";"0";"0";"0";"0";"0";"0";"0";"365";"0";"22.10.15.126.3024.2.171.33904000.00.1.500.9001.0";"09";"Hospedagem de Sistemas";"01";"Hospedagem de Sistemas";"40";"Serviços de Tecnologia da Informação e Comunicação - Pessoa Jurídica";"781011,77"
"581852";"10428";"2025";"22";"Secretaria Municipal de Infraestrutura Urbana e Obras";"10";"Gabinete do Secretário";"71";"Nota de Empenho Desapropriações - Interesse  Público";"65";"Decreto-Lei 3365/1941-Operação de Desapropriação por Utilidade Pública";"8";"Não Aplicável";"14/05/2025 00:00:00";"13/06/2025 00:00:00";"13/06/2025 00:00:00";"0";"0";"30";"136199,86";"0";"136199,86";"0";"E";"1";"";"-1";"-1";"";"";"";"";"41";"SEM REAJUSTE";"018/siurb/25";"JORGE BAYERLEN";"03/04/2025 00:00:00";"08/04/2025 00:00:00";"09/04/2025 00:00:00";"";"14/05/2025 00:00:00";"16/05/2025 00:00:00";"";"DESAPROPRIAÇÃO";"7910202500004019";"S";"8378193";"ELISEU APARECIDO NETTO";"FISCAL";"processo de desapropriação de imóvel localizado na Rua dos Guassatungas, n. 31 e 31-A, Jabaquara, São Paulo-SP, necessário para implantação do Melhoramento Parque Linear, integrante da Operação Urbana Consorciada Água Espraiada - OUCAE.";"";"22";"Secretaria Municipal de Infraestrutura Urbana e Obras";"10";"Gabinete do Secretário";"13619986";"0";"30";"0";"0";"13619986";"13619986";"0";"136199,86";"13483786,14";"0";"0";"136199,86";"136199,86";"0";"13619986";"0";"136199,86";"13483786,14";"0";"0";"136199,86";"136199,86";"0";"0";"0";"0";"0";"0";"0";"0";"0";"0";"0";"0";"0";"0";"0";"0";"0";"0";"0";"0";"29.30.15.451.3009.5.100.44906100.08.1.799.0707.0";"99";"Outras Aquisições de Bens Imóveis";"01";"Desapropriações";"61";"Aquisição de Imóveis";"0"
"582381";"10885";"2025";"22";"Secretaria Municipal de Infraestrutura Urbana e Obras";"10";"Gabinete do Secretário";"71";"Nota de Empenho Desapropriações - Interesse  Público";"65";"Decreto-Lei 3365/1941-Operação de Desapropriação por Utilidade Pública";"8";"Não Aplicável";"14/05/2025 00:00:00";"13/06/2025 00:00:00";"13/06/2025 00:00:00";"0";"0";"30";"3,19";"0";"3,19";"0";"E";"1";"";"-1";"-1";"";"";"";"";"41";"SEM REAJUSTE";"";"";"";"11/04/2025 00:00:00";"14/04/2025 00:00:00";"";"14/05/2025 00:00:00";"16/05/2025 00:00:00";"";"DESAPROPRIAÇÃO";"7910202500002873";"S";"8378193";"ELISEU APARECIDO NETTO";"123526234";"Pagamento de Taxas Judiciais - Desapropriação - Operação Urbana Consorciada Água Espraiada - OUCAE.";"";"22";"Secretaria Municipal de Infraestrutura Urbana e Obras";"10";"Gabinete do Secretário";"3,19";"0";"30";"0";"0";"3,19";"3,19";"0";"3,19";"0";"0";"0";"3,19";"3,19";"0";"3,19";"0";"3,19";"0";"0";"0";"3,19";"3,19";"0";"0";"0";"0";"0";"0";"0";"0";"0";"0";"0";"0";"0";"0";"0";"0";"0";"0";"0";"0";"29.30.15.451.3009.5.100.44903900.08.1.799.0707.0";"99";"Outros Serviços de Terceiros - Pessoa Jurídica";"99";"Outros Serviços de Terceiros - Pessoa Jurídica";"39";"Outros Serviços de Terceiros - Pessoa Jurídica";"0"
"581473";"10089";"2025";"22";"Secretaria Municipal de Infraestrutura Urbana e Obras";"10";"Gabinete do Secretário";"71";"Nota de Empenho Desapropriações - Interesse  Público";"65";"Decreto-Lei 3365/1941-Operação de Desapropriação por Utilidade Pública";"8";"Não Aplicável";"14/05/2025 00:00:00";"13/06/2025 00:00:00";"13/06/2025 00:00:00";"0";"0";"30";"6593,63";"0";"6593,63";"0";"E";"1";"";"-1";"-1";"";"";"";"";"41";"SEM REAJUSTE";"TCNO 017/25";"JORGE BAYERLEIN";"10/03/2025 00:00:00";"03/04/2025 00:00:00";"07/04/2025 00:00:00";"";"14/05/2025 00:00:00";"16/05/2025 00:00:00";"";"DESAPROPRIAÇÃO";"7910202500003519";"S";"8378193";"ELISEU APARECIDO NETTO";"FISCAL";"Processo de desapropriação de imóvel localizado na Rua Ministro Guimarães Natal, n. 118, Campo Belo/Jabaquara, CEP 04358-020, São Paulo - SP, necessário para implantação do Melhoramento Parque Linear, integrante da Operação Urbana Consorciada Água Espraiada - OUCAE.";"";"22";"Secretaria Municipal de Infraestrutura Urbana e Obras";"10";"Gabinete do Secretário";"6593,63";"0";"30";"0";"0";"6593,63";"6593,63";"0";"6593,63";"0";"0";"0";"6593,63";"6593,63";"0";"6593,63";"0";"6593,63";"0";"0";"0";"6593,63";"6593,63";"0";"0";"0";"0";"0";"0";"0";"0";"0";"0";"0";"0";"0";"0";"0";"0";"0";"0";"0";"0";"29.30.15.451.3009.5.100.44903900.08.1.799.0707.0";"99";"Outros Serviços de Terceiros - Pessoa Jurídica";"99";"Outros Serviços de Terceiros - Pessoa Jurídica";"39";"Outros Serviços de Terceiros - Pessoa Jurídica";"0"
"583594";"12021";"2025";"22";"Secretaria Municipal de Infraestrutura Urbana e Obras";"10";"Gabinete do Secretário";"2";"Termo de Contrato - Serviços";"39";"Não Aplicável";"8";"Não Aplicável";"14/07/2025 00:00:00";"13/08/2025 00:00:00";"13/08/2025 00:00:00";"0";"0";"30";"47560,75";"0";"47560,75";"0";"A";"9";"umental";"-1";"-1";"22";"Secretaria Municipal de Infraestrutura Urbana e Obras";"";"";"41";"SEM REAJUSTE";"026/SIURB/2025";"PAULA BAILLOT LACERDA";"01/11/2024 00:00:00";"25/04/2025 00:00:00";"29/04/2025 00:00:00";"";"05/06/2025 00:00:00";"06/06/2025 00:00:00";"";"ATA RP 08/SIURB/2024";"6022202500002083";"S";"927.010-8";"Igor Silva Gomes";"128900843";"Contratação do CONSÓRCIO ALPHAGEOS-EPT-JBA, inscrito no CNPJ/MF sob o n.º 57.728.903/0001-00, detentor da Ata de RP n° 008/SIURB/24, para prestação de serviços especializados de sondagem, levantamento planialtimétrico e cadastral de edificação para elaboração de projeto para adequação à acessibilidade na EMEF Profa. Helena Lombardi Braga, localizada na Rua José Borges do Canto, nº 18 - Jardim Camargo Novo, São Paulo, pelo prazo de 30 (trinta) dias corridos, a contar da emissão da ordem de início, pelo valor total de R$ 47.560,75 (quarenta e sete mil, quinhentos e sessenta reais e setenta e cinco centavos).";"";"22";"Secretaria Municipal de Infraestrutura Urbana e Obras";"10";"Gabinete do Secretário";"47560,75";"0";"30";"0";"0";"47560,75";"47560,75";"0";"47560,75";"0";"0";"0";"47560,75";"47560,75";"0";"47560,75";"0";"47560,75";"0";"0";"0";"47560,75";"47560,75";"0";"0";"0";"0";"0";"0";"0";"0";"0";"0";"0";"0";"0";"0";"0";"0";"0";"0";"0";"0";"16.10.12.361.3010.2.879.33903900.00.1.500.9001.1";"05";"Serviços Técnicos Profissionais";"99";"Outros Serviços Técnicos Profissionais - PJ";"39";"Outros Serviços de Terceiros - Pessoa Jurídica";"0"
"591541";"19330";"2025";"22";"Secretaria Municipal de Infraestrutura Urbana e Obras";"10";"Gabinete do Secretário";"72";"Nota de Empenho Desapropriações - Interesse Social";"65";"Decreto-Lei 3365/1941-Operação de Desapropriação por Utilidade Pública";"8";"Não Aplicável";"14/08/2025 00:00:00";"13/09/2025 00:00:00";"13/09/2025 00:00:00";"0";"0";"30";"279,90";"0";"279,90";"0";"E";"1";"";"-1";"-1";"";"";"";"";"41";"SEM REAJUSTE";"033/SIURB/2025";"";"";"01/07/2025 00:00:00";"02/07/2025 00:00:00";"12856";"01/08/2025 00:00:00";"08/08/2025 00:00:00";"13128";"";"7910202500009975";"S";"837819";"ELISEU APARECIDO NETTO";"128412754";"Desapropriação de imóvel necessário para implantação do melhoramento Prolongamento da Av. Jornalista Roberto Marinho - Parque Linear, integrante da Operação Urbana Consorciada Água Espraiada - OUCAE.";"";"22";"Secretaria Municipal de Infraestrutura Urbana e Obras";"10";"Gabinete do Secretário";"279,90";"0";"30";"0";"0";"279,90";"279,90";"0";"279,90";"0";"0";"0";"279,90";"279,90";"0";"279,90";"0";"279,90";"0";"0";"0";"279,90";"279,90";"0";"0";"0";"0";"0";"0";"0";"0";"0";"0";"0";"0";"0";"0";"0";"0";"0";"0";"0";"0";"29.30.15.451.3009.5.100.44903900.08.1.799.0707.0";"99";"Outros Serviços de Terceiros - Pessoa Jurídica";"99";"Outros Serviços de Terceiros - Pessoa Jurídica";"39";"Outros Serviços de Terceiros - Pessoa Jurídica";"0"
"587235";"15301";"2025";"22";"Secretaria Municipal de Infraestrutura Urbana e Obras";"10";"Gabinete do Secretário";"72";"Nota de Empenho Desapropriações - Interesse Social";"65";"Decreto-Lei 3365/1941-Operação de Desapropriação por Utilidade Pública";"8";"Não Aplicável";"14/08/2025 00:00:00";"13/09/2025 00:00:00";"13/09/2025 00:00:00";"0";"0";"30";"49884,30";"0";"49884,30";"0";"E";"1";"";"-1";"-1";"";"";"";"";"41";"SEM REAJUSTE";"025/SIURB/25";"";"";"29/05/2025 00:00:00";"30/05/2025 00:00:00";"14080";"06/08/2025 00:00:00";"08/08/2025 00:00:00";"14080";"";"7910202500006518";"S";"817424";"NYCOLAS FELIZ GONÇALVES";"125745563";"Desapropriação - Operação Urbana Consorciada Água Espraiada - OUCAE.";"";"22";"Secretaria Municipal de Infraestrutura Urbana e Obras";"10";"Gabinete do Secretário";"49884,30";"0";"30";"0";"0";"49884,30";"49884,30";"0";"49884,30";"0";"0";"0";"49884,30";"49884,30";"0";"49884,30";"0";"49884,30";"0";"0";"0";"49884,30";"49884,30";"0";"0";"0";"0";"0";"0";"0";"0";"0";"0";"0";"0";"0";"0";"0";"0";"0";"0";"0";"0";"29.30.16.482.3002.3.354.44906100.08.1.799.0624.0";"99";"Outras Aquisições de Bens Imóveis";"01";"Desapropriações";"61";"Aquisição de Imóveis";"0"
"600262";"27332";"2025";"22";"Secretaria Municipal de Infraestrutura Urbana e Obras";"10";"Gabinete do Secretário";"2";"Termo de Contrato - Serviços";"122";"Art. 75 - Inciso IX - Lei Federal 14.133/2021";"6";"Dispensa de Licitação";"13/10/2025 00:00:00";"13/10/2026 00:00:00";"13/10/2026 00:00:00";"0";"0";"365";"7977302,52";"0";"7977302,52";"0";"A";"9";"umental";"-1";"-1";"";"";"";"";"33";"IPC/FIPE";"077/SIURB/2025";"Jorge Bayerlein";"28/07/2025 00:00:00";"10/09/2025 00:00:00";"11/09/2025 00:00:00";"";"13/10/2025 00:00:00";"15/10/2025 00:00:00";"";"Proposta 020/2025";"6022202500049837";"S";"602.998-1";"Maria de Fatima Soares de Macedo";"142126837";"Prestação de serviços técnicos para assistência e subsídio à SIURB no gerenciamento dos projetos executivos e a execução das obras de construção das arquibancadas A, D e OTC no Autódromo Municipal José Carlos Pace - Interlagos, na região sul da Cidade de São Paulo (7910.2024/0000505-6).";"";"22";"Secretaria Municipal de Infraestrutura Urbana e Obras";"10";"Gabinete do Secretário";"7977302,52";"0";"365";"0";"0";"7977302,52";"7977302,52";"0";"7977302,52";"0";"0";"1329550,42";"6647752,10";"6647752,10";"3460006,89";"7977302,52";"0";"7977302,52";"0";"0";"1329550,42";"6647752,10";"6647752,10";"3460006,89";"0";"0";"0";"0";"0";"0";"0";"0";"0";"0";"0";"0";"0";"0";"0";"0";"0";"0";"0";"22.10.27.813.3015.1.109.44903900.00.1.500.9001.1";"05";"Serviços Técnicos Profissionais";"01";"Gerenciamento";"39";"Outros Serviços de Terceiros - Pessoa Jurídica";"0"
"606589";"33116";"2025";"22";"Secretaria Municipal de Infraestrutura Urbana e Obras";"10";"Gabinete do Secretário";"71";"Nota de Empenho Desapropriações - Interesse  Público";"65";"Decreto-Lei 3365/1941-Operação de Desapropriação por Utilidade Pública";"8";"Não Aplicável";"15/12/2025 00:00:00";"14/01/2026 00:00:00";"14/01/2026 00:00:00";"0";"0";"30";"369905,25";"0";"369905,25";"0";"A";"1";"";"-1";"-1";"";"";"";"";"41";"SEM REAJUSTE";"056/SIURB/2025";"";"";"03/11/2025 00:00:00";"05/11/2025 00:00:00";"14528";"03/11/2025 00:00:00";"05/11/2025 00:00:00";"14528";"";"7910202500018567";"S";"837819";"ELISEU APARECIDO NETTO";"144507821";"Desapropriação de imóvel necessário para implantação do melhoramento Habitação de Interesse Social - HIS 21, integrante da Operação Urbana Consorciada Água Espraiada - OUCAE.";"";"22";"Secretaria Municipal de Infraestrutura Urbana e Obras";"10";"Gabinete do Secretário";"369905,25";"0";"30";"0";"0";"369905,25";"369905,25";"0";"369905,25";"0";"0";"0";"369905,25";"369905,25";"0";"369905,25";"0";"369905,25";"0";"0";"0";"369905,25";"369905,25";"0";"0";"0";"0";"0";"0";"0";"0";"0";"0";"0";"0";"0";"0";"0";"0";"0";"0";"0";"0";"29.30.16.482.3002.3.354.44906100.08.1.799.0624.0";"99";"Outras Aquisições de Bens Imóveis";"01";"Desapropriações";"61";"Aquisição de Imóveis";"0"
"595711";"23277";"2025";"22";"Secretaria Municipal de Infraestrutura Urbana e Obras";"10";"Gabinete do Secretário";"2";"Termo de Contrato - Serviços";"39";"Não Aplicável";"8";"Não Aplicável";"29/07/2025 00:00:00";"26/11/2025 00:00:00";"14/04/2026 00:00:00";"0";"0";"120";"1816630,50";"0";"1816630,50";"0";"A";"9";"umental";"-1";"-1";"";"";"";"";"33";"IPC/FIPE";"060/SIURB/2025";"Geraldo de Melo Lemos";"28/07/2023 00:00:00";"23/07/2025 00:00:00";"25/07/2025 00:00:00";"";"29/07/2025 00:00:00";"12/08/2025 00:00:00";"";"ATA RP 001/SMS.G/23";"6022202500038835";"S";"5969522";"Regina Celi F. Rodrigues";"143784337";"AUTORIZO a utilização da Ata de Registro de Preços nº 001/SMS.G/23(SIMA) (128568111), oriunda concorrência pública nº 003/2023.SMS.G, cuja detentora é a empresa Almeida Sapata Engenharia e Construções Ltda., inscrita no CNPJ nº 66.748.955/0001-30, para a contratação das Obras e Serviços de Manutenção da Unidade Escolar CEI Dandara dos Palmares - Subprefeitura SÉ, no valor total de R$ 1.492.834,67, pelo período de 120 (cento e vinte) dias.";"";"22";"Secretaria Municipal de Infraestrutura Urbana e Obras";"10";"Gabinete do Secretário";"1492834,67";"0";"120";"323795,83";"0";"1816630,50";"1816630,50";"0";"1816630,50";"0";"0";"10715,79";"1805914,71";"1805914,71";"0";"1816630,50";"0";"1816630,50";"0";"0";"10715,79";"1805914,71";"1805914,71";"0";"0";"0";"0";"0";"0";"0";"0";"0";"0";"0";"0";"0";"0";"0";"0";"0";"0";"139";"0";"16.10.12.365.3025.2.878.33903900.00.1.500.9001.1";"05";"Serviços Técnicos Profissionais";"99";"Outros Serviços Técnicos Profissionais - PJ";"39";"Outros Serviços de Terceiros - Pessoa Jurídica";"0"
"601747";"28705";"2025";"22";"Secretaria Municipal de Infraestrutura Urbana e Obras";"10";"Gabinete do Secretário";"2";"Termo de Contrato - Serviços";"39";"Não Aplicável";"8";"Não Aplicável";"16/10/2025 00:00:00";"14/05/2026 00:00:00";"14/05/2026 00:00:00";"0";"0";"210";"829691,29";"0";"829691,29";"0";"A";"9";"umental";"-1";"-1";"";"";"";"";"33";"IPC/FIPE";"086/SIURB/2025";"Marco Alessio Antunes";"01/07/2025 00:00:00";"22/09/2025 00:00:00";"24/09/2025 00:00:00";"";"16/10/2025 00:00:00";"16/10/2025 00:00:00";"";"Ofício 117/SIURBG/25";"6022202500046722";"S";"753.022";"João Luis Maranhão Biscaia";"146203983";"Contratação direta da sociedade empresária SÃO PAULO OBRAS - SP OBRAS, inscrita no CNPJ/MF sob o nº 11.958.828/0001-73, para prestação de serviços técnicos especializados de engenharia para a elaboração de planilhas orçamentárias, preparação de materiais licitatórios, licitações e gerenciamento de intervenções em equipamentos educacionais, notadamente quanto as unidades educacionais e administrativas no Município de São Paulo a serem construídas para a ampliação do atendimento da demanda educacional, relacionados na Portaria Conjunta SME/SIURB nº 02/2025, com prazo de execução de 210 dias, contados a partir da data da 1º Ordem de Serviço a ser emitida por SIURB.";"";"22";"Secretaria Municipal de Infraestrutura Urbana e Obras";"10";"Gabinete do Secretário";"829691,29";"0";"210";"0";"0";"829691,29";"829691,29";"0";"829691,29";"0";"0";"54787,39";"774903,90";"774903,90";"0";"829691,29";"0";"829691,29";"0";"0";"54787,39";"774903,90";"774903,90";"0";"0";"0";"0";"0";"0";"0";"0";"0";"0";"0";"0";"0";"0";"0";"0";"0";"0";"0";"0";"16.10.12.361.3010.3.365.44903900.00.1.500.0003.1";"99";"Outros Serviços de Terceiros - Pessoa Jurídica";"99";"Outros Serviços de Terceiros - Pessoa Jurídica";"39";"Outros Serviços de Terceiros - Pessoa Jurídica";"0"
"593724";"21437";"2025";"22";"Secretaria Municipal de Infraestrutura Urbana e Obras";"10";"Gabinete do Secretário";"72";"Nota de Empenho Desapropriações - Interesse Social";"65";"Decreto-Lei 3365/1941-Operação de Desapropriação por Utilidade Pública";"8";"Não Aplicável";"15/08/2025 00:00:00";"14/09/2025 00:00:00";"14/09/2025 00:00:00";"0";"0";"30";"9501,35";"0";"9501,35";"0";"E";"1";"";"-1";"-1";"";"";"";"";"41";"SEM REAJUSTE";"035/SIURB/25";"";"";"10/07/2025 00:00:00";"11/07/2025 00:00:00";"";"15/08/2025 00:00:00";"18/08/2025 00:00:00";"";"";"7910202500009916";"S";"837819";"ELISEU APARECIDO NETTO";"128563714";"Desapropriação de imóvel necessário para implantação do melhoramento Chucri Zaidan, integrante da Operação Urbana Consorciada Água Espraiada - OUCAE.";"";"22";"Secretaria Municipal de Infraestrutura Urbana e Obras";"10";"Gabinete do Secretário";"9501,35";"0";"30";"0";"0";"9501,35";"9501,35";"0";"9501,35";"0";"0";"0";"9501,35";"9501,35";"0";"9501,35";"0";"9501,35";"0";"0";"0";"9501,35";"9501,35";"0";"0";"0";"0";"0";"0";"0";"0";"0";"0";"0";"0";"0";"0";"0";"0";"0";"0";"0";"0";"29.30.15.451.3009.5.100.44903900.08.2.799.0707.1";"99";"Outros Serviços de Terceiros - Pessoa Jurídica";"99";"Outros Serviços de Terceiros - Pessoa Jurídica";"39";"Outros Serviços de Terceiros - Pessoa Jurídica";"0"
"602332";"29211";"2025";"22";"Secretaria Municipal de Infraestrutura Urbana e Obras";"10";"Gabinete do Secretário";"2";"Termo de Contrato - Serviços";"39";"Não Aplicável";"8";"Não Aplicável";"14/11/2025 00:00:00";"14/12/2025 00:00:00";"14/12/2025 00:00:00";"0";"0";"30";"16240,92";"0";"16240,92";"0";"E";"9";"umental";"-1";"-1";"";"";"";"";"41";"SEM REAJUSTE";"089/SIURB/2025";"ADRIANA CARLA VILELA";"26/06/2025 00:00:00";"29/09/2025 00:00:00";"01/10/2025 00:00:00";"";"07/10/2025 00:00:00";"21/10/2025 00:00:00";"";"ARP 006/SIURB/2024";"6022202500072456";"S";"8378193";"Eliseu Aparecido Netto";"143114595";"Adesão a ARP 006/SIURB/2024 - Elaboração de material técnico expropriatório para a implantação do Centro Educacional Unificado - CEU 7 Campos.";"";"22";"Secretaria Municipal de Infraestrutura Urbana e Obras";"10";"Gabinete do Secretário";"16240,92";"0";"30";"0";"0";"16240,92";"16240,92";"0";"16240,92";"0";"0";"0";"16240,92";"16240,92";"0";"16240,92";"0";"16240,92";"0";"0";"0";"16240,92";"16240,92";"0";"0";"0";"0";"0";"0";"0";"0";"0";"0";"0";"0";"0";"0";"0";"0";"0";"0";"0";"0";"16.10.12.368.3010.3.364.44903900.00.1.500.0003.1";"99";"Outros Serviços de Terceiros - Pessoa Jurídica";"99";"Outros Serviços de Terceiros - Pessoa Jurídica";"39";"Outros Serviços de Terceiros - Pessoa Jurídica";"0"
"611076";"37242";"2025";"22";"Secretaria Municipal de Infraestrutura Urbana e Obras";"10";"Gabinete do Secretário";"1";"Sem Ônus";"39";"Não Aplicável";"8";"Não Aplicável";"16/12/2025 00:00:00";"15/01/2026 00:00:00";"15/01/2026 00:00:00";"0";"0";"30";"3047,55";"0";"3047,55";"0";"E";"1";"";"-1";"-1";"";"";"";"";"41";"SEM REAJUSTE";"";"Rony Gleison da Silva Coelho";"01/12/2025 00:00:00";"16/12/2025 00:00:00";"17/12/2025 00:00:00";"";"";"";"";"";"6022202500097718";"S";"";"";"";"Despesas com Passagens Aéreas - Treinamento FIDIC - Banco Mundial - Brasília/DF - Rony Gleison da Silva Coelho - RF: 944.948.5";"";"22";"Secretaria Municipal de Infraestrutura Urbana e Obras";"10";"Gabinete do Secretário";"3047,55";"0";"30";"0";"0";"3047,55";"3047,55";"0";"3047,55";"0";"0";"0";"3047,55";"3047,55";"0";"3047,55";"0";"3047,55";"0";"0";"0";"3047,55";"3047,55";"0";"0";"0";"0";"0";"0";"0";"0";"0";"0";"0";"0";"0";"0";"0";"0";"0";"0";"0";"0";"22.10.15.122.3024.2.100.33903300.00.1.500.9001.1";"01";"Passagens para o País";"04";"Passagens Aéreas";"33";"Passagens e Despesas com Locomoção";"0"
"612724";"38813";"2025";"22";"Secretaria Municipal de Infraestrutura Urbana e Obras";"10";"Gabinete do Secretário";"2";"Termo de Contrato - Serviços";"39";"Não Aplicável";"8";"Não Aplicável";"30/12/2025 00:00:00";"25/12/2026 00:00:00";"15/01/2027 00:00:00";"0";"0";"360";"109059960";"0";"12233459,58";"0";"A";"9";"umental";"-1";"-1";"";"";"";"";"33";"IPC/FIPE";"163/SIURB/2025";"Tales Mariano Carvalho da Silva";"29/12/2025 00:00:00";"29/12/2025 00:00:00";"29/12/2025 00:00:00";"";"29/01/2026 00:00:00";"02/02/2026 00:00:00";"";"ATA RP 01/SIURB/25";"6022202500100379";"S";"300.955-6";"Ricardo Francisco Pereira Cimino";"148609061";"Contratação de Empresa Especializada através de Ata de Registro de Preços para fornecimento e instalação de filtro capacitivo automatizado em 110/440V, para antender ao Município de São Paulo e toda sua estrutura organizacional - Unidades Educacionais.";"";"22";"Secretaria Municipal de Infraestrutura Urbana e Obras";"10";"Gabinete do Secretário";"109059960";"0";"360";"0";"0";"109059960";"109059960";"0";"12233459,58";"0";"96826500,42";"17144,16";"12216315,42";"10233459,58";"4692725,22";"109059960";"0";"12233459,58";"0";"96826500,42";"17144,16";"12216315,42";"10233459,58";"4692725,22";"0";"0";"0";"0";"0";"0";"0";"0";"0";"0";"0";"0";"0";"0";"0";"0";"0";"0";"0";"16.10.12.365.3025.2.878.33903900.00.1.500.9001.1";"89";"Obras em Andamento - Uso Comum do Povo";"02";"Escolas e Similares";"39";"Outros Serviços de Terceiros - Pessoa Jurídica";"96826500,42"
"580426";"9176";"2025";"22";"Secretaria Municipal de Infraestrutura Urbana e Obras";"10";"Gabinete do Secretário";"1";"Sem Ônus";"39";"Não Aplicável";"8";"Não Aplicável";"15/04/2025 00:00:00";"15/04/2026 00:00:00";"15/04/2026 00:00:00";"0";"0";"365";"14056405,78";"0";"12932018,80";"0";"A";"9";"umental";"-1";"-1";"";"";"";"";"33";"IPC/FIPE";"TCNO 016/SIURB/2025";"SP OBRAS";"12/12/2022 00:00:00";"21/03/2025 00:00:00";"25/03/2025 00:00:00";"";"14/05/2025 00:00:00";"16/05/2025 00:00:00";"";"";"7910202200009767";"S";"7247222";"FERNANDO  CESASR ZAGO";"fiscal";"Viaduto Nove de Julho e Viaduto Jacareí - Lote 56";"";"22";"Secretaria Municipal de Infraestrutura Urbana e Obras";"10";"Gabinete do Secretário";"13865375,74";"0";"365";"191030,04";"0";"14056405,78";"14056405,78";"0";"12932018,80";"0";"1124386,98";"3130845,62";"9801173,18";"9801173,18";"13725355,59";"14056405,78";"0";"12932018,80";"0";"1124386,98";"3130845,62";"9801173,18";"9801173,18";"13725355,59";"0";"0";"0";"0";"0";"0";"0";"0";"0";"0";"0";"1,38";"0";"0";"0";"0";"0";"0";"0";"98.22.15.451.3009.5.187.44905100.08.1.759.0402.0";"89";"Obras em Andamento - Uso Comum do Povo";"15";"Pontes, Pontilhões e Viadutos";"51";"Obras e Instalações";"1124386,98"
"595238";"22845";"2025";"22";"Secretaria Municipal de Infraestrutura Urbana e Obras";"10";"Gabinete do Secretário";"2";"Termo de Contrato - Serviços";"39";"Não Aplicável";"8";"Não Aplicável";"15/08/2025 00:00:00";"15/08/2026 00:00:00";"15/08/2026 00:00:00";"0";"0";"365";"3957000";"0";"573266,67";"0";"A";"9";"umental";"-1";"-1";"";"";"";"";"33";"IPC/FIPE";"058/SIURB/2025";"Roberto Octávio Dutra Rodrigues Neto";"24/08/2024 00:00:00";"18/06/2025 00:00:00";"23/06/2025 00:00:00";"";"21/08/2025 00:00:00";"21/08/2025 00:00:00";"";"Nº 90005/25/SIURB";"6022202400019456";"S";"83225";"JOSE RODRIGUEZ VASQUEZ";"140841735";"CONTRATAÇÃO DE EMPRESA ESPECIALIZADA PARA ATUALIZAÇÃO DE PROJETOS E EXECUÇÃO DE OBRAS COMPLEMENTARES DO RESERVATÓRIO DO HORTO FLORESTAL INCLUINDO MICRODRENAGEM 3 - BACIA DO CÓRREGO TREMEMBÉ, NA ZONA NORTE DE SÃO PAULO - SP.";"";"22";"Secretaria Municipal de Infraestrutura Urbana e Obras";"10";"Gabinete do Secretário";"3957000";"0";"365";"0";"0";"3957000";"3957000";"0";"573266,67";"0";"3383733,33";"100000";"473266,67";"473266,67";"1476525,43";"3957000";"0";"573266,67";"0";"3383733,33";"100000";"473266,67";"473266,67";"1476525,43";"0";"0";"0";"0";"0";"0";"0";"0";"0";"0";"0";"0";"0";"0";"0";"0";"0";"0";"0";"86.22.17.451.3008.5.013.44905100.08.1.759.0709.1";"89";"Obras em Andamento - Uso Comum do Povo";"23";"Reservatórios e Piscinões";"51";"Obras e Instalações";"3383733,33"
"588635";"16564";"2025";"22";"Secretaria Municipal de Infraestrutura Urbana e Obras";"10";"Gabinete do Secretário";"2";"Termo de Contrato - Serviços";"39";"Não Aplicável";"8";"Não Aplicável";"17/06/2025 00:00:00";"15/10/2025 00:00:00";"15/10/2025 00:00:00";"0";"0";"120";"0";"0";"0";"0";"E";"9";"umental";"2024";"7";"22";"Secretaria Municipal de Infraestrutura Urbana e Obras";"";"";"41";"SEM REAJUSTE";"";"";"";"13/06/2025 00:00:00";"16/06/2025 00:00:00";"";"";"";"";"007/SIURB/2024";"6022202500031687";"S";"8378193";"Nycolas Felix Gonçalves";"127464102";"Contratação de Material Técnico Expropriatório: CEU Cidade Tirademtes, CEU São Rafael e CEU Cachoeirinha. Utilização de Ata de Registro de Preços.";"";"22";"Secretaria Municipal de Infraestrutura Urbana e Obras";"10";"Gabinete do Secretário";"364689,49";"0";"120";"0";"0";"364689,49";"364689,49";"0";"0";"364689,49";"0";"0";"0";"0";"279307,55";"364689,49";"0";"0";"364689,49";"0";"0";"0";"0";"279307,55";"0";"0";"0";"0";"0";"0";"0";"0";"0";"0";"0";"0";"0";"0";"0";"0";"0";"0";"0";"16.10.12.368.3010.3.363.44903900.00.1.500.0003.0";"99";"Outros Serviços de Terceiros - Pessoa Jurídica";"99";"Outros Serviços de Terceiros - Pessoa Jurídica";"39";"Outros Serviços de Terceiros - Pessoa Jurídica";"0"
"601149";"28169";"2025";"22";"Secretaria Municipal de Infraestrutura Urbana e Obras";"10";"Gabinete do Secretário";"30";"Nota de Empenho para Fornecimento de Serviços";"105";"Art. 28 - Inciso I Lei Federal 14.133/2021";"12";"Pregão";"15/10/2025 00:00:00";"15/10/2026 00:00:00";"15/10/2026 00:00:00";"0";"0";"365";"62900,04";"0";"62900,04";"0";"A";"90";"ocumento equivalente";"-1";"-1";"";"";"";"";"41";"SEM REAJUSTE";"080/SIURB/2025";"Tânia Maria Azevedo Cardoso";"02/09/2025 00:00:00";"18/09/2025 00:00:00";"19/09/2025 00:00:00";"53";"30/09/2025 00:00:00";"16/10/2025 00:00:00";"261";"90003/25/SIURB";"6022202500056094";"S";"822.410.2";"Rafael Alexandre do Nascimento Purificação";"144425804";"Prestação de serviços de manutenção preventiva, preditiva e corretiva de cabine de barramentos (energia elétrica de emergência), com fornecimento de materiais, componentes, partes, peças e mão de obra para a sede da Secretaria Municipal de Infraestrutura Urbana e Obras - SIURB (Edifício Varicred II)";"";"22";"Secretaria Municipal de Infraestrutura Urbana e Obras";"10";"Gabinete do Secretário";"62900,04";"0";"365";"0";"0";"62900,04";"62900,04";"0";"62900,04";"0";"0";"7687,78";"55212,26";"49970,59";"2446,11";"62900,04";"0";"62900,04";"0";"0";"7687,78";"55212,26";"49970,59";"2446,11";"0";"0";"0";"0";"0";"0";"0";"0";"0";"0";"0";"0";"0";"0";"0";"0";"0";"0";"0";"22.10.15.122.3024.2.100.33903900.00.1.500.9001.0";"17";"Manut. e Conserv. de Máquinas e Equipamentos";"99";"Outras Máquinas e Equipamentos";"39";"Outros Serviços de Terceiros - Pessoa Jurídica";"0"
"601146";"28166";"2025";"22";"Secretaria Municipal de Infraestrutura Urbana e Obras";"10";"Gabinete do Secretário";"30";"Nota de Empenho para Fornecimento de Serviços";"105";"Art. 28 - Inciso I Lei Federal 14.133/2021";"12";"Pregão";"15/10/2025 00:00:00";"15/10/2026 00:00:00";"15/10/2026 00:00:00";"0";"0";"365";"64000,08";"0";"63999,88";"0";"A";"90";"ocumento equivalente";"-1";"-1";"";"";"";"";"33";"IPC/FIPE";"081/SIURB/2025";"Tânia Maria Azevedo Cardoso";"04/09/2025 00:00:00";"18/09/2025 00:00:00";"19/09/2025 00:00:00";"53";"25/09/2025 00:00:00";"06/10/2025 00:00:00";"246";"90004/25/SIURB";"6022202500055489";"S";"822.410.2";"Rafael Alexandre do Nascimento Purificação";"144412496";"Prestação de serviços de manutenção preventiva, preditiva e corretiva de geradores (energia elétrica de emergência), com fornecimento de materiais, componentes, partes, peças e mão de obra para a sede da Secretaria Municipal de Infraestrutura Urbana e Obras - SIURB (Edifício Varicred II).";"";"22";"Secretaria Municipal de Infraestrutura Urbana e Obras";"10";"Gabinete do Secretário";"64000,08";"0";"365";"0";"0";"64000,08";"64000,08";"0";"63999,88";"0";"0,20";"7822,23";"56177,65";"50844,31";"2489,09";"64000,08";"0";"63999,88";"0";"0,20";"7822,23";"56177,65";"50844,31";"2489,09";"0";"0";"0";"0";"0";"0";"0";"0";"0";"0";"0";"0";"0";"0";"0";"0";"0";"0";"0";"22.10.15.122.3024.2.100.33903900.00.1.500.9001.0";"17";"Manut. e Conserv. de Máquinas e Equipamentos";"99";"Outras Máquinas e Equipamentos";"39";"Outros Serviços de Terceiros - Pessoa Jurídica";"0,20"
"599778";"26908";"2025";"22";"Secretaria Municipal de Infraestrutura Urbana e Obras";"10";"Gabinete do Secretário";"5";"Nota de Empenho Fornecimento de Bens de Consumo e/ou Permanente";"115";"Art. 75 - Inciso II - Lei Federal 14.133/2021";"6";"Dispensa de Licitação";"01/10/2025 00:00:00";"15/11/2025 00:00:00";"15/11/2025 00:00:00";"0";"0";"45";"29625";"0";"29625";"0";"E";"90";"ocumento equivalente";"2025";"12";"13";"Secretaria Municipal de Gestão";"";"";"33";"IPC/FIPE";"";"Ana Lopes";"28/05/2025 00:00:00";"02/09/2025 00:00:00";"04/09/2025 00:00:00";"64";"";"";"";"90001/2024-COBES";"6022202500062400";"S";"d517692";"Paulo Roberto Ribeiro Da Silva";"141546829";"Aquisição de 15 (quinze) Cadeiras Giratória para Obeso - ATA 012/SEGES-COBES/2025";"";"22";"Secretaria Municipal de Infraestrutura Urbana e Obras";"10";"Gabinete do Secretário";"29625";"0";"45";"0";"0";"29625";"29625";"0";"29625";"0";"0";"0";"29625";"29625";"0";"29625";"0";"29625";"0";"0";"0";"29625";"29625";"0";"0";"0";"0";"0";"0";"0";"0";"0";"0";"0";"0";"0";"0";"0";"0";"0";"0";"0";"0";"22.10.15.122.3024.2.100.44905200.00.1.500.9001.0";"42";"Mobiliário em Geral";"01";"Padronizados";"52";"Equipamentos e Material Permanente";"0"
"604063";"30785";"2025";"22";"Secretaria Municipal de Infraestrutura Urbana e Obras";"10";"Gabinete do Secretário";"71";"Nota de Empenho Desapropriações - Interesse  Público";"65";"Decreto-Lei 3365/1941-Operação de Desapropriação por Utilidade Pública";"8";"Não Aplicável";"16/10/2025 00:00:00";"15/11/2025 00:00:00";"15/11/2025 00:00:00";"0";"0";"30";"4136,68";"0";"4136,68";"0";"E";"1";"";"-1";"-1";"";"";"";"";"41";"SEM REAJUSTE";"";"";"";"15/10/2025 00:00:00";"16/10/2025 00:00:00";"14413";"";"";"";"";"6021202100080456";"S";"837819";"ELISEU APARECIDO NETTO";"143915178";"Desapropriação, cujo imóvel atingido está localizado na Avenida Santo Amaro, nº 1.753, cadastrado sob o nº contribuinte 041.094.0937-3, necessário para a implantação do melhoramento: Requalificação da Av. Santo Amaro - T2B.";"";"22";"Secretaria Municipal de Infraestrutura Urbana e Obras";"10";"Gabinete do Secretário";"4136,68";"0";"30";"0";"0";"4136,68";"4136,68";"0";"4136,68";"0";"0";"0";"4136,68";"4136,68";"0";"4136,68";"0";"4136,68";"0";"0";"0";"4136,68";"4136,68";"0";"0";"0";"0";"0";"0";"0";"0";"0";"0";"0";"0";"0";"0";"0";"0";"0";"0";"0";"0";"29.50.15.452.3009.5.395.44906100.08.1.799.0708.0";"99";"Outras Aquisições de Bens Imóveis";"01";"Desapropriações";"61";"Aquisição de Imóveis";"0"
"607633";"34055";"2025";"22";"Secretaria Municipal de Infraestrutura Urbana e Obras";"10";"Gabinete do Secretário";"2";"Termo de Contrato - Serviços";"106";"Art. 28 - Inciso II Lei Federal 14.133/2021";"4";"Concorrência";"25/11/2025 00:00:00";"15/11/2027 00:00:00";"15/11/2027 00:00:00";"0";"0";"720";"31778032,87";"0";"24203510,65";"0";"A";"90";"ocumento equivalente";"-1";"-1";"";"";"";"";"33";"IPC/FIPE";"136/SIURB/2025";"Fernando Marsiarelli";"31/08/2025 00:00:00";"05/11/2025 00:00:00";"07/11/2025 00:00:00";"";"18/11/2025 00:00:00";"24/11/2025 00:00:00";"";"90038/25/SIURB";"6022202500064054";"S";"822290";"JONATHAN SANT'ANA DOS SANTOS";"147111472";"Contratação de empresa especializada em engenharia para elaboração de projeto executivo e execução de obras de recuperação e reforço estrutural do Viaduto Okuhara Koei, Jardim Paulista.";"";"22";"Secretaria Municipal de Infraestrutura Urbana e Obras";"10";"Gabinete do Secretário";"31778032,87";"0";"720";"0";"0";"31778032,87";"31778032,87";"0";"24203510,65";"0";"7574522,22";"2390806,99";"21812703,66";"21812703,66";"11282113,04";"31778032,87";"0";"24203510,65";"0";"7574522,22";"2390806,99";"21812703,66";"21812703,66";"11282113,04";"0";"0";"0";"0";"0";"0";"0";"0";"0";"0";"0";"0";"0";"0";"0";"0";"0";"0";"0";"22.10.15.451.3009.5.187.44905100.00.1.500.0003.1";"89";"Obras em Andamento - Uso Comum do Povo";"15";"Pontes, Pontilhões e Viadutos";"51";"Obras e Instalações";"7574522,22"
"610802";"36984";"2025";"22";"Secretaria Municipal de Infraestrutura Urbana e Obras";"10";"Gabinete do Secretário";"54";"Nota de Empenho - Pagamento de Anuidades / Taxas / Impostos";"109";"Art. 74 - Inciso I - Lei Federal 14.133/2021";"7";"Inexigibilidade";"15/12/2025 00:00:00";"15/12/2026 00:00:00";"15/12/2026 00:00:00";"0";"0";"365";"598,80";"0";"598,80";"0";"E";"96";"recebimento do produto/serviço";"-1";"-1";"";"";"";"";"41";"SEM REAJUSTE";"";"";"";"15/12/2025 00:00:00";"16/12/2025 00:00:00";"";"";"";"";"DL";"6022202500092627";"S";"7706600";"Raquel Alves Cabral";"147631955";"Assinatura digital do Jornal Folha de São Paulo para utilização da Assessoria de Imprensa desta Secretaria.";"";"22";"Secretaria Municipal de Infraestrutura Urbana e Obras";"10";"Gabinete do Secretário";"598,80";"0";"365";"0";"0";"598,80";"598,80";"0";"598,80";"0";"0";"0";"598,80";"598,80";"0";"598,80";"0";"598,80";"0";"0";"0";"598,80";"598,80";"0";"0";"0";"0";"0";"0";"0";"0";"0";"0";"0";"0";"0";"0";"0";"0";"0";"0";"0";"0";"22.10.15.122.3024.2.100.33903900.00.1.500.9001.1";"01";"Assinatura de Periódicos e Anuidades";"01";"Assinatura de Jornais";"39";"Outros Serviços de Terceiros - Pessoa Jurídica";"0"
"580913";"9586";"2025";"22";"Secretaria Municipal de Infraestrutura Urbana e Obras";"10";"Gabinete do Secretário";"2";"Termo de Contrato - Serviços";"7";"Art. 24 - Inciso I Lei Federal  8.666/93";"6";"Dispensa de Licitação";"24/04/2025 00:00:00";"15/12/2026 00:00:00";"15/12/2026 00:00:00";"0";"0";"600";"342672671";"0";"217850405,68";"0";"A";"9";"umental";"-1";"-1";"";"";"";"";"41";"SEM REAJUSTE";"015/SIURB/2025";"Jorge Bayerlein";"21/03/2025 00:00:00";"28/03/2025 00:00:00";"31/03/2025 00:00:00";"";"17/04/2025 00:00:00";"30/04/2025 00:00:00";"";"139/SIURB.G/2024";"6022202400089705";"S";"7530220";"João Luis Maranhão Biscaia";"125292958";"Prestação de Serviços Técnicos especializados para elaboração de planilhas orçamentárias, preparação de materiais licitatórios, licitações e gerenciamento de intervenções em equipamentos educacionais, baseado no Plano Plurianual 2022-2025 e do Programa de Metas 2021-2024.";"";"22";"Secretaria Municipal de Infraestrutura Urbana e Obras";"10";"Gabinete do Secretário";"342672671";"0";"600";"0";"0";"342672671";"342672671";"0";"217850405,68";"0";"124822265,32";"52250570,10";"165599835,58";"156094097,51";"22382591,91";"342672671";"0";"217850405,68";"0";"124822265,32";"52250570,10";"165599835,58";"156094097,51";"22382591,91";"0";"0";"0";"0";"0";"0";"0";"0";"0";"0";"0";"0";"0";"0";"0";"0";"0";"0";"0";"16.10.12.361.3010.2.879.33903900.00.1.500.9001.0";"16";"Manutenção e Conservação de Bens Imóveis";"14";"Pequenas Reformas - Escolas de Ensino Fundamental";"39";"Outros Serviços de Terceiros - Pessoa Jurídica";"124822265,32"
"608964";"35300";"2025";"22";"Secretaria Municipal de Infraestrutura Urbana e Obras";"10";"Gabinete do Secretário";"2";"Termo de Contrato - Serviços";"39";"Não Aplicável";"8";"Não Aplicável";"15/12/2025 00:00:00";"15/12/2027 00:00:00";"15/12/2027 00:00:00";"0";"0";"730";"70307000";"0";"25877867,69";"0";"A";"9";"umental";"-1";"-1";"";"";"";"";"33";"IPC/FIPE";"146/SIURB/2025";"SEBASTIÃO RICARDO NOGUEIRA";"04/11/2025 00:00:00";"03/11/2025 00:00:00";"04/11/2025 00:00:00";"";"04/11/2025 00:00:00";"17/12/2025 00:00:00";"";"90028/25/SIURB";"6022202500061438";"S";"3009556";"RICARDO FRANCISCO PEREIRA CIMINO";"149740269";"ELABORAÇÃO DE PROJETO EXECUTIVO E EXECUÇÃO DE SERVIÇOS DE RECUPERAÇÃO E REFORÇO ESTRUTURAL DO VIADUTO ÚNICO GALLAFRIO - LAPA";"";"22";"Secretaria Municipal de Infraestrutura Urbana e Obras";"10";"Gabinete do Secretário";"70307000";"0";"730";"0";"0";"70307000";"70307000";"0";"25877867,69";"0";"44429132,31";"0";"25877867,69";"25877867,69";"1818129,13";"70307000";"0";"25877867,69";"0";"44429132,31";"0";"25877867,69";"25877867,69";"1818129,13";"0";"0";"0";"0";"0";"0";"0";"0";"0";"0";"0";"0";"0";"0";"0";"0";"0";"0";"0";"22.10.15.451.3009.5.187.44905100.00.1.500.0003.0";"89";"Obras em Andamento - Uso Comum do Povo";"15";"Pontes, Pontilhões e Viadutos";"51";"Obras e Instalações";"44429132,31"
"574856";"3962";"2025";"22";"Secretaria Municipal de Infraestrutura Urbana e Obras";"10";"Gabinete do Secretário";"71";"Nota de Empenho Desapropriações - Interesse  Público";"65";"Decreto-Lei 3365/1941-Operação de Desapropriação por Utilidade Pública";"8";"Não Aplicável";"14/02/2025 00:00:00";"16/03/2025 00:00:00";"16/03/2025 00:00:00";"0";"0";"30";"151397,44";"0";"151397,44";"0";"E";"1";"";"-1";"-1";"";"";"";"";"41";"SEM REAJUSTE";"TCNO 002/SIURB/25";"JORGE BAYERLEIN";"29/02/2024 00:00:00";"10/02/2025 00:00:00";"12/02/2025 00:00:00";"";"07/03/2025 00:00:00";"10/03/2025 00:00:00";"";"DESAPROPRIAÇÃO";"7910202500001362";"S";"8378193";"ELISEU APARECIDO NETTO";"119330989";"Repasse à SP Obras para desapropriação de imóvel localizado na Rua Luiz Seraphico Junior, n. 95, Santo Amaro, CEP 04729-080, São Paulo - SP, necessário para implantação do Melhoramento Prolongamento da Avenida Chucri Zaidan, integrante da Operação Urbana Consorciada Água Espraiada - OUCAE.";"";"22";"Secretaria Municipal de Infraestrutura Urbana e Obras";"10";"Gabinete do Secretário";"151397,44";"0";"30";"0";"0";"151397,44";"151397,44";"0";"151397,44";"0";"0";"0";"151397,44";"151397,44";"0";"151397,44";"0";"151397,44";"0";"0";"0";"151397,44";"151397,44";"0";"0";"0";"0";"0";"0";"0";"0";"0";"0";"0";"0";"0";"0";"0";"0";"0";"0";"0";"0";"29.30.15.451.3009.5.100.44906100.08.1.799.0707.0";"99";"Outras Aquisições de Bens Imóveis";"01";"Desapropriações";"61";"Aquisição de Imóveis";"0"
"580559";"9291";"2025";"22";"Secretaria Municipal de Infraestrutura Urbana e Obras";"10";"Gabinete do Secretário";"30";"Nota de Empenho para Fornecimento de Serviços";"115";"Art. 75 - Inciso II - Lei Federal 14.133/2021";"6";"Dispensa de Licitação";"16/06/2025 00:00:00";"16/06/2026 00:00:00";"16/06/2027 00:00:00";"0";"0";"365";"560,69";"0";"560,69";"0";"E";"90";"ocumento equivalente";"-1";"-1";"";"";"";"";"33";"IPC/FIPE";"034/SIURB/2025";"Bruna";"25/04/2025 00:00:00";"22/05/2025 00:00:00";"26/05/2025 00:00:00";"70";"06/06/2025 00:00:00";"17/06/2025 00:00:00";"";"Dispensa - Licitação";"6022202500013549";"S";"883.190-4";"Weberton da Silva Oliveira";"124368718";"Prestação de serviços na confecção de carimbos";"";"22";"Secretaria Municipal de Infraestrutura Urbana e Obras";"10";"Gabinete do Secretário";"8853";"0";"365";"899929,62";"31148,37";"939930,99";"939930,99";"0";"560,69";"939370,30";"0";"0";"560,69";"560,69";"8292,31";"908782,62";"0";"560,69";"908221,93";"0";"0";"560,69";"560,69";"8292,31";"31148,37";"0";"0";"31148,37";"0";"0";"0";"0";"0";"0";"0";"0";"0";"0";"0";"0";"0";"365";"0";"22.10.15.122.3024.2.100.33903900.00.1.500.9001.0";"05";"Serviços Técnicos Profissionais";"99";"Outros Serviços Técnicos Profissionais - PJ";"39";"Outros Serviços de Terceiros - Pessoa Jurídica";"0"
"592585";"20356";"2025";"22";"Secretaria Municipal de Infraestrutura Urbana e Obras";"10";"Gabinete do Secretário";"2";"Termo de Contrato - Serviços";"39";"Não Aplicável";"8";"Não Aplicável";"16/07/2025 00:00:00";"16/07/2026 00:00:00";"16/07/2026 00:00:00";"0";"0";"365";"10897226,49";"0";"10897226,49";"0";"A";"9";"umental";"-1";"-1";"";"";"";"";"33";"IPC/FIPE";"050/SIURB/2025";"Katia do Carmo Valente";"09/05/2025 00:00:00";"10/06/2025 00:00:00";"11/06/2025 00:00:00";"";"15/07/2025 00:00:00";"16/07/2025 00:00:00";"";"90002/25/SIURB";"6022202500023048";"S";"5815916";"Tomás Móteo de Paula";"143783942";"CONTRATACÃO DE EMPRESA ESPECIALIZADA EM ENGENHARIA PARA ELABORAÇÃO DE PROJETO EXECUTIVO E EXECUÇÃO DAS OBRAS DE MICRODRENAGEM NA PRAÇA DOS ARTESÃOS CALABRESES, ao CONSÓRCIO INFRA SP 23";"";"22";"Secretaria Municipal de Infraestrutura Urbana e Obras";"10";"Gabinete do Secretário";"8723805,54";"0";"365";"2173420,95";"0";"10897226,49";"10897226,49";"0";"10897226,49";"0";"0";"59409,22";"10837817,27";"10837817,27";"8295822,08";"10897226,49";"0";"10897226,49";"0";"0";"59409,22";"10837817,27";"10837817,27";"8295822,08";"0";"0";"0";"0";"0";"0";"0";"0";"0";"0";"0";"24,91";"0";"0";"0";"0";"0";"0";"0";"22.10.17.451.3008.5.013.44905100.00.1.500.9001.1";"89";"Obras em Andamento - Uso Comum do Povo";"16";"Praças, Parques e Jardins";"51";"Obras e Instalações";"0"
"605346";"31957";"2025";"22";"Secretaria Municipal de Infraestrutura Urbana e Obras";"10";"Gabinete do Secretário";"71";"Nota de Empenho Desapropriações - Interesse  Público";"65";"Decreto-Lei 3365/1941-Operação de Desapropriação por Utilidade Pública";"8";"Não Aplicável";"16/09/2025 00:00:00";"16/10/2025 00:00:00";"16/10/2025 00:00:00";"0";"0";"30";"1,55";"0";"1,55";"0";"E";"1";"";"-1";"-1";"";"";"";"";"41";"SEM REAJUSTE";"";"";"";"16/09/2025 00:00:00";"18/09/2025 00:00:00";"14262";"";"";"";"";"7910202500009436";"S";"837819";"ELISEU APARECIDO NETTO";"142542373";"Desapropriação de imóvel necessário para implantação do melhoramento Chucri Zaidan, integrante da Operação Urbana Consorciada Água Espraiada - OUCAE.";"";"22";"Secretaria Municipal de Infraestrutura Urbana e Obras";"10";"Gabinete do Secretário";"1,55";"0";"30";"0";"0";"1,55";"1,55";"0";"1,55";"0";"0";"0";"1,55";"1,55";"0";"1,55";"0";"1,55";"0";"0";"0";"1,55";"1,55";"0";"0";"0";"0";"0";"0";"0";"0";"0";"0";"0";"0";"0";"0";"0";"0";"0";"0";"0";"0";"29.30.15.451.3009.5.100.44903900.08.2.799.0707.1";"99";"Outros Serviços de Terceiros - Pessoa Jurídica";"99";"Outros Serviços de Terceiros - Pessoa Jurídica";"39";"Outros Serviços de Terceiros - Pessoa Jurídica";"0"
"579403";"8219";"2025";"22";"Secretaria Municipal de Infraestrutura Urbana e Obras";"10";"Gabinete do Secretário";"2";"Termo de Contrato - Serviços";"39";"Não Aplicável";"8";"Não Aplicável";"25/04/2025 00:00:00";"21/12/2025 00:00:00";"16/10/2026 00:00:00";"0";"0";"240";"4652959,71";"0";"4607336,80";"0";"A";"9";"umental";"-1";"-1";"";"";"";"";"41";"SEM REAJUSTE";"009/SIURB/2025";"MARCELO VICTOR DE CARVALHO";"07/05/2024 00:00:00";"16/09/2024 00:00:00";"17/09/2024 00:00:00";"";"14/07/2025 00:00:00";"16/07/2025 00:00:00";"";"004/23/SIURB";"6022202200056390";"S";"9308059";"Caio Marciano";"Fiscal";"Elaboração de inspeções especiais, vistorias, ensaios, laudos técnicos, verificações estruturais, projeto executivo de requalificação e concepção de recuperação estrutural em túneis e passagens subterrâneas no Município de São Paulo - LOTE 2";"";"22";"Secretaria Municipal de Infraestrutura Urbana e Obras";"10";"Gabinete do Secretário";"4652959,71";"0";"240";"0";"0";"4652959,71";"4652959,71";"0";"4607336,80";"0";"45622,91";"75157,62";"4532179,18";"4532179,18";"2800520,43";"4652959,71";"0";"4607336,80";"0";"45622,91";"75157,62";"4532179,18";"4532179,18";"2800520,43";"0";"0";"0";"0";"0";"0";"0";"0";"0";"0";"0";"0";"0";"0";"0";"0";"0";"299";"0";"22.10.15.451.3009.5.287.44903900.00.1.500.0003.0";"05";"Serviços Técnicos Profissionais";"01";"Gerenciamento";"39";"Outros Serviços de Terceiros - Pessoa Jurídica";"45622,91"
"600252";"27323";"2025";"22";"Secretaria Municipal de Infraestrutura Urbana e Obras";"10";"Gabinete do Secretário";"71";"Nota de Empenho Desapropriações - Interesse  Público";"65";"Decreto-Lei 3365/1941-Operação de Desapropriação por Utilidade Pública";"8";"Não Aplicável";"17/10/2025 00:00:00";"16/11/2025 00:00:00";"16/11/2025 00:00:00";"0";"0";"30";"3900";"0";"3900";"0";"E";"1";"";"-1";"-1";"";"";"";"";"41";"SEM REAJUSTE";"047/SIURB/25";"";"";"10/09/2025 00:00:00";"11/09/2025 00:00:00";"14205";"10/09/2025 00:00:00";"11/09/2025 00:00:00";"";"";"7910202500014782";"S";"837819";"ELISEU APARECIDO NETTO";"141747712";"Desapropriação de imóvel necessário para implantação do melhoramento Chucri Zaidan, integrante da Operação Urbana Consorciada Água Espraiada - OUCAE.";"";"22";"Secretaria Municipal de Infraestrutura Urbana e Obras";"10";"Gabinete do Secretário";"3900";"0";"30";"0";"0";"3900";"3900";"0";"3900";"0";"0";"0";"3900";"3900";"0";"3900";"0";"3900";"0";"0";"0";"3900";"3900";"0";"0";"0";"0";"0";"0";"0";"0";"0";"0";"0";"0";"0";"0";"0";"0";"0";"0";"0";"0";"29.30.15.451.3009.5.100.44903900.08.2.799.0707.1";"99";"Outros Serviços de Terceiros - Pessoa Jurídica";"99";"Outros Serviços de Terceiros - Pessoa Jurídica";"39";"Outros Serviços de Terceiros - Pessoa Jurídica";"0"
"595848";"23403";"2025";"22";"Secretaria Municipal de Infraestrutura Urbana e Obras";"10";"Gabinete do Secretário";"30";"Nota de Empenho para Fornecimento de Serviços";"39";"Não Aplicável";"8";"Não Aplicável";"18/11/2023 00:00:00";"17/01/2024 00:00:00";"17/01/2024 00:00:00";"0";"0";"60";"2090,12";"0";"2090,12";"0";"E";"1";"";"-1";"-1";"";"";"";"";"41";"SEM REAJUSTE";"";"e-mail - sei! 129284837.";"18/11/2023 00:00:00";"23/07/2025 00:00:00";"28/07/2025 00:00:00";"35";"";"";"";"";"6022202500050940";"S";"d883989";"Marcos Monteiro";"129839884";"Pagamento de débitos com a SABESP - AMLURB.";"";"22";"Secretaria Municipal de Infraestrutura Urbana e Obras";"10";"Gabinete do Secretário";"1909,03";"0";"60";"181,09";"0";"2090,12";"2090,12";"0";"2090,12";"0";"0";"0";"2090,12";"2090,12";"0";"2090,12";"0";"2090,12";"0";"0";"0";"2090,12";"2090,12";"0";"0";"0";"0";"0";"0";"0";"0";"0";"0";"0";"0";"9,49";"0";"0";"0";"0";"0";"0";"0";"22.10.15.122.3024.2.100.33909200.00.1.500.9001.1";"39";"Outros Serviços de Terceiros - Pessoa Jurídica";"44";"Serviços de Abastecimento de Água e Sistema de Esgoto Sanitário";"92";"Despesas de Exercícios Anteriores";"0"
"608138";"34520";"2025";"22";"Secretaria Municipal de Infraestrutura Urbana e Obras";"10";"Gabinete do Secretário";"2";"Termo de Contrato - Serviços";"39";"Não Aplicável";"8";"Não Aplicável";"19/12/2025 00:00:00";"17/02/2026 00:00:00";"17/02/2026 00:00:00";"0";"0";"60";"122189,32";"0";"122189,32";"0";"A";"9";"umental";"-1";"-1";"";"";"";"";"41";"SEM REAJUSTE";"135/SIURB/2025";"Catarina de Laurenza Collaço";"19/11/2025 00:00:00";"29/10/2025 00:00:00";"30/10/2025 00:00:00";"";"19/11/2025 00:00:00";"19/11/2025 00:00:00";"";"90013/25/SIURB";"6022202500074289";"S";"7247222";"Fernando César Zago";"144942712";"ELABORAÇÃO DE PROJETO BÁSICO PARA A CONTENÇÃO DAS MARGENS, A CANALIZAÇÃO DE CÓRREGO E SERVIÇOS COMPLEMENTARES, ENTRE A RUA DOMINGOS DE MENDONÇA E A TRAVESSA ESTRADA ARICANDUVA, NO MUNICÍPIO DE SÃO PAULO - SP.";"";"22";"Secretaria Municipal de Infraestrutura Urbana e Obras";"10";"Gabinete do Secretário";"122189,32";"0";"60";"0";"0";"122189,32";"122189,32";"0";"122189,32";"0";"0";"0";"122189,32";"122189,32";"170830,24";"122189,32";"0";"122189,32";"0";"0";"0";"122189,32";"122189,32";"170830,24";"0";"0";"0";"0";"0";"0";"0";"0";"0";"0";"0";"0";"0";"0";"0";"0";"0";"0";"0";"86.22.17.451.3008.5.013.44903900.08.1.759.0709.0";"99";"Outros Serviços de Terceiros - Pessoa Jurídica";"99";"Outros Serviços de Terceiros - Pessoa Jurídica";"39";"Outros Serviços de Terceiros - Pessoa Jurídica";"0"
"611207";"37364";"2025";"22";"Secretaria Municipal de Infraestrutura Urbana e Obras";"10";"Gabinete do Secretário";"5";"Nota de Empenho Fornecimento de Bens de Consumo e/ou Permanente";"115";"Art. 75 - Inciso II - Lei Federal 14.133/2021";"6";"Dispensa de Licitação";"17/12/2025 00:00:00";"17/03/2026 00:00:00";"17/03/2026 00:00:00";"0";"0";"90";"22283,21";"0";"22283,21";"0";"E";"90";"ocumento equivalente";"-1";"-1";"";"";"";"";"41";"SEM REAJUSTE";"";"";"";"17/12/2025 00:00:00";"18/12/2025 00:00:00";"";"";"";"";"";"6022202500071905";"S";"7706600";"Raquel Alves Cabral";"148126019";"Fornecimento e instalação de persianas para o Gabinete da Secretaria Municipal de Infraestrutura Urbana e Obras - SIURB";"";"22";"Secretaria Municipal de Infraestrutura Urbana e Obras";"10";"Gabinete do Secretário";"22283,31";"0";"90";"0";"0";"22283,31";"22283,31";"0";"22283,21";"0,10";"0";"0";"22283,21";"22283,21";"0,10";"22283,31";"0";"22283,21";"0,10";"0";"0";"22283,21";"22283,21";"0,10";"0";"0";"0";"0";"0";"0";"0";"0";"0";"0";"0";"0";"0";"0";"0";"0";"0";"0";"0";"22.10.15.122.3024.2.100.33903900.00.1.500.9001.1";"20";"Manutenção e Conserv. de Bens Móveis e de Outras Naturezas";"01";"Bens Móveis";"39";"Outros Serviços de Terceiros - Pessoa Jurídica";"0"
"611552";"37697";"2025";"22";"Secretaria Municipal de Infraestrutura Urbana e Obras";"10";"Gabinete do Secretário";"1";"Sem Ônus";"39";"Não Aplicável";"8";"Não Aplicável";"17/12/2025 00:00:00";"17/03/2026 00:00:00";"17/03/2026 00:00:00";"0";"0";"90";"2028,95";"0";"2028,95";"0";"E";"1";"";"-1";"-1";"";"";"";"";"41";"SEM REAJUSTE";"";"Gualberto Kroll Lazarini";"01/12/2025 00:00:00";"17/12/2025 00:00:00";"19/12/2025 00:00:00";"";"";"";"";"";"6022202500097300";"S";"";"";"";"Despesas com Passagens Aéreas - Treinamento FIDIC - Banco Mundial - Brasília/DF - Gualberto Kroll Lazarini - RF: 953.108.4";"";"22";"Secretaria Municipal de Infraestrutura Urbana e Obras";"10";"Gabinete do Secretário";"2028,95";"0";"90";"0";"0";"2028,95";"2028,95";"0";"2028,95";"0";"0";"0";"2028,95";"2028,95";"0";"2028,95";"0";"2028,95";"0";"0";"0";"2028,95";"2028,95";"0";"0";"0";"0";"0";"0";"0";"0";"0";"0";"0";"0";"0";"0";"0";"0";"0";"0";"0";"0";"22.10.15.122.3024.2.100.33903300.00.1.500.9001.1";"01";"Passagens para o País";"04";"Passagens Aéreas";"33";"Passagens e Despesas com Locomoção";"0"
"604602";"31245";"2025";"22";"Secretaria Municipal de Infraestrutura Urbana e Obras";"10";"Gabinete do Secretário";"2";"Termo de Contrato - Serviços";"111";"Art. 74 - Inciso III - Lei Federal 14.133/2021";"7";"Inexigibilidade";"30/10/2025 00:00:00";"17/04/2028 00:00:00";"17/04/2028 00:00:00";"0";"0";"900";"51764475,62";"0";"9178626,68";"0";"A";"90";"ocumento equivalente";"-1";"-1";"";"";"";"";"33";"IPC/FIPE";"085/SIURB/2025";"ANTONIA RIBEIRO GUGLIELMI";"10/10/2025 00:00:00";"20/10/2025 00:00:00";"21/10/2025 00:00:00";"";"30/10/2025 00:00:00";"12/11/2025 00:00:00";"";"Dispensa Licitação";"6022202500078217";"S";"7526601";"ANTONIA RIBEIRO GUGLIELMI";"146388543";"Prestação de prestação de serviços e assessoria técnica sob a forma de consultoria, assistência técnica, apoio tecnológico e pesquisas na área de hidráulica, hidrologia, meteorologia por meio de estudos, exames, pesquisas, análises e fornecimento de dados hidro meteorológicos e resultados técnicos.";"";"22";"Secretaria Municipal de Infraestrutura Urbana e Obras";"10";"Gabinete do Secretário";"51764475,62";"0";"900";"0";"0";"51764475,62";"51764475,62";"0";"9178626,68";"0";"42585848,94";"30874,38";"9147752,30";"9147752,30";"400000";"51764475,62";"0";"9178626,68";"0";"42585848,94";"30874,38";"9147752,30";"9147752,30";"400000";"0";"0";"0";"0";"0";"0";"0";"0";"0";"0";"0";"0";"0";"0";"0";"0";"0";"0";"0";"86.22.17.451.3008.5.013.44903900.08.1.759.0709.0";"99";"Outros Serviços de Terceiros - Pessoa Jurídica";"99";"Outros Serviços de Terceiros - Pessoa Jurídica";"39";"Outros Serviços de Terceiros - Pessoa Jurídica";"42585848,94"
"578337";"7252";"2025";"22";"Secretaria Municipal de Infraestrutura Urbana e Obras";"10";"Gabinete do Secretário";"71";"Nota de Empenho Desapropriações - Interesse  Público";"65";"Decreto-Lei 3365/1941-Operação de Desapropriação por Utilidade Pública";"8";"Não Aplicável";"17/04/2025 00:00:00";"17/05/2025 00:00:00";"17/05/2025 00:00:00";"0";"0";"30";"111,06";"0";"111,06";"0";"E";"1";"";"-1";"-1";"";"";"";"";"41";"SEM REAJUSTE";"TCNO 003/SIURB/25";"JORGE BAYERLEIN";"07/02/2025 00:00:00";"05/03/2025 00:00:00";"06/03/2025 00:00:00";"";"17/04/2025 00:00:00";"24/04/2025 00:00:00";"";"DESAPROPRIAÇÃO";"7910202500002059";"S";"8378193";"Eliseu Aparecido Netto";"FISCAL";"Taxas judiciais em ação de desapropriação de imóvel ligado ao empreendimento Parque Linear, integrante da Operação Urbana Consorciada Água Espraiada - OUCAE.";"";"22";"Secretaria Municipal de Infraestrutura Urbana e Obras";"10";"Gabinete do Secretário";"111,06";"0";"30";"0";"0";"111,06";"111,06";"0";"111,06";"0";"0";"0";"111,06";"111,06";"0";"111,06";"0";"111,06";"0";"0";"0";"111,06";"111,06";"0";"0";"0";"0";"0";"0";"0";"0";"0";"0";"0";"0";"0";"0";"0";"0";"0";"0";"0";"0";"29.30.15.451.3009.5.100.44906100.08.1.799.0707.0";"99";"Outras Aquisições de Bens Imóveis";"01";"Desapropriações";"61";"Aquisição de Imóveis";"0"
"575758";"4778";"2025";"22";"Secretaria Municipal de Infraestrutura Urbana e Obras";"10";"Gabinete do Secretário";"2";"Termo de Contrato - Serviços";"39";"Não Aplicável";"8";"Não Aplicável";"18/03/2025 00:00:00";"16/01/2026 00:00:00";"17/07/2026 00:00:00";"0";"0";"304";"5497580,80";"232475,24";"4265762,95";"100000";"A";"9";"umental";"-1";"-1";"";"";"";"";"33";"IPC/FIPE";"004/SIURB/2025";"DELSON SILVA LAPA";"01/12/2024 00:00:00";"14/01/2025 00:00:00";"16/01/2025 00:00:00";"";"14/01/2025 00:00:00";"16/01/2025 00:00:00";"";"90020/24/SIURB";"6022202400069194";"S";"7072473";"SIDNEIA MARIA CORREIA LEITE";"FISCAL";"ELABORAÇÃO DE ESTUDOS E DESENVOLVIMENTO DOS PROJETOS BÁSICO E EXECUTIVO DE NOVOS ACESSOS VIÁRIOS AO SÃO PAULO EXPO, ESTUDOS AMBIENTAIS E RESPECTIVOS LICENCIAMENTOS AMBIENTAIS, NOS TRECHOS JUNTO AO VIADUTO MATHEUS TORLONI, KM 12 DA RODOVIA DOS IMIGRANTES, AV. MIGUEL ESTEFANO E RUA ETRUSCOS,";"";"22";"Secretaria Municipal de Infraestrutura Urbana e Obras";"10";"Gabinete do Secretário";"4724338,37";"0";"304";"773242,43";"232475,24";"5730056,04";"5730056,04";"0";"4365762,95";"0";"1364293,09";"710714,53";"3655048,42";"3655048,42";"6161192,86";"5497580,80";"0";"4265762,95";"0";"1231817,85";"610714,53";"3655048,42";"3655048,42";"6161192,86";"232475,24";"0";"100000";"0";"132475,24";"100000";"0";"0";"0";"0";"0";"0";"0";"0";"0";"0";"0";"182";"0";"22.10.15.451.3009.5.287.44903900.00.1.500.0003.0";"99";"Outros Serviços de Terceiros - Pessoa Jurídica";"99";"Outros Serviços de Terceiros - Pessoa Jurídica";"39";"Outros Serviços de Terceiros - Pessoa Jurídica";"1364293,09"
"597666";"25049";"2025";"22";"Secretaria Municipal de Infraestrutura Urbana e Obras";"10";"Gabinete do Secretário";"2";"Termo de Contrato - Serviços";"39";"Não Aplicável";"8";"Não Aplicável";"27/08/2025 00:00:00";"17/08/2027 00:00:00";"17/08/2027 00:00:00";"0";"0";"720";"309796995,62";"0";"15080023,95";"0";"A";"9";"umental";"-1";"-1";"";"";"";"";"33";"IPC/FIPE";"063/SIURB/2025";"Joannes Bosco Fialho";"31/03/2025 00:00:00";"07/08/2025 00:00:00";"08/08/2025 00:00:00";"";"15/08/2025 00:00:00";"27/08/2025 00:00:00";"";"Nº 90019/24/SIURB";"6022202400075470";"S";"618752-8";"Osmar Dias dos Santos";"141762851";"CONTRATAÇÃO DE EMPRESA ESPECIALIZADA EM ENGENHARIA PARA ELABORAÇÃO DE PROJETO EXECUTIVO E EXECUÇÃO DA OBRA DE IMPLANTAÇÃO DE RESERVATÓRIO DE CONTENÇÃO DE CHEIAS DO CÓRREGO JACU / RESERVATÓRIO RIO VERDE RRV-01";"";"22";"Secretaria Municipal de Infraestrutura Urbana e Obras";"10";"Gabinete do Secretário";"309796995,62";"0";"720";"0";"0";"309796995,62";"309796995,62";"0";"15080023,95";"0";"294716971,67";"5870285,41";"9209738,54";"9209738,54";"17266938,46";"309796995,62";"0";"15080023,95";"0";"294716971,67";"5870285,41";"9209738,54";"9209738,54";"17266938,46";"0";"0";"0";"0";"0";"0";"0";"0";"0";"0";"0";"0";"0";"0";"0";"0";"0";"0";"0";"86.22.17.451.3008.5.013.44905100.08.1.759.0709.1";"89";"Obras em Andamento - Uso Comum do Povo";"23";"Reservatórios e Piscinões";"51";"Obras e Instalações";"294716971,67"
"608285";"34644";"2025";"22";"Secretaria Municipal de Infraestrutura Urbana e Obras";"10";"Gabinete do Secretário";"2";"Termo de Contrato - Serviços";"39";"Não Aplicável";"8";"Não Aplicável";"18/12/2025 00:00:00";"18/03/2026 00:00:00";"18/03/2026 00:00:00";"0";"0";"90";"134381,25";"0";"134381,25";"0";"E";"9";"umental";"-1";"-1";"";"";"";"";"41";"SEM REAJUSTE";"133/SIURB/2025";"Adriana Carla Vilella";"26/06/2025 00:00:00";"12/11/2025 00:00:00";"13/11/2025 00:00:00";"";"03/12/2025 00:00:00";"11/12/2025 00:00:00";"";"006/SIURB/2024";"6022202500084233";"S";"8378193";"Eliseu Aparecido Netto";"145829404";"Utilização da ATA de RP nº 006/SIURB/2024 - Elaboração de material técnico expropriatório - Complementação de área para duplicação da Estrada do M'boi Mirim.";"";"22";"Secretaria Municipal de Infraestrutura Urbana e Obras";"10";"Gabinete do Secretário";"134381,25";"0";"90";"0";"0";"134381,25";"134381,25";"0";"134381,25";"0";"0";"0";"134381,25";"134381,25";"0";"134381,25";"0";"134381,25";"0";"0";"0";"134381,25";"134381,25";"0";"0";"0";"0";"0";"0";"0";"0";"0";"0";"0";"0";"0";"0";"0";"0";"0";"0";"0";"0";"22.10.15.451.3009.5.100.44905100.00.2.501.9001.1";"80";"Estudos e Projetos";"99";"Outros Estudos e Projetos";"51";"Obras e Instalações";"0"
"606023";"32581";"2025";"22";"Secretaria Municipal de Infraestrutura Urbana e Obras";"10";"Gabinete do Secretário";"2";"Termo de Contrato - Serviços";"39";"Não Aplicável";"8";"Não Aplicável";"18/11/2025 00:00:00";"18/03/2026 00:00:00";"18/03/2026 00:00:00";"0";"0";"120";"1096772,60";"0";"1096032,51";"0";"A";"9";"umental";"-1";"-1";"";"";"";"";"33";"IPC/FIPE";"112/SIURB/2025";"ANDRE FERREIRA AWADA";"11/08/2023 00:00:00";"31/10/2025 00:00:00";"31/10/2025 00:00:00";"";"31/10/2025 00:00:00";"03/11/2025 00:00:00";"14525";"ATA RP 007/SMSG/2023";"6022202500060881";"S";"547.430.2";"Samir Joukhadar";"145257681";"Contratação da empresa MAS CONSTRUCOES E EMPREENDIMENTOS LTDA., inscrita no CNPJ/MF sob o n.º 67.192.609/0001-80, detentora da Ata de RP n° 007/SMS.G/23, para a prestação de serviços de reparos, adequações pontuais e pequenos serviços de engenharia nos prédios ocupados pela Secretaria Municipal de Saúde, com fornecimento de material e mão-de-obra, em lotes - Unidade Escolar CEI DARIA COLOMBINI - Subprefeitura Vila Prudente, pelo prazo de 120 dias corridos, a contar da emissão da ordem de início.";"";"22";"Secretaria Municipal de Infraestrutura Urbana e Obras";"10";"Gabinete do Secretário";"1096772,60";"0";"120";"0";"0";"1096772,60";"1096772,60";"0";"1096032,51";"0";"740,09";"0";"1096032,51";"1096032,51";"740,09";"1096772,60";"0";"1096032,51";"0";"740,09";"0";"1096032,51";"1096032,51";"740,09";"0";"0";"0";"0";"0";"0";"0";"0";"0";"0";"0";"0";"0";"0";"0";"0";"0";"0";"0";"16.10.12.365.3025.2.878.33903900.00.1.500.9001.1";"05";"Serviços Técnicos Profissionais";"99";"Outros Serviços Técnicos Profissionais - PJ";"39";"Outros Serviços de Terceiros - Pessoa Jurídica";"740,09"
"583716";"12129";"2025";"22";"Secretaria Municipal de Infraestrutura Urbana e Obras";"10";"Gabinete do Secretário";"30";"Nota de Empenho para Fornecimento de Serviços";"115";"Art. 75 - Inciso II - Lei Federal 14.133/2021";"6";"Dispensa de Licitação";"29/05/2025 00:00:00";"18/06/2025 00:00:00";"18/06/2025 00:00:00";"0";"0";"20";"672";"0";"672";"0";"E";"90";"ocumento equivalente";"-1";"-1";"";"";"";"";"41";"SEM REAJUSTE";"";"Aristóteles Umbelino de Camargo";"09/04/2025 00:00:00";"28/04/2025 00:00:00";"30/04/2025 00:00:00";"255";"";"";"";"";"6022202500023056";"S";"770.660-0";"Raquel Alves Cabral";"124603404";"Aquisição e confecção de 1.200 (hum mil e duzentas) plaquetas patrimoniais";"";"22";"Secretaria Municipal de Infraestrutura Urbana e Obras";"10";"Gabinete do Secretário";"672";"0";"20";"0";"0";"672";"672";"0";"672";"0";"0";"0";"672";"672";"0";"672";"0";"672";"0";"0";"0";"672";"672";"0";"0";"0";"0";"0";"0";"0";"0";"0";"0";"0";"0";"0";"0";"0";"0";"0";"0";"0";"0";"22.10.15.122.3024.2.100.33903900.00.1.500.9001.0";"63";"Serviços Gráficos e Editoriais";"99";"Outros Serviços Gráficos";"39";"Outros Serviços de Terceiros - Pessoa Jurídica";"0"
"586763";"14889";"2025";"22";"Secretaria Municipal de Infraestrutura Urbana e Obras";"10";"Gabinete do Secretário";"5";"Nota de Empenho Fornecimento de Bens de Consumo e/ou Permanente";"115";"Art. 75 - Inciso II - Lei Federal 14.133/2021";"6";"Dispensa de Licitação";"29/05/2025 00:00:00";"18/06/2025 00:00:00";"18/06/2025 00:00:00";"0";"0";"20";"7990";"0";"7990";"0";"E";"90";"ocumento equivalente";"-1";"-1";"";"";"";"";"41";"SEM REAJUSTE";"";"Sandra Regina Camacho Castilho";"19/05/2025 00:00:00";"26/05/2025 00:00:00";"28/05/2025 00:00:00";"277";"";"";"";"Dispensa - Licitação";"6022202500027400";"S";"d517692";"Paulo Roberto Ribeiro Da Silva";"126118235";"Aquisição de 1.000 (um mil) de pasta para prontuário rosa com ferragem, para utilização de SIURB/DAF/DGP.";"";"22";"Secretaria Municipal de Infraestrutura Urbana e Obras";"10";"Gabinete do Secretário";"7990";"0";"20";"0";"0";"7990";"7990";"0";"7990";"0";"0";"0";"7990";"7990";"0";"7990";"0";"7990";"0";"0";"0";"7990";"7990";"0";"0";"0";"0";"0";"0";"0";"0";"0";"0";"0";"0";"0";"0";"0";"0";"0";"0";"0";"0";"22.10.15.122.3024.2.100.33903000.00.1.500.9001.0";"16";"Material de Expediente";"99";"Diversos Materiais de Expediente";"30";"Material de Consumo";"0"
"586820";"14938";"2025";"22";"Secretaria Municipal de Infraestrutura Urbana e Obras";"10";"Gabinete do Secretário";"2";"Termo de Contrato - Serviços";"39";"Não Aplicável";"8";"Não Aplicável";"18/06/2025 00:00:00";"18/07/2025 00:00:00";"18/07/2025 00:00:00";"0";"0";"30";"24243,32";"0";"24243,32";"0";"A";"9";"umental";"-1";"-1";"";"";"";"";"41";"SEM REAJUSTE";"036/SIURB/2025";"GRACIANA MARIA";"05/06/2025 00:00:00";"27/05/2025 00:00:00";"28/05/2025 00:00:00";"";"05/06/2025 00:00:00";"16/06/2025 00:00:00";"";"ARP 008/SIURB/24";"6022202500016181";"S";"817.140.8";"Fabiane Della Flora Olguin";"126322447";"ATA de RP nº 008/SIURB/24 - Prestação de serviços de sondagem e topografia para a implantação do Reservatório Franquinho (RFR-02) - Bacia do Córrego Tiquatira, na Avenida Dom Helder Câmara - Vila São Geraldo.";"";"22";"Secretaria Municipal de Infraestrutura Urbana e Obras";"10";"Gabinete do Secretário";"24243,32";"0";"30";"0";"0";"24243,32";"24243,32";"0";"24243,32";"0";"0";"0";"24243,32";"24243,32";"0";"24243,32";"0";"24243,32";"0";"0";"0";"24243,32";"24243,32";"0";"0";"0";"0";"0";"0";"0";"0";"0";"0";"0";"0";"0";"0";"0";"0";"0";"0";"0";"0";"86.22.17.451.3008.5.013.44903900.08.1.759.0709.0";"05";"Serviços Técnicos Profissionais";"13";"Topografia";"39";"Outros Serviços de Terceiros - Pessoa Jurídica";"0"
"591115";"18920";"2025";"22";"Secretaria Municipal de Infraestrutura Urbana e Obras";"10";"Gabinete do Secretário";"71";"Nota de Empenho Desapropriações - Interesse  Público";"65";"Decreto-Lei 3365/1941-Operação de Desapropriação por Utilidade Pública";"8";"Não Aplicável";"19/08/2025 00:00:00";"18/09/2025 00:00:00";"18/09/2025 00:00:00";"0";"0";"30";"343,76";"0";"343,76";"0";"E";"1";"";"-1";"-1";"";"";"";"";"41";"SEM REAJUSTE";"032/SIURB/25";"";"";"26/06/2025 00:00:00";"30/06/2025 00:00:00";"";"26/06/2025 00:00:00";"30/06/2025 00:00:00";"";"";"7910202500009436";"S";"837819";"Eliseu aparecido Netto";"128166382";": Pagamento de Custas Finais - Ação de Desapropriação - Operação Urbana Consorciada Água Espraiada - OUCAE";"";"22";"Secretaria Municipal de Infraestrutura Urbana e Obras";"10";"Gabinete do Secretário";"343,76";"0";"30";"0";"0";"343,76";"343,76";"0";"343,76";"0";"0";"0";"343,76";"343,76";"0";"343,76";"0";"343,76";"0";"0";"0";"343,76";"343,76";"0";"0";"0";"0";"0";"0";"0";"0";"0";"0";"0";"0";"0";"0";"0";"0";"0";"0";"0";"0";"29.30.15.451.3009.5.100.44903900.08.2.799.0707.1";"99";"Outros Serviços de Terceiros - Pessoa Jurídica";"99";"Outros Serviços de Terceiros - Pessoa Jurídica";"39";"Outros Serviços de Terceiros - Pessoa Jurídica";"0"
"599480";"26641";"2025";"22";"Secretaria Municipal de Infraestrutura Urbana e Obras";"10";"Gabinete do Secretário";"2";"Termo de Contrato - Serviços";"112";"Art. 74 - Inciso IV - Lei Federal 14.133/2021";"7";"Inexigibilidade";"23/09/2025 00:00:00";"18/09/2026 00:00:00";"18/09/2026 00:00:00";"0";"0";"360";"15430000";"0";"5130000";"0";"A";"9";"umental";"-1";"-1";"";"";"";"";"33";"IPC/FIPE";"069/SIURB/2025";"Bruno Roberto Braga";"02/07/2025 00:00:00";"10/07/2025 00:00:00";"11/07/2025 00:00:00";"";"01/10/2025 00:00:00";"01/10/2025 00:00:00";"";"90008/25/SIURB";"6022202500036107";"S";"753022";"João Luis Maranhão Biscaia";"143469795";"EXECUÇÃO DE OBRAS DE CONTENÇÃO DE ENCOSTA EM DOIS TRECHOS DA AVENIDA JACÚ PÊSSEGO, NO MUNICÍPIO DE SÃO PAULO - SP";"";"22";"Secretaria Municipal de Infraestrutura Urbana e Obras";"10";"Gabinete do Secretário";"15430000";"0";"360";"0";"0";"15430000";"15430000";"0";"5130000";"0";"10300000";"2408343,54";"2721656,46";"2721656,46";"3300000";"15430000";"0";"5130000";"0";"10300000";"2408343,54";"2721656,46";"2721656,46";"3300000";"0";"0";"0";"0";"0";"0";"0";"0";"0";"0";"0";"0";"0";"0";"0";"0";"0";"0";"0";"98.22.26.453.3009.5.105.44905100.08.1.759.0402.1";"89";"Obras em Andamento - Uso Comum do Povo";"08";"Obras em Áreas de Risco";"51";"Obras e Instalações";"10300000"
"599353";"26535";"2025";"22";"Secretaria Municipal de Infraestrutura Urbana e Obras";"10";"Gabinete do Secretário";"2";"Termo de Contrato - Serviços";"109";"Art. 74 - Inciso I - Lei Federal 14.133/2021";"7";"Inexigibilidade";"18/09/2025 00:00:00";"18/09/2026 00:00:00";"18/09/2026 00:00:00";"0";"0";"365";"5854195,41";"0";"0";"0";"A";"9";"umental";"-1";"-1";"";"";"";"";"41";"SEM REAJUSTE";"385367086";"";"";"29/08/2025 00:00:00";"01/09/2025 00:00:00";"";"";"";"";"Nota Téc. 385367086";"7910202500000080";"S";"822290-8";"Jonathan Sant'Ana dos Santos";"141509248";"Execução de enterramento das redes Aéreas de Energia Elétrica do Projeto da Ligação Viária Pirituba Lapa, trecho compreendido na Av. Raimundo Pereira de Magalhães, entre a Av. Aparecida do Rio Negro e a Marginal Tietê.";"";"22";"Secretaria Municipal de Infraestrutura Urbana e Obras";"10";"Gabinete do Secretário";"5854195,41";"0";"365";"0";"0";"5854195,41";"5854195,41";"0";"0";"0";"5854195,41";"0";"0";"0";"5854195,41";"5854195,41";"0";"0";"0";"5854195,41";"0";"0";"0";"5854195,41";"0";"0";"0";"0";"0";"0";"0";"0";"0";"0";"0";"0";"0";"0";"0";"0";"0";"0";"0";"98.22.15.451.3009.5.100.44903900.08.1.759.0402.1";"05";"Serviços Técnicos Profissionais";"05";"Serviços de Instalação de Rede de Energia";"39";"Outros Serviços de Terceiros - Pessoa Jurídica";"5854195,41"
"585108";"13407";"2025";"22";"Secretaria Municipal de Infraestrutura Urbana e Obras";"10";"Gabinete do Secretário";"2";"Termo de Contrato - Serviços";"39";"Não Aplicável";"8";"Não Aplicável";"19/05/2025 00:00:00";"18/09/2028 00:00:00";"18/09/2028 00:00:00";"0";"0";"1218";"347499111";"0";"143685191,06";"0";"A";"9";"umental";"-1";"-1";"";"";"";"";"33";"IPC/FIPE";"029/SIURB/2025";"Arnaldo Gaspar Junior";"01/07/2024 00:00:00";"13/05/2025 00:00:00";"14/05/2025 00:00:00";"";"14/05/2025 00:00:00";"19/05/2025 00:00:00";"";"90006/2024/SPOBRAS";"7910202400017160";"S";"82222908";"Jonathan Sant'Ana dos Santos";"126983430";"Contratação de empresa ou consórcio de empresas especializadas em engenharia para execução de obras para implantação da PONTE GRAÚNA-GAIVOTAS sobre o braço do Cocaia e dos acessos para conexão ao sistema viário existente na Região Sul da Cidade de São Paulo.";"";"22";"Secretaria Municipal de Infraestrutura Urbana e Obras";"10";"Gabinete do Secretário";"347499111";"0";"1218";"0";"0";"347499111";"347499111";"0";"143685191,06";"0";"203813919,94";"14605923,75";"129079267,31";"119586931,38";"52137120,51";"347499111";"0";"143685191,06";"0";"203813919,94";"14605923,75";"129079267,31";"119586931,38";"52137120,51";"0";"0";"0";"0";"0";"0";"0";"0";"0";"0";"0";"0";"0";"0";"0";"0";"0";"0";"0";"98.22.15.451.3009.5.100.44905100.08.1.759.0402.0";"89";"Obras em Andamento - Uso Comum do Povo";"15";"Pontes, Pontilhões e Viadutos";"51";"Obras e Instalações";"203813919,94"
"604623";"31266";"2025";"22";"Secretaria Municipal de Infraestrutura Urbana e Obras";"10";"Gabinete do Secretário";"54";"Nota de Empenho - Pagamento de Anuidades / Taxas / Impostos";"39";"Não Aplicável";"8";"Não Aplicável";"17/10/2025 00:00:00";"18/10/2025 00:00:00";"18/10/2025 00:00:00";"0";"0";"1";"297000";"0";"297000";"0";"E";"1";"";"-1";"-1";"";"";"";"";"41";"SEM REAJUSTE";"PAC 0639294-83";"";"14/10/2025 00:00:00";"17/10/2025 00:00:00";"21/10/2025 00:00:00";"";"";"";"";"Não Aplicável";"7910202500006070";"S";"";"";"";"Tarifa de Reprogramação relacionada ao Novo PAC 0639294-83 - BRT Radial Leste Trecho I.";"";"22";"Secretaria Municipal de Infraestrutura Urbana e Obras";"10";"Gabinete do Secretário";"297000";"0";"1";"0";"0";"297000";"297000";"0";"297000";"0";"0";"0";"297000";"297000";"0";"297000";"0";"297000";"0";"0";"0";"297000";"297000";"0";"0";"0";"0";"0";"0";"0";"0";"0";"0";"0";"0";"0";"0";"0";"0";"0";"0";"0";"0";"22.10.26.453.3009.1.099.44903900.00.2.501.9001.1";"99";"Outros Serviços de Terceiros - Pessoa Jurídica";"99";"Outros Serviços de Terceiros - Pessoa Jurídica";"39";"Outros Serviços de Terceiros - Pessoa Jurídica";"0"
"595808";"23369";"2025";"22";"Secretaria Municipal de Infraestrutura Urbana e Obras";"10";"Gabinete do Secretário";"2";"Termo de Contrato - Serviços";"117";"Art. 75 - Inciso IV - Lei Federal 14.133/2021";"6";"Dispensa de Licitação";"19/08/2025 00:00:00";"18/10/2025 00:00:00";"18/10/2025 00:00:00";"0";"0";"60";"118836,48";"0";"118836,48";"0";"E";"9";"umental";"-1";"-1";"";"";"";"";"41";"SEM REAJUSTE";"061/SIURB/2025";"DANIEL DOS SANTOS OLIVEIRA";"30/07/2025 00:00:00";"24/07/2025 00:00:00";"28/07/2025 00:00:00";"";"30/07/2025 00:00:00";"12/08/2025 00:00:00";"";"N° 90012/25/SIURB";"6022202500026276";"S";"D7247222";"FERNANDO CÉSAR ZAGO";"129913072";"CONTRATAÇÃO DE EMPRESA PARA ELABORAÇÃO DO PROJETO BÁSICO DE CONTENÇÃO E PROTEÇÃO DE MARGEM PARA CANALIZAÇÃO DO CÓRREGO PACIÊNCIA, NO TRECHO COMPREENDIDO ENTRE A RUA AFONSO OITAVO ATÉ A RUA MAJOR DANTAS CORTEZ, VILA GUSTAVO- SÃO PAULO/SP.";"";"22";"Secretaria Municipal de Infraestrutura Urbana e Obras";"10";"Gabinete do Secretário";"118836,48";"0";"60";"0";"0";"118836,48";"118836,48";"0";"118836,48";"0";"0";"0";"118836,48";"118836,48";"0";"118836,48";"0";"118836,48";"0";"0";"0";"118836,48";"118836,48";"0";"0";"0";"0";"0";"0";"0";"0";"0";"0";"0";"0";"0";"0";"0";"0";"0";"0";"0";"0";"86.22.17.451.3008.5.013.44903900.08.1.759.0709.0";"99";"Outros Serviços de Terceiros - Pessoa Jurídica";"99";"Outros Serviços de Terceiros - Pessoa Jurídica";"39";"Outros Serviços de Terceiros - Pessoa Jurídica";"0"
"609383";"35696";"2025";"22";"Secretaria Municipal de Infraestrutura Urbana e Obras";"10";"Gabinete do Secretário";"54";"Nota de Empenho - Pagamento de Anuidades / Taxas / Impostos";"39";"Não Aplicável";"8";"Não Aplicável";"18/11/2025 00:00:00";"18/12/2025 00:00:00";"18/12/2025 00:00:00";"0";"0";"30";"3150";"0";"3150";"0";"E";"1";"";"-1";"-1";"";"";"";"";"41";"SEM REAJUSTE";"0425.748-27/2013";"";"18/11/2025 00:00:00";"27/11/2025 00:00:00";"01/12/2025 00:00:00";"";"";"";"";"N/A";"7910202500020634";"S";"";"";"";"Termo de Compromisso nº 0425.748-27/2013 - Terminal Itaquera - Programa Mobilidade Urbana e Trânsito.";"";"22";"Secretaria Municipal de Infraestrutura Urbana e Obras";"10";"Gabinete do Secretário";"3150";"0";"30";"0";"0";"3150";"3150";"0";"3150";"0";"0";"0";"3150";"3150";"0";"3150";"0";"3150";"0";"0";"0";"3150";"3150";"0";"0";"0";"0";"0";"0";"0";"0";"0";"0";"0";"0";"0";"0";"0";"0";"0";"0";"0";"0";"98.22.26.453.3009.1.095.44905100.08.1.759.0402.0";"89";"Obras em Andamento - Uso Comum do Povo";"21";"Terminais de Ônibus e Abrigos para Passageiros";"51";"Obras e Instalações";"0"
"611959";"38075";"2025";"22";"Secretaria Municipal de Infraestrutura Urbana e Obras";"10";"Gabinete do Secretário";"1";"Sem Ônus";"39";"Não Aplicável";"8";"Não Aplicável";"19/12/2025 00:00:00";"19/03/2026 00:00:00";"19/03/2026 00:00:00";"0";"0";"90";"2469,16";"0";"2469,16";"0";"E";"1";"";"-1";"-1";"";"";"";"";"41";"SEM REAJUSTE";"";"Gualberto Kroll Lazarini";"02/12/2025 00:00:00";"19/12/2025 00:00:00";"23/12/2025 00:00:00";"";"";"";"";"";"6022202500097645";"S";"";"";"";"Despesas com Locomoção - Treinamento FIDIC - Banco Mundial - Brasília/DF - Gualberto Kroll Lazarini - RF: 953.108.4";"";"22";"Secretaria Municipal de Infraestrutura Urbana e Obras";"10";"Gabinete do Secretário";"2469,16";"0";"90";"0";"0";"2469,16";"2469,16";"0";"2469,16";"0";"0";"0";"2469,16";"2469,16";"0";"2469,16";"0";"2469,16";"0";"0";"0";"2469,16";"2469,16";"0";"0";"0";"0";"0";"0";"0";"0";"0";"0";"0";"0";"0";"0";"0";"0";"0";"0";"0";"0";"22.10.15.122.3024.2.100.33903300.00.1.500.9001.1";"09";"Transporte de Servidores";"01";"Transporte Individual por Aplicativo";"33";"Passagens e Despesas com Locomoção";"0"
"588924";"16828";"2025";"22";"Secretaria Municipal de Infraestrutura Urbana e Obras";"10";"Gabinete do Secretário";"54";"Nota de Empenho - Pagamento de Anuidades / Taxas / Impostos";"39";"Não Aplicável";"8";"Não Aplicável";"17/06/2025 00:00:00";"19/06/2025 00:00:00";"19/06/2025 00:00:00";"0";"0";"2";"3000";"0";"3000";"0";"E";"1";"";"-1";"-1";"";"";"";"";"41";"SEM REAJUSTE";"NOVO PAC 0639296-01";"";"17/06/2025 00:00:00";"17/06/2025 00:00:00";"18/06/2025 00:00:00";"";"17/06/2025 00:00:00";"18/06/2025 00:00:00";"";"";"7910202500006178";"S";"";"";"";"NOVO PAC 0639296-01 - Córrego Freitas.";"";"22";"Secretaria Municipal de Infraestrutura Urbana e Obras";"10";"Gabinete do Secretário";"3000";"0";"2";"0";"0";"3000";"3000";"0";"3000";"0";"0";"0";"3000";"3000";"0";"3000";"0";"3000";"0";"0";"0";"3000";"3000";"0";"0";"0";"0";"0";"0";"0";"0";"0";"0";"0";"0";"0";"0";"0";"0";"0";"0";"0";"0";"86.22.17.451.3008.5.013.44903900.08.1.759.0709.0";"99";"Outros Serviços de Terceiros - Pessoa Jurídica";"99";"Outros Serviços de Terceiros - Pessoa Jurídica";"39";"Outros Serviços de Terceiros - Pessoa Jurídica";"0"
"588957";"16859";"2025";"22";"Secretaria Municipal de Infraestrutura Urbana e Obras";"10";"Gabinete do Secretário";"54";"Nota de Empenho - Pagamento de Anuidades / Taxas / Impostos";"39";"Não Aplicável";"8";"Não Aplicável";"17/06/2025 00:00:00";"19/06/2025 00:00:00";"19/06/2025 00:00:00";"0";"0";"2";"3000";"0";"3000";"0";"E";"1";"";"-1";"-1";"";"";"";"";"41";"SEM REAJUSTE";"TARIFA PAC 063929483";"";"";"17/06/2025 00:00:00";"18/06/2025 00:00:00";"";"17/06/2025 00:00:00";"18/06/2025 00:00:00";"";"";"7910202500006070";"S";"";"";"";"Pagamento de Tarifa Extraordinária - NOVO PAC 0639.294-83 - BRT Radial Leste - Trecho I";"";"22";"Secretaria Municipal de Infraestrutura Urbana e Obras";"10";"Gabinete do Secretário";"3000";"0";"2";"0";"0";"3000";"3000";"0";"3000";"0";"0";"0";"3000";"3000";"0";"3000";"0";"3000";"0";"0";"0";"3000";"3000";"0";"0";"0";"0";"0";"0";"0";"0";"0";"0";"0";"0";"0";"0";"0";"0";"0";"0";"0";"0";"98.22.26.453.3009.5.105.44903900.08.1.759.0402.0";"99";"Outros Serviços de Terceiros - Pessoa Jurídica";"99";"Outros Serviços de Terceiros - Pessoa Jurídica";"39";"Outros Serviços de Terceiros - Pessoa Jurídica";"0"
"603049";"29881";"2025";"22";"Secretaria Municipal de Infraestrutura Urbana e Obras";"10";"Gabinete do Secretário";"2";"Termo de Contrato - Serviços";"39";"Não Aplicável";"8";"Não Aplicável";"20/10/2025 00:00:00";"19/07/2026 00:00:00";"19/07/2026 00:00:00";"0";"0";"272";"24382999,91";"726000";"14746602,12";"726000";"A";"9";"umental";"-1";"-1";"";"";"";"";"33";"IPC/FIPE";"092/SIURB/2025";"GUILHERME ANDRIONI SALGUEIRO LOURENÇO";"24/09/2025 00:00:00";"02/10/2025 00:00:00";"03/10/2025 00:00:00";"";"24/11/2025 00:00:00";"24/11/2025 00:00:00";"";"90003/2025";"7910202400024298";"S";"822290-8";"Jonathan Sant'Ana dos Santos";"145423592";"Contratação de empresa ou consórcio de especializadas para execução de obras de recuperação do Túnel Nove de Julho - Lote 1.";"";"22";"Secretaria Municipal de Infraestrutura Urbana e Obras";"10";"Gabinete do Secretário";"24382999,91";"0";"272";"0";"726000";"25108999,91";"25108999,91";"0";"15472602,12";"0";"9636397,79";"3008000,24";"12464601,88";"12464601,88";"7158599,35";"24382999,91";"0";"14746602,12";"0";"9636397,79";"2455253,15";"12291348,97";"12291348,97";"7158599,35";"726000";"0";"726000";"0";"0";"552747,09";"173252,91";"173252,91";"0";"0";"0";"0";"0";"0";"0";"0";"0";"0";"0";"22.10.15.451.3009.5.187.44905100.00.1.500.0003.0";"89";"Obras em Andamento - Uso Comum do Povo";"15";"Pontes, Pontilhões e Viadutos";"51";"Obras e Instalações";"9636397,79"
"587802";"15808";"2025";"22";"Secretaria Municipal de Infraestrutura Urbana e Obras";"10";"Gabinete do Secretário";"72";"Nota de Empenho Desapropriações - Interesse Social";"65";"Decreto-Lei 3365/1941-Operação de Desapropriação por Utilidade Pública";"8";"Não Aplicável";"20/08/2025 00:00:00";"19/09/2025 00:00:00";"19/09/2025 00:00:00";"0";"0";"30";"21002,44";"0";"21002,44";"0";"E";"1";"";"-1";"-1";"";"";"";"";"41";"SEM REAJUSTE";"026/SIURB/2025";"";"";"06/06/2025 00:00:00";"09/06/2025 00:00:00";"";"10/07/2025 00:00:00";"10/07/2025 00:00:00";"";"";"7910202500005481";"S";"837819";"Eliseu Aparecido Netto";"124064800";"Desapropriação de imóvel localizado à Rua Joaquim Nabuco, n. 1408, Brooklin Paulista, São Paulo - SP, contribuinte nº 091.211.0026-8/0027-6, necessário para implantação do melhoramento HIS - área 15, integrante da OUCAE.";"";"22";"Secretaria Municipal de Infraestrutura Urbana e Obras";"10";"Gabinete do Secretário";"21002,44";"0";"30";"0";"0";"21002,44";"21002,44";"0";"21002,44";"0";"0";"0";"21002,44";"21002,44";"0";"21002,44";"0";"21002,44";"0";"0";"0";"21002,44";"21002,44";"0";"0";"0";"0";"0";"0";"0";"0";"0";"0";"0";"0";"0";"0";"0";"0";"0";"0";"0";"0";"29.30.16.482.3002.3.354.44906100.08.1.799.0624.0";"99";"Outras Aquisições de Bens Imóveis";"01";"Desapropriações";"61";"Aquisição de Imóveis";"0"
"593693";"21406";"2025";"22";"Secretaria Municipal de Infraestrutura Urbana e Obras";"10";"Gabinete do Secretário";"72";"Nota de Empenho Desapropriações - Interesse Social";"65";"Decreto-Lei 3365/1941-Operação de Desapropriação por Utilidade Pública";"8";"Não Aplicável";"20/08/2025 00:00:00";"19/09/2025 00:00:00";"19/09/2025 00:00:00";"0";"0";"30";"71,26";"0";"71,26";"0";"E";"1";"";"-1";"-1";"";"";"";"";"41";"SEM REAJUSTE";"";"";"";"10/07/2025 00:00:00";"11/07/2025 00:00:00";"";"";"";"";"";"7910202500009800";"S";"837819";"ELISEU APARECIDO NETTO";"128500900";"Desapropriação de imóvel necessário para implantação do melhoramento Prolongamento da Av. Jornalista Roberto Marinho - Parque Linear, integrante da Operação Urbana Consorciada Água Espraiada - OUCAE";"";"22";"Secretaria Municipal de Infraestrutura Urbana e Obras";"10";"Gabinete do Secretário";"71,26";"0";"30";"0";"0";"71,26";"71,26";"0";"71,26";"0";"0";"0";"71,26";"71,26";"0";"71,26";"0";"71,26";"0";"0";"0";"71,26";"71,26";"0";"0";"0";"0";"0";"0";"0";"0";"0";"0";"0";"0";"0";"0";"0";"0";"0";"0";"0";"0";"29.30.15.451.3009.5.100.44903900.08.1.799.0707.0";"99";"Outros Serviços de Terceiros - Pessoa Jurídica";"99";"Outros Serviços de Terceiros - Pessoa Jurídica";"39";"Outros Serviços de Terceiros - Pessoa Jurídica";"0"
"599303";"26501";"2025";"22";"Secretaria Municipal de Infraestrutura Urbana e Obras";"10";"Gabinete do Secretário";"5";"Nota de Empenho Fornecimento de Bens de Consumo e/ou Permanente";"115";"Art. 75 - Inciso II - Lei Federal 14.133/2021";"6";"Dispensa de Licitação";"04/09/2025 00:00:00";"19/09/2025 00:00:00";"19/09/2025 00:00:00";"0";"0";"15";"15757,20";"0";"15757,20";"0";"E";"90";"ocumento equivalente";"2025";"16";"13";"Secretaria Municipal de Gestão";"";"";"41";"SEM REAJUSTE";"";"THIARA PEDROZA MOSCARDI";"10/07/2025 00:00:00";"28/08/2025 00:00:00";"01/09/2025 00:00:00";"66";"";"";"";"90008/2025-COBES";"6022202500057902";"S";"d517692";"Paulo Roberto Ribeiro Da Silva";"141186993";"Aquisição de copos descartáveis de papel para café e água para atendimento ao consumo dos servidores da PMSP - Ata de Registro de Preço nº 016/SEGES-COBES/2025.";"";"22";"Secretaria Municipal de Infraestrutura Urbana e Obras";"10";"Gabinete do Secretário";"15757,20";"0";"15";"0";"0";"15757,20";"15757,20";"0";"15757,20";"0";"0";"0";"15757,20";"15757,20";"0";"15757,20";"0";"15757,20";"0";"0";"0";"15757,20";"15757,20";"0";"0";"0";"0";"0";"0";"0";"0";"0";"0";"0";"0";"0";"0";"0";"0";"0";"0";"0";"0";"22.10.15.122.3024.2.100.33903000.00.1.500.9001.1";"21";"Material de Limpeza e Produção de Higienização";"99";"Diversos Materiais e Utensílios de Copa e Cozinha";"30";"Material de Consumo";"0"
"603649";"30428";"2025";"22";"Secretaria Municipal de Infraestrutura Urbana e Obras";"10";"Gabinete do Secretário";"2";"Termo de Contrato - Serviços";"39";"Não Aplicável";"8";"Não Aplicável";"20/10/2025 00:00:00";"18/04/2026 00:00:00";"19/10/2026 00:00:00";"0";"0";"180";"5990000";"0";"3565152,44";"0";"A";"90";"ocumento equivalente";"-1";"-1";"";"";"";"";"33";"IPC/FIPE";"066/SIURB/2025";"VICTOR TAVARES PESSOA DE MELO";"31/01/2025 00:00:00";"10/10/2025 00:00:00";"13/10/2025 00:00:00";"";"22/10/2025 00:00:00";"23/10/2025 00:00:00";"";"90004/2025/SPOBRAS";"7910202400024301";"S";"300955-6";"Ricardo Francisco Pereira Cimino";"143458478";"Contratação de empresa ou Consórcio de empresas especializadas para execução de obras de recuperação do Túnel Tribunal de Justiça - Lote 2.";"";"22";"Secretaria Municipal de Infraestrutura Urbana e Obras";"10";"Gabinete do Secretário";"5990000";"0";"180";"0";"0";"5990000";"5990000";"0";"3565152,44";"0";"2424847,56";"63921,75";"3501230,69";"3501230,69";"10138905,74";"5990000";"0";"3565152,44";"0";"2424847,56";"63921,75";"3501230,69";"3501230,69";"10138905,74";"0";"0";"0";"0";"0";"0";"0";"0";"0";"0";"0";"0";"0";"0";"0";"0";"0";"184";"0";"22.10.15.451.3009.5.187.44905100.00.1.500.0003.0";"89";"Obras em Andamento - Uso Comum do Povo";"19";"Sistemas Viários";"51";"Obras e Instalações";"2424847,56"
"571575";"911";"2025";"22";"Secretaria Municipal de Infraestrutura Urbana e Obras";"10";"Gabinete do Secretário";"2";"Termo de Contrato - Serviços";"39";"Não Aplicável";"8";"Não Aplicável";"23/04/2025 00:00:00";"19/12/2025 00:00:00";"19/12/2025 00:00:00";"0";"0";"240";"0";"0";"0";"0";"E";"9";"umental";"-1";"-1";"";"";"";"";"33";"IPC/FIPE";"010/SIURB/2025";"";"";"16/09/2024 00:00:00";"17/09/2024 00:00:00";"";"";"";"";"004/23/SIURB";"6022202200056390";"S";"";"";"";"Contratação de empresa especializada para elaboração de inspeções especiais, vistorias, ensaios, laudos técnicos, verificações estruturais, projeto executivo de requalificação e concepção de recuperação estrutural em túneis e passagens subterrâneas no Município de São Paulo - Lote 3.";"";"22";"Secretaria Municipal de Infraestrutura Urbana e Obras";"10";"Gabinete do Secretário";"5118931,20";"0";"240";"0";"0";"5118931,20";"5118931,20";"0";"0";"5118931,20";"0";"0";"0";"0";"0";"5118931,20";"0";"0";"5118931,20";"0";"0";"0";"0";"0";"0";"0";"0";"0";"0";"0";"0";"0";"0";"0";"0";"0";"0";"0";"0";"0";"0";"0";"0";"";"";"";"";"";"";"";"0"
"571574";"910";"2025";"22";"Secretaria Municipal de Infraestrutura Urbana e Obras";"10";"Gabinete do Secretário";"2";"Termo de Contrato - Serviços";"39";"Não Aplicável";"8";"Não Aplicável";"23/04/2025 00:00:00";"19/12/2025 00:00:00";"19/12/2025 00:00:00";"0";"0";"240";"0";"0";"0";"0";"E";"9";"umental";"-1";"-1";"";"";"";"";"33";"IPC/FIPE";"009/SIURB/2025";"";"";"16/09/2024 00:00:00";"17/09/2024 00:00:00";"";"";"";"";"004/23/SIURB";"6022202200056390";"S";"";"";"";"Contratação de empresa especializada para elaboração de inspeções especiais, vistorias, ensaios, laudos técnicos, verificações estruturais, projeto executivo de requalificação e concepção de recuperação estrutural em túneis e passagens subterrâneas no Município de São Paulo - Lote 2.";"";"22";"Secretaria Municipal de Infraestrutura Urbana e Obras";"10";"Gabinete do Secretário";"4652959,71";"0";"240";"0";"0";"4652959,71";"4652959,71";"0";"0";"4652959,71";"0";"0";"0";"0";"0";"4652959,71";"0";"0";"4652959,71";"0";"0";"0";"0";"0";"0";"0";"0";"0";"0";"0";"0";"0";"0";"0";"0";"0";"0";"0";"0";"0";"0";"0";"0";"";"";"";"";"";"";"";"0"
"571572";"908";"2025";"22";"Secretaria Municipal de Infraestrutura Urbana e Obras";"10";"Gabinete do Secretário";"2";"Termo de Contrato - Serviços";"39";"Não Aplicável";"8";"Não Aplicável";"23/04/2025 00:00:00";"19/12/2025 00:00:00";"19/12/2025 00:00:00";"0";"0";"240";"0";"0";"0";"0";"E";"9";"umental";"-1";"-1";"";"";"";"";"33";"IPC/FIPE";"008/SIURB/2025";"";"";"16/09/2024 00:00:00";"17/09/2024 00:00:00";"";"";"";"";"004/23/SIURB";"6022202200056390";"S";"";"";"";"Contratação de empresa especializada para elaboração de inspeções especiais, vistorias, ensaios, laudos técnicos, verificações estruturais, projeto executivo de requalificação e concepção de recuperação estrutural em túneis e passagens subterrâneas no Município de São Paulo - Lote 1.";"";"22";"Secretaria Municipal de Infraestrutura Urbana e Obras";"10";"Gabinete do Secretário";"5798427,68";"0";"240";"0";"0";"5798427,68";"5798427,68";"0";"0";"5798427,68";"0";"0";"0";"0";"0";"5798427,68";"0";"0";"5798427,68";"0";"0";"0";"0";"0";"0";"0";"0";"0";"0";"0";"0";"0";"0";"0";"0";"0";"0";"0";"0";"0";"0";"0";"0";"";"";"";"";"";"";"";"0"
"602852";"29700";"2025";"22";"Secretaria Municipal de Infraestrutura Urbana e Obras";"10";"Gabinete do Secretário";"2";"Termo de Contrato - Serviços";"39";"Não Aplicável";"8";"Não Aplicável";"22/10/2025 00:00:00";"19/02/2026 00:00:00";"20/04/2026 00:00:00";"0";"0";"120";"1228782,59";"0";"1228782,59";"0";"A";"9";"umental";"-1";"-1";"";"";"";"";"33";"IPC/FIPE";"090/SIURB/2025";"PAULO GOMES DUQUE JUNIOR";"11/09/2023 00:00:00";"02/10/2025 00:00:00";"06/10/2025 00:00:00";"";"14/10/2025 00:00:00";"21/10/2025 00:00:00";"";"ATA RP 06/SMS.G/2023";"6022202500040015";"S";"627.528.1";"José Alberto Alves da Silva";"143627685";"utilização da Ata de Registro de Preços n° 006/SMS.G/2023, oriunda concorrência pública nº 003/2023.SMS.G, cuja detentora é a empresa CONSITEC ENGENHARIA E TECNOLOGIA LTDA., inscrita no CNPJ/MF sob o nº 02.243.019/0001-94, para a execução de Obras e Serviços de Manutenção da Unidade Escolar EMEF Presidente Kennedy - Subprefeitura Aricanduva / Formosa / Carrão, pelo prazo de 120 dias corridos, a contar da emissão da ordem de início.";"";"22";"Secretaria Municipal de Infraestrutura Urbana e Obras";"10";"Gabinete do Secretário";"1228943,01";"0";"120";"-160,42";"0";"1228782,59";"1228782,59";"0";"1228782,59";"0";"0";"68157,40";"1160625,19";"1160625,19";"160,42";"1228782,59";"0";"1228782,59";"0";"0";"68157,40";"1160625,19";"1160625,19";"160,42";"0";"0";"0";"0";"0";"0";"0";"0";"0";"0";"0";"0";"0,01";"0";"0";"0";"0";"60";"0";"16.10.12.361.3010.2.879.33903900.00.1.500.9001.1";"05";"Serviços Técnicos Profissionais";"99";"Outros Serviços Técnicos Profissionais - PJ";"39";"Outros Serviços de Terceiros - Pessoa Jurídica";"0"
"579469";"8282";"2025";"22";"Secretaria Municipal de Infraestrutura Urbana e Obras";"10";"Gabinete do Secretário";"2";"Termo de Contrato - Serviços";"39";"Não Aplicável";"8";"Não Aplicável";"25/04/2025 00:00:00";"21/12/2025 00:00:00";"20/04/2026 00:00:00";"0";"0";"240";"5118931,20";"0";"5118931,20";"0";"A";"9";"umental";"-1";"-1";"";"";"";"";"41";"SEM REAJUSTE";"010/SIURB/2025";"PEDRO HENRIQUE TAMBURI DA SILVA";"07/05/2024 00:00:00";"16/09/2024 00:00:00";"17/09/2024 00:00:00";"";"15/04/2025 00:00:00";"16/04/2025 00:00:00";"";"004/23/SIURB";"6022202200056390";"S";"9207562";"André Ramos Evaristo da Silva";"Fiscal";"Elaboração de inspeções especiais, vistorias, ensaios, laudos técnicos, verificações estruturais, projeto executivo de requalificação e concepção de recuperação estrutural em túneis e passagens subterrâneas no Município de São Paulo - LOTE 3";"";"22";"Secretaria Municipal de Infraestrutura Urbana e Obras";"10";"Gabinete do Secretário";"5118931,20";"0";"240";"0";"0";"5118931,20";"5118931,20";"0";"5118931,20";"0";"0";"130596,94";"4988334,26";"4988334,26";"2841968,27";"5118931,20";"0";"5118931,20";"0";"0";"130596,94";"4988334,26";"4988334,26";"2841968,27";"0";"0";"0";"0";"0";"0";"0";"0";"0";"0";"0";"0";"0";"0";"0";"0";"0";"120";"0";"98.22.15.451.3009.5.287.44903900.08.1.759.0402.0";"05";"Serviços Técnicos Profissionais";"01";"Gerenciamento";"39";"Outros Serviços de Terceiros - Pessoa Jurídica";"0"
"600211";"27289";"2025";"22";"Secretaria Municipal de Infraestrutura Urbana e Obras";"10";"Gabinete do Secretário";"2";"Termo de Contrato - Serviços";"39";"Não Aplicável";"8";"Não Aplicável";"23/10/2025 00:00:00";"21/04/2026 00:00:00";"20/06/2026 00:00:00";"0";"0";"180";"2199979,14";"0";"2164112,25";"0";"A";"9";"umental";"2024";"6";"22";"Secretaria Municipal de Infraestrutura Urbana e Obras";"";"";"41";"SEM REAJUSTE";"072/SIURB/2025";"Adriana Carla Vilella";"16/08/2025 00:00:00";"10/09/2025 00:00:00";"11/09/2025 00:00:00";"";"10/09/2025 00:00:00";"11/09/2025 00:00:00";"";"90003/24/SIURB";"6022202500037707";"S";"837819-3";"Eliseu Aparecido Netto";"142075470";"Utilização da ATA de RP nº 006/SIURB/2024 - Registro de preços para elaboração de material técnico necessário à avaliação, desapropriação, cessão de imóveis, permutas e/ou transferência de posse no município de São Paulo (levantamento planialtimétrico, cadastros individuais de propriedade e avaliação individual de imóveis) - Agrupamento I - Viário Cocaia, Ponte Graúna Gaivotas";"";"22";"Secretaria Municipal de Infraestrutura Urbana e Obras";"10";"Gabinete do Secretário";"1786119";"0";"180";"413860,14";"0";"2199979,14";"2199979,14";"0";"2164112,25";"0";"35866,89";"355596,17";"1808516,08";"1808516,08";"1146719,82";"2199979,14";"0";"2164112,25";"0";"35866,89";"355596,17";"1808516,08";"1808516,08";"1146719,82";"0";"0";"0";"0";"0";"0";"0";"0";"0";"0";"0";"0";"0";"0";"0";"0";"0";"60";"0";"98.22.26.453.3009.5.105.44903900.08.1.759.0402.0";"99";"Outros Serviços de Terceiros - Pessoa Jurídica";"99";"Outros Serviços de Terceiros - Pessoa Jurídica";"39";"Outros Serviços de Terceiros - Pessoa Jurídica";"35866,89"
"599591";"26745";"2025";"22";"Secretaria Municipal de Infraestrutura Urbana e Obras";"10";"Gabinete do Secretário";"5";"Nota de Empenho Fornecimento de Bens de Consumo e/ou Permanente";"115";"Art. 75 - Inciso II - Lei Federal 14.133/2021";"6";"Dispensa de Licitação";"05/09/2025 00:00:00";"20/09/2025 00:00:00";"20/09/2025 00:00:00";"0";"0";"15";"504";"0";"504";"0";"E";"90";"ocumento equivalente";"-1";"-1";"";"";"";"";"41";"SEM REAJUSTE";"";"FRANKLIN ALVES NOGUEIRO";"15/08/2025 00:00:00";"02/09/2025 00:00:00";"03/09/2025 00:00:00";"289";"";"";"";"90014/2025-SIURB";"6022202500056450";"S";"d517692";"Paulo Roberto Ribeiro Da Silva";"140710481";"Aquisição de água mineral sem gás em copos de 200ml";"";"22";"Secretaria Municipal de Infraestrutura Urbana e Obras";"10";"Gabinete do Secretário";"504";"0";"15";"0";"0";"504";"504";"0";"504";"0";"0";"0";"504";"504";"0";"504";"0";"504";"0";"0";"0";"504";"504";"0";"0";"0";"0";"0";"0";"0";"0";"0";"0";"0";"0";"0";"0";"0";"0";"0";"0";"0";"0";"22.10.15.122.3024.2.100.33903000.00.1.500.9001.0";"07";"Gêneros de Alimentação";"13";"Bebidas em Geral";"30";"Material de Consumo";"0"
"604650";"31290";"2025";"22";"Secretaria Municipal de Infraestrutura Urbana e Obras";"10";"Gabinete do Secretário";"71";"Nota de Empenho Desapropriações - Interesse  Público";"65";"Decreto-Lei 3365/1941-Operação de Desapropriação por Utilidade Pública";"8";"Não Aplicável";"21/10/2025 00:00:00";"20/11/2025 00:00:00";"20/11/2025 00:00:00";"0";"0";"30";"0";"0";"0";"0";"E";"1";"";"-1";"-1";"";"";"";"";"41";"SEM REAJUSTE";"";"";"";"16/09/2025 00:00:00";"18/09/2025 00:00:00";"14262";"";"";"";"";"7910202500009436";"S";"837819";"ELISEU APARECIDO NETTO";"142542373";"Desapropriação de imóvel necessário para implantação do melhoramento Chucri Zaidan, integrante da Operação Urbana Consorciada Água Espraiada";"";"22";"Secretaria Municipal de Infraestrutura Urbana e Obras";"10";"Gabinete do Secretário";"1,55";"0";"30";"0";"0";"1,55";"1,55";"0";"0";"1,55";"0";"0";"0";"0";"1,55";"1,55";"0";"0";"1,55";"0";"0";"0";"0";"1,55";"0";"0";"0";"0";"0";"0";"0";"0";"0";"0";"0";"0";"0";"0";"0";"0";"0";"0";"0";"29.30.15.451.3009.5.100.44903900.08.2.799.0707.1";"99";"Outros Serviços de Terceiros - Pessoa Jurídica";"99";"Outros Serviços de Terceiros - Pessoa Jurídica";"39";"Outros Serviços de Terceiros - Pessoa Jurídica";"0"
"595177";"22791";"2025";"22";"Secretaria Municipal de Infraestrutura Urbana e Obras";"10";"Gabinete do Secretário";"71";"Nota de Empenho Desapropriações - Interesse  Público";"65";"Decreto-Lei 3365/1941-Operação de Desapropriação por Utilidade Pública";"8";"Não Aplicável";"22/07/2025 00:00:00";"21/08/2025 00:00:00";"21/08/2025 00:00:00";"0";"0";"30";"0";"0";"0";"0";"E";"1";"";"-1";"-1";"";"";"";"";"41";"SEM REAJUSTE";"";"Eliseu aparecido Netto";"15/07/2025 00:00:00";"18/07/2025 00:00:00";"22/07/2025 00:00:00";"";"";"";"";"";"7910202500010680";"S";"837819";"ELISEU APARECIDO NETTO";"129347930";"Desapropriação de imóvel necessário para implantação do melhoramento Chucri Zaidan, integrante da Operação Urbana Consorciada Água Espraiada - OUCAE.";"";"22";"Secretaria Municipal de Infraestrutura Urbana e Obras";"10";"Gabinete do Secretário";"185,10";"0";"30";"0";"0";"185,10";"185,10";"0";"0";"185,10";"0";"0";"0";"0";"185,10";"185,10";"0";"0";"185,10";"0";"0";"0";"0";"185,10";"0";"0";"0";"0";"0";"0";"0";"0";"0";"0";"0";"0";"0";"0";"0";"0";"0";"0";"0";"29.30.15.451.3009.5.100.44903900.08.2.799.0707.1";"99";"Outros Serviços de Terceiros - Pessoa Jurídica";"99";"Outros Serviços de Terceiros - Pessoa Jurídica";"39";"Outros Serviços de Terceiros - Pessoa Jurídica";"0"
"579397";"8213";"2025";"22";"Secretaria Municipal de Infraestrutura Urbana e Obras";"10";"Gabinete do Secretário";"2";"Termo de Contrato - Serviços";"39";"Não Aplicável";"8";"Não Aplicável";"25/04/2025 00:00:00";"21/12/2025 00:00:00";"21/12/2025 00:00:00";"0";"0";"240";"5798427,68";"0";"5271573,67";"0";"A";"9";"umental";"-1";"-1";"";"";"";"";"41";"SEM REAJUSTE";"008/SIURB/2025";"PEDRO HENRIQUE TAMBURI DA SILVA";"07/05/2024 00:00:00";"16/09/2024 00:00:00";"17/09/2024 00:00:00";"";"14/04/2025 00:00:00";"16/04/2025 00:00:00";"";"004/23/SIURB";"6022202200056390";"S";"9207562";"André Ramos Evaristo da Silva";"Fiscal";"Elaboração de inspeções especiais, vistorias, ensaios, laudos técnicos, verificações estruturais, projeto executivo de requalificação e concepção de recuperação estrutural em túneis e passagens subterrâneas no Município de São Paulo - LOTE 1";"";"22";"Secretaria Municipal de Infraestrutura Urbana e Obras";"10";"Gabinete do Secretário";"5798427,68";"0";"240";"0";"0";"5798427,68";"5798427,68";"0";"5271573,67";"0";"526854,01";"0";"5271573,67";"5271573,67";"4239777,26";"5798427,68";"0";"5271573,67";"0";"526854,01";"0";"5271573,67";"5271573,67";"4239777,26";"0";"0";"0";"0";"0";"0";"0";"0";"0";"0";"0";"0";"0";"0";"0";"0";"0";"0";"0";"22.10.15.451.3009.5.287.44903900.00.1.500.0003.0";"05";"Serviços Técnicos Profissionais";"01";"Gerenciamento";"39";"Outros Serviços de Terceiros - Pessoa Jurídica";"526854,01"
"603654";"30431";"2025";"22";"Secretaria Municipal de Infraestrutura Urbana e Obras";"10";"Gabinete do Secretário";"2";"Termo de Contrato - Serviços";"122";"Art. 75 - Inciso IX - Lei Federal 14.133/2021";"6";"Dispensa de Licitação";"20/10/2025 00:00:00";"22/03/2027 00:00:00";"22/03/2027 00:00:00";"0";"0";"518";"3669735,19";"0";"3422049,19";"0";"A";"9";"umental";"-1";"-1";"";"";"";"";"33";"IPC/FIPE";"095/SIURB/2025";"Marco Alessio Antunes";"01/10/2025 00:00:00";"10/10/2025 00:00:00";"13/10/2025 00:00:00";"";"20/10/2025 00:00:00";"22/10/2025 00:00:00";"";"Ofício nº 103/SIURB";"6022202500040074";"S";"D7385013";"Willian Bordin Cano;";"142847810";"Contratação para prestação de serviços técnicos especializados para acompanhamento, assistência e subsídio de informações à fiscalização de SIURB na execução das obras de requalificação urbana e reforma das calçadas do Centro Histórico - República";"";"22";"Secretaria Municipal de Infraestrutura Urbana e Obras";"10";"Gabinete do Secretário";"3669735,19";"0";"518";"0";"0";"3669735,19";"3669735,19";"0";"3422049,19";"0";"247686";"2607830,06";"814219,13";"814219,13";"167686";"3669735,19";"0";"3422049,19";"0";"247686";"2607830,06";"814219,13";"814219,13";"167686";"0";"0";"0";"0";"0";"0";"0";"0";"0";"0";"0";"0";"0";"0";"0";"0";"0";"0";"0";"98.22.26.453.3009.5.105.44903900.08.1.759.0402.0";"05";"Serviços Técnicos Profissionais";"12";"Restauro e Conservação de Patrimônio Histórico";"39";"Outros Serviços de Terceiros - Pessoa Jurídica";"247686"
"582014";"10580";"2025";"22";"Secretaria Municipal de Infraestrutura Urbana e Obras";"10";"Gabinete do Secretário";"1";"Sem Ônus";"39";"Não Aplicável";"8";"Não Aplicável";"22/04/2025 00:00:00";"22/04/2026 00:00:00";"22/04/2026 00:00:00";"0";"0";"365";"0";"0";"0";"0";"E";"9";"umental";"-1";"-1";"";"";"";"";"41";"SEM REAJUSTE";"";"SP OBRAS";"08/04/2025 00:00:00";"08/04/2025 00:00:00";"10/04/2025 00:00:00";"";"";"";"";"REPASSE";"7910202200009791";"S";"8892199";"Victor Henrique Santana Dantas";"Fiscal";"Contratação de empresa especializada em engenharia para execução de obra e serviços de Recuperação Estrutural do Viaduto Antônio Abdo - Lote 59.";"";"22";"Secretaria Municipal de Infraestrutura Urbana e Obras";"10";"Gabinete do Secretário";"10551403,54";"0";"365";"0";"0";"10551403,54";"10551403,54";"0";"0";"10551403,54";"0";"0";"0";"0";"0";"10551403,54";"0";"0";"10551403,54";"0";"0";"0";"0";"0";"0";"0";"0";"0";"0";"0";"0";"0";"0";"0";"0";"0";"0";"0";"0";"0";"0";"0";"0";"";"";"";"";"";"";"";"0"
"581979";"10550";"2025";"22";"Secretaria Municipal de Infraestrutura Urbana e Obras";"10";"Gabinete do Secretário";"1";"Sem Ônus";"39";"Não Aplicável";"8";"Não Aplicável";"22/04/2025 00:00:00";"22/04/2026 00:00:00";"22/04/2026 00:00:00";"0";"0";"365";"12751411,53";"0";"8404603,18";"0";"A";"9";"umental";"-1";"-1";"";"";"";"";"41";"SEM REAJUSTE";"014/SIURB/2025";"SP OBRAS";"08/04/2025 00:00:00";"08/04/2025 00:00:00";"10/04/2025 00:00:00";"";"12/06/2025 00:00:00";"13/06/2025 00:00:00";"14713";"REPASSE";"7910202200011877";"S";"8892199";"Victor Henrique Santana Dantas";"fiscal";"Repasse de recursos - Recuperação estrutural do Viaduto Antártica - Lote 50.";"";"22";"Secretaria Municipal de Infraestrutura Urbana e Obras";"10";"Gabinete do Secretário";"12751411,53";"0";"365";"0";"0";"12751411,53";"12751411,53";"0";"8404603,18";"0";"4346808,35";"4902,96";"8399700,22";"8399700,22";"13046300,41";"12751411,53";"0";"8404603,18";"0";"4346808,35";"4902,96";"8399700,22";"8399700,22";"13046300,41";"0";"0";"0";"0";"0";"0";"0";"0";"0";"0";"0";"0";"0";"0";"0";"0";"0";"0";"0";"22.10.15.451.3009.5.187.44905100.00.1.500.0003.0";"89";"Obras em Andamento - Uso Comum do Povo";"01";"Hospitais e Similares";"51";"Obras e Instalações";"4346808,35"
"578668";"7565";"2025";"22";"Secretaria Municipal de Infraestrutura Urbana e Obras";"10";"Gabinete do Secretário";"71";"Nota de Empenho Desapropriações - Interesse  Público";"65";"Decreto-Lei 3365/1941-Operação de Desapropriação por Utilidade Pública";"8";"Não Aplicável";"22/04/2025 00:00:00";"22/05/2025 00:00:00";"22/05/2025 00:00:00";"0";"0";"30";"68,07";"0";"68,07";"0";"E";"1";"";"-1";"-1";"";"";"";"";"41";"SEM REAJUSTE";"";"Jorge Bayerlein";"04/12/2024 00:00:00";"06/03/2025 00:00:00";"10/03/2025 00:00:00";"";"22/04/2025 00:00:00";"24/04/2025 00:00:00";"";"";"7910202400025839";"S";"8174245";"Eliseu Aparecido Netto";"fiscal";"Processo de desapropriação do imóvel ligado ao Melhoramento Parque Linear, integrante da Operação Urbana Consorciada Água Espraiada - OUCAE.";"";"22";"Secretaria Municipal de Infraestrutura Urbana e Obras";"10";"Gabinete do Secretário";"68,07";"0";"30";"0";"0";"68,07";"68,07";"0";"68,07";"0";"0";"0";"68,07";"68,07";"0";"68,07";"0";"68,07";"0";"0";"0";"68,07";"68,07";"0";"0";"0";"0";"0";"0";"0";"0";"0";"0";"0";"0";"0";"0";"0";"0";"0";"0";"0";"0";"29.30.15.451.3009.5.100.44906100.08.1.799.0707.0";"99";"Outras Aquisições de Bens Imóveis";"01";"Desapropriações";"61";"Aquisição de Imóveis";"0"
"579073";"7929";"2025";"22";"Secretaria Municipal de Infraestrutura Urbana e Obras";"10";"Gabinete do Secretário";"71";"Nota de Empenho Desapropriações - Interesse  Público";"65";"Decreto-Lei 3365/1941-Operação de Desapropriação por Utilidade Pública";"8";"Não Aplicável";"22/04/2025 00:00:00";"22/05/2025 00:00:00";"22/05/2025 00:00:00";"0";"0";"30";"71,26";"0";"71,26";"0";"E";"1";"";"-1";"-1";"";"";"";"";"41";"SEM REAJUSTE";"TCNO nº 006/SIURB/25";"Jorge Bayerlein";"31/01/2025 00:00:00";"11/03/2025 00:00:00";"13/03/2025 00:00:00";"";"17/03/2025 00:00:00";"24/04/2025 00:00:00";"";"";"7910202500001494";"S";"8378193";"Eliseu Aparecido Netto";"Fiscal";"Pagamento de taxas judiciais em ação de desapropriação de imóvel ligado ao empreendimento Parque Linear, integrante da Operação Urbana Consorciada Água Espraiada - OUCAE, nos autos nº 0019812-15.2013.8.26.0053 - 8ª Vara da Fazenda Pública.";"";"22";"Secretaria Municipal de Infraestrutura Urbana e Obras";"10";"Gabinete do Secretário";"71,26";"0";"30";"0";"0";"71,26";"71,26";"0";"71,26";"0";"0";"0";"71,26";"71,26";"0";"71,26";"0";"71,26";"0";"0";"0";"71,26";"71,26";"0";"0";"0";"0";"0";"0";"0";"0";"0";"0";"0";"0";"0";"0";"0";"0";"0";"0";"0";"0";"29.30.15.451.3009.5.100.44906100.08.1.799.0707.0";"99";"Outras Aquisições de Bens Imóveis";"01";"Desapropriações";"61";"Aquisição de Imóveis";"0"
"579077";"7933";"2025";"22";"Secretaria Municipal de Infraestrutura Urbana e Obras";"10";"Gabinete do Secretário";"72";"Nota de Empenho Desapropriações - Interesse Social";"65";"Decreto-Lei 3365/1941-Operação de Desapropriação por Utilidade Pública";"8";"Não Aplicável";"22/04/2025 00:00:00";"22/05/2025 00:00:00";"22/05/2025 00:00:00";"0";"0";"30";"3,19";"0";"3,19";"0";"E";"1";"";"-1";"-1";"";"";"";"";"41";"SEM REAJUSTE";"";"Jorge Bayerlein";"06/02/2025 00:00:00";"11/03/2025 00:00:00";"13/03/2025 00:00:00";"";"22/04/2025 00:00:00";"24/04/2025 00:00:00";"";"";"7910202500001940";"S";"8378193";"eliseu Aparecido Netto";"fiscal";"Pagamento de taxas judiciais em ação de desapropriação de imóvel ligado ao melhoramento Habitação de Interesse Social - HIS, integrante da Operação Urbana Consorciada Água Espraiada - OUCAE";"";"22";"Secretaria Municipal de Infraestrutura Urbana e Obras";"10";"Gabinete do Secretário";"3,19";"0";"30";"0";"0";"3,19";"3,19";"0";"3,19";"0";"0";"0";"3,19";"3,19";"0";"3,19";"0";"3,19";"0";"0";"0";"3,19";"3,19";"0";"0";"0";"0";"0";"0";"0";"0";"0";"0";"0";"0";"0";"0";"0";"0";"0";"0";"0";"0";"29.30.16.482.3002.3.354.44906100.08.1.799.0624.0";"99";"Outras Aquisições de Bens Imóveis";"01";"Desapropriações";"61";"Aquisição de Imóveis";"0"
"578665";"7562";"2025";"22";"Secretaria Municipal de Infraestrutura Urbana e Obras";"10";"Gabinete do Secretário";"72";"Nota de Empenho Desapropriações - Interesse Social";"65";"Decreto-Lei 3365/1941-Operação de Desapropriação por Utilidade Pública";"8";"Não Aplicável";"22/04/2025 00:00:00";"22/05/2025 00:00:00";"22/05/2025 00:00:00";"0";"0";"30";"9803383,08";"0";"9803383,08";"0";"E";"1";"";"-1";"-1";"";"";"";"";"41";"SEM REAJUSTE";"TCNO nº 005/SIURB/25";"JORGE BAYERLEIN";"07/02/2024 00:00:00";"06/03/2025 00:00:00";"10/03/2025 00:00:00";"";"22/04/2025 00:00:00";"24/04/2025 00:00:00";"";"";"7910202500001915";"S";"8174245";"Eliseu Aparecido Netto";"Fiscal";"Processo de desapropriação de imóvel necessário para implantação do Melhoramento Habitação de Interesse Social - HIS 44, integrante da Operação Urbana Consorciada Água Espraiada - OUCAE";"";"22";"Secretaria Municipal de Infraestrutura Urbana e Obras";"10";"Gabinete do Secretário";"9803383,08";"0";"30";"0";"0";"9803383,08";"9803383,08";"0";"9803383,08";"0";"0";"0";"9803383,08";"9803383,08";"0";"9803383,08";"0";"9803383,08";"0";"0";"0";"9803383,08";"9803383,08";"0";"0";"0";"0";"0";"0";"0";"0";"0";"0";"0";"0";"0";"0";"0";"0";"0";"0";"0";"0";"29.30.16.482.3002.3.354.44906100.08.1.799.0624.0";"99";"Outras Aquisições de Bens Imóveis";"01";"Desapropriações";"61";"Aquisição de Imóveis";"0"
"580769";"9475";"2025";"22";"Secretaria Municipal de Infraestrutura Urbana e Obras";"10";"Gabinete do Secretário";"71";"Nota de Empenho Desapropriações - Interesse  Público";"65";"Decreto-Lei 3365/1941-Operação de Desapropriação por Utilidade Pública";"8";"Não Aplicável";"22/04/2025 00:00:00";"22/05/2025 00:00:00";"22/05/2025 00:00:00";"0";"0";"30";"1087,93";"0";"1087,93";"0";"E";"1";"";"-1";"-1";"";"";"";"";"41";"SEM REAJUSTE";"";"";"22/04/2025 00:00:00";"26/03/2025 00:00:00";"28/03/2025 00:00:00";"";"22/04/2025 00:00:00";"24/04/2025 00:00:00";"";"DESAPROPRIAÇÃO";"7910202500003527";"S";"8378193";"Elizeu Aparecido Netto";"Fiscal";"Desapropriação - Operação Urbana Consorciada Água Espraiada - OUCAE.Pagamento de ação de desapropriação de imóvel localizado na Rua Professor Manoelito de Ornelas, nº 62, Chácara Santo Antônio";"";"22";"Secretaria Municipal de Infraestrutura Urbana e Obras";"10";"Gabinete do Secretário";"998189,92";"0";"30";"0";"0";"998189,92";"998189,92";"0";"1087,93";"997101,99";"0";"0";"1087,93";"1087,93";"0";"998189,92";"0";"1087,93";"997101,99";"0";"0";"1087,93";"1087,93";"0";"0";"0";"0";"0";"0";"0";"0";"0";"0";"0";"0";"0";"0";"0";"0";"0";"0";"0";"0";"29.30.15.451.3009.5.100.44903900.08.1.799.0707.0";"99";"Outros Serviços de Terceiros - Pessoa Jurídica";"99";"Outros Serviços de Terceiros - Pessoa Jurídica";"39";"Outros Serviços de Terceiros - Pessoa Jurídica";"0"
"580270";"9031";"2025";"22";"Secretaria Municipal de Infraestrutura Urbana e Obras";"10";"Gabinete do Secretário";"71";"Nota de Empenho Desapropriações - Interesse  Público";"65";"Decreto-Lei 3365/1941-Operação de Desapropriação por Utilidade Pública";"8";"Não Aplicável";"22/04/2025 00:00:00";"22/05/2025 00:00:00";"22/05/2025 00:00:00";"0";"0";"30";"156864,05";"0";"156864,05";"0";"E";"1";"";"-1";"-1";"";"";"";"";"41";"SEM REAJUSTE";"TCNO nº 009/SIURB/25";"Jorge Bayerlein";"17/02/2025 00:00:00";"20/03/2025 00:00:00";"24/03/2025 00:00:00";"";"22/04/2025 00:00:00";"24/04/2025 00:00:00";"";"DESAPROPRIAÇÃO";"7910202500002652";"S";"8378193";"ELISEU APARECIDO NETTO";"FISCAL";"Pagamento de Desapropriação - Operação Urbana Consorciada Água Espraiada - OUCAE.";"";"22";"Secretaria Municipal de Infraestrutura Urbana e Obras";"10";"Gabinete do Secretário";"156864,05";"0";"30";"0";"0";"156864,05";"156864,05";"0";"156864,05";"0";"0";"0";"156864,05";"156864,05";"0";"156864,05";"0";"156864,05";"0";"0";"0";"156864,05";"156864,05";"0";"0";"0";"0";"0";"0";"0";"0";"0";"0";"0";"0";"0";"0";"0";"0";"0";"0";"0";"0";"29.30.15.451.3009.5.100.44906100.08.1.799.0707.0";"99";"Outras Aquisições de Bens Imóveis";"01";"Desapropriações";"61";"Aquisição de Imóveis";"0"
"582013";"10579";"2025";"22";"Secretaria Municipal de Infraestrutura Urbana e Obras";"10";"Gabinete do Secretário";"2";"Termo de Contrato - Serviços";"39";"Não Aplicável";"8";"Não Aplicável";"22/04/2025 00:00:00";"22/05/2026 00:00:00";"22/05/2026 00:00:00";"0";"0";"395";"10551403,54";"0";"9974779,45";"0";"A";"9";"umental";"-1";"-1";"";"";"";"";"41";"SEM REAJUSTE";"TCNO/SIURB/013/2025";"MARCO ALESSIO ANTUNES";"01/09/2023 00:00:00";"08/04/2025 00:00:00";"10/04/2025 00:00:00";"";"16/04/2025 00:00:00";"16/05/2025 00:00:00";"";"TCNO";"7910202200009791";"S";"889219";"Victor Henrique Santana Dantas";"Fiscal";"Repasse de recursos - Recuperação estrutural do Viaduto Antônio Abdo - Lote 59.";"";"22";"Secretaria Municipal de Infraestrutura Urbana e Obras";"10";"Gabinete do Secretário";"10551403,54";"0";"395";"0";"0";"10551403,54";"10551403,54";"0";"9974779,45";"0";"576624,09";"322628,07";"9652151,38";"9652151,38";"9195149,65";"10551403,54";"0";"9974779,45";"0";"576624,09";"322628,07";"9652151,38";"9652151,38";"9195149,65";"0";"0";"0";"0";"0";"0";"0";"0";"0";"0";"0";"0";"0";"0";"0";"0";"0";"0";"0";"22.10.15.451.3009.5.187.44905100.00.1.500.0003.0";"89";"Obras em Andamento - Uso Comum do Povo";"15";"Pontes, Pontilhões e Viadutos";"51";"Obras e Instalações";"576624,09"
"586693";"14834";"2025";"22";"Secretaria Municipal de Infraestrutura Urbana e Obras";"10";"Gabinete do Secretário";"2";"Termo de Contrato - Serviços";"39";"Não Aplicável";"8";"Não Aplicável";"28/05/2025 00:00:00";"22/07/2026 00:00:00";"22/07/2026 00:00:00";"0";"0";"420";"36697351,92";"1906610,92";"8486826,70";"233871,85";"A";"9";"umental";"-1";"-1";"";"";"";"";"33";"IPC/FIPE";"035/SIURB/2025";"Jefferson Amaro de Souza";"16/05/2025 00:00:00";"27/05/2025 00:00:00";"29/05/2025 00:00:00";"";"27/05/2025 00:00:00";"29/05/2025 00:00:00";"";"90004/2024";"7910202200016526";"S";"7385013";"Wiliam Bordin";"126477236";"Contratação de empresa ou consórcio de empresas especializadas em engenharia para execução das obras de Requalificação Urbana e Reforma das Calçadas e Calçadões do centro histórico do Município de São Paulo - República.Concorrência n º 90004/2024/SPOBRAS. Contratação de empresa ou consórcio de empresas especializadas em engenharia para execução das obras de Requalificação Urbana e Reforma das Calçadas e Calçadões do centro histórico do Município de São Paulo - República.";"";"22";"Secretaria Municipal de Infraestrutura Urbana e Obras";"10";"Gabinete do Secretário";"36697351,92";"0";"420";"0";"1906610,92";"38603962,84";"38603962,84";"0";"8720698,55";"0";"29883264,29";"3428390,03";"5292308,52";"5292308,52";"22545295,85";"36697351,92";"0";"8486826,70";"0";"28210525,22";"3370509,85";"5116316,85";"5116316,85";"22400101,13";"1906610,92";"0";"233871,85";"0";"1672739,07";"57880,18";"175991,67";"175991,67";"145194,72";"0";"0";"0";"0";"0";"0";"0";"0";"0";"0";"22.10.13.695.3015.5.409.44905100.02.1.700.0000.0";"99";"Outras Obras e Instalações";"06";"Restauro e Preservação de Patrimônio Histórico e Cultural";"51";"Obras e Instalações";"29883264,29"
"591244";"19049";"2025";"22";"Secretaria Municipal de Infraestrutura Urbana e Obras";"10";"Gabinete do Secretário";"5";"Nota de Empenho Fornecimento de Bens de Consumo e/ou Permanente";"115";"Art. 75 - Inciso II - Lei Federal 14.133/2021";"6";"Dispensa de Licitação";"22/07/2025 00:00:00";"22/07/2026 00:00:00";"22/07/2026 00:00:00";"0";"0";"365";"15710,73";"0";"15710,73";"0";"E";"90";"ocumento equivalente";"-1";"-1";"";"";"";"";"41";"SEM REAJUSTE";"";"MARCIA CAETANO DA SILVA";"16/06/2025 00:00:00";"26/06/2025 00:00:00";"01/07/2025 00:00:00";"334";"";"";"";"Dispensa 90011/2025";"6022202500038851";"S";"931.382-6";"Gabriel Apolinario dos Santos Nascimento";"127741381";"Aquisição de licenças Adobe Creative Cloud";"";"22";"Secretaria Municipal de Infraestrutura Urbana e Obras";"10";"Gabinete do Secretário";"15710,73";"0";"365";"0";"0";"15710,73";"15710,73";"0";"15710,73";"0";"0";"0";"15710,73";"15710,73";"0";"15710,73";"0";"15710,73";"0";"0";"0";"15710,73";"15710,73";"0";"0";"0";"0";"0";"0";"0";"0";"0";"0";"0";"0";"0";"0";"0";"0";"0";"0";"0";"0";"22.10.15.126.3011.2.818.33903000.00.1.500.9001.0";"17";"Material de Processamento de Dados";"99";"Diversos Materiais para Uso na Área de Informática";"30";"Material de Consumo";"0"
"595648";"23225";"2025";"22";"Secretaria Municipal de Infraestrutura Urbana e Obras";"10";"Gabinete do Secretário";"71";"Nota de Empenho Desapropriações - Interesse  Público";"65";"Decreto-Lei 3365/1941-Operação de Desapropriação por Utilidade Pública";"8";"Não Aplicável";"23/07/2025 00:00:00";"22/08/2025 00:00:00";"22/08/2025 00:00:00";"0";"0";"30";"0";"0";"0";"0";"E";"1";"";"-1";"-1";"";"";"";"";"41";"SEM REAJUSTE";"";"";"";"23/07/2025 00:00:00";"25/07/2025 00:00:00";"";"23/07/2025 00:00:00";"25/07/2025 00:00:00";"";"";"7910202500011260";"S";"837819";"ELISEU APARECIDO NETTO";"129584621";"desapropriação de imóvel necessário para implantação do melhoramento Chucri Zaidan, integrante da Operação Urbana Consorciada Água Espraiada - OUCAE.";"";"22";"Secretaria Municipal de Infraestrutura Urbana e Obras";"10";"Gabinete do Secretário";"71,26";"0";"30";"0";"0";"71,26";"71,26";"0";"0";"71,26";"0";"0";"0";"0";"71,26";"71,26";"0";"0";"71,26";"0";"0";"0";"0";"71,26";"0";"0";"0";"0";"0";"0";"0";"0";"0";"0";"0";"0";"0";"0";"0";"0";"0";"0";"0";"29.30.15.451.3009.5.100.44903900.08.2.799.0707.1";"99";"Outros Serviços de Terceiros - Pessoa Jurídica";"99";"Outros Serviços de Terceiros - Pessoa Jurídica";"39";"Outros Serviços de Terceiros - Pessoa Jurídica";"0"
"603644";"30423";"2025";"22";"Secretaria Municipal de Infraestrutura Urbana e Obras";"10";"Gabinete do Secretário";"30";"Nota de Empenho para Fornecimento de Serviços";"39";"Não Aplicável";"8";"Não Aplicável";"12/09/2025 00:00:00";"22/09/2025 00:00:00";"22/09/2025 00:00:00";"0";"0";"10";"10285,39";"0";"10285,39";"0";"E";"1";"";"-1";"-1";"";"";"";"";"41";"SEM REAJUSTE";"";"Anderson Dias de Meneses";"12/09/2025 00:00:00";"10/10/2025 00:00:00";"13/10/2025 00:00:00";"67";"";"";"";"";"6022202500076125";"S";"889.466-3";"Anderson Dias de Meneses";"143615570";"Reembolso das despesas com passagens aéreas e seguro viagem relativas à participação do servidor Anderson dias de Meneses - RF: 889.466-3, no evento internacional Autodesk University 2025, realizado em Nashville, EUA.";"";"22";"Secretaria Municipal de Infraestrutura Urbana e Obras";"10";"Gabinete do Secretário";"102853,94";"0";"10";"0";"0";"102853,94";"102853,94";"0";"10285,39";"92568,55";"0";"0";"10285,39";"10285,39";"0";"102853,94";"0";"10285,39";"92568,55";"0";"0";"10285,39";"10285,39";"0";"0";"0";"0";"0";"0";"0";"0";"0";"0";"0";"0";"0";"0";"0";"0";"0";"0";"0";"0";"22.10.15.122.3024.2.100.33903300.00.1.500.9001.1";"02";"Passagens para o Exterior";"01";"Passagens Aéreas";"33";"Passagens e Despesas com Locomoção";"0"
"604945";"31575";"2025";"22";"Secretaria Municipal de Infraestrutura Urbana e Obras";"10";"Gabinete do Secretário";"54";"Nota de Empenho - Pagamento de Anuidades / Taxas / Impostos";"39";"Não Aplicável";"8";"Não Aplicável";"21/10/2025 00:00:00";"22/10/2025 00:00:00";"22/10/2025 00:00:00";"0";"0";"1";"297000";"0";"297000";"0";"E";"1";"";"-1";"-1";"";"";"";"";"41";"SEM REAJUSTE";"NOVO PAC 0639296-01";"";"14/10/2025 00:00:00";"21/10/2025 00:00:00";"23/10/2025 00:00:00";"";"";"";"";"Não Aplicável";"7910202500006178";"S";"";"";"";"Tarifa extraordinária emitida pela Caixa Econômica Federal visando a  formalização do futuro contrato de financiamento da proposta do NOVO PAC 0639296-01, cujo objeto tem como finalidade projeto executivo e obras do reservatório do Córrego Freitas, com interveniência da Secretaria Municipal de Infraestrutura Urbana e Obras - SIURB no âmbito do Programa Saneamento Para Todos.";"";"22";"Secretaria Municipal de Infraestrutura Urbana e Obras";"10";"Gabinete do Secretário";"297000";"0";"1";"0";"0";"297000";"297000";"0";"297000";"0";"0";"0";"297000";"297000";"0";"297000";"0";"297000";"0";"0";"0";"297000";"297000";"0";"0";"0";"0";"0";"0";"0";"0";"0";"0";"0";"0";"0";"0";"0";"0";"0";"0";"0";"0";"22.10.17.451.3008.5.013.44903900.00.2.501.9001.1";"99";"Outros Serviços de Terceiros - Pessoa Jurídica";"99";"Outros Serviços de Terceiros - Pessoa Jurídica";"39";"Outros Serviços de Terceiros - Pessoa Jurídica";"0"
"603023";"29855";"2025";"22";"Secretaria Municipal de Infraestrutura Urbana e Obras";"10";"Gabinete do Secretário";"2";"Termo de Contrato - Serviços";"117";"Art. 75 - Inciso IV - Lei Federal 14.133/2021";"6";"Dispensa de Licitação";"22/10/2025 00:00:00";"22/10/2026 00:00:00";"22/10/2026 00:00:00";"0";"0";"365";"54017949,10";"0";"42475811,84";"0";"A";"9";"umental";"-1";"-1";"";"";"";"";"33";"IPC/FIPE";"094/SIURB/2025";"BRUNO RIBEIRO FURTADO";"26/08/2025 00:00:00";"19/09/2025 00:00:00";"22/09/2025 00:00:00";"";"14/10/2025 00:00:00";"17/10/2025 00:00:00";"";"90013/25/SIURB";"6022202500047141";"S";"5815916";"Tomas Móteo de Paula";"144949818";"CONTRATAÇÃO DE EMPRESA ESPECIALIZADA EM ENGENHARIA PARA ELABORAÇÃO DE PROJETOS EXECUTIVOS E EXECUÇÃO DE OBRAS DE CANALIZAÇÃO DE CÓRREGO, TRECHO ENTRE A RUA CELSO BARBOSA LIMA ATÉ A RUA ANTONIO DE RODOVALHO NO MUNICÍPIO DE SÃO PAULO - SP.";"";"22";"Secretaria Municipal de Infraestrutura Urbana e Obras";"10";"Gabinete do Secretário";"54017949,10";"0";"365";"0";"0";"54017949,10";"54017949,10";"0";"42475811,84";"0";"11542137,26";"436434,10";"42039377,74";"42039377,74";"15342942,06";"54017949,10";"0";"42475811,84";"0";"11542137,26";"436434,10";"42039377,74";"42039377,74";"15342942,06";"0";"0";"0";"0";"0";"0";"0";"0";"0";"0";"0";"0";"0";"0";"0";"0";"0";"0";"0";"22.10.17.451.3008.5.013.44905100.00.1.500.9001.1";"89";"Obras em Andamento - Uso Comum do Povo";"22";"Canalização de Córregos";"51";"Obras e Instalações";"11542137,26"
"602004";"28916";"2025";"22";"Secretaria Municipal de Infraestrutura Urbana e Obras";"10";"Gabinete do Secretário";"2";"Termo de Contrato - Serviços";"39";"Não Aplicável";"8";"Não Aplicável";"23/10/2025 00:00:00";"22/12/2025 00:00:00";"22/12/2025 00:00:00";"0";"0";"60";"30754,95";"0";"30754,95";"0";"A";"9";"umental";"-1";"-1";"";"";"";"";"41";"SEM REAJUSTE";"088/SIURB/2025";"GRACIANA";"01/07/2025 00:00:00";"23/09/2025 00:00:00";"25/09/2025 00:00:00";"";"14/10/2025 00:00:00";"21/10/2025 00:00:00";"";"ARP 008/SIURB/24";"6022202500069285";"S";"8171408";"Fabiane Della Flora Olguin";"142646960";"Contratação de sondagem e topografia para a implantação do Reservatório Tiquatira - RTQ-1, localizado na Avenida Governador Carvalho Pinto.";"";"22";"Secretaria Municipal de Infraestrutura Urbana e Obras";"10";"Gabinete do Secretário";"30754,95";"0";"60";"0";"0";"30754,95";"30754,95";"0";"30754,95";"0";"0";"0";"30754,95";"30754,95";"61509,90";"30754,95";"0";"30754,95";"0";"0";"0";"30754,95";"30754,95";"61509,90";"0";"0";"0";"0";"0";"0";"0";"0";"0";"0";"0";"0";"0";"0";"0";"0";"0";"0";"0";"22.10.17.451.3008.5.013.44905100.00.1.500.9001.1";"05";"Serviços Técnicos Profissionais";"13";"Topografia";"51";"Obras e Instalações";"0"
"583026";"11487";"2025";"22";"Secretaria Municipal de Infraestrutura Urbana e Obras";"10";"Gabinete do Secretário";"54";"Nota de Empenho - Pagamento de Anuidades / Taxas / Impostos";"39";"Não Aplicável";"8";"Não Aplicável";"23/04/2025 00:00:00";"23/05/2025 00:00:00";"23/05/2025 00:00:00";"0";"0";"30";"75650,58";"0";"75650,58";"0";"E";"9";"umental";"-1";"-1";"";"";"";"";"41";"SEM REAJUSTE";"TC 0403765-78/2013";"";"26/12/2024 00:00:00";"17/04/2025 00:00:00";"22/04/2025 00:00:00";"";"";"";"";"Não Aplicável";"6022202500004760";"S";"";"";"";"Tarifa de Reprogramação relacionada ao TC 0403765-78/2013 - Drenagem Aricanduva (Reservatório dos Machados) / Lote 3 - Gestão de Riscos e Resposta a Desastres.";"";"22";"Secretaria Municipal de Infraestrutura Urbana e Obras";"10";"Gabinete do Secretário";"75650,58";"0";"30";"0";"0";"75650,58";"75650,58";"0";"75650,58";"0";"0";"0";"75650,58";"75650,58";"0";"75650,58";"0";"75650,58";"0";"0";"0";"75650,58";"75650,58";"0";"0";"0";"0";"0";"0";"0";"0";"0";"0";"0";"0";"0";"0";"0";"0";"0";"0";"0";"0";"86.22.17.451.3008.5.013.44903900.08.1.759.0709.0";"99";"Outros Serviços de Terceiros - Pessoa Jurídica";"99";"Outros Serviços de Terceiros - Pessoa Jurídica";"39";"Outros Serviços de Terceiros - Pessoa Jurídica";"0"
"583725";"12138";"2025";"22";"Secretaria Municipal de Infraestrutura Urbana e Obras";"10";"Gabinete do Secretário";"5";"Nota de Empenho Fornecimento de Bens de Consumo e/ou Permanente";"115";"Art. 75 - Inciso II - Lei Federal 14.133/2021";"6";"Dispensa de Licitação";"14/05/2025 00:00:00";"23/06/2025 00:00:00";"23/06/2025 00:00:00";"0";"0";"40";"10622,11";"0";"10622,11";"0";"E";"90";"ocumento equivalente";"-1";"-1";"";"";"";"";"41";"SEM REAJUSTE";"";"Diversos";"07/04/2025 00:00:00";"28/04/2025 00:00:00";"30/04/2025 00:00:00";"255";"";"";"";"Dispensa - Licitação";"6022202500017757";"S";"d883261";"Lucas dos Santos Guimarães Vieira";"124604342";"Aquisição de equipamentos para informática, pois visa suprir necessidades básicas em ações internas de SIURB.";"";"22";"Secretaria Municipal de Infraestrutura Urbana e Obras";"10";"Gabinete do Secretário";"10622,11";"0";"40";"0";"0";"10622,11";"10622,11";"0";"10622,11";"0";"0";"0";"10622,11";"10622,11";"0";"10622,11";"0";"10622,11";"0";"0";"0";"10622,11";"10622,11";"0";"0";"0";"0";"0";"0";"0";"0";"0";"0";"0";"0";"0";"0";"0";"0";"0";"0";"0";"0";"22.10.15.126.3011.2.818.33903000.00.1.500.9001.0";"26";"Material Elétrico e Eletrônico";"99";"Diversos Materiais Elétricos e Eletrônicos";"30";"Material de Consumo";"0"
"587105";"15200";"2025";"22";"Secretaria Municipal de Infraestrutura Urbana e Obras";"10";"Gabinete do Secretário";"2";"Termo de Contrato - Serviços";"39";"Não Aplicável";"8";"Não Aplicável";"23/06/2025 00:00:00";"23/07/2025 00:00:00";"23/07/2025 00:00:00";"0";"0";"30";"49391,26";"0";"49391,26";"0";"A";"9";"umental";"-1";"-1";"";"";"";"";"41";"SEM REAJUSTE";"038/SIURB/2025";"Graciana";"01/07/2025 00:00:00";"30/05/2025 00:00:00";"02/06/2025 00:00:00";"";"05/06/2025 00:00:00";"06/06/2025 00:00:00";"";"ARP n°008/SIURB/2024";"6022202500040031";"S";"817.140,8";"Fabiane Della Flora Olguin";"126573772";"Serviços especializados de sondagem e Topografia para o Plano de Revisão e Compatibilização da Infraestrutura Urbana do Distrito da Bela Vista.";"";"22";"Secretaria Municipal de Infraestrutura Urbana e Obras";"10";"Gabinete do Secretário";"49441,07";"0";"30";"-49,81";"0";"49391,26";"49391,26";"0";"49391,26";"0";"0";"0";"49391,26";"49391,26";"21539,11";"49391,26";"0";"49391,26";"0";"0";"0";"49391,26";"49391,26";"21539,11";"0";"0";"0";"0";"0";"0";"0";"0";"0";"0";"0";"0";"0,10";"0";"0";"0";"0";"0";"0";"98.22.15.451.3009.5.100.44903900.08.1.759.0402.0";"99";"Outros Serviços de Terceiros - Pessoa Jurídica";"99";"Outros Serviços de Terceiros - Pessoa Jurídica";"39";"Outros Serviços de Terceiros - Pessoa Jurídica";"0"
"595172";"22787";"2025";"22";"Secretaria Municipal de Infraestrutura Urbana e Obras";"10";"Gabinete do Secretário";"30";"Nota de Empenho para Fornecimento de Serviços";"39";"Não Aplicável";"8";"Não Aplicável";"23/10/2024 00:00:00";"23/10/2025 00:00:00";"23/10/2025 00:00:00";"0";"0";"365";"129118,96";"0";"129118,96";"0";"E";"1";"";"-1";"-1";"";"";"";"";"41";"SEM REAJUSTE";"";"e-mail -sei! 129284655";"23/10/2024 00:00:00";"08/07/2025 00:00:00";"08/07/2025 00:00:00";"";"";"";"";"";"6022202500050983";"S";"d883989";"Marcos Monteiro";"129533328";"Pagamento de débitos com a SABESP - AMLURB.";"";"22";"Secretaria Municipal de Infraestrutura Urbana e Obras";"10";"Gabinete do Secretário";"132559,31";"0";"365";"0";"0";"132559,31";"132559,31";"0";"129118,96";"3440,35";"0";"0";"129118,96";"129118,96";"3440,35";"132559,31";"0";"129118,96";"3440,35";"0";"0";"129118,96";"129118,96";"3440,35";"0";"0";"0";"0";"0";"0";"0";"0";"0";"0";"0";"0";"0";"0";"0";"0";"0";"0";"0";"22.10.15.122.3024.2.100.33903900.00.1.500.9001.1";"44";"Serviços de Água e Esgoto";"01";"Água e Esgoto";"39";"Outros Serviços de Terceiros - Pessoa Jurídica";"0"
"609647";"35934";"2025";"22";"Secretaria Municipal de Infraestrutura Urbana e Obras";"10";"Gabinete do Secretário";"2";"Termo de Contrato - Serviços";"106";"Art. 28 - Inciso II Lei Federal 14.133/2021";"4";"Concorrência";"23/12/2025 00:00:00";"23/12/2026 00:00:00";"23/12/2026 00:00:00";"0";"0";"365";"10695082,81";"0";"4000023,07";"0";"A";"90";"ocumento equivalente";"-1";"-1";"";"";"";"";"33";"IPC/FIPE";"151/SIURB/2025";"GUILHERME ANDRIONI SALGUEIRO LOURENÇO";"30/01/2025 00:00:00";"03/12/2025 00:00:00";"04/12/2025 00:00:00";"";"08/12/2025 00:00:00";"17/12/2025 00:00:00";"14807";"90036/25/SIURB";"6022202500058143";"S";"575.101-2";"Eduardo de Carvalho Pereira";"151002134";"CONTRATAÇÃO DE EMPRESA ESPECIALIZADA EM ENGENHARIA PARA EXECUÇÃO DAS OBRAS DE CONTENÇÃO EM SOLO GRAMPEADO VERDE E DE CONCRETO NO INTERIOR DO PERÍMETRO DA ÁREA DE RISCO FO-05 - FLOR DE LIS.";"";"22";"Secretaria Municipal de Infraestrutura Urbana e Obras";"10";"Gabinete do Secretário";"10695082,81";"0";"365";"0";"0";"10695082,81";"10695082,81";"0";"4000023,07";"0";"6695059,74";"326152,16";"3673870,91";"3673870,91";"3730980,81";"10695082,81";"0";"4000023,07";"0";"6695059,74";"326152,16";"3673870,91";"3673870,91";"3730980,81";"0";"0";"0";"0";"0";"0";"0";"0";"0";"0";"0";"0";"0";"0";"0";"0";"0";"0";"0";"86.22.17.451.3008.5.013.44905100.08.1.759.0709.1";"89";"Obras em Andamento - Uso Comum do Povo";"08";"Obras em Áreas de Risco";"51";"Obras e Instalações";"6695059,74"
"583678";"12093";"2025";"22";"Secretaria Municipal de Infraestrutura Urbana e Obras";"10";"Gabinete do Secretário";"54";"Nota de Empenho - Pagamento de Anuidades / Taxas / Impostos";"39";"Não Aplicável";"8";"Não Aplicável";"23/04/2025 00:00:00";"24/04/2025 00:00:00";"24/04/2025 00:00:00";"0";"0";"1";"16038,67";"0";"16038,67";"0";"E";"1";"";"-1";"-1";"";"";"";"";"41";"SEM REAJUSTE";"TC 0505.972-67/18";"";"23/04/2025 00:00:00";"28/04/2025 00:00:00";"30/04/2025 00:00:00";"";"";"";"";"Não Aplicável";"7910202500005660";"S";"";"";"";"Pagamento de tarifa de reprogramação contratual relacionado ao TC 0505.972-67/18: Perus/Mooca.";"";"22";"Secretaria Municipal de Infraestrutura Urbana e Obras";"10";"Gabinete do Secretário";"16038,67";"0";"1";"0";"0";"16038,67";"16038,67";"0";"16038,67";"0";"0";"0";"16038,67";"16038,67";"0";"16038,67";"0";"16038,67";"0";"0";"0";"16038,67";"16038,67";"0";"0";"0";"0";"0";"0";"0";"0";"0";"0";"0";"0";"0";"0";"0";"0";"0";"0";"0";"0";"86.22.17.451.3008.5.013.44903900.08.1.759.0709.0";"99";"Outros Serviços de Terceiros - Pessoa Jurídica";"99";"Outros Serviços de Terceiros - Pessoa Jurídica";"39";"Outros Serviços de Terceiros - Pessoa Jurídica";"0"
"582840";"11309";"2025";"22";"Secretaria Municipal de Infraestrutura Urbana e Obras";"10";"Gabinete do Secretário";"54";"Nota de Empenho - Pagamento de Anuidades / Taxas / Impostos";"39";"Não Aplicável";"8";"Não Aplicável";"25/03/2025 00:00:00";"24/04/2025 00:00:00";"24/04/2025 00:00:00";"0";"0";"30";"1948,95";"0";"1948,95";"0";"E";"9";"umental";"-1";"-1";"";"";"";"";"41";"SEM REAJUSTE";"TC 0420061-24/2013";"";"25/03/2025 00:00:00";"17/04/2025 00:00:00";"22/04/2025 00:00:00";"";"";"";"";"Não Aplicável";"6022202500004736";"S";"";"";"";"Tarifa de Reprogramação relacionada ao TC 0420061-24/2013 - PAC Saneamento Integrado / Programa de Redução de Alagamentos (PRA).";"";"22";"Secretaria Municipal de Infraestrutura Urbana e Obras";"10";"Gabinete do Secretário";"1948,95";"0";"30";"0";"0";"1948,95";"1948,95";"0";"1948,95";"0";"0";"0";"1948,95";"1948,95";"0";"1948,95";"0";"1948,95";"0";"0";"0";"1948,95";"1948,95";"0";"0";"0";"0";"0";"0";"0";"0";"0";"0";"0";"0";"0";"0";"0";"0";"0";"0";"0";"0";"86.22.17.451.3008.5.013.44903900.08.1.759.0709.0";"99";"Outros Serviços de Terceiros - Pessoa Jurídica";"99";"Outros Serviços de Terceiros - Pessoa Jurídica";"39";"Outros Serviços de Terceiros - Pessoa Jurídica";"0"
"589724";"17557";"2025";"22";"Secretaria Municipal de Infraestrutura Urbana e Obras";"10";"Gabinete do Secretário";"2";"Termo de Contrato - Serviços";"65";"Decreto-Lei 3365/1941-Operação de Desapropriação por Utilidade Pública";"8";"Não Aplicável";"25/07/2025 00:00:00";"24/08/2025 00:00:00";"24/08/2025 00:00:00";"0";"0";"30";"250766,50";"0";"250766,50";"0";"E";"1";"";"-1";"-1";"";"";"";"";"41";"SEM REAJUSTE";"";"";"25/06/2025 00:00:00";"26/06/2025 00:00:00";"";"";"";"";"";"";"6021202500313369";"S";"837819";"ELISEU APARECIDO NETTO";"128192709";"Desapropriação - Avenida Santo Amaro, nº 1513, 1515 e 1519, Vila Nova Conceição";"";"22";"Secretaria Municipal de Infraestrutura Urbana e Obras";"10";"Gabinete do Secretário";"250766,50";"0";"30";"0";"0";"250766,50";"250766,50";"0";"250766,50";"0";"0";"0";"250766,50";"250766,50";"0";"250766,50";"0";"250766,50";"0";"0";"0";"250766,50";"250766,50";"0";"0";"0";"0";"0";"0";"0";"0";"0";"0";"0";"0";"0";"0";"0";"0";"0";"0";"0";"0";"29.50.15.452.3009.5.395.44906100.08.1.799.0708.0";"99";"Outras Aquisições de Bens Imóveis";"01";"Desapropriações";"61";"Aquisição de Imóveis";"0"
"587126";"15220";"2025";"22";"Secretaria Municipal de Infraestrutura Urbana e Obras";"10";"Gabinete do Secretário";"2";"Termo de Contrato - Serviços";"39";"Não Aplicável";"8";"Não Aplicável";"26/06/2025 00:00:00";"24/09/2025 00:00:00";"24/09/2025 00:00:00";"0";"0";"90";"38195,97";"0";"38195,97";"0";"E";"9";"umental";"-1";"-1";"";"";"";"";"41";"SEM REAJUSTE";"041/SIURB/2025";"Adriana Carla Vilella";"16/08/2024 00:00:00";"30/05/2025 00:00:00";"02/06/2025 00:00:00";"";"10/06/2025 00:00:00";"24/06/2025 00:00:00";"";"ARP 006/SIURB/2024";"6022202500027264";"S";"837819-3";"Eliseu Aparecido Netto";"123226626";"Material técnico expropriatório, necessário para implantação do melhoramento do BRT RADIAL LESTE - TRECHO 1.";"";"22";"Secretaria Municipal de Infraestrutura Urbana e Obras";"10";"Gabinete do Secretário";"17160,14";"0";"90";"21035,83";"0";"38195,97";"38195,97";"0";"38195,97";"0";"0";"0";"38195,97";"38195,97";"0";"38195,97";"0";"38195,97";"0";"0";"0";"38195,97";"38195,97";"0";"0";"0";"0";"0";"0";"0";"0";"0";"0";"0";"0";"122,59";"0";"0";"0";"0";"0";"0";"0";"98.22.15.451.3009.5.100.44903900.08.1.759.0402.0";"99";"Outros Serviços de Terceiros - Pessoa Jurídica";"99";"Outros Serviços de Terceiros - Pessoa Jurídica";"39";"Outros Serviços de Terceiros - Pessoa Jurídica";"0"
"587551";"15580";"2025";"22";"Secretaria Municipal de Infraestrutura Urbana e Obras";"10";"Gabinete do Secretário";"2";"Termo de Contrato - Serviços";"39";"Não Aplicável";"8";"Não Aplicável";"26/06/2025 00:00:00";"24/09/2025 00:00:00";"24/09/2025 00:00:00";"0";"0";"90";"34181,44";"0";"34181,44";"0";"E";"9";"umental";"-1";"-1";"";"";"";"";"41";"SEM REAJUSTE";"039/SIURB/2025";"Adriana Carla Vilella";"16/08/2024 00:00:00";"30/05/2025 00:00:00";"02/06/2025 00:00:00";"";"30/05/2025 00:00:00";"02/06/2025 00:00:00";"";"ata";"6022202500012518";"S";"D8378193";"Eliseu Aparecido Netto";"126445002";"Utilização da ATA de RP nº 006/SIURB/2024 - registro de preços para elaboração de material técnico necessário à avaliação, desapropriação, cessão de imóveis, permutas e/ou transferência de posse no município de São Paulo (levantamento planialtimétrico, cadastros individuais de propriedade e avaliação individual de imóveis) - Agrupamento I.";"";"22";"Secretaria Municipal de Infraestrutura Urbana e Obras";"10";"Gabinete do Secretário";"34181,44";"0";"90";"0";"0";"34181,44";"34181,44";"0";"34181,44";"0";"0";"0";"34181,44";"34181,44";"0";"34181,44";"0";"34181,44";"0";"0";"0";"34181,44";"34181,44";"0";"0";"0";"0";"0";"0";"0";"0";"0";"0";"0";"0";"0";"0";"0";"0";"0";"0";"0";"0";"86.22.17.451.3008.5.013.44903900.08.1.759.0709.0";"99";"Outros Serviços de Terceiros - Pessoa Jurídica";"99";"Outros Serviços de Terceiros - Pessoa Jurídica";"39";"Outros Serviços de Terceiros - Pessoa Jurídica";"0"
"587441";"15481";"2025";"22";"Secretaria Municipal de Infraestrutura Urbana e Obras";"10";"Gabinete do Secretário";"2";"Termo de Contrato - Serviços";"75";"Art. 24 Inciso XXXIII da Lei Federal 8.666/93";"6";"Dispensa de Licitação";"29/07/2025 00:00:00";"25/01/2026 00:00:00";"25/01/2026 00:00:00";"0";"0";"180";"753769,44";"0";"465441,95";"0";"A";"9";"umental";"-1";"-1";"";"";"";"";"33";"IPC/FIPE";"048/SIURB/2025";"SP URBANISMO";"15/04/2025 00:00:00";"02/06/2025 00:00:00";"04/06/2025 00:00:00";"";"04/07/2025 00:00:00";"10/07/2025 00:00:00";"";"CET";"7410202400069226";"S";"7531460";"Fernando Vilar Lemos";"124588821";"Contratação da SP Urbanismo para elaboração do projeto para melhorias das condições de segurança da Av. Matias Beck, no trecho entre a Rua Gregório Bezerra e a Rua Diogo Braga.";"";"22";"Secretaria Municipal de Infraestrutura Urbana e Obras";"10";"Gabinete do Secretário";"753769,44";"0";"180";"0";"0";"753769,44";"753769,44";"0";"465441,95";"0";"288327,49";"0";"465441,95";"465441,95";"288327,49";"753769,44";"0";"465441,95";"0";"288327,49";"0";"465441,95";"465441,95";"288327,49";"0";"0";"0";"0";"0";"0";"0";"0";"0";"0";"0";"0";"0";"0";"0";"0";"0";"0";"0";"22.10.15.451.3009.5.100.44913900.00.1.500.0003.1";"01";"Serviços Técnicos Profissionais";"03";"Desenvolvimento de Estudos e Projetos";"39";"Outros Serviços de Terceiros - Pessoa Jurídica";"288327,49"
"578041";"6982";"2025";"22";"Secretaria Municipal de Infraestrutura Urbana e Obras";"10";"Gabinete do Secretário";"2";"Termo de Contrato - Serviços";"39";"Não Aplicável";"8";"Não Aplicável";"26/02/2024 00:00:00";"25/02/2025 00:00:00";"25/02/2025 00:00:00";"0";"0";"365";"27008163,26";"0";"9221697,54";"0";"A";"9";"umental";"-1";"-1";"";"";"";"";"33";"IPC/FIPE";"TCNO 001/SIURB/2024";"JORGE BAYERLEIN";"23/09/2023 00:00:00";"14/11/2023 00:00:00";"16/11/2024 00:00:00";"";"19/01/2024 00:00:00";"31/01/2024 00:00:00";"";"REPASSE";"7910202100011913";"S";"889.219-9";"VICTOR DANTAS";"FISCAL";"Execução das obras e serviços de complementação e finalização das Habitações de Interesse Social - HIS 27 e 41";"";"22";"Secretaria Municipal de Infraestrutura Urbana e Obras";"10";"Gabinete do Secretário";"27008163,26";"0";"365";"0";"0";"27008163,26";"27008163,26";"0";"9221697,54";"0";"17786465,72";"0";"9221697,54";"9221697,54";"17786465,72";"27008163,26";"0";"9221697,54";"0";"17786465,72";"0";"9221697,54";"9221697,54";"17786465,72";"0";"0";"0";"0";"0";"0";"0";"0";"0";"0";"0";"0";"0";"0";"0";"0";"0";"0";"0";"29.30.16.482.3002.3.354.44905100.08.1.799.0624.0";"89";"Obras em Andamento - Uso Comum do Povo";"08";"Obras em Áreas de Risco";"51";"Obras e Instalações";"17786465,72"
"578815";"7690";"2025";"22";"Secretaria Municipal de Infraestrutura Urbana e Obras";"10";"Gabinete do Secretário";"30";"Nota de Empenho para Fornecimento de Serviços";"115";"Art. 75 - Inciso II - Lei Federal 14.133/2021";"6";"Dispensa de Licitação";"05/04/2025 00:00:00";"25/04/2025 00:00:00";"25/04/2025 00:00:00";"0";"0";"20";"12540";"0";"12540";"0";"E";"90";"ocumento equivalente";"-1";"-1";"";"";"";"";"41";"SEM REAJUSTE";"";"André Roberto";"17/02/2025 00:00:00";"10/03/2025 00:00:00";"11/03/2025 00:00:00";"245";"";"";"";"Dispensa - Licitação";"6022202500006291";"S";"839.248-0";"Isabela Lemos Santana";"Conforme doc. sei! 121221106.";"Contratação de empresa especializada para prestação dos serviços de recarga, manutenção de extintores de incêndio e testes pneumático nas mangueiras de incêndio, através de um corpo técnico especializado, e com a utilização de ferramentas apropriadas, de acordo com as recomendações do fabricante dos equipamentos, com destaque para as normas ABNT NBR - 12962 - Inspeção, Manutenção e recarga em extintores de incêndio desta Secretaria.";"";"22";"Secretaria Municipal de Infraestrutura Urbana e Obras";"10";"Gabinete do Secretário";"12540";"0";"20";"0";"0";"12540";"12540";"0";"12540";"0";"0";"0";"12540";"12540";"0";"12540";"0";"12540";"0";"0";"0";"12540";"12540";"0";"0";"0";"0";"0";"0";"0";"0";"0";"0";"0";"0";"0";"0";"0";"0";"0";"0";"0";"0";"22.10.15.122.3024.2.100.33903900.00.1.500.9001.0";"17";"Manut. e Conserv. de Máquinas e Equipamentos";"99";"Outras Máquinas e Equipamentos";"39";"Outros Serviços de Terceiros - Pessoa Jurídica";"0"
"573978";"3156";"2025";"22";"Secretaria Municipal de Infraestrutura Urbana e Obras";"10";"Gabinete do Secretário";"30";"Nota de Empenho para Fornecimento de Serviços";"109";"Art. 74 - Inciso I - Lei Federal 14.133/2021";"7";"Inexigibilidade";"25/04/2025 00:00:00";"25/04/2026 00:00:00";"25/04/2026 00:00:00";"0";"0";"365";"356,72";"0";"356,72";"0";"E";"90";"ocumento equivalente";"-1";"-1";"";"";"";"";"41";"SEM REAJUSTE";"";"Silvana Bissoli";"28/01/2025 00:00:00";"05/02/2025 00:00:00";"06/02/2025 00:00:00";"215";"";"";"";"Dispensa - Licitação";"6022202500005252";"S";"770.660.0";"Raquel Alves Cabral Toledo";"Conforme doc. sei! 118899582.";"Assinatura do jornal O Estado de São Paulo para utilização da Assessoria de Comunicação.";"";"22";"Secretaria Municipal de Infraestrutura Urbana e Obras";"10";"Gabinete do Secretário";"356,72";"0";"365";"0";"0";"356,72";"356,72";"0";"356,72";"0";"0";"0";"356,72";"356,72";"0";"356,72";"0";"356,72";"0";"0";"0";"356,72";"356,72";"0";"0";"0";"0";"0";"0";"0";"0";"0";"0";"0";"0";"0";"0";"0";"0";"0";"0";"0";"0";"22.10.15.122.3024.2.100.33903900.00.1.500.9001.0";"01";"Assinatura de Periódicos e Anuidades";"01";"Assinatura de Jornais";"39";"Outros Serviços de Terceiros - Pessoa Jurídica";"0"
"584582";"12936";"2025";"22";"Secretaria Municipal de Infraestrutura Urbana e Obras";"10";"Gabinete do Secretário";"2";"Termo de Contrato - Serviços";"117";"Art. 75 - Inciso IV - Lei Federal 14.133/2021";"6";"Dispensa de Licitação";"26/05/2025 00:00:00";"25/04/2027 00:00:00";"25/04/2027 00:00:00";"0";"0";"699";"117300000";"5271768,93";"46556421,55";"1787014,74";"A";"9";"umental";"-1";"-1";"";"";"";"";"33";"IPC/FIPE";"028/SIURB/2025";"consorcio";"17/01/2024 00:00:00";"10/02/2025 00:00:00";"11/02/2025 00:00:00";"";"30/05/2025 00:00:00";"30/05/2025 00:00:00";"14987";"90033/24/SIURB";"6022202400056220";"S";"D528662";"Arivaldo José Lopes";"119439886";"Elaboração de projeto executivo e execução das obras de implantação de reservatório ref. túnel entre a Avenida Ibijaú e Rua Gaivota - Moema.";"";"22";"Secretaria Municipal de Infraestrutura Urbana e Obras";"10";"Gabinete do Secretário";"117300000";"0";"699";"0";"5271768,93";"122571768,93";"122571768,93";"0";"48343436,29";"0";"74228332,64";"6193464,43";"42149971,86";"42149971,86";"27828305,83";"117300000";"0";"46556421,55";"0";"70743578,45";"5949332,59";"40607088,96";"40607088,96";"27621741,59";"5271768,93";"0";"1787014,74";"0";"3484754,19";"244131,84";"1542882,90";"1542882,90";"206564,24";"0";"0";"0";"0";"0";"0";"0";"0";"0";"0";"22.10.17.451.3008.5.013.44905100.00.1.500.9001.1";"89";"Obras em Andamento - Uso Comum do Povo";"22";"Canalização de Córregos";"51";"Obras e Instalações";"74228332,64"
"608145";"34527";"2025";"22";"Secretaria Municipal de Infraestrutura Urbana e Obras";"10";"Gabinete do Secretário";"2";"Termo de Contrato - Serviços";"106";"Art. 28 - Inciso II Lei Federal 14.133/2021";"4";"Concorrência";"25/11/2025 00:00:00";"25/11/2026 00:00:00";"25/11/2026 00:00:00";"0";"0";"365";"10652559,34";"0";"10452573,27";"0";"A";"90";"ocumento equivalente";"-1";"-1";"";"";"";"";"33";"IPC/FIPE";"138/SIURB/2025";"Fernando Marsiarelli";"30/09/2025 00:00:00";"12/11/2025 00:00:00";"13/11/2025 00:00:00";"";"18/11/2025 00:00:00";"24/11/2025 00:00:00";"14710";"90041/25/SIURB";"6022202500064453";"S";"822.290-8";"JONATHAN SANT'ANA DOS SANTOS";"147109513";"Contratação de empresa, ou consórcio de empresas especializadas em engenharia para elaboração de projeto executivo e execução de obras de microdrenagem na Av. Nossa Senhora do Ó e adjacências, no bairro Limão, São Paulo - SP.";"";"22";"Secretaria Municipal de Infraestrutura Urbana e Obras";"10";"Gabinete do Secretário";"10652559,34";"0";"365";"0";"0";"10652559,34";"10652559,34";"0";"10452573,27";"0";"199986,07";"1883994,17";"8568579,10";"8568579,10";"762579,23";"10652559,34";"0";"10452573,27";"0";"199986,07";"1883994,17";"8568579,10";"8568579,10";"762579,23";"0";"0";"0";"0";"0";"0";"0";"0";"0";"0";"0";"0";"0";"0";"0";"0";"0";"0";"0";"86.22.17.451.3008.5.013.44905100.08.1.759.0709.0";"89";"Obras em Andamento - Uso Comum do Povo";"25";"Reforço e Construção de Galerias";"51";"Obras e Instalações";"199986,07"
"608697";"35043";"2025";"22";"Secretaria Municipal de Infraestrutura Urbana e Obras";"10";"Gabinete do Secretário";"5";"Nota de Empenho Fornecimento de Bens de Consumo e/ou Permanente";"122";"Art. 75 - Inciso IX - Lei Federal 14.133/2021";"6";"Dispensa de Licitação";"25/11/2025 00:00:00";"25/11/2026 00:00:00";"25/11/2027 00:00:00";"0";"0";"365";"5600458,68";"100854,92";"2661501,73";"42863,34";"A";"90";"ocumento equivalente";"-1";"-1";"";"";"";"";"33";"IPC/FIPE";"";"PRODAM";"25/11/2025 00:00:00";"19/11/2025 00:00:00";"24/11/2025 00:00:00";"";"";"";"";"Dispensa Licitação";"6022202500044800";"S";"D8832617";"Lucas dos Santos Guimarães Vieira";"146492929";"Prestação de serviços para a sustentação TIC visando atender as necessidades de TIC - tecnologia da informação e comunicação - para suporte e operação dos negócios para a Secretaria Municipal de Infraestrutura Urbana e Obras - SIURB.";"";"22";"Secretaria Municipal de Infraestrutura Urbana e Obras";"10";"Gabinete do Secretário";"2800229,40";"0";"365";"2800229,28";"100854,92";"5701313,60";"5701313,60";"0";"2704365,07";"0";"2996948,53";"1552968,82";"1151396,25";"1018952,96";"1787929,97";"5600458,68";"0";"2661501,73";"0";"2938956,95";"1510105,48";"1151396,25";"1018952,96";"1787929,97";"100854,92";"0";"42863,34";"0";"57991,58";"42863,34";"0";"0";"0";"0";"0";"0";"0";"0";"0";"0";"0";"365";"0";"22.10.15.126.3024.2.171.33904000.00.1.500.9001.1";"09";"Hospedagem de Sistemas";"01";"Hospedagem de Sistemas";"40";"Serviços de Tecnologia da Informação e Comunicação - Pessoa Jurídica";"2996948,53"
"599168";"26380";"2025";"22";"Secretaria Municipal de Infraestrutura Urbana e Obras";"10";"Gabinete do Secretário";"71";"Nota de Empenho Desapropriações - Interesse  Público";"72";"Lei Municipal 15.951/2014 - Institui o Prêmio Zé Renato";"8";"Não Aplicável";"25/11/2025 00:00:00";"25/12/2025 00:00:00";"25/12/2025 00:00:00";"0";"0";"30";"123546,88";"0";"123546,88";"0";"E";"1";"";"-1";"-1";"";"";"";"";"41";"SEM REAJUSTE";"043/SIURB/25";"";"";"28/08/2025 00:00:00";"28/08/2025 00:00:00";"";"28/08/2025 00:00:00";"28/08/2025 00:00:00";"";"";"7910202500013700";"S";"D837819";"ELISEU APARECIDO NETTO";"140807526";"Desapropriação de imóvel necessário para implantação do melhoramento Habitação de Interesse Social - HIS, integrante da Operação Urbana Consorciada Água Espraiada - OUCAE.";"";"22";"Secretaria Municipal de Infraestrutura Urbana e Obras";"10";"Gabinete do Secretário";"123546,88";"0";"30";"0";"0";"123546,88";"123546,88";"0";"123546,88";"0";"0";"0";"123546,88";"123546,88";"0";"123546,88";"0";"123546,88";"0";"0";"0";"123546,88";"123546,88";"0";"0";"0";"0";"0";"0";"0";"0";"0";"0";"0";"0";"0";"0";"0";"0";"0";"0";"0";"0";"29.30.16.482.3002.3.354.44906100.08.1.799.0624.0";"99";"Outras Aquisições de Bens Imóveis";"01";"Desapropriações";"61";"Aquisição de Imóveis";"0"
"601866";"28800";"2025";"22";"Secretaria Municipal de Infraestrutura Urbana e Obras";"10";"Gabinete do Secretário";"2";"Termo de Contrato - Serviços";"39";"Não Aplicável";"8";"Não Aplicável";"26/09/2025 00:00:00";"25/12/2025 00:00:00";"25/12/2025 00:00:00";"0";"0";"90";"0";"0";"0";"0";"E";"95";"";"-1";"-1";"";"";"";"";"41";"SEM REAJUSTE";"";"";"";"24/09/2025 00:00:00";"26/09/2025 00:00:00";"";"";"";"";"Não se aplica";"6022202500001117";"S";"";"";"";"Contingência - Tarifa";"";"22";"Secretaria Municipal de Infraestrutura Urbana e Obras";"10";"Gabinete do Secretário";"196000";"0";"90";"100000000";"0";"100196000";"100196000";"0";"0";"100196000";"0";"0";"0";"0";"78933694,83";"100196000";"0";"0";"100196000";"0";"0";"0";"0";"78933694,83";"0";"0";"0";"0";"0";"0";"0";"0";"0";"0";"0";"51020,41";"0";"0";"0";"0";"0";"0";"0";"22.10.15.451.3009.5.287.44903900.00.1.500.0003.0";"99";"Outros Serviços de Terceiros - Pessoa Jurídica";"99";"Outros Serviços de Terceiros - Pessoa Jurídica";"39";"Outros Serviços de Terceiros - Pessoa Jurídica";"0"
"605608";"32204";"2025";"22";"Secretaria Municipal de Infraestrutura Urbana e Obras";"10";"Gabinete do Secretário";"2";"Termo de Contrato - Serviços";"39";"Não Aplicável";"8";"Não Aplicável";"26/02/2026 00:00:00";"26/02/2027 00:00:00";"26/02/2027 00:00:00";"0";"0";"365";"57997643,49";"0";"314276,22";"0";"A";"9";"umental";"-1";"-1";"";"";"";"";"33";"IPC/FIPE";"123/SIURB/2025";"Thiago Cordaro";"31/01/2025 00:00:00";"13/08/2025 00:00:00";"14/08/2025 00:00:00";"";"07/11/2025 00:00:00";"17/11/2025 00:00:00";"";"Nº 90010/25/SIURB";"6022202500014596";"S";"6275591";"Carlos Henrique Sauer";"152821932";"ELABORAÇÃO DE PROJETO EXECUTIVO E EXECUÇÃO DAS OBRAS DE MICRODRENAGEM NA RUA JOAQUIM MEIRA DE SIQUEIRA";"";"22";"Secretaria Municipal de Infraestrutura Urbana e Obras";"10";"Gabinete do Secretário";"57997643,49";"0";"365";"0";"0";"57997643,49";"57997643,49";"0";"314276,22";"0";"57683367,27";"199520,49";"114755,73";"114755,73";"21248656,13";"57997643,49";"0";"314276,22";"0";"57683367,27";"199520,49";"114755,73";"114755,73";"21248656,13";"0";"0";"0";"0";"0";"0";"0";"0";"0";"0";"0";"0";"0";"0";"0";"0";"0";"0";"0";"22.10.17.451.3008.5.013.44905100.00.1.500.9001.1";"89";"Obras em Andamento - Uso Comum do Povo";"08";"Obras em Áreas de Risco";"51";"Obras e Instalações";"57683367,27"
"579859";"8655";"2025";"22";"Secretaria Municipal de Infraestrutura Urbana e Obras";"10";"Gabinete do Secretário";"30";"Nota de Empenho para Fornecimento de Serviços";"115";"Art. 75 - Inciso II - Lei Federal 14.133/2021";"6";"Dispensa de Licitação";"01/04/2025 00:00:00";"01/04/2026 00:00:00";"26/03/2027 00:00:00";"0";"0";"365";"24204,78";"424,28";"20842,51";"319,09";"A";"90";"ocumento equivalente";"-1";"-1";"";"";"";"";"33";"IPC/FIPE";"011/SIURB/2025";"Rena de Deus de Campos";"27/02/2025 00:00:00";"18/03/2025 00:00:00";"20/03/2025 00:00:00";"271";"27/03/2025 00:00:00";"04/04/2025 00:00:00";"270";"Dispensa - Licitação";"6022202400092005";"S";"770.660.0";"Raquel Alves Cabral";"Conforme doc. sei! 121790558.";"Contratação de empresa especializada, para prestação de serviço de controle de pragas e vetores, dedetização e desratização com fornecimento de mão-de-obra e matéria-prima.";"";"22";"Secretaria Municipal de Infraestrutura Urbana e Obras";"10";"Gabinete do Secretário";"11892";"0";"365";"12312,78";"424,28";"24629,06";"24629,06";"0";"21161,60";"0";"3467,46";"5130,30";"16031,30";"16031,30";"0";"24204,78";"0";"20842,51";"0";"3362,27";"4986,51";"15856";"15856";"0";"424,28";"0";"319,09";"0";"105,19";"143,79";"175,30";"175,30";"0";"0";"0";"0";"0";"0";"0";"0";"0";"359";"0";"22.10.15.122.3024.2.100.33903900.00.1.500.9001.0";"78";"Limpeza e Conservação";"02";"Dedetização, Descupinização e Outros";"39";"Outros Serviços de Terceiros - Pessoa Jurídica";"3467,46"
"581932";"10508";"2025";"22";"Secretaria Municipal de Infraestrutura Urbana e Obras";"10";"Gabinete do Secretário";"2";"Termo de Contrato - Serviços";"111";"Art. 74 - Inciso III - Lei Federal 14.133/2021";"7";"Inexigibilidade";"26/05/2025 00:00:00";"26/05/2026 00:00:00";"26/05/2026 00:00:00";"0";"0";"365";"39900";"0";"39900";"0";"E";"90";"ocumento equivalente";"-1";"-1";"";"";"";"";"41";"SEM REAJUSTE";"019/SIURB/25";"Roberto Caldas Bianchessi";"28/10/2024 00:00:00";"07/04/2025 00:00:00";"09/04/2025 00:00:00";"";"15/04/2025 00:00:00";"09/05/2025 00:00:00";"";"Dispensa/Licitação";"7910202400022856";"S";"752660-1";"Antonia Ribeiro Guglielmi";"126075557";"Contratação de empresa especializada para realização de serviços de Auditoria Independente visando o Exame das Demonstrações Contábeis e Financeiras e Aquisições do Empréstimo Nº 9081 - BR para o exercício de 2024, devendo ser emitido um único Relatório de Auditoria para período de 01/01/2024 a 31/12/2024.";"";"22";"Secretaria Municipal de Infraestrutura Urbana e Obras";"10";"Gabinete do Secretário";"39900";"0";"365";"0";"0";"39900";"39900";"0";"39900";"0";"0";"0";"39900";"39900";"0";"39900";"0";"39900";"0";"0";"0";"39900";"39900";"0";"0";"0";"0";"0";"0";"0";"0";"0";"0";"0";"0";"0";"0";"0";"0";"0";"0";"0";"0";"22.10.26.453.3009.3.764.44903900.01.1.754.1376.0";"99";"Outros Serviços de Terceiros - Pessoa Jurídica";"99";"Outros Serviços de Terceiros - Pessoa Jurídica";"39";"Outros Serviços de Terceiros - Pessoa Jurídica";"0"
"612326";"38420";"2025";"22";"Secretaria Municipal de Infraestrutura Urbana e Obras";"10";"Gabinete do Secretário";"71";"Nota de Empenho Desapropriações - Interesse  Público";"65";"Decreto-Lei 3365/1941-Operação de Desapropriação por Utilidade Pública";"8";"Não Aplicável";"27/05/2026 00:00:00";"26/06/2026 00:00:00";"26/06/2026 00:00:00";"0";"0";"30";"16375,33";"0";"16375,33";"0";"A";"1";"";"-1";"-1";"";"";"";"";"41";"SEM REAJUSTE";"001/SIURB/2026";"";"";"22/12/2025 00:00:00";"23/12/2025 00:00:00";"";"04/03/2026 00:00:00";"10/03/2026 00:00:00";"15995";"";"7910202500004817";"S";"837819";"ELISEU APARECIDO NETTO";"147874505";"Desapropriação de imóvel necessário para implantação do Melhoramento HIS - Área 23, integrante da Operação Urbana Consorciada Água Espraiada - OUCAE.";"";"22";"Secretaria Municipal de Infraestrutura Urbana e Obras";"10";"Gabinete do Secretário";"16375,33";"0";"30";"0";"0";"16375,33";"16375,33";"0";"16375,33";"0";"0";"0";"16375,33";"16375,33";"0";"16375,33";"0";"16375,33";"0";"0";"0";"16375,33";"16375,33";"0";"0";"0";"0";"0";"0";"0";"0";"0";"0";"0";"0";"0";"0";"0";"0";"0";"0";"0";"0";"29.30.16.482.3002.3.354.44906100.08.1.799.0624.0";"99";"Outras Aquisições de Bens Imóveis";"01";"Desapropriações";"61";"Aquisição de Imóveis";"0"
"590013";"17842";"2025";"22";"Secretaria Municipal de Infraestrutura Urbana e Obras";"10";"Gabinete do Secretário";"71";"Nota de Empenho Desapropriações - Interesse  Público";"65";"Decreto-Lei 3365/1941-Operação de Desapropriação por Utilidade Pública";"8";"Não Aplicável";"26/06/2025 00:00:00";"26/07/2025 00:00:00";"26/07/2025 00:00:00";"0";"0";"30";"8520,25";"0";"8520,25";"0";"E";"1";"";"-1";"-1";"";"";"";"";"41";"SEM REAJUSTE";"";"";"";"26/06/2025 00:00:00";"";"";"";"";"";"";"6021202100080456";"S";"837819";"Eliseu Aparecido Netto";"128026306";"Desapropriação, cujo imóvel atingido está localizado na Avenida Santo Amaro, nº 1.753";"";"22";"Secretaria Municipal de Infraestrutura Urbana e Obras";"10";"Gabinete do Secretário";"8520,25";"0";"30";"0";"0";"8520,25";"8520,25";"0";"8520,25";"0";"0";"0";"8520,25";"8520,25";"0";"8520,25";"0";"8520,25";"0";"0";"0";"8520,25";"8520,25";"0";"0";"0";"0";"0";"0";"0";"0";"0";"0";"0";"0";"0";"0";"0";"0";"0";"0";"0";"0";"29.50.15.452.3009.5.395.44906100.08.1.799.0708.0";"99";"Outras Aquisições de Bens Imóveis";"01";"Desapropriações";"61";"Aquisição de Imóveis";"0"
"582802";"11277";"2025";"22";"Secretaria Municipal de Infraestrutura Urbana e Obras";"10";"Gabinete do Secretário";"2";"Termo de Contrato - Serviços";"39";"Não Aplicável";"8";"Não Aplicável";"28/04/2025 00:00:00";"27/01/2026 00:00:00";"26/07/2026 00:00:00";"0";"0";"274";"10931349,76";"0";"10930783,02";"0";"A";"9";"umental";"-1";"-1";"";"";"";"";"41";"SEM REAJUSTE";"022/SIURB/2025";"VOS";"07/11/2022 00:00:00";"16/04/2025 00:00:00";"17/04/2025 00:00:00";"";"24/04/2025 00:00:00";"05/05/2025 00:00:00";"";"nº 045/2022";"7910202200006806";"S";"D8222908";"Jonathan Sant'Ana dos Santos";"123879289";"Concorrência nº 045/2022 - Execução de Obras e Serviços de Recuperação Estrutural do Viaduto Guadalajara - Lote 45.";"";"22";"Secretaria Municipal de Infraestrutura Urbana e Obras";"10";"Gabinete do Secretário";"7349794,26";"0";"274";"3581555,50";"0";"10931349,76";"10931349,76";"0";"10930783,02";"0";"566,74";"1066421,49";"9864361,53";"9864361,53";"3369972,76";"10931349,76";"0";"10930783,02";"0";"566,74";"1066421,49";"9864361,53";"9864361,53";"3369972,76";"0";"0";"0";"0";"0";"0";"0";"0";"0";"0";"0";"48,73";"0";"0";"0";"0";"0";"180";"0";"22.10.15.451.3009.5.187.44905100.00.1.500.0003.0";"89";"Obras em Andamento - Uso Comum do Povo";"15";"Pontes, Pontilhões e Viadutos";"51";"Obras e Instalações";"566,74"
"581255";"9900";"2025";"22";"Secretaria Municipal de Infraestrutura Urbana e Obras";"10";"Gabinete do Secretário";"30";"Nota de Empenho para Fornecimento de Serviços";"109";"Art. 74 - Inciso I - Lei Federal 14.133/2021";"7";"Inexigibilidade";"26/07/2025 00:00:00";"26/07/2028 00:00:00";"26/07/2028 00:00:00";"0";"0";"1096";"117840";"0";"117840";"0";"E";"90";"ocumento equivalente";"-1";"-1";"";"";"";"";"41";"SEM REAJUSTE";"018/SIURB/2025";"PRISCILA OLIVEIRA DOS SANTOS AMORIM";"21/02/2025 00:00:00";"17/03/2025 00:00:00";"02/04/2025 00:00:00";"46";"19/05/2025 00:00:00";"19/05/2025 00:00:00";"257";"Dispensa - Licitação";"6022202500011880";"S";"931.382-6";"Gabriel Apolinario dos Santos Nascimento";"Conforme doc. sei! 122345810.";"Fornecimento de assinatura de 15 (quinze) licenças do software SketchUp, com suporte e atualizações.";"";"22";"Secretaria Municipal de Infraestrutura Urbana e Obras";"10";"Gabinete do Secretário";"117840";"0";"1096";"0";"0";"117840";"117840";"0";"117840";"0";"0";"0";"117840";"117840";"0";"117840";"0";"117840";"0";"0";"0";"117840";"117840";"0";"0";"0";"0";"0";"0";"0";"0";"0";"0";"0";"0";"0";"0";"0";"0";"0";"0";"0";"0";"22.10.15.126.3011.2.818.33903000.00.1.500.9001.0";"17";"Material de Processamento de Dados";"99";"Diversos Materiais para Uso na Área de Informática";"30";"Material de Consumo";"0"
"597848";"25222";"2025";"22";"Secretaria Municipal de Infraestrutura Urbana e Obras";"10";"Gabinete do Secretário";"2";"Termo de Contrato - Serviços";"117";"Art. 75 - Inciso IV - Lei Federal 14.133/2021";"6";"Dispensa de Licitação";"27/08/2025 00:00:00";"24/04/2026 00:00:00";"26/08/2027 00:00:00";"0";"0";"240";"93384911,35";"0";"88942257,11";"0";"A";"9";"umental";"-1";"-1";"";"";"";"";"33";"IPC/FIPE";"064/SIURB/2025";"ERNALDO CAETANO DO NASCIMENTO";"28/05/2025 00:00:00";"08/08/2025 00:00:00";"11/08/2025 00:00:00";"";"19/08/2025 00:00:00";"27/08/2025 00:00:00";"";"90009/2025";"6022202500037456";"S";"753.022-0";"João Lius Maranhão Biscaia/Arq. Viviane Cassiano D";"141353080";"CONTRATAÇÃO DE EMPRESA ESPECIALIZADA PARA SERVIÇOS DE EXECUÇÃO DE CANALIZAÇÃO DO CÓRREGO DO JACUPEVAL, CONTENÇÃO DE TALUDE, CONSTRUÇÃO DE NOVA PONTE E DRENAGEM COM RESERVATÓRIO DE DETENÇÃO COM RECUPERAÇÃO DE ÁREA ENTRE OS TRECHOS DAS RUAS FLOR DE ESPERANÇA E FLOR DE BABADO, PARQUE GUARANI, SÃO PAULO/SP.";"";"22";"Secretaria Municipal de Infraestrutura Urbana e Obras";"10";"Gabinete do Secretário";"74730551,36";"0";"240";"18654359,99";"0";"93384911,35";"93384911,35";"0";"88942257,11";"0";"4442654,24";"7694783,40";"81247473,71";"74150163,26";"17574786,56";"93384911,35";"0";"88942257,11";"0";"4442654,24";"7694783,40";"81247473,71";"74150163,26";"17574786,56";"0";"0";"0";"0";"0";"0";"0";"0";"0";"0";"0";"24,96";"0";"0";"0";"0";"0";"489";"0";"86.22.17.451.3008.5.013.44905100.08.1.759.0709.0";"89";"Obras em Andamento - Uso Comum do Povo";"22";"Canalização de Córregos";"51";"Obras e Instalações";"4442654,24"
"587124";"15218";"2025";"22";"Secretaria Municipal de Infraestrutura Urbana e Obras";"10";"Gabinete do Secretário";"2";"Termo de Contrato - Serviços";"122";"Art. 75 - Inciso IX - Lei Federal 14.133/2021";"6";"Dispensa de Licitação";"29/09/2025 00:00:00";"27/04/2026 00:00:00";"27/04/2026 00:00:00";"0";"0";"210";"115764,89";"0";"70277,88";"0";"A";"9";"umental";"-1";"-1";"";"";"";"";"41";"SEM REAJUSTE";"040/SIURB/2025";"Jorge Bayerlein";"01/09/2025 00:00:00";"30/05/2025 00:00:00";"02/06/2025 00:00:00";"";"06/10/2025 00:00:00";"06/10/2025 00:00:00";"14372";"DL";"6022202400098763";"S";"753.146.0";"Fernando Vilar Lemos";"126436786";"Contratação da prestação de serviços técnicos especializados para elaboração dos elementos do projeto funcional, material técnico preparatório e licitação dos projetos básicos e executivos para implantação e requalificação viária dos trechos que ligam o lado norte da ponte Graúna Gaivotas a ponte Vitorino Goulart.";"";"22";"Secretaria Municipal de Infraestrutura Urbana e Obras";"10";"Gabinete do Secretário";"115764,89";"0";"210";"0";"0";"115764,89";"115764,89";"0";"70277,88";"0";"45487,01";"0";"70277,88";"70277,88";"161251,90";"115764,89";"0";"70277,88";"0";"45487,01";"0";"70277,88";"70277,88";"161251,90";"0";"0";"0";"0";"0";"0";"0";"0";"0";"0";"0";"0";"0";"0";"0";"0";"0";"0";"0";"98.22.15.451.3009.5.187.44903900.08.1.759.0402.0";"05";"Serviços Técnicos Profissionais";"01";"Gerenciamento";"39";"Outros Serviços de Terceiros - Pessoa Jurídica";"45487,01"
"608143";"34525";"2025";"22";"Secretaria Municipal de Infraestrutura Urbana e Obras";"10";"Gabinete do Secretário";"2";"Termo de Contrato - Serviços";"108";"Art. 28 - Inciso IV Lei Federal 14.133/2021";"13";"Leilão";"25/11/2025 00:00:00";"27/07/2026 00:00:00";"27/07/2026 00:00:00";"0";"0";"244";"17346086,51";"0";"12550440,19";"0";"A";"9";"umental";"-1";"-1";"";"";"";"";"33";"IPC/FIPE";"137/SIURB/2025";"FERNANDO MARSIARELLI";"21/08/2025 00:00:00";"13/11/2025 00:00:00";"14/11/2025 00:00:00";"";"19/11/2025 00:00:00";"24/11/2025 00:00:00";"";"";"6022202500060423";"S";"753.022/0";"JOÃO LUIS MARANHÃO BISCAIA";"147242921";"EXECUÇÃO DE CANALIZAÇÃO DO CÓRREGO APARECIDO DE ANDRADE, VILA SANTA MARIA, SÃO PAULO/SP.";"";"22";"Secretaria Municipal de Infraestrutura Urbana e Obras";"10";"Gabinete do Secretário";"17346086,51";"0";"244";"0";"0";"17346086,51";"17346086,51";"0";"12550440,19";"0";"4795646,32";"662467,06";"11887973,13";"11887973,13";"630220,29";"17346086,51";"0";"12550440,19";"0";"4795646,32";"662467,06";"11887973,13";"11887973,13";"630220,29";"0";"0";"0";"0";"0";"0";"0";"0";"0";"0";"0";"0";"0";"0";"0";"0";"0";"0";"0";"22.10.17.451.3008.5.013.44905100.00.1.500.9001.1";"89";"Obras em Andamento - Uso Comum do Povo";"22";"Canalização de Córregos";"51";"Obras e Instalações";"4795646,32"
"596624";"24086";"2025";"22";"Secretaria Municipal de Infraestrutura Urbana e Obras";"10";"Gabinete do Secretário";"5";"Nota de Empenho Fornecimento de Bens de Consumo e/ou Permanente";"8";"Art. 24 Inciso II da lei Federal 8.666/93";"6";"Dispensa de Licitação";"12/08/2025 00:00:00";"27/08/2025 00:00:00";"27/08/2025 00:00:00";"0";"0";"15";"11936,96";"0";"11936,96";"0";"E";"90";"ocumento equivalente";"2023";"4";"13";"Secretaria Municipal de Gestão";"";"";"41";"SEM REAJUSTE";"";"Claudio Frabetti Marin";"11/08/2023 00:00:00";"01/08/2025 00:00:00";"05/08/2025 00:00:00";"45";"";"";"";"04/2023-COBES";"6022202500051394";"S";"887.254.6";"Marcelo Evangelista Morais";"130157008";"Aquisição de 584 (quinhentos e oitenta e quatro) resmas de papel sulfite A4, gramatura 75 g/m², com certificação ambiental - ATA DE RP nº 004/SEGES-COBES/2023.";"";"22";"Secretaria Municipal de Infraestrutura Urbana e Obras";"10";"Gabinete do Secretário";"11936,96";"0";"15";"0";"0";"11936,96";"11936,96";"0";"11936,96";"0";"0";"0";"11936,96";"11936,96";"0";"11936,96";"0";"11936,96";"0";"0";"0";"11936,96";"11936,96";"0";"0";"0";"0";"0";"0";"0";"0";"0";"0";"0";"0";"0";"0";"0";"0";"0";"0";"0";"0";"22.10.15.122.3024.2.100.33903000.00.1.500.9001.0";"16";"Material de Expediente";"03";"Papel para Copiadora em Geral";"30";"Material de Consumo";"0"
"593547";"21278";"2025";"22";"Secretaria Municipal de Infraestrutura Urbana e Obras";"10";"Gabinete do Secretário";"2";"Termo de Contrato - Serviços";"122";"Art. 75 - Inciso IX - Lei Federal 14.133/2021";"6";"Dispensa de Licitação";"29/08/2025 00:00:00";"28/02/2026 00:00:00";"28/02/2026 00:00:00";"0";"0";"183";"2462918,73";"0";"453750,17";"0";"A";"9";"umental";"-1";"-1";"";"";"";"";"41";"SEM REAJUSTE";"056/SIURB/2025";"";"";"04/07/2025 00:00:00";"07/07/2025 00:00:00";"";"";"";"";"DL";"6022202300067106";"S";"d593455";"Milton José Barboza";"128622686";"Prestação de Serviços Técnicos especializados para contratação, gerenciamento e fiscalização da execução das obras de drenagem da Rua Professor Giuliani no âmbito do Programa de Redução de Alagamentos - PRA (7910.2022/0001642-9).";"";"22";"Secretaria Municipal de Infraestrutura Urbana e Obras";"10";"Gabinete do Secretário";"207057,58";"0";"183";"2255861,15";"0";"2462918,73";"2462918,73";"0";"453750,17";"0";"2009168,56";"453750,17";"0";"0";"707057,58";"2462918,73";"0";"453750,17";"0";"2009168,56";"453750,17";"0";"0";"707057,58";"0";"0";"0";"0";"0";"0";"0";"0";"0";"0";"0";"0";"0";"0";"0";"0";"0";"0";"0";"86.22.17.451.3008.5.013.44903900.08.1.759.0709.0";"05";"Serviços Técnicos Profissionais";"01";"Gerenciamento";"39";"Outros Serviços de Terceiros - Pessoa Jurídica";"2009168,56"
"599033";"26252";"2025";"22";"Secretaria Municipal de Infraestrutura Urbana e Obras";"10";"Gabinete do Secretário";"1";"Sem Ônus";"39";"Não Aplicável";"8";"Não Aplicável";"29/09/2025 00:00:00";"28/03/2026 00:00:00";"28/03/2026 00:00:00";"0";"0";"180";"111,06";"0";"111,06";"0";"E";"1";"";"-1";"-1";"";"";"";"";"41";"SEM REAJUSTE";"042/SIURB/25";"sp obras";"06/05/2025 00:00:00";"26/08/2025 00:00:00";"28/08/2025 00:00:00";"";"26/08/2025 00:00:00";"28/08/2025 00:00:00";"";"desapropriação";"7910202500005406";"S";"d817424";"Nycolas Felix";"124937306";"pagamento de taxas de diligência em ação de desapropriação do referido imóvel, Processo Judicial: 0030242-26.2013.8.26.0053 Valor: R$ 111,06 - maio/2025 (123960331)";"";"22";"Secretaria Municipal de Infraestrutura Urbana e Obras";"10";"Gabinete do Secretário";"111,06";"0";"180";"0";"0";"111,06";"111,06";"0";"111,06";"0";"0";"0";"111,06";"111,06";"0";"111,06";"0";"111,06";"0";"0";"0";"111,06";"111,06";"0";"0";"0";"0";"0";"0";"0";"0";"0";"0";"0";"0";"0";"0";"0";"0";"0";"0";"0";"0";"29.30.15.451.3009.5.100.44903900.08.2.799.0707.1";"99";"Outros Serviços de Terceiros - Pessoa Jurídica";"99";"Outros Serviços de Terceiros - Pessoa Jurídica";"39";"Outros Serviços de Terceiros - Pessoa Jurídica";"0"
"590054";"17883";"2025";"22";"Secretaria Municipal de Infraestrutura Urbana e Obras";"10";"Gabinete do Secretário";"71";"Nota de Empenho Desapropriações - Interesse  Público";"65";"Decreto-Lei 3365/1941-Operação de Desapropriação por Utilidade Pública";"8";"Não Aplicável";"27/06/2025 00:00:00";"28/06/2025 00:00:00";"28/06/2025 00:00:00";"0";"0";"1";"44801,52";"0";"44801,52";"0";"E";"1";"";"-1";"-1";"";"";"";"";"41";"SEM REAJUSTE";"";"";"";"26/06/2025 00:00:00";"";"";"";"";"";"";"6021202500294836";"S";"837819";"Eliseu Aparecido Netto";"126324120";"Desapropriação - Boulevard Santo Amaro - Operação Urbana Consorciada Faria Lima - OUCFL";"";"22";"Secretaria Municipal de Infraestrutura Urbana e Obras";"10";"Gabinete do Secretário";"44801,52";"0";"1";"0";"0";"44801,52";"44801,52";"0";"44801,52";"0";"0";"0";"44801,52";"44801,52";"0";"44801,52";"0";"44801,52";"0";"0";"0";"44801,52";"44801,52";"0";"0";"0";"0";"0";"0";"0";"0";"0";"0";"0";"0";"0";"0";"0";"0";"0";"0";"0";"0";"29.50.15.452.3009.5.395.44906100.08.1.799.0708.0";"99";"Outras Aquisições de Bens Imóveis";"01";"Desapropriações";"61";"Aquisição de Imóveis";"0"
"588411";"16366";"2025";"22";"Secretaria Municipal de Infraestrutura Urbana e Obras";"10";"Gabinete do Secretário";"71";"Nota de Empenho Desapropriações - Interesse  Público";"65";"Decreto-Lei 3365/1941-Operação de Desapropriação por Utilidade Pública";"8";"Não Aplicável";"29/07/2025 00:00:00";"28/08/2025 00:00:00";"28/08/2025 00:00:00";"0";"0";"30";"71,26";"0";"71,26";"0";"E";"1";"";"-1";"-1";"";"";"";"";"41";"SEM REAJUSTE";"029/SIURB/25";"";"";"11/06/2025 00:00:00";"13/06/2025 00:00:00";"";"10/07/2025 00:00:00";"29/07/2025 00:00:00";"";"";"7910202500007638";"S";"837819";"Eliseu Aparecido Netto";"127272560";"Desapropriação de imóvel necessário para implantação do melhoramento Parque Linear, integrante da Operação Urbana Consorciada Água Espraiada - OUCAE.";"";"22";"Secretaria Municipal de Infraestrutura Urbana e Obras";"10";"Gabinete do Secretário";"71,26";"0";"30";"0";"0";"71,26";"71,26";"0";"71,26";"0";"0";"0";"71,26";"71,26";"0";"71,26";"0";"71,26";"0";"0";"0";"71,26";"71,26";"0";"0";"0";"0";"0";"0";"0";"0";"0";"0";"0";"0";"0";"0";"0";"0";"0";"0";"0";"0";"29.30.15.451.3009.5.100.44903900.08.2.799.0707.1";"99";"Outros Serviços de Terceiros - Pessoa Jurídica";"99";"Outros Serviços de Terceiros - Pessoa Jurídica";"39";"Outros Serviços de Terceiros - Pessoa Jurídica";"0"
"588274";"16241";"2025";"22";"Secretaria Municipal de Infraestrutura Urbana e Obras";"10";"Gabinete do Secretário";"71";"Nota de Empenho Desapropriações - Interesse  Público";"65";"Decreto-Lei 3365/1941-Operação de Desapropriação por Utilidade Pública";"8";"Não Aplicável";"29/07/2025 00:00:00";"28/08/2025 00:00:00";"28/08/2025 00:00:00";"0";"0";"30";"74799,10";"0";"74799,10";"0";"E";"1";"";"-1";"-1";"";"";"";"";"41";"SEM REAJUSTE";"028/SIURB/25";"";"";"10/06/2025 00:00:00";"12/06/2025 00:00:00";"";"10/07/2025 00:00:00";"29/07/2025 00:00:00";"";"";"7910202500007883";"S";"837819";"ELISEU APARECIDO NETTO";"126946081";"Desapropriação cujo imóvel atingido está localizado na Rua Antônio das Chagas, n. 1.570 - Santo Amaro, CEP 004714-002, São Paulo - SP, cadastrado sob o contribuinte n° 087.200.0024-3, necessário para implantação do melhoramento Chucri Zaidan, integrante da Operação Urbana Consorciada Água Espraiada - OUCAE.";"";"22";"Secretaria Municipal de Infraestrutura Urbana e Obras";"10";"Gabinete do Secretário";"74799,10";"0";"30";"0";"0";"74799,10";"74799,10";"0";"74799,10";"0";"0";"0";"74799,10";"74799,10";"0";"74799,10";"0";"74799,10";"0";"0";"0";"74799,10";"74799,10";"0";"0";"0";"0";"0";"0";"0";"0";"0";"0";"0";"0";"0";"0";"0";"0";"0";"0";"0";"0";"29.30.15.451.3009.5.100.44906100.08.1.799.0707.0";"99";"Outras Aquisições de Bens Imóveis";"01";"Desapropriações";"61";"Aquisição de Imóveis";"0"
"588391";"16347";"2025";"22";"Secretaria Municipal de Infraestrutura Urbana e Obras";"10";"Gabinete do Secretário";"2";"Termo de Contrato - Serviços";"121";"Art. 75 - Inciso VIII - Lei Federal 14.133/2021";"6";"Dispensa de Licitação";"28/08/2025 00:00:00";"28/08/2026 00:00:00";"28/08/2026 00:00:00";"0";"0";"365";"109316,28";"0";"109316,28";"0";"A";"9";"umental";"-1";"-1";"";"";"";"";"41";"SEM REAJUSTE";"043/SIURB/2025";"";"";"10/06/2025 00:00:00";"12/06/2025 00:00:00";"";"";"";"";"Ofício006 /SIURBG/24";"6022202400000810";"S";"";"";"";"Serviços técnicos especializados para acompanhamento, assistência e apoio técnico na execução da consolidação do estudo de concepção, levantamento de dados e desenvolvimento dos projetos básico/executivo quanto a implantação do Parque Linear Tapera.";"";"22";"Secretaria Municipal de Infraestrutura Urbana e Obras";"10";"Gabinete do Secretário";"109316,28";"0";"365";"0";"0";"109316,28";"109316,28";"0";"109316,28";"0";"0";"109316,28";"0";"0";"54658,14";"109316,28";"0";"109316,28";"0";"0";"109316,28";"0";"0";"54658,14";"0";"0";"0";"0";"0";"0";"0";"0";"0";"0";"0";"0";"0";"0";"0";"0";"0";"0";"0";"86.22.17.451.3008.5.013.44903900.08.1.759.0709.0";"05";"Serviços Técnicos Profissionais";"01";"Gerenciamento";"39";"Outros Serviços de Terceiros - Pessoa Jurídica";"0"
"609624";"35914";"2025";"22";"Secretaria Municipal de Infraestrutura Urbana e Obras";"10";"Gabinete do Secretário";"2";"Termo de Contrato - Serviços";"128";"Art. 75 - Inciso XV - Lei Federal 14.133/2021";"6";"Dispensa de Licitação";"19/12/2025 00:00:00";"28/10/2035 00:00:00";"28/10/2035 00:00:00";"0";"0";"3600";"218172051,59";"0";"4764413,25";"0";"A";"9";"umental";"-1";"-1";"";"";"";"";"33";"IPC/FIPE";"149/SIURB/2025";"José Roberto Castilho Piqueira";"24/09/2025 00:00:00";"02/12/2025 00:00:00";"03/12/2025 00:00:00";"";"10/12/2025 00:00:00";"15/12/2025 00:00:00";"";"DL";"6022202500062302";"S";"953108";"Gualberto Kroll Lazarini";"146210391";"Contratação de Sistema de Gerenciamento Operacional e de Contratos, Gestão de Serviços e Supervisão de Performance, considerando a necessidade de modernizar e aprimorar a gestão pública municipal, visando superar as ineficiências operacionais e as fragilidades atualmente existentes na gestão contratual.";"";"22";"Secretaria Municipal de Infraestrutura Urbana e Obras";"10";"Gabinete do Secretário";"218172051,59";"0";"3600";"0";"0";"218172051,59";"218172051,59";"0";"4764413,25";"0";"213407638,34";"0";"4764413,25";"4764413,25";"389916,34";"218172051,59";"0";"4764413,25";"0";"213407638,34";"0";"4764413,25";"4764413,25";"389916,34";"0";"0";"0";"0";"0";"0";"0";"0";"0";"0";"0";"0";"0";"0";"0";"0";"0";"0";"0";"22.10.15.122.3024.2.100.33903900.00.1.500.9001.1";"05";"Serviços Técnicos Profissionais";"01";"Gerenciamento";"39";"Outros Serviços de Terceiros - Pessoa Jurídica";"213407638,34"
"592821";"20584";"2025";"22";"Secretaria Municipal de Infraestrutura Urbana e Obras";"10";"Gabinete do Secretário";"2";"Termo de Contrato - Serviços";"122";"Art. 75 - Inciso IX - Lei Federal 14.133/2021";"6";"Dispensa de Licitação";"30/09/2025 00:00:00";"29/01/2026 00:00:00";"29/01/2026 00:00:00";"0";"0";"121";"46687,55";"0";"0";"0";"A";"95";"";"-1";"-1";"";"";"";"";"41";"SEM REAJUSTE";"051/SIURB/2025";"";"";"04/07/2025 00:00:00";"07/07/2025 00:00:00";"";"";"";"";"260 /SIURB G/2023";"6022202300078523";"S";"";"";"";"Prestação de serviços técnicos especializados para execução de licitação e contratação da execução da obra e serviços de recuperação estrutural do Viaduto 31 de Março - Lote 69 (7910.2023/0001344-8).";"";"22";"Secretaria Municipal de Infraestrutura Urbana e Obras";"10";"Gabinete do Secretário";"46687,55";"0";"121";"0";"0";"46687,55";"46687,55";"0";"0";"0";"46687,55";"0";"0";"0";"46687,55";"46687,55";"0";"0";"0";"46687,55";"0";"0";"0";"46687,55";"0";"0";"0";"0";"0";"0";"0";"0";"0";"0";"0";"0";"0";"0";"0";"0";"0";"0";"0";"22.10.15.451.3009.5.287.44903900.00.1.500.0003.0";"05";"Serviços Técnicos Profissionais";"01";"Gerenciamento";"39";"Outros Serviços de Terceiros - Pessoa Jurídica";"46687,55"
"582219";"10743";"2025";"22";"Secretaria Municipal de Infraestrutura Urbana e Obras";"10";"Gabinete do Secretário";"1";"Sem Ônus";"39";"Não Aplicável";"8";"Não Aplicável";"05/05/2025 00:00:00";"29/07/2026 00:00:00";"29/07/2026 00:00:00";"0";"0";"450";"15206461,33";"0";"14722264,64";"0";"A";"9";"umental";"-1";"-1";"";"";"";"";"41";"SEM REAJUSTE";"TCNO 019/SIURB/2025";"SP OBRAS";"20/01/2025 00:00:00";"11/04/2025 00:00:00";"14/04/2025 00:00:00";"";"29/04/2025 00:00:00";"22/05/2025 00:00:00";"";"REPASSE";"7910202300003361";"S";"d8022908";"Jonathan Sant´ana Dos Santos";"123531340";"Repasse de recursos - Recuperação Estrutural do Viaduto Washington Luiz - Lote 60.";"";"22";"Secretaria Municipal de Infraestrutura Urbana e Obras";"10";"Gabinete do Secretário";"13031563,52";"0";"450";"2174897,81";"0";"15206461,33";"15206461,33";"0";"14722264,64";"0";"484196,69";"1519441";"13202823,64";"13202823,64";"7610431,81";"15206461,33";"0";"14722264,64";"0";"484196,69";"1519441";"13202823,64";"13202823,64";"7610431,81";"0";"0";"0";"0";"0";"0";"0";"0";"0";"0";"0";"16,69";"0";"0";"0";"0";"0";"0";"0";"98.22.15.451.3009.5.187.44905100.08.1.759.0402.0";"89";"Obras em Andamento - Uso Comum do Povo";"15";"Pontes, Pontilhões e Viadutos";"51";"Obras e Instalações";"484196,69"
"599240";"26439";"2025";"22";"Secretaria Municipal de Infraestrutura Urbana e Obras";"10";"Gabinete do Secretário";"72";"Nota de Empenho Desapropriações - Interesse Social";"65";"Decreto-Lei 3365/1941-Operação de Desapropriação por Utilidade Pública";"8";"Não Aplicável";"29/09/2025 00:00:00";"29/10/2025 00:00:00";"29/10/2025 00:00:00";"0";"0";"30";"7500";"0";"7500";"0";"E";"1";"";"-1";"-1";"";"";"";"";"41";"SEM REAJUSTE";"044/SIURB/25";"";"";"28/08/2025 00:00:00";"01/09/2025 00:00:00";"";"";"";"";"";"7910202500014189";"S";"837819";"ELISEU APARECIDO NETTO";"141158340";"Desapropriação de imóvel necessário para implantação do melhoramento Habitação de Interesse Social - HIS, integrante da Operação Urbana Consorciada Água Espraiada - OUCAE.";"";"22";"Secretaria Municipal de Infraestrutura Urbana e Obras";"10";"Gabinete do Secretário";"7500";"0";"30";"0";"0";"7500";"7500";"0";"7500";"0";"0";"0";"7500";"7500";"0";"7500";"0";"7500";"0";"0";"0";"7500";"7500";"0";"0";"0";"0";"0";"0";"0";"0";"0";"0";"0";"0";"0";"0";"0";"0";"0";"0";"0";"0";"29.30.16.482.3002.3.354.44906100.08.1.799.0624.0";"99";"Outras Aquisições de Bens Imóveis";"01";"Desapropriações";"61";"Aquisição de Imóveis";"0"
"588593";"16526";"2025";"22";"Secretaria Municipal de Infraestrutura Urbana e Obras";"10";"Gabinete do Secretário";"2";"Termo de Contrato - Serviços";"39";"Não Aplicável";"8";"Não Aplicável";"29/09/2025 00:00:00";"29/11/2025 00:00:00";"29/11/2025 00:00:00";"0";"0";"61";"474794,02";"0";"474794,02";"0";"A";"9";"umental";"-1";"-1";"";"";"";"";"33";"IPC/FIPE";"045/SIURB/2025";"MARCO ALESSIO ANTUNES";"10/02/2025 00:00:00";"13/06/2025 00:00:00";"16/06/2025 00:00:00";"";"23/07/2025 00:00:00";"25/07/2025 00:00:00";"";"ATA de RP 002/2023";"6022202400090495";"S";"927010";"IGOR SILVA GOMES";"142614771";"Contratação direta da sociedade empresária SÃO PAULO OBRAS - SP OBRAS, inscrita no CNPJ/MF sob o nº 11.958.828/0001-73, para prestação de serviços técnicos especializados para elaboração de material licitatório, visando a contratação da prestação de serviços técnicos especializados para elaboração do material técnico preparatório e execução de licitação para contratação da prestação de serviços técnicos especializados para elaboração de levantamento planialtimétrico, cadastramento arbóreo, sondagem e relatório técnico de sondagem da área de implantação de 6 Novos CEU's.";"";"22";"Secretaria Municipal de Infraestrutura Urbana e Obras";"10";"Gabinete do Secretário";"474794,02";"0";"61";"0";"0";"474794,02";"474794,02";"0";"474794,02";"0";"0";"0";"474794,02";"474794,02";"0";"474794,02";"0";"474794,02";"0";"0";"0";"474794,02";"474794,02";"0";"0";"0";"0";"0";"0";"0";"0";"0";"0";"0";"0";"0";"0";"0";"0";"0";"0";"0";"0";"16.10.12.368.3010.3.363.44903900.00.1.500.0003.0";"05";"Serviços Técnicos Profissionais";"01";"Gerenciamento";"39";"Outros Serviços de Terceiros - Pessoa Jurídica";"0"
"606128";"32681";"2025";"22";"Secretaria Municipal de Infraestrutura Urbana e Obras";"10";"Gabinete do Secretário";"54";"Nota de Empenho - Pagamento de Anuidades / Taxas / Impostos";"39";"Não Aplicável";"8";"Não Aplicável";"30/10/2025 00:00:00";"29/11/2025 00:00:00";"29/11/2025 00:00:00";"0";"0";"30";"3150";"0";"3150";"0";"E";"1";"";"-1";"-1";"";"";"";"";"41";"SEM REAJUSTE";"0420061-24/2013";"";"22/10/2025 00:00:00";"30/10/2025 00:00:00";"03/11/2025 00:00:00";"";"";"";"";"Não Aplicável";"7910202500019008";"S";"";"";"";"Termo de Compromisso nº 0420061-24/2013 - Rua Antenor Batista (PRA - Etapa 9) - Programa de Redução de Alagamentos - Restauração de Margens, Sistemas de Galerias de Águas Pluviais, Dispositivos de Captação de Águas Pluviais e Pavimentação, no Município de São Paulo, no âmbito do Programa Saneamento Básico, Ação Apoio a Empreendimentos de Saneamento Integrado.";"";"22";"Secretaria Municipal de Infraestrutura Urbana e Obras";"10";"Gabinete do Secretário";"3150";"0";"30";"0";"0";"3150";"3150";"0";"3150";"0";"0";"0";"3150";"3150";"0";"3150";"0";"3150";"0";"0";"0";"3150";"3150";"0";"0";"0";"0";"0";"0";"0";"0";"0";"0";"0";"0";"0";"0";"0";"0";"0";"0";"0";"0";"86.22.17.451.3008.5.013.44903900.08.1.759.0709.1";"99";"Outros Serviços de Terceiros - Pessoa Jurídica";"99";"Outros Serviços de Terceiros - Pessoa Jurídica";"39";"Outros Serviços de Terceiros - Pessoa Jurídica";"0"
"600203";"27282";"2025";"22";"Secretaria Municipal de Infraestrutura Urbana e Obras";"10";"Gabinete do Secretário";"2";"Termo de Contrato - Serviços";"122";"Art. 75 - Inciso IX - Lei Federal 14.133/2021";"6";"Dispensa de Licitação";"04/11/2025 00:00:00";"29/12/2026 00:00:00";"29/12/2026 00:00:00";"0";"0";"420";"9915069,15";"0";"1508083,98";"0";"A";"9";"umental";"-1";"-1";"";"";"";"";"41";"SEM REAJUSTE";"078/SIURB/2025";"Jorge Bayerlein/Marco Alessio Antunes";"15/05/2025 00:00:00";"10/09/2025 00:00:00";"11/09/2025 00:00:00";"";"03/11/2025 00:00:00";"14/11/2025 00:00:00";"";"DL";"6022202300002047";"S";"504320-4";"José Donizete Venâncio";"147247864";"Prestação de serviços técnicos especializados para assistência e subsídio à fiscalização SIURB para execução das obras e serviços para requalificação do Corredor e a reforma dos pavimentos flexíveis, passeios e demais elementos já existentes da Av. Interlagos (trecho entre Av. Washington Luís e Av. Atlântica) - na Região Sul da Cidade de São Paulo (CONCORRÊNCIA Nº053/2022/ SPOBRAS - 7910.2022/0001456-6).";"";"22";"Secretaria Municipal de Infraestrutura Urbana e Obras";"10";"Gabinete do Secretário";"9915069,15";"0";"420";"0";"0";"9915069,15";"9915069,15";"0";"1508083,98";"0";"8406985,17";"0";"1508083,98";"1508083,98";"62,68";"9915069,15";"0";"1508083,98";"0";"8406985,17";"0";"1508083,98";"1508083,98";"62,68";"0";"0";"0";"0";"0";"0";"0";"0";"0";"0";"0";"0";"0";"0";"0";"0";"0";"0";"0";"98.22.26.453.3009.5.105.44903900.08.1.759.0402.0";"05";"Serviços Técnicos Profissionais";"01";"Gerenciamento";"39";"Outros Serviços de Terceiros - Pessoa Jurídica";"8406985,17"
"581105";"9766";"2025";"22";"Secretaria Municipal de Infraestrutura Urbana e Obras";"10";"Gabinete do Secretário";"2";"Termo de Contrato - Serviços";"39";"Não Aplicável";"8";"Não Aplicável";"30/04/2025 00:00:00";"30/05/2025 00:00:00";"30/05/2025 00:00:00";"0";"0";"30";"8705,82";"0";"8705,82";"0";"E";"9";"umental";"-1";"-1";"";"";"";"";"41";"SEM REAJUSTE";"016/SIURB/2025";"PAULA BAILLOT LACERDA";"15/04/2025 00:00:00";"31/03/2025 00:00:00";"02/04/2025 00:00:00";"";"15/04/2025 00:00:00";"29/04/2025 00:00:00";"";"ATA RP 008/2024";"6022202500010043";"S";"6483356";"Jorge Takeshi Ogata";"Fiscal";"Prestação de serviços especializados de engenharia consultiva para apoio técnico, topografia, controle tecnológico e ensaios de materiais (solos, pavimentação, concreto) e investigações geotécnicas na cidade de São Paulo";"";"22";"Secretaria Municipal de Infraestrutura Urbana e Obras";"10";"Gabinete do Secretário";"8705,82";"0";"30";"0";"0";"8705,82";"8705,82";"0";"8705,82";"0";"0";"0";"8705,82";"8705,82";"0";"8705,82";"0";"8705,82";"0";"0";"0";"8705,82";"8705,82";"0";"0";"0";"0";"0";"0";"0";"0";"0";"0";"0";"0";"0";"0";"0";"0";"0";"0";"0";"0";"98.22.26.453.3009.5.105.44903900.08.1.759.0402.0";"99";"Outros Serviços de Terceiros - Pessoa Jurídica";"99";"Outros Serviços de Terceiros - Pessoa Jurídica";"39";"Outros Serviços de Terceiros - Pessoa Jurídica";"0"
"599140";"26355";"2025";"22";"Secretaria Municipal de Infraestrutura Urbana e Obras";"10";"Gabinete do Secretário";"30";"Nota de Empenho para Fornecimento de Serviços";"115";"Art. 75 - Inciso II - Lei Federal 14.133/2021";"6";"Dispensa de Licitação";"30/06/2025 00:00:00";"30/06/2026 00:00:00";"30/06/2026 00:00:00";"0";"0";"365";"0";"0";"0";"0";"E";"90";"ocumento equivalente";"2025";"20";"13";"Secretaria Municipal de Gestão";"";"";"33";"IPC/FIPE";"";"";"04/07/2025 00:00:00";"28/08/2025 00:00:00";"29/08/2025 00:00:00";"90";"";"";"";"90011/2025-COBES";"6022202500059948";"S";"d839248";"Isabela Lemos Santana";"141276805";"Prestação de serviço de agenciamento de viagens internacionais, por intermédio de operadora ou agência de viagens, sob demanda - Ata de Registro de Preço nº 020/SEGES-COBES/2025.";"";"22";"Secretaria Municipal de Infraestrutura Urbana e Obras";"10";"Gabinete do Secretário";"30000";"0";"365";"0";"0";"30000";"30000";"0";"0";"30000";"0";"0";"0";"0";"30000";"30000";"0";"0";"30000";"0";"0";"0";"0";"30000";"0";"0";"0";"0";"0";"0";"0";"0";"0";"0";"0";"0";"0";"0";"0";"0";"0";"0";"0";"22.10.15.122.3024.2.100.33903300.00.1.500.9001.1";"02";"Passagens para o Exterior";"01";"Passagens Aéreas";"33";"Passagens e Despesas com Locomoção";"0"
"611918";"38035";"2025";"22";"Secretaria Municipal de Infraestrutura Urbana e Obras";"10";"Gabinete do Secretário";"2";"Termo de Contrato - Serviços";"105";"Art. 28 - Inciso I Lei Federal 14.133/2021";"12";"Pregão";"29/12/2025 00:00:00";"30/06/2027 00:00:00";"30/06/2027 00:00:00";"0";"0";"548";"30000000";"0";"16783074,77";"0";"A";"9";"umental";"-1";"-1";"";"";"";"";"33";"IPC/FIPE";"162/SIURB/2025";"BRUNO RIBEIRO FURTADO";"12/11/2025 00:00:00";"11/12/2025 00:00:00";"12/12/2025 00:00:00";"";"29/12/2025 00:00:00";"12/01/2026 00:00:00";"";"Nº 90052/25/SIURB";"6022202500064992";"S";"7530220";"JOAO LUIS MARANHÃO BISCAIA";"150479941";"Contratação de empresa especializada em engenharia para execução de obras de recuperação e reforço estrutural do Viaduto Incinerador Vergueiro (Saioá), localizado na Av. Ricardo Jafet.";"";"22";"Secretaria Municipal de Infraestrutura Urbana e Obras";"10";"Gabinete do Secretário";"30000000";"0";"548";"0";"0";"30000000";"30000000";"0";"16783074,77";"0";"13216925,23";"1839894,27";"14943180,50";"14943180,50";"14000458,99";"30000000";"0";"16783074,77";"0";"13216925,23";"1839894,27";"14943180,50";"14943180,50";"14000458,99";"0";"0";"0";"0";"0";"0";"0";"0";"0";"0";"0";"0";"0";"0";"0";"0";"0";"0";"0";"98.22.15.451.3009.5.187.44905100.08.1.759.0402.1";"89";"Obras em Andamento - Uso Comum do Povo";"15";"Pontes, Pontilhões e Viadutos";"51";"Obras e Instalações";"13216925,23"
"589114";"16998";"2025";"22";"Secretaria Municipal de Infraestrutura Urbana e Obras";"10";"Gabinete do Secretário";"71";"Nota de Empenho Desapropriações - Interesse  Público";"65";"Decreto-Lei 3365/1941-Operação de Desapropriação por Utilidade Pública";"8";"Não Aplicável";"30/06/2025 00:00:00";"30/07/2025 00:00:00";"30/07/2025 00:00:00";"0";"0";"30";"212431,93";"0";"212431,93";"0";"E";"1";"";"-1";"-1";"";"";"";"";"41";"SEM REAJUSTE";"031/SIURB/25";"";"";"18/06/2025 00:00:00";"23/06/2025 00:00:00";"";"";"";"";"";"7910202500009045";"S";"837819";"ELISEU APARECIDO NETTO";"127786209";"Desapropriação de imóvel necessário para implantação do melhoramento Chucri Zaidan, integrante da Operação Urbana Consorciada Água Espraiada - OUCAE.";"";"22";"Secretaria Municipal de Infraestrutura Urbana e Obras";"10";"Gabinete do Secretário";"212431,93";"0";"30";"0";"0";"212431,93";"212431,93";"0";"212431,93";"0";"0";"0";"212431,93";"212431,93";"0";"212431,93";"0";"212431,93";"0";"0";"0";"212431,93";"212431,93";"0";"0";"0";"0";"0";"0";"0";"0";"0";"0";"0";"0";"0";"0";"0";"0";"0";"0";"0";"0";"29.30.15.451.3009.5.100.44906100.08.1.799.0707.0";"99";"Outras Aquisições de Bens Imóveis";"01";"Desapropriações";"61";"Aquisição de Imóveis";"0"
"607152";"33611";"2025";"22";"Secretaria Municipal de Infraestrutura Urbana e Obras";"10";"Gabinete do Secretário";"2";"Termo de Contrato - Serviços";"39";"Não Aplicável";"8";"Não Aplicável";"01/12/2025 00:00:00";"30/05/2026 00:00:00";"30/09/2026 00:00:00";"0";"0";"180";"6009995,91";"0";"6009995,91";"0";"A";"9";"umental";"-1";"-1";"";"";"";"";"33";"IPC/FIPE";"091/SIURB/2025";"Bruno Rolim de Freitas Brugnera";"01/07/2024 00:00:00";"02/10/2025 00:00:00";"06/10/2025 00:00:00";"";"14/11/2025 00:00:00";"01/12/2025 00:00:00";"";"90005/2025/SPOBRAS";"7910202400024336";"S";"575101-2";"Eduardo de Carvalho Pereira";"143708417";"Contratação de empresa ou consórcio de especializadas para execução de obras de recuperação do Túnel do Anhangabaú (São João Paulo II) - Lote 5.";"";"22";"Secretaria Municipal de Infraestrutura Urbana e Obras";"10";"Gabinete do Secretário";"6009995,91";"0";"180";"0";"0";"6009995,91";"6009995,91";"0";"6009995,91";"0";"0";"846443,94";"5163551,97";"5163551,97";"3400455,35";"6009995,91";"0";"6009995,91";"0";"0";"846443,94";"5163551,97";"5163551,97";"3400455,35";"0";"0";"0";"0";"0";"0";"0";"0";"0";"0";"0";"0";"0";"0";"0";"0";"0";"123";"0";"22.10.15.451.3009.5.187.44905100.00.1.500.0003.0";"89";"Obras em Andamento - Uso Comum do Povo";"19";"Sistemas Viários";"51";"Obras e Instalações";"0"
"605607";"32203";"2025";"22";"Secretaria Municipal de Infraestrutura Urbana e Obras";"10";"Gabinete do Secretário";"30";"Nota de Empenho para Fornecimento de Serviços";"115";"Art. 75 - Inciso II - Lei Federal 14.133/2021";"6";"Dispensa de Licitação";"30/10/2025 00:00:00";"30/10/2026 00:00:00";"30/10/2026 00:00:00";"0";"0";"365";"30000";"0";"30000";"0";"E";"90";"ocumento equivalente";"-1";"-1";"";"";"";"";"41";"SEM REAJUSTE";"";"Mario William";"16/10/2025 00:00:00";"28/10/2025 00:00:00";"29/10/2025 00:00:00";"418";"";"";"";"DL 92/2025";"6022202500077423";"S";"770660";"Raquel Alves Cabral";"144674573";"Assinatura de sistema digital multiusuário para disponibilização e Gerenciamento de coleções de Normas Técnicas Brasileiras (NBR) e Mercosul (NM), totalmente via web com recurso de visualização e impressão ilimitada.";"";"22";"Secretaria Municipal de Infraestrutura Urbana e Obras";"10";"Gabinete do Secretário";"30000";"0";"365";"0";"0";"30000";"30000";"0";"30000";"0";"0";"0";"30000";"30000";"0";"30000";"0";"30000";"0";"0";"0";"30000";"30000";"0";"0";"0";"0";"0";"0";"0";"0";"0";"0";"0";"0";"0";"0";"0";"0";"0";"0";"0";"0";"22.10.15.122.3024.2.100.33903900.00.1.500.9001.0";"01";"Assinatura de Periódicos e Anuidades";"05";"Assinatura para Acesso a Sistemas de Pesquisa e Banco de Dados";"39";"Outros Serviços de Terceiros - Pessoa Jurídica";"0"
"609796";"36077";"2025";"22";"Secretaria Municipal de Infraestrutura Urbana e Obras";"10";"Gabinete do Secretário";"71";"Nota de Empenho Desapropriações - Interesse  Público";"65";"Decreto-Lei 3365/1941-Operação de Desapropriação por Utilidade Pública";"8";"Não Aplicável";"30/11/2025 00:00:00";"30/12/2025 00:00:00";"30/12/2025 00:00:00";"0";"0";"30";"8500";"0";"8500";"0";"A";"1";"";"-1";"-1";"";"";"";"";"41";"SEM REAJUSTE";"060/SIURB/2025";"";"";"04/12/2025 00:00:00";"05/12/2025 00:00:00";"14732";"04/12/2025 00:00:00";"05/12/2025 00:00:00";"";"";"7910202500021436";"S";"837819";"ELISEU APARECIDO NETTO";"146972522";"Trata-se de ação de desapropriação de imóvel necessário para implantação do melhoramento Parque Linear, integrante da Operação Urbana Consorciada Água Espraiada - OUCAE.";"";"22";"Secretaria Municipal de Infraestrutura Urbana e Obras";"10";"Gabinete do Secretário";"8500";"0";"30";"0";"0";"8500";"8500";"0";"8500";"0";"0";"0";"8500";"8500";"0";"8500";"0";"8500";"0";"0";"0";"8500";"8500";"0";"0";"0";"0";"0";"0";"0";"0";"0";"0";"0";"0";"0";"0";"0";"0";"0";"0";"0";"0";"29.30.15.451.3009.5.100.44903900.08.2.799.0707.1";"99";"Outros Serviços de Terceiros - Pessoa Jurídica";"99";"Outros Serviços de Terceiros - Pessoa Jurídica";"39";"Outros Serviços de Terceiros - Pessoa Jurídica";"0"
"609006";"35338";"2025";"22";"Secretaria Municipal de Infraestrutura Urbana e Obras";"10";"Gabinete do Secretário";"2";"Termo de Contrato - Serviços";"105";"Art. 28 - Inciso I Lei Federal 14.133/2021";"12";"Pregão";"30/12/2025 00:00:00";"30/12/2027 00:00:00";"30/12/2027 00:00:00";"0";"0";"730";"46332934,23";"0";"5984086,52";"0";"A";"9";"umental";"-1";"-1";"";"";"";"";"33";"IPC/FIPE";"169/SIURB/2025";"JOÃO CARLOS ATHANAZIO RUPP";"20/10/2025 00:00:00";"31/10/2025 00:00:00";"03/11/2025 00:00:00";"";"30/12/2025 00:00:00";"30/12/2025 00:00:00";"14969";"90027/25";"6022202500060199";"S";"d9480650";"Viviane Cassiano Domingos Crus";"149694577";"CONTRATAÇÃO DE EMPRESA ESPECIALIZADA EM ENGENHARIA PARA ELABORAÇÃO DE PROJETO EXECUTIVO E EXECUÇÃO DE SERVIÇOS DE RECUPERAÇÃO E REFORÇO ESTRUTURAL DO VIADUTO JOÃO MOURA - LOCALIZADO NO BAIRRO DE PINHEIROS- SÃO PAULO - SP.";"";"22";"Secretaria Municipal de Infraestrutura Urbana e Obras";"10";"Gabinete do Secretário";"46332934,23";"0";"730";"0";"0";"46332934,23";"46332934,23";"0";"5984086,52";"0";"40348847,71";"0";"5984086,52";"5984086,52";"15913,48";"46332934,23";"0";"5984086,52";"0";"40348847,71";"0";"5984086,52";"5984086,52";"15913,48";"0";"0";"0";"0";"0";"0";"0";"0";"0";"0";"0";"0";"0";"0";"0";"0";"0";"0";"0";"98.22.15.451.3009.5.187.44905100.08.1.759.0402.1";"89";"Obras em Andamento - Uso Comum do Povo";"15";"Pontes, Pontilhões e Viadutos";"51";"Obras e Instalações";"40348847,71"
"601987";"28899";"2025";"22";"Secretaria Municipal de Infraestrutura Urbana e Obras";"10";"Gabinete do Secretário";"2";"Termo de Contrato - Serviços";"122";"Art. 75 - Inciso IX - Lei Federal 14.133/2021";"6";"Dispensa de Licitação";"01/12/2025 00:00:00";"31/03/2026 00:00:00";"31/03/2026 00:00:00";"0";"0";"120";"77714,56";"0";"77714,56";"0";"A";"9";"umental";"-1";"-1";"";"";"";"";"41";"SEM REAJUSTE";"087/SIURB/2025";"Marco Alessio Antunes";"22/08/2025 00:00:00";"25/09/2025 00:00:00";"29/09/2025 00:00:00";"";"20/10/2025 00:00:00";"20/10/2025 00:00:00";"14454";"DL";"6022202500059093";"S";"818558-1";"Douglas de Paula D'Amaro";"143409749";"Contratação para proposta técnica pomercial para prestação de serviços técnicos especializados para elaboração do material técnico preparatório e execução de licitação para contratação de empresa especializada em arqueologia e meio ambiente para a Requalificação Urbana dos Calçadões do Quadrilátero na Região Central de São Paulo - República.";"";"22";"Secretaria Municipal de Infraestrutura Urbana e Obras";"10";"Gabinete do Secretário";"77714,56";"0";"120";"0";"0";"77714,56";"77714,56";"0";"77714,56";"0";"0";"0";"77714,56";"77714,56";"46687,55";"77714,56";"0";"77714,56";"0";"0";"0";"77714,56";"77714,56";"46687,55";"0";"0";"0";"0";"0";"0";"0";"0";"0";"0";"0";"0";"0";"0";"0";"0";"0";"0";"0";"98.22.13.695.3015.5.409.44903900.08.1.759.0402.1";"05";"Serviços Técnicos Profissionais";"01";"Gerenciamento";"39";"Outros Serviços de Terceiros - Pessoa Jurídica";"0"
"597248";"24678";"2025";"22";"Secretaria Municipal de Infraestrutura Urbana e Obras";"10";"Gabinete do Secretário";"71";"Nota de Empenho Desapropriações - Interesse  Público";"65";"Decreto-Lei 3365/1941-Operação de Desapropriação por Utilidade Pública";"8";"Não Aplicável";"01/07/2025 00:00:00";"31/07/2025 00:00:00";"31/07/2025 00:00:00";"0";"0";"30";"282,60";"0";"282,60";"0";"E";"1";"";"-1";"-1";"";"";"";"";"41";"SEM REAJUSTE";"";"";"";"11/08/2025 00:00:00";"11/08/2025 00:00:00";"";"";"";"";"";"7910202500012194";"S";"837819";"ELISEU APARECIDO NETTO";"130485853";"Desapropriação de imóvel necessário para implantação do melhoramento Chucri Zaidan, integrante da Operação Urbana Consorciada Água Espraiada - OUCAE.";"";"22";"Secretaria Municipal de Infraestrutura Urbana e Obras";"10";"Gabinete do Secretário";"282,60";"0";"30";"0";"0";"282,60";"282,60";"0";"282,60";"0";"0";"0";"282,60";"282,60";"0";"282,60";"0";"282,60";"0";"0";"0";"282,60";"282,60";"0";"0";"0";"0";"0";"0";"0";"0";"0";"0";"0";"0";"0";"0";"0";"0";"0";"0";"0";"0";"29.30.15.451.3009.5.100.44903900.08.2.799.0707.1";"99";"Outros Serviços de Terceiros - Pessoa Jurídica";"99";"Outros Serviços de Terceiros - Pessoa Jurídica";"39";"Outros Serviços de Terceiros - Pessoa Jurídica";"0"
"586352";"14537";"2025";"22";"Secretaria Municipal de Infraestrutura Urbana e Obras";"10";"Gabinete do Secretário";"72";"Nota de Empenho Desapropriações - Interesse Social";"65";"Decreto-Lei 3365/1941-Operação de Desapropriação por Utilidade Pública";"8";"Não Aplicável";"01/07/2025 00:00:00";"31/07/2025 00:00:00";"31/07/2025 00:00:00";"0";"0";"30";"48642,17";"0";"48642,17";"0";"E";"1";"";"-1";"-1";"";"";"";"";"41";"SEM REAJUSTE";"025/SIURB/2025";"";"29/04/2025 00:00:00";"21/05/2025 00:00:00";"23/05/2025 00:00:00";"";"";"";"";"Desapropriação";"7910202500006003";"S";"817424";"Nycolas Felix Gonçalves";"124950436";"Desapropriação de imóvel necessário para implantação do melhoramento HIS área 17, integrante da OUCAE";"";"22";"Secretaria Municipal de Infraestrutura Urbana e Obras";"10";"Gabinete do Secretário";"48642,17";"0";"30";"0";"0";"48642,17";"48642,17";"0";"48642,17";"0";"0";"0";"48642,17";"48642,17";"0";"48642,17";"0";"48642,17";"0";"0";"0";"48642,17";"48642,17";"0";"0";"0";"0";"0";"0";"0";"0";"0";"0";"0";"0";"0";"0";"0";"0";"0";"0";"0";"0";"29.30.16.482.3002.3.354.44906100.08.1.799.0624.0";"99";"Outras Aquisições de Bens Imóveis";"01";"Desapropriações";"61";"Aquisição de Imóveis";"0"
"600950";"27985";"2025";"22";"Secretaria Municipal de Infraestrutura Urbana e Obras";"10";"Gabinete do Secretário";"71";"Nota de Empenho Desapropriações - Interesse  Público";"65";"Decreto-Lei 3365/1941-Operação de Desapropriação por Utilidade Pública";"8";"Não Aplicável";"01/08/2025 00:00:00";"31/08/2025 00:00:00";"31/08/2025 00:00:00";"0";"0";"30";"37761,77";"0";"37761,77";"0";"A";"1";"";"-1";"-1";"";"";"";"";"41";"SEM REAJUSTE";"048/SIURB/2025";"";"";"16/09/2025 00:00:00";"18/09/2025 00:00:00";"";"17/11/2025 00:00:00";"26/11/2025 00:00:00";"15085";"";"7910202400017852";"S";"837819";"ELISEU APARECIDO NETTO";"142541859";"Desapropriação do imóvel situado na Rua Genaro de Carvalho, nº 386 - Campo Belo/Jabaquara, CEP: 04377-220, sob contribuinte nº 091.444.0025-1, ligado ao Melhoramento Parque Linear, integrante da Operação Urbana Consorciada Água Espraiada - OUCAE - Solicitação transferência de recursos financeiros.";"";"22";"Secretaria Municipal de Infraestrutura Urbana e Obras";"10";"Gabinete do Secretário";"37761,77";"0";"30";"0";"0";"37761,77";"37761,77";"0";"37761,77";"0";"0";"0";"37761,77";"37761,77";"0";"37761,77";"0";"37761,77";"0";"0";"0";"37761,77";"37761,77";"0";"0";"0";"0";"0";"0";"0";"0";"0";"0";"0";"0";"0";"0";"0";"0";"0";"0";"0";"0";"29.30.15.451.3009.5.100.44903900.08.2.799.0707.1";"99";"Outros Serviços de Terceiros - Pessoa Jurídica";"99";"Outros Serviços de Terceiros - Pessoa Jurídica";"39";"Outros Serviços de Terceiros - Pessoa Jurídica";"0"
"604933";"31563";"2025";"22";"Secretaria Municipal de Infraestrutura Urbana e Obras";"10";"Gabinete do Secretário";"71";"Nota de Empenho Desapropriações - Interesse  Público";"65";"Decreto-Lei 3365/1941-Operação de Desapropriação por Utilidade Pública";"8";"Não Aplicável";"01/10/2025 00:00:00";"31/10/2025 00:00:00";"31/10/2025 00:00:00";"0";"0";"30";"63974,29";"0";"63974,29";"0";"A";"1";"";"-1";"-1";"";"";"";"";"41";"SEM REAJUSTE";"054/SIURB/2025";"";"";"21/10/2025 00:00:00";"23/10/2025 00:00:00";"";"08/12/2025 00:00:00";"10/12/2025 00:00:00";"15072";"";"7910202500018575";"S";"837819";"ELISEU APARECIDO NETTO";"144508048";"Desapropriação de imóvel necessário para implantação do melhoramento Habitação de Interesse Social - HIS 21, integrante da Operação Urbana Consorciada Água Espraiada - OUCAE.";"";"22";"Secretaria Municipal de Infraestrutura Urbana e Obras";"10";"Gabinete do Secretário";"63974,29";"0";"30";"0";"0";"63974,29";"63974,29";"0";"63974,29";"0";"0";"0";"63974,29";"63974,29";"0";"63974,29";"0";"63974,29";"0";"0";"0";"63974,29";"63974,29";"0";"0";"0";"0";"0";"0";"0";"0";"0";"0";"0";"0";"0";"0";"0";"0";"0";"0";"0";"0";"29.30.16.482.3002.3.354.44906100.08.1.799.0624.0";"99";"Outras Aquisições de Bens Imóveis";"01";"Desapropriações";"61";"Aquisição de Imóveis";"0"
"604047";"30769";"2025";"22";"Secretaria Municipal de Infraestrutura Urbana e Obras";"10";"Gabinete do Secretário";"71";"Nota de Empenho Desapropriações - Interesse  Público";"65";"Decreto-Lei 3365/1941-Operação de Desapropriação por Utilidade Pública";"8";"Não Aplicável";"01/10/2025 00:00:00";"31/10/2025 00:00:00";"31/10/2025 00:00:00";"0";"0";"30";"28963,15";"0";"28963,15";"0";"E";"1";"";"-1";"-1";"";"";"";"";"41";"SEM REAJUSTE";"";"";"";"15/10/2025 00:00:00";"16/10/2025 00:00:00";"14413";"";"";"";"";"6022201800059074";"S";"837819";"ELISEU APARECIDO NETTO";"143804559";"Desapropriação, cujo imóvel atingido está localizado na Avenida Sanatório, nº 1.655 entre o nº1657 e nº1647, Viela casa 5 e cadastrado sob o nº contribuinte 066.038.0086-1, necessário para implantação do melhoramento ao longo do Córrego Paciência.";"";"22";"Secretaria Municipal de Infraestrutura Urbana e Obras";"10";"Gabinete do Secretário";"28963,15";"0";"30";"0";"0";"28963,15";"28963,15";"0";"28963,15";"0";"0";"0";"28963,15";"28963,15";"0";"28963,15";"0";"28963,15";"0";"0";"0";"28963,15";"28963,15";"0";"0";"0";"0";"0";"0";"0";"0";"0";"0";"0";"0";"0";"0";"0";"0";"0";"0";"0";"0";"86.22.17.451.3008.5.013.44906100.08.1.759.0709.0";"99";"Outras Aquisições de Bens Imóveis";"01";"Desapropriações";"61";"Aquisição de Imóveis";"0"
"606562";"33090";"2025";"22";"Secretaria Municipal de Infraestrutura Urbana e Obras";"10";"Gabinete do Secretário";"71";"Nota de Empenho Desapropriações - Interesse  Público";"65";"Decreto-Lei 3365/1941-Operação de Desapropriação por Utilidade Pública";"8";"Não Aplicável";"01/10/2025 00:00:00";"31/10/2025 00:00:00";"31/10/2025 00:00:00";"0";"0";"30";"90,08";"0";"90,08";"0";"A";"1";"";"-1";"-1";"";"";"";"";"41";"SEM REAJUSTE";"TCNO 058/SIURB/2025";"";"";"03/11/2025 00:00:00";"05/11/2025 00:00:00";"14542";"08/12/2025 00:00:00";"10/12/2025 00:00:00";"";"";"7910202500019407";"S";"837819";"ELISEU APARECIDO NETTO";"145326588";"Pagamento de Taxas Judiciais- Desapropriação - Operação Urbana Consorciada Água Espraiada - OUCAE.";"";"22";"Secretaria Municipal de Infraestrutura Urbana e Obras";"10";"Gabinete do Secretário";"90,08";"0";"30";"0";"0";"90,08";"90,08";"0";"90,08";"0";"0";"0";"90,08";"90,08";"0";"90,08";"0";"90,08";"0";"0";"0";"90,08";"90,08";"0";"0";"0";"0";"0";"0";"0";"0";"0";"0";"0";"0";"0";"0";"0";"0";"0";"0";"0";"0";"29.30.16.482.3002.3.354.44903900.08.1.799.0624.0";"99";"Outros Serviços de Terceiros - Pessoa Jurídica";"99";"Outros Serviços de Terceiros - Pessoa Jurídica";"39";"Outros Serviços de Terceiros - Pessoa Jurídica";"0"
"589954";"17783";"2025";"22";"Secretaria Municipal de Infraestrutura Urbana e Obras";"10";"Gabinete do Secretário";"2";"Termo de Contrato - Serviços";"109";"Art. 74 - Inciso I - Lei Federal 14.133/2021";"7";"Inexigibilidade";"03/07/2025 00:00:00";"31/10/2025 00:00:00";"31/10/2025 00:00:00";"0";"0";"120";"150740,70";"0";"0";"0";"S";"9";"umental";"-1";"-1";"";"";"";"";"41";"SEM REAJUSTE";"384782122";"";"";"23/06/2025 00:00:00";"25/06/2025 00:00:00";"";"";"";"";"NOTA TÉCNICA";"6022202500033299";"S";"";"";"";"Nota Técnica nº: 384782122 - Execução das obras de ligação de energia elétrica do Reservatório Taboão - Av. Aricanduva";"";"22";"Secretaria Municipal de Infraestrutura Urbana e Obras";"10";"Gabinete do Secretário";"150740,70";"0";"120";"0";"0";"150740,70";"150740,70";"0";"0";"0";"150740,70";"0";"0";"0";"150740,70";"150740,70";"0";"0";"0";"150740,70";"0";"0";"0";"150740,70";"0";"0";"0";"0";"0";"0";"0";"0";"0";"0";"0";"0";"0";"0";"0";"0";"0";"0";"0";"86.22.17.451.3008.5.013.44905100.08.1.759.0709.0";"89";"Obras em Andamento - Uso Comum do Povo";"23";"Reservatórios e Piscinões";"51";"Obras e Instalações";"150740,70"
"604690";"31328";"2025";"22";"Secretaria Municipal de Infraestrutura Urbana e Obras";"10";"Gabinete do Secretário";"2";"Termo de Contrato - Serviços";"39";"Não Aplicável";"8";"Não Aplicável";"31/10/2025 00:00:00";"31/10/2026 00:00:00";"31/10/2026 00:00:00";"0";"0";"365";"44761011";"0";"8235478,64";"0";"A";"9";"umental";"-1";"-1";"";"";"";"";"33";"IPC/FIPE";"101/SIURB/2025";"Jorge Luís Bonfim Leite";"31/01/2025 00:00:00";"16/10/2022 00:00:00";"17/10/2025 00:00:00";"";"05/11/2025 00:00:00";"05/11/2025 00:00:00";"";"90016/25/SIURB";"6022202500046145";"S";"618752-8";"Osmar Dias dos Santos";"145520586";"ELABORAÇÃO DE PROJETOS EXECUTIVOS E EXECUÇÃO DE OBRAS DE INFRAESTRUTURA, ABRANGENDO DRENAGEM DE ÁGUAS PLUVIAIS, PAVIMENTAÇÃO E CONTENÇÃO DE TRECHOS LOCALIZADOS EM ÁREA DE RISCO NO JARDIM COPACABANA - SÃO PAULO/SP.";"";"22";"Secretaria Municipal de Infraestrutura Urbana e Obras";"10";"Gabinete do Secretário";"44761011";"0";"365";"0";"0";"44761011";"44761011";"0";"8235478,64";"0";"36525532,36";"3335,44";"8232143,20";"8232143,20";"4192641,84";"44761011";"0";"8235478,64";"0";"36525532,36";"3335,44";"8232143,20";"8232143,20";"4192641,84";"0";"0";"0";"0";"0";"0";"0";"0";"0";"0";"0";"0";"0";"0";"0";"0";"0";"0";"0";"22.10.17.451.3008.5.013.44905100.00.1.500.9001.1";"89";"Obras em Andamento - Uso Comum do Povo";"22";"Canalização de Córregos";"51";"Obras e Instalações";"36525532,36"
"603810";"30557";"2025";"22";"Secretaria Municipal de Infraestrutura Urbana e Obras";"10";"Gabinete do Secretário";"2";"Termo de Contrato - Serviços";"39";"Não Aplicável";"8";"Não Aplicável";"31/10/2025 00:00:00";"31/10/2027 00:00:00";"31/10/2027 00:00:00";"0";"0";"730";"82134000";"0";"9766836,04";"0";"A";"9";"umental";"-1";"-1";"";"";"";"";"33";"IPC/FIPE";"098/SIURB/2025";"Edwin Rodrigues Flores";"01/05/2025 00:00:00";"10/09/2025 00:00:00";"11/09/2025 00:00:00";"";"16/10/2025 00:00:00";"23/10/2025 00:00:00";"14552";"90012/25/SIURB.";"6022202500036174";"S";"618.752-8";"Osmar Dias dos Santos";"145520976";"ELABORAÇÃO DE PROJETOS EXECUTIVOS E EXECUÇÃO DE OBRAS DE CANALIZAÇÃO DO CÓRREGO BANANAL, TRECHO ENTRE A RUA MATIMPERERÊ E AVENIDA GENERAL PENHA BRASIL - SÃO PAULO - SP.";"";"22";"Secretaria Municipal de Infraestrutura Urbana e Obras";"10";"Gabinete do Secretário";"82134000";"0";"730";"0";"0";"82134000";"82134000";"0";"9766836,04";"0";"72367163,96";"4269068,49";"5497767,55";"5497767,55";"4522265,69";"82134000";"0";"9766836,04";"0";"72367163,96";"4269068,49";"5497767,55";"5497767,55";"4522265,69";"0";"0";"0";"0";"0";"0";"0";"0";"0";"0";"0";"0";"0";"0";"0";"0";"0";"0";"0";"22.10.17.451.3008.5.013.44905100.00.1.500.9001.1";"89";"Obras em Andamento - Uso Comum do Povo";"22";"Canalização de Córregos";"51";"Obras e Instalações";"72367163,96"
"602970";"29805";"2025";"22";"Secretaria Municipal de Infraestrutura Urbana e Obras";"10";"Gabinete do Secretário";"71";"Nota de Empenho Desapropriações - Interesse  Público";"65";"Decreto-Lei 3365/1941-Operação de Desapropriação por Utilidade Pública";"8";"Não Aplicável";"01/12/2025 00:00:00";"31/12/2025 00:00:00";"31/12/2025 00:00:00";"0";"0";"30";"71,26";"0";"71,26";"0";"E";"1";"";"-1";"-1";"";"";"";"";"41";"SEM REAJUSTE";"052/SIURB/2025";"";"";"03/10/2025 00:00:00";"07/10/2025 00:00:00";"14362";"23/10/2025 00:00:00";"10/12/2025 00:00:00";"14417";"";"7910202500015649";"S";"837819";"ELISEU APARECIDO NETTO";"143116827";"Desapropriação de imóvel necessário para implantação do melhoramento Chucri Zaidan, integrante da Operação Urbana Consorciada Água Espraiada - OUCAE.";"";"22";"Secretaria Municipal de Infraestrutura Urbana e Obras";"10";"Gabinete do Secretário";"71,26";"0";"30";"0";"0";"71,26";"71,26";"0";"71,26";"0";"0";"0";"71,26";"71,26";"0";"71,26";"0";"71,26";"0";"0";"0";"71,26";"71,26";"0";"0";"0";"0";"0";"0";"0";"0";"0";"0";"0";"0";"0";"0";"0";"0";"0";"0";"0";"0";"29.30.15.451.3009.5.100.44903900.08.2.799.0707.1";"99";"Outros Serviços de Terceiros - Pessoa Jurídica";"99";"Outros Serviços de Terceiros - Pessoa Jurídica";"39";"Outros Serviços de Terceiros - Pessoa Jurídica";"0"
"602802";"29653";"2025";"22";"Secretaria Municipal de Infraestrutura Urbana e Obras";"10";"Gabinete do Secretário";"71";"Nota de Empenho Desapropriações - Interesse  Público";"65";"Decreto-Lei 3365/1941-Operação de Desapropriação por Utilidade Pública";"8";"Não Aplicável";"01/12/2025 00:00:00";"31/12/2025 00:00:00";"31/12/2025 00:00:00";"0";"0";"30";"71,26";"0";"71,26";"0";"E";"1";"";"-1";"-1";"";"";"";"";"41";"SEM REAJUSTE";"049/SIURB/2025";"";"";"30/09/2025 00:00:00";"06/10/2025 00:00:00";"";"09/12/2025 00:00:00";"10/12/2025 00:00:00";"14762";"";"7910202500015630";"S";"837819";"ELISEU APARECIDO NETTO";"142996817";"Desapropriação de imóvel necessário para implantação do melhoramento Parque Linear, integrante da Operação Urbana Consorciada Água Espraiada - OUCAE";"";"22";"Secretaria Municipal de Infraestrutura Urbana e Obras";"10";"Gabinete do Secretário";"71,26";"0";"30";"0";"0";"71,26";"71,26";"0";"71,26";"0";"0";"0";"71,26";"71,26";"0";"71,26";"0";"71,26";"0";"0";"0";"71,26";"71,26";"0";"0";"0";"0";"0";"0";"0";"0";"0";"0";"0";"0";"0";"0";"0";"0";"0";"0";"0";"0";"29.30.15.451.3009.5.100.44903900.08.2.799.0707.1";"99";"Outros Serviços de Terceiros - Pessoa Jurídica";"99";"Outros Serviços de Terceiros - Pessoa Jurídica";"39";"Outros Serviços de Terceiros - Pessoa Jurídica";"0"
"581190";"9842";"2025";"22";"Secretaria Municipal de Infraestrutura Urbana e Obras";"10";"Gabinete do Secretário";"2";"Termo de Contrato - Serviços";"122";"Art. 75 - Inciso IX - Lei Federal 14.133/2021";"6";"Dispensa de Licitação";"20/05/2025 00:00:00";"19/10/2025 00:00:00";"31/12/2026 00:00:00";"0";"0";"152";"342237,49";"0";"342237,49";"0";"A";"9";"umental";"-1";"-1";"";"";"";"";"41";"SEM REAJUSTE";"017/SIURB/2025";"";"";"31/03/2025 00:00:00";"02/04/2025 00:00:00";"";"";"";"";"DL";"6022202300053725";"S";"6187528";"Osmar Dias dos Santos";"Fiscal";"Prestação de serviços de consultoria e assessoria técnica especializada para apoio técnico preparatório e execução de licitação de Ata de Registro de Preços para contratação de empresa para execução de serviços gerais de recuperação da capacidade funcional de galerias de grande porte - AGENDA DOS 100 DIAS";"";"22";"Secretaria Municipal de Infraestrutura Urbana e Obras";"10";"Gabinete do Secretário";"342237,49";"0";"152";"0";"0";"342237,49";"342237,49";"0";"342237,49";"0";"0";"342237,49";"0";"0";"342237,49";"342237,49";"0";"342237,49";"0";"0";"342237,49";"0";"0";"342237,49";"0";"0";"0";"0";"0";"0";"0";"0";"0";"0";"0";"0";"0";"0";"0";"0";"0";"438";"0";"86.22.17.451.3008.5.013.44905100.08.1.759.0709.0";"80";"Estudos e Projetos";"99";"Outros Estudos e Projetos";"51";"Obras e Instalações";"0"
"588269";"16236";"2025";"22";"Secretaria Municipal de Infraestrutura Urbana e Obras";"10";"Gabinete do Secretário";"2";"Termo de Contrato - Serviços";"39";"Não Aplicável";"8";"Não Aplicável";"18/08/2025 00:00:00";"16/12/2025 00:00:00";"31/12/2026 00:00:00";"0";"0";"120";"82262,07";"0";"82262,07";"0";"A";"9";"umental";"-1";"-1";"";"";"";"";"33";"IPC/FIPE";"046/SIURB/2025";"Jorge Bayerlein e Marco Alessio Antunes";"08/05/2025 00:00:00";"10/06/2025 00:00:00";"12/06/2025 00:00:00";"";"23/07/2025 00:00:00";"25/07/2025 00:00:00";"14818";"Ofício 144/SIURB G/2";"6022202400092587";"S";"818.558.1";"Douglas de Paula D'Amaro";"131218899";"Prestação de serviços técnicos especializados para elaboração de material licitatório, visando a contratação da prestação de serviços técnicos especializados para elaboração do material técnico preparatório e execução de licitação para contratação de prestação de serviços técnicos especializados para elaboração de material e instrução/execução de licitação para a contratação de empresa especializada na prestação de serviços ambientais para o atendimento da demanda de contratação referente a elaboração de 6 (seis) documentos técnicos para o Termo de Compromisso Ambiental - TCA e plantas de Situação Atual, Situação Pretendida e Projeto de Compensação Ambiental, como também para a elaboração de 01 (uma) avaliação ambiental preliminar e 01 (uma) investigação confirmatória - Centro Educacional Unificado - CEU Sete Campos.";"";"22";"Secretaria Municipal de Infraestrutura Urbana e Obras";"10";"Gabinete do Secretário";"82262,07";"0";"120";"0";"0";"82262,07";"82262,07";"0";"82262,07";"0";"0";"46686,65";"35575,42";"35575,42";"0";"82262,07";"0";"82262,07";"0";"0";"46686,65";"35575,42";"35575,42";"0";"0";"0";"0";"0";"0";"0";"0";"0";"0";"0";"0";"0";"0";"0";"0";"0";"0";"380";"0";"16.10.12.368.3010.3.363.44903900.00.1.500.0003.0";"05";"Serviços Técnicos Profissionais";"01";"Gerenciamento";"39";"Outros Serviços de Terceiros - Pessoa Jurídica";"0"
"599244";"26443";"2025";"22";"Secretaria Municipal de Infraestrutura Urbana e Obras";"10";"Gabinete do Secretário";"2";"Termo de Contrato - Serviços";"109";"Art. 74 - Inciso I - Lei Federal 14.133/2021";"7";"Inexigibilidade";"";"";"";"0";"0";"365";"13907104,82";"0";"0";"0";"A";"9";"umental";"-1";"-1";"";"";"";"";"41";"SEM REAJUSTE";"NT 386277908";"";"";"29/08/2025 00:00:00";"01/09/2025 00:00:00";"";"";"";"";"nota tecnica";"7910202400022961";"S";"8222908";"Jonathan Sant'Ana dos Santos";"141535104";"Execução de enterramento das redes Aéreas de Energia Elétrica do Projeto de Requalificação do Corredor Interlagos.";"";"22";"Secretaria Municipal de Infraestrutura Urbana e Obras";"10";"Gabinete do Secretário";"13907104,82";"0";"";"0";"0";"13907104,82";"13907104,82";"0";"0";"0";"13907104,82";"0";"0";"0";"27814209,64";"13907104,82";"0";"0";"0";"13907104,82";"0";"0";"0";"27814209,64";"0";"0";"0";"0";"0";"0";"0";"0";"0";"0";"0";"0";"0";"0";"0";"0";"0";"0";"0";"98.22.15.451.3009.5.100.44905100.08.1.759.0402.1";"89";"Obras em Andamento - Uso Comum do Povo";"18";"Iluminação Pública";"51";"Obras e Instalações";"13907104,82"
"585728";"13954";"2025";"22";"Secretaria Municipal de Infraestrutura Urbana e Obras";"10";"Gabinete do Secretário";"2";"Termo de Contrato - Serviços";"39";"Não Aplicável";"8";"Não Aplicável";"";"";"";"0";"0";"120";"0";"0";"0";"0";"E";"9";"umental";"-1";"-1";"";"";"";"";"41";"SEM REAJUSTE";"";"";"";"16/05/2025 00:00:00";"19/05/2025 00:00:00";"";"";"";"";"ARP 007/SIURB/2024";"6022202500028732";"S";"837.819-3";"Eliseu Aparecido Netto";"123605881";"Elementos técnicos para basear a propositura de ação expropriatória dos imóveis localizados na Rua Cleonice Kammer Di Sandro para melhoramentos ao longo do Ribeirão Perus.";"";"22";"Secretaria Municipal de Infraestrutura Urbana e Obras";"10";"Gabinete do Secretário";"23610,38";"0";"";"0";"0";"23610,38";"23610,38";"0";"0";"23610,38";"0";"0";"0";"0";"23610,38";"23610,38";"0";"0";"23610,38";"0";"0";"0";"0";"23610,38";"0";"0";"0";"0";"0";"0";"0";"0";"0";"0";"0";"0";"0";"0";"0";"0";"0";"0";"0";"86.22.17.451.3008.5.013.44903900.08.1.759.0709.0";"05";"Serviços Técnicos Profissionais";"13";"Topografia";"39";"Outros Serviços de Terceiros - Pessoa Jurídica";"0"
"612368";"38462";"2025";"22";"Secretaria Municipal de Infraestrutura Urbana e Obras";"10";"Gabinete do Secretário";"2";"Termo de Contrato - Serviços";"39";"Não Aplicável";"8";"Não Aplicável";"";"";"";"0";"0";"270";"1996000";"0";"0";"0";"A";"9";"umental";"-1";"-1";"";"";"";"";"33";"IPC/FIPE";"168/SIURB/2025";"";"";"24/07/2025 00:00:00";"28/07/2025 00:00:00";"";"";"";"";"nº 90003/25/SIURB";"6022202400080040";"S";"";"";"";"PROJETOS BÁSICOS, PROJETOS EXECUTIVOS, INCLUINDO OBTENÇÃO DE OUTORGA DO DAEE, E EXECUÇÃO DE OBRAS DE RECONSTRUÇÃO DE TRAVESSIA E RETIRADA DE PASSARELA NO CÓRREGO BANANAL, PERTENCENTE À BACIA DO CABUÇO DE BAIXO";"";"22";"Secretaria Municipal de Infraestrutura Urbana e Obras";"10";"Gabinete do Secretário";"1996000";"0";"";"0";"0";"1996000";"1996000";"0";"0";"0";"1996000";"0";"0";"0";"1996000";"1996000";"0";"0";"0";"1996000";"0";"0";"0";"1996000";"0";"0";"0";"0";"0";"0";"0";"0";"0";"0";"0";"0";"0";"0";"0";"0";"0";"0";"0";"22.10.17.451.3008.5.013.44905100.00.1.500.9001.1";"89";"Obras em Andamento - Uso Comum do Povo";"14";"Passarelas e Similares";"51";"Obras e Instalações";"1996000"
"612394";"38488";"2025";"22";"Secretaria Municipal de Infraestrutura Urbana e Obras";"10";"Gabinete do Secretário";"2";"Termo de Contrato - Serviços";"106";"Art. 28 - Inciso II Lei Federal 14.133/2021";"4";"Concorrência";"";"";"";"0";"0";"90";"2200000";"0";"0";"0";"A";"9";"umental";"-1";"-1";"";"";"";"";"33";"IPC/FIPE";"165/SIURB/2025";"";"";"24/11/2025 00:00:00";"25/11/2025 00:00:00";"";"";"";"";"nº 90034/25/SIURB";"6022202500058127";"S";"";"";"";"XECUÇÃO DE PROJETO EXECUTIVO DE OBRAS DE CONTANÇÃO EM SOLO GRAMPEADO VERDE E CONCRETO NA ÁREA MB-13 FELICIDADE, ENTRE A RUA MARIA JOSÉ DE CARVALHO, RUA JARDIM DA FELICIDADE E RUA JOSÉ JOAQUIM ESTEVES";"";"22";"Secretaria Municipal de Infraestrutura Urbana e Obras";"10";"Gabinete do Secretário";"2200000";"0";"";"0";"0";"2200000";"2200000";"0";"0";"0";"2200000";"0";"0";"0";"100000";"2200000";"0";"0";"0";"2200000";"0";"0";"0";"100000";"0";"0";"0";"0";"0";"0";"0";"0";"0";"0";"0";"0";"0";"0";"0";"0";"0";"0";"0";"22.10.17.451.3008.5.013.44905100.00.1.500.9001.1";"89";"Obras em Andamento - Uso Comum do Povo";"08";"Obras em Áreas de Risco";"51";"Obras e Instalações";"2200000"
"612924";"39012";"2025";"22";"Secretaria Municipal de Infraestrutura Urbana e Obras";"10";"Gabinete do Secretário";"2";"Termo de Contrato - Serviços";"39";"Não Aplicável";"8";"Não Aplicável";"";"";"";"0";"0";"274";"1000000";"0";"0";"0";"A";"9";"umental";"-1";"-1";"";"";"";"";"41";"SEM REAJUSTE";"";"";"";"30/12/2025 00:00:00";"30/12/2025 00:00:00";"";"";"";"";"Ofício nº 209/SIURB";"6022202500089642";"S";"";"";"";"Contratação de projetos e materiais técnicos necessários à execução do sistema de microgeração fotovoltaico - CEIs Anglicanas - R. Dr. José Pedro de Carvalho, 333 - Jd Parque Morumbi - 6010.2025/0003528-8";"";"22";"Secretaria Municipal de Infraestrutura Urbana e Obras";"10";"Gabinete do Secretário";"1000000";"0";"";"0";"0";"1000000";"1000000";"0";"0";"0";"1000000";"0";"0";"0";"1000000";"1000000";"0";"0";"0";"1000000";"0";"0";"0";"1000000";"0";"0";"0";"0";"0";"0";"0";"0";"0";"0";"0";"0";"0";"0";"0";"0";"0";"0";"0";"22.10.15.451.3022.5.085.44905100.00.1.500.7073.1";"89";"Obras em Andamento - Uso Comum do Povo";"02";"Escolas e Similares";"51";"Obras e Instalações";"1000000"
"612392";"38486";"2025";"22";"Secretaria Municipal de Infraestrutura Urbana e Obras";"10";"Gabinete do Secretário";"2";"Termo de Contrato - Serviços";"106";"Art. 28 - Inciso II Lei Federal 14.133/2021";"4";"Concorrência";"";"";"";"0";"0";"720";"0";"0";"0";"0";"E";"9";"umental";"-1";"-1";"";"";"";"";"33";"IPC/FIPE";"";"";"";"11/12/2025 00:00:00";"12/12/2025 00:00:00";"";"";"";"";"nº 90046/25/SIURB";"6022202500060172";"S";"";"";"";"ELABORAÇÃO DE PROJETOS EXECUTIVOS E OBRAS DE CANALIZAÇÃO E SERVIÇOS COMPLEMENTARES NA ÁREA DE RISCO CV - 08 FUTURO MELHOR E CV10 CÓRREGO DO BISPO";"";"22";"Secretaria Municipal de Infraestrutura Urbana e Obras";"10";"Gabinete do Secretário";"68707431";"0";"";"0";"0";"68707431";"68707431";"0";"0";"68707431";"0";"0";"0";"0";"132291,16";"68707431";"0";"0";"68707431";"0";"0";"0";"0";"132291,16";"0";"0";"0";"0";"0";"0";"0";"0";"0";"0";"0";"0";"0";"0";"0";"0";"0";"0";"0";"22.10.17.451.3008.5.013.44905100.10.1.755.9001.1";"89";"Obras em Andamento - Uso Comum do Povo";"08";"Obras em Áreas de Risco";"51";"Obras e Instalações";"0"
"611101";"37265";"2025";"22";"Secretaria Municipal de Infraestrutura Urbana e Obras";"10";"Gabinete do Secretário";"2";"Termo de Contrato - Serviços";"39";"Não Aplicável";"8";"Não Aplicável";"";"";"";"0";"0";"180";"40600520,14";"0";"2356303,75";"0";"A";"9";"umental";"-1";"-1";"";"";"";"";"33";"IPC/FIPE";"159/SIURB/2025";"";"";"05/11/2025 00:00:00";"06/11/2025 00:00:00";"";"";"";"";"90024/25/SIURB";"6022202500052650";"S";"";"";"";"CONTRATAÇÃO DE EMPRESA ESPECIALIZADA EM ENGENHARIA PARA A ELABORAÇÃO DE PROJETOS EXECUTIVOS E EXECUÇÃO DE OBRAS DE INFRAESTRUTURA, ABRANGENDO DRENAGEM DE ÁGUAS PLUVIAIS, PAVIMENTAÇÃO E CONTENÇÃO DAS MÁRGENS DE TRECHOS LOCALIZADOS EM ÁREA DE RISCO NO CÓRREGO RAPADURA ENTRE AS RUAS ELIANA ZANETTI E A AV. CONSELHEIRO CARRÃO.";"";"22";"Secretaria Municipal de Infraestrutura Urbana e Obras";"10";"Gabinete do Secretário";"40600520,14";"0";"";"0";"0";"40600520,14";"40600520,14";"0";"2356303,75";"0";"38244216,39";"2356303,75";"0";"0";"10000";"40600520,14";"0";"2356303,75";"0";"38244216,39";"2356303,75";"0";"0";"10000";"0";"0";"0";"0";"0";"0";"0";"0";"0";"0";"0";"0";"0";"0";"0";"0";"0";"0";"0";"86.22.17.451.3008.5.013.44905100.08.2.759.0709.1";"89";"Obras em Andamento - Uso Comum do Povo";"08";"Obras em Áreas de Risco";"51";"Obras e Instalações";"38244216,39"
"611655";"37793";"2025";"22";"Secretaria Municipal de Infraestrutura Urbana e Obras";"10";"Gabinete do Secretário";"2";"Termo de Contrato - Serviços";"39";"Não Aplicável";"8";"Não Aplicável";"";"";"";"0";"0";"365";"67732000";"0";"0";"0";"A";"9";"umental";"-1";"-1";"";"";"";"";"33";"IPC/FIPE";"";"";"";"24/11/2025 00:00:00";"25/11/2025 00:00:00";"";"";"";"";"90029/25/SIURB";"6022202500046471";"S";"";"";"";"CONTRATAÇÃO DE EMPRESA ESPECIALIZADA PARA A EXECUÇÃO DE OBRA DE CONTENÇÃO DA MARGEM ESQUERDA DO CÓRREGO TREMEMBÉ, INCLUINDO SERVIÇOS DE PAVIMENTAÇÃO E MICRODRENAGEM NA RUA ALFREDO ÁVILA, LOCALIZADA NO BAIRRO DO TREMEMBÉ, ZONA NORTE DO MUNICÍPIO DE SÃO PAULO.";"";"22";"Secretaria Municipal de Infraestrutura Urbana e Obras";"10";"Gabinete do Secretário";"67732000";"0";"";"0";"0";"67732000";"67732000";"0";"0";"0";"67732000";"0";"0";"0";"58365,88";"67732000";"0";"0";"0";"67732000";"0";"0";"0";"58365,88";"0";"0";"0";"0";"0";"0";"0";"0";"0";"0";"0";"0";"0";"0";"0";"0";"0";"0";"0";"22.10.17.451.3008.5.013.44905100.00.1.500.9001.1";"89";"Obras em Andamento - Uso Comum do Povo";"22";"Canalização de Córregos";"51";"Obras e Instalações";"67732000"
"611772";"37901";"2025";"22";"Secretaria Municipal de Infraestrutura Urbana e Obras";"10";"Gabinete do Secretário";"2";"Termo de Contrato - Serviços";"39";"Não Aplicável";"8";"Não Aplicável";"";"";"";"0";"0";"365";"109059960";"0";"0";"0";"R";"9";"umental";"-1";"-1";"";"";"";"";"33";"IPC/FIPE";"";"";"";"23/07/2025 00:00:00";"24/07/2025 00:00:00";"";"";"";"";"ATA RP 001/SIURB/25";"6022202500044312";"S";"300.955-6";"Ricardo Francisco Pereira Cimino";"129755083";"ADJUDICO o objeto do certame e HOMOLOGO o resultado do PREGÃO ELETRÔNICO nº 90002/25/SIURB, que consiste no REGISTRO DE PREÇOS PARA AQUISIÇÃO DE FILTRO CAPACITIVO AUTOMATIZADO 110/440V  à empresa BLINK BRASIL LTDA, inscrita no CNPJ sob o n° 12.694.615/0001-44, pelo valor global de R$ 109.059.960,00 (cento e nove milhões cinquenta e nove mil e novecentos e sessenta reais).";"";"22";"Secretaria Municipal de Infraestrutura Urbana e Obras";"10";"Gabinete do Secretário";"109059960";"0";"";"0";"0";"109059960";"109059960";"0";"0";"0";"109059960";"0";"0";"0";"0";"109059960";"0";"0";"0";"109059960";"0";"0";"0";"0";"0";"0";"0";"0";"0";"0";"0";"0";"0";"0";"0";"0";"0";"0";"0";"0";"0";"0";"0";"";"";"";"";"";"";"";"109059960"
"611531";"37677";"2025";"22";"Secretaria Municipal de Infraestrutura Urbana e Obras";"10";"Gabinete do Secretário";"1";"Sem Ônus";"39";"Não Aplicável";"8";"Não Aplicável";"";"";"";"0";"0";"90";"1681,52";"0";"1681,52";"0";"A";"1";"";"-1";"-1";"";"";"";"";"41";"SEM REAJUSTE";"";"Rony Gleison da Silva Coelho";"02/12/2025 00:00:00";"17/12/2025 00:00:00";"19/12/2025 00:00:00";"";"";"";"";"";"6022202500097785";"S";"";"";"";"Despesas com Locomoção - Treinamento FIDIC - Banco Mundial - Brasília/DF - Rony Gleison da Silva Coelho - RF: 944.948.5";"";"22";"Secretaria Municipal de Infraestrutura Urbana e Obras";"10";"Gabinete do Secretário";"1681,52";"0";"";"0";"0";"1681,52";"1681,52";"0";"1681,52";"0";"0";"0";"1681,52";"1681,52";"0";"1681,52";"0";"1681,52";"0";"0";"0";"1681,52";"1681,52";"0";"0";"0";"0";"0";"0";"0";"0";"0";"0";"0";"0";"0";"0";"0";"0";"0";"0";"0";"0";"22.10.15.122.3024.2.100.33903300.00.1.500.9001.1";"09";"Transporte de Servidores";"01";"Transporte Individual por Aplicativo";"33";"Passagens e Despesas com Locomoção";"0"
"609650";"35937";"2025";"22";"Secretaria Municipal de Infraestrutura Urbana e Obras";"10";"Gabinete do Secretário";"2";"Termo de Contrato - Serviços";"108";"Art. 28 - Inciso IV Lei Federal 14.133/2021";"13";"Leilão";"";"";"";"0";"0";"730";"103950000";"0";"0";"0";"A";"9";"umental";"-1";"-1";"";"";"";"";"33";"IPC/FIPE";"";"";"";"31/10/2025 00:00:00";"03/11/2025 00:00:00";"";"";"";"";"";"6022202500045726";"S";"";"";"";"ELABORAÇÃO DE PROJETO EXECUTIVO E EXECUÇÃO DE OBRAS DE CANALIZAÇÃO E IMPLANTAÇÃO DE RESERVATÓRIO NA BACIA DO CÓRREGO ITAIM, MUNICÍPIO DE SÃO PAULO.";"";"22";"Secretaria Municipal de Infraestrutura Urbana e Obras";"10";"Gabinete do Secretário";"103950000";"0";"";"0";"0";"103950000";"103950000";"0";"0";"0";"103950000";"0";"0";"0";"994494,60";"103950000";"0";"0";"0";"103950000";"0";"0";"0";"994494,60";"0";"0";"0";"0";"0";"0";"0";"0";"0";"0";"0";"0";"0";"0";"0";"0";"0";"0";"0";"22.10.17.451.3008.5.013.44905100.00.1.500.0003.1";"89";"Obras em Andamento - Uso Comum do Povo";"22";"Canalização de Córregos";"51";"Obras e Instalações";"103950000"
"609641";"35928";"2025";"22";"Secretaria Municipal de Infraestrutura Urbana e Obras";"10";"Gabinete do Secretário";"2";"Termo de Contrato - Serviços";"106";"Art. 28 - Inciso II Lei Federal 14.133/2021";"4";"Concorrência";"";"";"";"0";"0";"720";"204999890,89";"0";"1169861,81";"0";"A";"90";"ocumento equivalente";"-1";"-1";"";"";"";"";"33";"IPC/FIPE";"152/SIURB/2025";"";"30/06/2025 00:00:00";"28/10/2025 00:00:00";"29/10/2025 00:00:00";"";"";"";"";"90014/25/SIURB";"6022202400100067";"S";"";"";"";"Contratação de empresa especializada em engenharia para elaboração de projeto executivo e execução de obras de canalização e implantação de reservatório na Bacia do Córrego Lajeado - Local: Estrada Dom João Nery X Rua Pontal do Rio Pardo - Itaim Paulista.";"";"22";"Secretaria Municipal de Infraestrutura Urbana e Obras";"10";"Gabinete do Secretário";"204999890,89";"0";"";"0";"0";"204999890,89";"204999890,89";"0";"1169861,81";"0";"203830029,08";"1169861,81";"0";"0";"4830138,19";"204999890,89";"0";"1169861,81";"0";"203830029,08";"1169861,81";"0";"0";"4830138,19";"0";"0";"0";"0";"0";"0";"0";"0";"0";"0";"0";"0";"0";"0";"0";"0";"0";"0";"0";"22.10.17.451.3008.5.013.44905100.00.1.500.0003.1";"89";"Obras em Andamento - Uso Comum do Povo";"22";"Canalização de Córregos";"51";"Obras e Instalações";"203830029,08"
"608970";"35306";"2025";"22";"Secretaria Municipal de Infraestrutura Urbana e Obras";"10";"Gabinete do Secretário";"2";"Termo de Contrato - Serviços";"39";"Não Aplicável";"8";"Não Aplicável";"";"";"";"0";"0";"365";"24309805,28";"0";"200000";"0";"A";"9";"umental";"-1";"-1";"";"";"";"";"33";"IPC/FIPE";"147/SIURB/2025";"";"";"03/11/2025 00:00:00";"04/11/2025 00:00:00";"";"";"";"";"90023/25/SIURB";"6022202500058518";"S";"";"";"";"ELABORAÇÃO DE PROJETO EXECUTIVO E EXECUÇÃO DE OBRAS DE CANALIZAÇÃO DO CÓRREGO RIBEIRÃO ÁGUA VERMELHA E RECONSTRUÇÃO DE ESTRUTURA DE TRANSPOSIÇÃO NO ALINHAMENTO DA RUA JOSÉ AUGUSTO LOBO";"";"22";"Secretaria Municipal de Infraestrutura Urbana e Obras";"10";"Gabinete do Secretário";"24309805,28";"0";"";"0";"0";"24309805,28";"24309805,28";"0";"200000";"0";"24109805,28";"200000";"0";"0";"5655910,59";"24309805,28";"0";"200000";"0";"24109805,28";"200000";"0";"0";"5655910,59";"0";"0";"0";"0";"0";"0";"0";"0";"0";"0";"0";"0";"0";"0";"0";"0";"0";"0";"0";"22.10.17.451.3008.5.013.44905100.00.1.500.9001.1";"89";"Obras em Andamento - Uso Comum do Povo";"22";"Canalização de Córregos";"51";"Obras e Instalações";"24109805,28"
"609662";"35949";"2025";"22";"Secretaria Municipal de Infraestrutura Urbana e Obras";"10";"Gabinete do Secretário";"2";"Termo de Contrato - Serviços";"106";"Art. 28 - Inciso II Lei Federal 14.133/2021";"4";"Concorrência";"";"";"";"0";"0";"365";"6800000";"0";"202609,42";"0";"A";"9";"umental";"-1";"-1";"";"";"";"";"33";"IPC/FIPE";"150/SIURB/2025";"";"";"01/12/2025 00:00:00";"02/12/2025 00:00:00";"";"";"";"";"Nº 90051/25/SIURB";"6022202500070100";"S";"";"";"";"CONTRATAÇÃO DE EMPRESA ESPECIALIZADA EM ENGENHARIA PARA ELABORAÇÃO DE PROJETOS EXECUTIVOS E EXECUÇÃO DE OBRAS DE CONTENÇÃO DE TALUDE E MICRODRENAGEM NA RUA BIG BOYS - ITAIM PAULISTA - SÃO PAULO - SP";"";"22";"Secretaria Municipal de Infraestrutura Urbana e Obras";"10";"Gabinete do Secretário";"6800000";"0";"";"0";"0";"6800000";"6800000";"0";"202609,42";"0";"6597390,58";"202609,42";"0";"0";"1202609,42";"6800000";"0";"202609,42";"0";"6597390,58";"202609,42";"0";"0";"1202609,42";"0";"0";"0";"0";"0";"0";"0";"0";"0";"0";"0";"0";"0";"0";"0";"0";"0";"0";"0";"22.10.17.451.3008.5.013.44905100.00.1.500.9001.1";"89";"Obras em Andamento - Uso Comum do Povo";"22";"Canalização de Córregos";"51";"Obras e Instalações";"6597390,58"
"607048";"33515";"2025";"22";"Secretaria Municipal de Infraestrutura Urbana e Obras";"10";"Gabinete do Secretário";"2";"Termo de Contrato - Serviços";"39";"Não Aplicável";"8";"Não Aplicável";"";"";"";"0";"0";"365";"15750000";"0";"329833,20";"0";"A";"9";"umental";"-1";"-1";"";"";"";"";"33";"IPC/FIPE";"130/SIURB/2025";"";"";"29/10/2025 00:00:00";"30/10/2025 00:00:00";"";"";"";"";"90018/25/SIURB";"6022202500044657";"S";"";"";"";"EXECUÇÃO DE OBRAS DE contenção de talude em área pública - rua dr. luiz ayres, s/nº - bairro artur alvim - subprefeitura penha";"";"22";"Secretaria Municipal de Infraestrutura Urbana e Obras";"10";"Gabinete do Secretário";"15750000";"0";"";"0";"0";"15750000";"15750000";"0";"329833,20";"0";"15420166,80";"329833,20";"0";"0";"1225000";"15750000";"0";"329833,20";"0";"15420166,80";"329833,20";"0";"0";"1225000";"0";"0";"0";"0";"0";"0";"0";"0";"0";"0";"0";"0";"0";"0";"0";"0";"0";"0";"0";"22.10.17.451.3008.5.013.44905100.00.1.500.0003.1";"89";"Obras em Andamento - Uso Comum do Povo";"08";"Obras em Áreas de Risco";"51";"Obras e Instalações";"15420166,80"
"605260";"31878";"2025";"22";"Secretaria Municipal de Infraestrutura Urbana e Obras";"10";"Gabinete do Secretário";"2";"Termo de Contrato - Serviços";"39";"Não Aplicável";"8";"Não Aplicável";"";"";"";"0";"0";"274";"0";"0";"0";"0";"E";"9";"umental";"-1";"-1";"";"";"";"";"33";"IPC/FIPE";"";"";"";"24/07/2025 00:00:00";"25/07/2025 00:00:00";"";"";"";"";"90003/25/SIURB";"6022202400080040";"S";"";"";"";"ELABORAÇÃO DE PROJETOS BÁSICOS, PROJETOS EXECUTIVOS, INCLUINDO OBTENÇÃO DE OUTORGA DO DAEE, E EXECUÇÃO DE OBRAS DE RECONSTRUÇÃO DE TRAVESSIA E RETIRADA DE PASSARELA NO CÓRREGO BANANAL, PERTENCENTE À BACIA DO CABUÇO DE BAIXO, NA SUBPREFEITURA DE FREGUESIA-BRASILÂNDIA.";"";"22";"Secretaria Municipal de Infraestrutura Urbana e Obras";"10";"Gabinete do Secretário";"1996000";"0";"";"0";"0";"1996000";"1996000";"0";"0";"1996000";"0";"0";"0";"0";"0";"1996000";"0";"0";"1996000";"0";"0";"0";"0";"0";"0";"0";"0";"0";"0";"0";"0";"0";"0";"0";"0";"0";"0";"0";"0";"0";"0";"0";"0";"";"";"";"";"";"";"";"0"
"606298";"32851";"2025";"22";"Secretaria Municipal de Infraestrutura Urbana e Obras";"10";"Gabinete do Secretário";"2";"Termo de Contrato - Serviços";"122";"Art. 75 - Inciso IX - Lei Federal 14.133/2021";"6";"Dispensa de Licitação";"";"";"";"0";"0";"120";"77714,56";"0";"77714,56";"0";"A";"9";"umental";"-1";"-1";"";"";"";"";"41";"SEM REAJUSTE";"127/SIURB/2025";"";"";"30/10/2025 00:00:00";"03/11/2025 00:00:00";"";"";"";"";"Proposta 026/2025";"6022202500067231";"S";"753.583-0";"Sandra de Paula Assis";"144831236";"Elaboração de material preparatório para licitação e processo licitatório para contratação de empresa especializada para a demolição de muro e portões existentes e instalação de gradil e portões entre os acessos 8 e TL do Autódromo de Interlagos - José Carlos Pace.";"";"22";"Secretaria Municipal de Infraestrutura Urbana e Obras";"10";"Gabinete do Secretário";"77714,56";"0";"";"0";"0";"77714,56";"77714,56";"0";"77714,56";"0";"0";"77714,56";"0";"0";"93179,06";"77714,56";"0";"77714,56";"0";"0";"77714,56";"0";"0";"93179,06";"0";"0";"0";"0";"0";"0";"0";"0";"0";"0";"0";"0";"0";"0";"0";"0";"0";"0";"0";"22.10.27.813.3015.1.109.44903900.00.1.500.9001.1";"99";"Outros Serviços de Terceiros - Pessoa Jurídica";"99";"Outros Serviços de Terceiros - Pessoa Jurídica";"39";"Outros Serviços de Terceiros - Pessoa Jurídica";"0"
"606680";"33203";"2025";"22";"Secretaria Municipal de Infraestrutura Urbana e Obras";"10";"Gabinete do Secretário";"2";"Termo de Contrato - Serviços";"39";"Não Aplicável";"8";"Não Aplicável";"";"";"";"0";"0";"420";"28776000";"0";"1486150,54";"0";"A";"9";"umental";"-1";"-1";"";"";"";"";"33";"IPC/FIPE";"129/SIURB/2025";"";"";"21/10/2025 00:00:00";"22/10/2025 00:00:00";"";"";"";"";"nº 90017/25/SIURB";"6022202500048792";"S";"";"";"";"¿ONTRATAÇÃO DE EMPRESA ESPECIALIZADA EM ENGENHARIA PARA EXECUÇÃO DE OBRAS DE DRENAGEM URBANA - REGIÃO DE ARTUR ALVIM,INICIANDO NA RUA PARATIBA, A PARTIR DO NÚMERO 36, ARTUR ALVIM - SÃO PAULO - SP (DISTRITO DA PENHA)";"";"22";"Secretaria Municipal de Infraestrutura Urbana e Obras";"10";"Gabinete do Secretário";"28776000";"0";"";"0";"0";"28776000";"28776000";"0";"1486150,54";"0";"27289849,46";"1486150,54";"0";"0";"748035,87";"28776000";"0";"1486150,54";"0";"27289849,46";"1486150,54";"0";"0";"748035,87";"0";"0";"0";"0";"0";"0";"0";"0";"0";"0";"0";"0";"0";"0";"0";"0";"0";"0";"0";"22.10.17.451.3008.5.013.44905100.00.1.500.0003.1";"89";"Obras em Andamento - Uso Comum do Povo";"25";"Reforço e Construção de Galerias";"51";"Obras e Instalações";"27289849,46"
"599196";"26404";"2025";"22";"Secretaria Municipal de Infraestrutura Urbana e Obras";"10";"Gabinete do Secretário";"2";"Termo de Contrato - Serviços";"39";"Não Aplicável";"8";"Não Aplicável";"";"";"";"0";"0";"90";"73923,40";"0";"0";"0";"A";"9";"umental";"-1";"-1";"";"";"";"";"41";"SEM REAJUSTE";"066/SIURB/2025";"";"";"26/08/2025 00:00:00";"28/08/2025 00:00:00";"";"";"";"";"OFICIO 135";"6022202500053141";"S";"7247222";"Fernando CesarZago";"141224797";"Prestação de serviços técnicos especializados para elaboração de material preparatório para licitação, processo licitatório para contratação do fornecimento e montagem de passarela tubular provisória no Acesso G do Autódromo Municipal José Carlos Pace - Interlagos.";"";"22";"Secretaria Municipal de Infraestrutura Urbana e Obras";"10";"Gabinete do Secretário";"73923,40";"0";"";"0";"0";"73923,40";"73923,40";"0";"0";"0";"73923,40";"0";"0";"0";"73923,40";"73923,40";"0";"0";"0";"73923,40";"0";"0";"0";"73923,40";"0";"0";"0";"0";"0";"0";"0";"0";"0";"0";"0";"0";"0";"0";"0";"0";"0";"0";"0";"22.10.27.813.3015.1.109.44903900.00.1.500.9001.1";"05";"Serviços Técnicos Profissionais";"01";"Gerenciamento";"39";"Outros Serviços de Terceiros - Pessoa Jurídica";"73923,40"
"600937";"27977";"2025";"22";"Secretaria Municipal de Infraestrutura Urbana e Obras";"10";"Gabinete do Secretário";"2";"Termo de Contrato - Serviços";"122";"Art. 75 - Inciso IX - Lei Federal 14.133/2021";"6";"Dispensa de Licitação";"";"";"";"0";"0";"180";"1929882,58";"0";"0";"0";"A";"9";"umental";"-1";"-1";"";"";"";"";"33";"IPC/FIPE";"";"";"";"15/09/2025 00:00:00";"17/09/2025 00:00:00";"";"";"";"";"DL - Proposta 091-23";"6022202300071367";"S";"";"";"";"Contratação da prestação de serviços técnicos especializados para contratação, gerenciamento e fiscalização da execução das obras de drenagem da Rua Alessandro Allori no âmbito do Programa de Redução de Alagamentos - PRA (7910.2023/0000457-0).";"";"22";"Secretaria Municipal de Infraestrutura Urbana e Obras";"10";"Gabinete do Secretário";"1929882,58";"0";"";"0";"0";"1929882,58";"1929882,58";"0";"0";"0";"1929882,58";"0";"0";"0";"0";"1929882,58";"0";"0";"0";"1929882,58";"0";"0";"0";"0";"0";"0";"0";"0";"0";"0";"0";"0";"0";"0";"0";"0";"0";"0";"0";"0";"0";"0";"0";"";"";"";"";"";"";"";"1929882,58"
"598017";"25364";"2025";"22";"Secretaria Municipal de Infraestrutura Urbana e Obras";"10";"Gabinete do Secretário";"2";"Termo de Contrato - Serviços";"39";"Não Aplicável";"8";"Não Aplicável";"";"";"";"0";"0";"393";"0,01";"172548,13";"0";"163266,60";"A";"9";"umental";"-1";"-1";"";"";"";"";"33";"IPC/FIPE";"229/SIURB/2023";"Mario Sérgio Gargiulo";"20/10/2022 00:00:00";"14/09/2023 00:00:00";"18/09/2023 00:00:00";"47";"21/09/2023 00:00:00";"27/09/2023 00:00:00";"";"039/SPOBRAS/2022";"7910202200006008";"S";"822.290.8";"Jonathan Sant'Ana dos Santos";"093057981";"Concorrência nº 039/2022 - Execução de Obras e Serviços de Recuperação Estrutural do Viaduto Pedro de Toledo, Viaduto Engenheiro Antônio de Carvalho Aguiar e Viaduto General Euclides Figueiredo - Lote 30.";"";"22";"Secretaria Municipal de Infraestrutura Urbana e Obras";"10";"Gabinete do Secretário";"0,01";"0";"";"0";"172548,13";"172548,14";"172548,14";"0";"163266,60";"0";"9281,54";"0";"163266,60";"163266,60";"168266,60";"0,01";"0";"0";"0";"0,01";"0";"0";"0";"0";"172548,13";"0";"163266,60";"0";"9281,53";"0";"163266,60";"163266,60";"168266,60";"0";"0";"0";"0";"0";"0";"0";"0";"0";"0";"22.10.15.451.3009.5.187.44905100.00.1.500.0003.0";"89";"Obras em Andamento - Uso Comum do Povo";"15";"Pontes, Pontilhões e Viadutos";"51";"Obras e Instalações";"9281,54"
"593540";"21271";"2025";"22";"Secretaria Municipal de Infraestrutura Urbana e Obras";"10";"Gabinete do Secretário";"2";"Termo de Contrato - Serviços";"122";"Art. 75 - Inciso IX - Lei Federal 14.133/2021";"6";"Dispensa de Licitação";"";"";"";"0";"0";"240";"257129,78";"0";"57129,78";"0";"A";"9";"umental";"-1";"-1";"";"";"";"";"41";"SEM REAJUSTE";"057/SIURB/2025";"";"";"04/07/2025 00:00:00";"07/07/2025 00:00:00";"";"";"";"";"DL";"6022202300006522";"S";"";"";"";"Prestação de serviços de consultoria e assessoria técnica especializada para apoio técnico preparatório de ATA de Registro de Preços (ARP) para contratação de empresa para execução de serviços gerais de manutenção preventiva, corretiva, conservações, reparações, adaptações, adequações, requalificações e modificações em Obras de Arte Especiais.";"";"22";"Secretaria Municipal de Infraestrutura Urbana e Obras";"10";"Gabinete do Secretário";"257129,78";"0";"";"0";"0";"257129,78";"257129,78";"0";"57129,78";"0";"200000";"57129,78";"0";"0";"433786";"257129,78";"0";"57129,78";"0";"200000";"57129,78";"0";"0";"433786";"0";"0";"0";"0";"0";"0";"0";"0";"0";"0";"0";"0";"0";"0";"0";"0";"0";"0";"0";"98.22.15.451.3009.5.187.44903900.08.1.759.0402.0";"05";"Serviços Técnicos Profissionais";"01";"Gerenciamento";"39";"Outros Serviços de Terceiros - Pessoa Jurídica";"200000"
"584391";"12750";"2025";"22";"Secretaria Municipal de Infraestrutura Urbana e Obras";"10";"Gabinete do Secretário";"2";"Termo de Contrato - Serviços";"39";"Não Aplicável";"8";"Não Aplicável";"";"";"";"0";"0";"90";"0";"0";"0";"0";"E";"9";"umental";"-1";"-1";"";"";"";"";"41";"SEM REAJUSTE";"";"";"";"06/05/2025 00:00:00";"07/05/2025 00:00:00";"";"";"";"";"ARP 007/SIURB/2024";"6022202500030990";"S";"8378193";"Eliseu Aparecido Netto";"124552669";"Contratação de Material Técnico Expropriatório dos imóveis localizados na Rua Agrimensor Sugaya, distrito de Itaquera.";"";"22";"Secretaria Municipal de Infraestrutura Urbana e Obras";"10";"Gabinete do Secretário";"21539,11";"0";"";"0";"0";"21539,11";"21539,11";"0";"0";"21539,11";"0";"0";"0";"0";"21539,11";"21539,11";"0";"0";"21539,11";"0";"0";"0";"0";"21539,11";"0";"0";"0";"0";"0";"0";"0";"0";"0";"0";"0";"0";"0";"0";"0";"0";"0";"0";"0";"98.22.15.451.3009.5.100.44903900.08.1.759.0402.0";"05";"Serviços Técnicos Profissionais";"13";"Topografia";"39";"Outros Serviços de Terceiros - Pessoa Jurídica";"0"
"612363";"38457";"2025";"22";"Secretaria Municipal de Infraestrutura Urbana e Obras";"10";"Gabinete do Secretário";"2";"Termo de Contrato - Serviços";"39";"Não Aplicável";"8";"Não Aplicável";"";"";"";"0";"0";"300";"26033504,57";"0";"100000";"0";"A";"9";"umental";"-1";"-1";"";"";"";"";"33";"IPC/FIPE";"167/SIURB/2025";"";"";"18/02/2025 00:00:00";"20/02/2025 00:00:00";"";"";"";"";"Nº 90034/24/SIURB";"6022202400022783";"S";"";"";"";"ENGENHARIA PARA EXECUÇÃO DE OBRAS DE MICRODRENAGEM E CANALIZAÇÃO DO CÓRREGO MALAGOLI";"";"22";"Secretaria Municipal de Infraestrutura Urbana e Obras";"10";"Gabinete do Secretário";"26033504,57";"0";"";"0";"0";"26033504,57";"26033504,57";"0";"100000";"0";"25933504,57";"100000";"0";"0";"3900000";"26033504,57";"0";"100000";"0";"25933504,57";"100000";"0";"0";"3900000";"0";"0";"0";"0";"0";"0";"0";"0";"0";"0";"0";"0";"0";"0";"0";"0";"0";"0";"0";"22.10.17.451.3008.5.013.44905100.00.1.500.9001.1";"89";"Obras em Andamento - Uso Comum do Povo";"22";"Canalização de Córregos";"51";"Obras e Instalações";"25933504,57"
