"COD_IDT_COTC";"COD_COTC";"ANO_COTC";"COD_ORG_EMP";"TXT_ORG_EMP";"COD_UNID_ORCM_SOF";"TXT_UNID_ORCM";"COD_TIP_COTC";"TXT_TIP_COTC";"COD_FNDT_LEGA_DESP";"TXT_RESU_FNDT_LEGA";"COD_MODL_LICI_SOF";"TXT_MODL_LICI";"DT_INIC_VIG";"DT_FIM_VIG";"DT_FIM_VIG_ATU";"VAL_EPH_INFM_PRIN";"VAL_EPH_INFM_REAJ";"QTD_DIA_PRZO_ATUL";"VAL_TOT_MNTT_PRIN";"VAL_TOT_MNTT_REAJ";"VAL_TOT_EPH_PRIN";"VAL_TOT_EPH_REAJ";"COD_SITU_COTC_ATU";"COD_COND_PGTO";"TXT_COND_PGTO";"ANO_ATA_REG_PCO";"COD_ATA_REG_PCO";"RP_COD_ORG_EMP";"RP_TXT_ORG_EMP";"RP_COD_EMP_ORG_EXTR";"RP_TXT_EMP_ORG_EXTR";"COD_IND_REAJ_SOF";"TXT_IND_REAJ_SOF";"COD_ORGN_COTC";"NOM_PPST_COTT";"DT_ENVI_PPTA_COTC";"DT_ASSI_DPCH";"DT_PUBL_DPCH";"COD_NRO_PAG_DPCH";"DT_ASSI_COTC";"DT_PUBL_COTC";"COD_NRO_PAG_COTC";"COD_NRO_EDIT_COTC";"COD_NRO_PCSS_SOF";"COD_TIP_DOC";"COD_GSTR_COTC";"NOM_GSTR_COTC";"TXT_DOC_DESG_GSTR";"TXT_OBJE_COTC";"TXT_REAJ_OTRO";"COD_ORG_EMP_ATUAL";"TXT_ORG_EMP_ATUAL";"COD_UNID_ORCM_SOF_ATUAL";"TXT_UNID_ORCM_ATUAL";"VAL_PRIN_ACRE";"VAL_REAJ_ACRE";"QTD_DIA_PRZO_COTR";"VL_TOTAL_ADITAMENTO";"VL_TOTAL_REAJUSTES";"VL_TOTAL_ATUALIZADO";"VL_ATUAL_CONTR_GERAL";"VL_EMPENHADOS_ANTES_GERAL";"VL_EMPENHADOS_APOS_GERAL";"VL_ANULACOES_GERAL";"VL_SALDO_EMPENHAR_GERAL";"VL_SALDO_LIQUIDAR_GERAL";"VL_SALDO_PAGAR_GERAL";"VL_PAGOS_GERAL";"VL_EMPENHOS_CANCELADOS_GERAL";"VL_ATUAL_CONTR_PRINC";"VL_EMPENHADOS_ANTES_PRINC";"VL_EMPENHADOS_APOS_PRINC";"VL_ANULACOES_PRINC";"VL_SALDO_EMPENHAR_PRINC";"VL_SALDO_LIQUIDAR_PRINC";"VL_SALDO_PAGAR_PRINC";"VL_PAGOS_PRINC";"VL_EMPENHOS_CANCELADOS_PRINC";"VL_ATUAL_CONTR_REAJ";"VL_EMPENHADOS_ANTES_REAJ";"VL_EMPENHADOS_APOS_REAJ";"VL_ANULACOES_REAJ";"VL_SALDO_EMPENHAR_REAJ";"VL_SALDO_LIQUIDAR_REAJ";"VL_SALDO_PAGAR_REAJ";"VL_PAGOS_REAJ";"VL_EMPENHOS_CANCELADOS_REAJ";"PERC_ADIT_ACRESC_PATAMAR";"PERC_ADIT_SUPR_PATAMAR";"PERC_ADIT_ACRESC_OBJETO";"PERC_ADIT_SUPR_OBJETO";"QT_PRAZO_ATUAL_ACRESCIMO_OBJ";"QT_PRAZO_ATUAL_SUPRESSAO_OBJ";"QT_PRAZO_ATUAL_ACRESCIMO_PAT";"QT_PRAZO_ATUAL_SUPRESSAO_PAT";"QT_PRAZO_ATUAL_ACRESCIMO_PRO";"QT_PRAZO_ATUAL_SUPRESSAO_PRO";"DOTACAO";"COD_SUB_ELEM_DESP";"DESC_SUB_ELEMENTO";"COD_ITEM_DESP_SOF";"DESC_ITEM_DESP";"COD_ELEM_DESP";"DESC_ELEMENTO";"VL_SALDO_EMPENHAR_TOTAL"
"362576";"30465";"2019";"22";"Secretaria Municipal de Infraestrutura Urbana e Obras";"10";"Gabinete do Secretário";"2";"Termo de Contrato - Serviços";"10";"Art. 24 Inciso IV da lei Federal 8.666/93";"6";"Dispensa de Licitação";"04/10/2019 00:00:00";"31/03/2020 00:00:00";"01/04/2020 00:00:00";"0";"0";"180";"1032068,06";"0";"1032068,06";"0";"E";"9";"umental";"-1";"-1";"";"";"";"";"41";"SEM REAJUSTE";"";"";"";"04/10/2019 00:00:00";"05/10/2019 00:00:00";"38";"";"";"";"EMERGÊNCIA";"6022201900050842";"S";"";"";"";"Contratação em caráter emergencial para Reconstrução de muro de divisa, recomposição de talude da EMEI Deputado Gilberto Chaves/CEI Roberto Lanhoso.";"";"22";"Secretaria Municipal de Infraestrutura Urbana e Obras";"10";"Gabinete do Secretário";"1406704,91";"0";"180";"0";"0";"1406704,91";"1406704,91";"0";"1032068,06";"374636,85";"0";"0";"1032068,06";"1032068,06";"1449,47";"1406704,91";"0";"1032068,06";"374636,85";"0";"0";"1032068,06";"1032068,06";"1449,47";"0";"0";"0";"0";"0";"0";"0";"0";"0";"0";"0";"0";"0";"0";"0";"0";"0";"0";"0";"16.10.12.365.3010.3.362.44905100.00.0";"89";"Obras em Andamento - Uso Comum do Povo";"02";"Escolas e Similares";"51";"Obras e Instalações";"0"
"338608";"10821";"2019";"86";"Fundo Municipal de Saneamento Ambiental e Infraestrutura";"22";"";"2";"Termo de Contrato - Serviços";"9";"Art. 24 Inciso III da lei Federal 8.666/93";"6";"Dispensa de Licitação";"02/11/2015 00:00:00";"01/05/2019 00:00:00";"01/05/2019 00:00:00";"0";"0";"1277";"703424,34";"944788,51";"0";"0";"A";"9";"umental";"-1";"-1";"";"";"";"";"2";"ESTRUTURA GERAL";"";"";"";"24/09/2015 00:00:00";"24/09/2015 00:00:00";"";"";"";"";"";"201602306997";"P";"";"";"";"CT - 073/SIURB/2015 - PRA Lote C";"";"86";"Fundo Municipal de Saneamento Ambiental e Infraestrutura";"22";"";"703424,34";"0";"1277";"0";"944788,51";"1648212,85";"1648212,85";"0";"0";"0";"1648212,85";"0";"0";"0";"1648212,84";"703424,34";"0";"0";"0";"703424,34";"0";"0";"0";"703424,34";"944788,51";"0";"0";"0";"944788,51";"0";"0";"0";"944788,50";"0";"0";"0";"0";"0";"0";"0";"0";"0";"0";"86.22.17.451.3005.5.013.44905100.03.0";"89";"Obras em Andamento - Uso Comum do Povo";"22";"Canalização de Córregos";"51";"Obras e Instalações";"1648212,85"
"342373";"13966";"2019";"86";"Fundo Municipal de Saneamento Ambiental e Infraestrutura";"22";"FMSAI - Secretaria Municipal de Serviços e Obras";"5";"Nota de Empenho Fornecimento de Bens de Consumo e/ou Permanente";"8";"Art. 24 Inciso II da lei Federal 8.666/93";"6";"Dispensa de Licitação";"31/05/2019 00:00:00";"31/05/2019 00:00:00";"01/06/2019 00:00:00";"0";"0";"1";"0";"0";"0";"0";"E";"1";"";"-1";"-1";"";"";"";"";"41";"SEM REAJUSTE";"";"";"";"30/05/2019 00:00:00";"31/05/2019 00:00:00";"66";"";"";"";"";"6022201900011510";"S";"";"";"";"Melhoramento: Bacia do Córrego Paciência";"";"86";"Fundo Municipal de Saneamento Ambiental e Infraestrutura";"22";"FMSAI - Secretaria Municipal de Serviços e Obras";"23828,58";"0";"1";"0";"0";"23828,58";"23828,58";"0";"0";"23828,58";"0";"0";"0";"0";"23828,58";"23828,58";"0";"0";"23828,58";"0";"0";"0";"0";"23828,58";"0";"0";"0";"0";"0";"0";"0";"0";"0";"0";"0";"0";"0";"0";"0";"0";"0";"0";"0";"86.22.17.451.3005.5.013.44906100.03.0";"99";"Outras Aquisições de Bens Imóveis";"01";"Desapropriações";"61";"Aquisição de Imóveis";"0"
"339042";"11192";"2019";"86";"Fundo Municipal de Saneamento Ambiental e Infraestrutura";"22";"";"2";"Termo de Contrato - Serviços";"1";"Art. 22 - Inciso I Lei Federal  8.666/93";"4";"Concorrência";"01/08/2013 00:00:00";"01/07/2019 00:00:00";"01/07/2019 00:00:00";"0";"0";"2161";"3752692,54";"1166405,58";"2995913,93";"1016035,08";"A";"9";"umental";"-1";"-1";"";"";"";"";"2";"ESTRUTURA GERAL";"";"";"";"04/06/2018 00:00:00";"04/06/2018 00:00:00";"";"";"";"";"";"201302114804";"P";"";"";"";"CT - 042/ SIURB/ 2013 - Programa de Redução de Alagamentos - PRA Lote 5";"";"86";"Fundo Municipal de Saneamento Ambiental e Infraestrutura";"22";"";"1958515,21";"0";"2161";"1794177,33";"1166405,58";"4919098,12";"4919098,12";"0";"4011949,01";"0";"907149,11";"0";"4011949,01";"4011949,01";"1605112,61";"3752692,54";"0";"2995913,93";"0";"756778,61";"0";"2995913,93";"2995913,93";"1280278,92";"1166405,58";"0";"1016035,08";"0";"150370,50";"0";"1016035,08";"1016035,08";"324833,69";"0";"0";"91,61";"0";"0";"0";"0";"0";"0";"0";"86.22.17.451.3005.5.013.44905100.03.0";"89";"Obras em Andamento - Uso Comum do Povo";"22";"Canalização de Córregos";"51";"Obras e Instalações";"907149,11"
"345731";"16581";"2019";"22";"Secretaria Municipal de Infraestrutura Urbana e Obras";"10";"Gabinete do Secretário";"2";"Termo de Contrato - Serviços";"7";"Art. 24 - Inciso I Lei Federal  8.666/93";"6";"Dispensa de Licitação";"02/08/2019 00:00:00";"31/08/2019 00:00:00";"01/09/2019 00:00:00";"0";"0";"30";"22026,84";"0";"22026,84";"0";"E";"9";"umental";"-1";"-1";"";"";"";"";"41";"SEM REAJUSTE";"";"";"";"03/07/2019 00:00:00";"05/07/2019 00:00:00";"40";"";"";"";"DL";"6022201900030124";"S";"";"";"";"Prestação de Serviços Técnico-Profissionais de levantamento planialtimétrico e sondagem para desenvolvimento de Projeto Executivo de muro de Contenção da EMEF Profª Dra Irene Garcia Costa de Souza.";"";"22";"Secretaria Municipal de Infraestrutura Urbana e Obras";"10";"Gabinete do Secretário";"22295,95";"0";"30";"0";"0";"22295,95";"22295,95";"0";"22026,84";"269,11";"0";"0";"22026,84";"22026,84";"269,11";"22295,95";"0";"22026,84";"269,11";"0";"0";"22026,84";"22026,84";"269,11";"0";"0";"0";"0";"0";"0";"0";"0";"0";"0";"0";"0";"0";"0";"0";"0";"0";"0";"0";"16.10.12.361.3010.3.366.44905100.00.0";"89";"Obras em Andamento - Uso Comum do Povo";"02";"Escolas e Similares";"51";"Obras e Instalações";"0"
"350866";"20561";"2019";"22";"Secretaria Municipal de Infraestrutura Urbana e Obras";"10";"Gabinete do Secretário";"30";"Nota de Empenho para Fornecimento de Serviços";"8";"Art. 24 Inciso II da lei Federal 8.666/93";"6";"Dispensa de Licitação";"02/09/2019 00:00:00";"31/08/2020 00:00:00";"01/09/2020 00:00:00";"0";"0";"365";"736,03";"0";"736,03";"0";"E";"9";"umental";"-1";"-1";"";"";"";"";"41";"SEM REAJUSTE";"";"Rosana Barbosa Marques";"10/07/2019 00:00:00";"21/08/2019 00:00:00";"23/08/2019 00:00:00";"26";"";"";"";"11/2019";"6022201900037021";"S";"";"";"";"prestação de serviços de confecção de carimbos de madeira, automáticos e numerador de processos com 11 tiras e fornecimento de suprimentos para carimbos automáticos, numeradores de processo e refis/borracha";"";"22";"Secretaria Municipal de Infraestrutura Urbana e Obras";"10";"Gabinete do Secretário";"5441,39";"0";"365";"0";"0";"5441,39";"5441,39";"0";"736,03";"4705,36";"0";"0";"736,03";"736,03";"6204,99";"5441,39";"0";"736,03";"4705,36";"0";"0";"736,03";"736,03";"6204,99";"0";"0";"0";"0";"0";"0";"0";"0";"0";"0";"0";"0";"0";"0";"0";"0";"0";"0";"0";"22.10.15.122.3024.2.100.33903900.00.0";"79";"Serviço de Apoio Administrativo, Técnico e Operacional";"99";"Outros Serviços de Apoio Administrativo, Técnico e Operacional";"39";"Outros Serviços de Terceiros - Pessoa Jurídica";"0"
"351135";"20793";"2019";"22";"Secretaria Municipal de Infraestrutura Urbana e Obras";"10";"Gabinete do Secretário";"30";"Nota de Empenho para Fornecimento de Serviços";"8";"Art. 24 Inciso II da lei Federal 8.666/93";"6";"Dispensa de Licitação";"02/09/2019 00:00:00";"31/08/2020 00:00:00";"01/09/2020 00:00:00";"0";"0";"365";"3137,48";"0";"3137,48";"0";"E";"9";"umental";"-1";"-1";"";"";"";"";"41";"SEM REAJUSTE";"";"Carlos Andre Reguengo Martins";"11/07/2019 00:00:00";"21/08/2019 00:00:00";"23/08/2019 00:00:00";"26";"";"";"";"13/2019";"6022201900037064";"S";"";"";"";"prestação de serviços de chaveiro profissional para confecção de cópias de chaves, troca ou abertura de fechaduras";"";"22";"Secretaria Municipal de Infraestrutura Urbana e Obras";"10";"Gabinete do Secretário";"8199,92";"0";"365";"0";"0";"8199,92";"8199,92";"0";"3137,48";"5062,44";"0";"0";"3137,48";"3137,48";"5826,69";"8199,92";"0";"3137,48";"5062,44";"0";"0";"3137,48";"3137,48";"5826,69";"0";"0";"0";"0";"0";"0";"0";"0";"0";"0";"0";"0";"0";"0";"0";"0";"0";"0";"0";"22.10.15.122.3024.2.100.33903900.00.0";"79";"Serviço de Apoio Administrativo, Técnico e Operacional";"99";"Outros Serviços de Apoio Administrativo, Técnico e Operacional";"39";"Outros Serviços de Terceiros - Pessoa Jurídica";"0"
"326947";"1071";"2019";"22";"Secretaria Municipal de Infraestrutura Urbana e Obras";"10";"Gabinete do Secretário";"2";"Termo de Contrato - Serviços";"6";"Lei Federal 10.520/02";"12";"Pregão";"02/01/2019 00:00:00";"01/01/2020 00:00:00";"02/01/2020 00:00:00";"0";"0";"365";"303260,80";"0";"303260,80";"0";"E";"84";"te do gestor";"-1";"-1";"";"";"";"";"41";"SEM REAJUSTE";"";"Juliana Camila Dias Moreira";"20/12/2018 00:00:00";"28/12/2018 00:00:00";"29/12/2018 00:00:00";"67";"";"";"";"";"6022201800048870";"S";"558.388.8";"João Francisco Barbosa";"";"Prestação de serviços de Moto-mensageiro para registro fotográfico e transporte de documentos, entrega e coleta de pequenos volumes, mediante a utilização de veículo tipo motocicletas, denominado motofrete, incluindo motociclista, combustível e quilometragem estimada em 2.520 Km/mês por moto";"";"22";"Secretaria Municipal de Infraestrutura Urbana e Obras";"10";"Gabinete do Secretário";"375168";"0";"365";"0";"0";"375168";"375168";"0";"303260,80";"71907,20";"0";"0";"303260,80";"303260,80";"71907,20";"375168";"0";"303260,80";"71907,20";"0";"0";"303260,80";"303260,80";"71907,20";"0";"0";"0";"0";"0";"0";"0";"0";"0";"0";"0";"0";"0";"0";"0";"0";"0";"0";"0";"22.10.15.122.3024.2.100.33903900.00.0";"14";"Locação de Bens Móveis de Outra Natureza e Intangíveis";"04";"Veículos Leves com Motorista";"39";"Outros Serviços de Terceiros - Pessoa Jurídica";"0"
"345065";"16018";"2019";"22";"Secretaria Municipal de Infraestrutura Urbana e Obras";"10";"Gabinete do Secretário";"5";"Nota de Empenho Fornecimento de Bens de Consumo e/ou Permanente";"8";"Art. 24 Inciso II da lei Federal 8.666/93";"6";"Dispensa de Licitação";"02/07/2019 00:00:00";"02/07/2019 00:00:00";"02/07/2019 00:00:00";"0";"0";"1";"86161,48";"0";"86161,48";"0";"A";"1";"";"-1";"-1";"";"";"";"";"41";"SEM REAJUSTE";"";"";"";"27/06/2019 00:00:00";"28/06/2019 00:00:00";"28";"";"";"";"";"201302681520";"P";"";"";"";"Melhoramento: Prolongamento da Av. Dr. Chucri até a Av. João Dias.";"";"22";"Secretaria Municipal de Infraestrutura Urbana e Obras";"10";"Gabinete do Secretário";"86161,48";"0";"1";"0";"0";"86161,48";"86161,48";"0";"86161,48";"0";"0";"0";"86161,48";"86161,48";"0";"86161,48";"0";"86161,48";"0";"0";"0";"86161,48";"86161,48";"0";"0";"0";"0";"0";"0";"0";"0";"0";"0";"0";"0";"0";"0";"0";"0";"0";"0";"0";"0";"37.30.15.451.3009.5.100.44906100.08.0";"99";"Outras Aquisições de Bens Imóveis";"01";"Desapropriações";"61";"Aquisição de Imóveis";"0"
"363803";"31502";"2019";"22";"Secretaria Municipal de Infraestrutura Urbana e Obras";"10";"Gabinete do Secretário";"2";"Termo de Contrato - Serviços";"19";"Art. 24 Inciso XIII da lei Federal 8.666/93";"6";"Dispensa de Licitação";"15/01/2020 00:00:00";"02/07/2022 00:00:00";"02/07/2022 00:00:00";"0";"0";"899";"28301986,24";"2647696,15";"28301986,24";"2647696,15";"E";"9";"umental";"-1";"-1";"";"";"";"";"26";"CONSULTORIA";"147/SIURB/2019";"RENATO CARLOS ZAMBON";"27/12/2019 00:00:00";"20/12/2019 00:00:00";"21/12/2019 00:00:00";"41";"27/12/2019 00:00:00";"15/01/2020 00:00:00";"53";"0000000000000000000";"6022201900047671";"S";"0000000000";"LORENA DOS SANTOS PEREIRA";"SEI nº 075814253";"PRESTAÇÃO DE SERVIÇOS DE ASSESSORIA TÉCNICA SOB A FORMA DE CONSULTORIA, ASSISTÊNCIA TÉCNICA, APOIO TECNOLÓGICO E PESQUISAS NAS ÁREAS DE HIDRÁULICA, HIDROLOGIA, METEOROLOGIA POR MEIO DE ESTUDOS, EXAMES, PESQUISAS, ANÁLISES E FORNECIMENTO DE DADOS HIDROMETEOROLÓGICOS E RESULTADOS TÉCNICOS.";"";"22";"Secretaria Municipal de Infraestrutura Urbana e Obras";"10";"Gabinete do Secretário";"32951440,55";"0";"899";"0";"22369563,45";"55321004";"55321004";"0";"30949682,39";"24371321,61";"0";"0";"30949682,39";"30949682,39";"12906333,97";"32951440,55";"0";"28301986,24";"4649454,31";"0";"0";"28301986,24";"28301986,24";"12780975,09";"22369563,45";"0";"2647696,15";"19721867,30";"0";"0";"2647696,15";"2647696,15";"125358,88";"0";"0";"0";"0";"0";"0";"0";"0";"0";"0";"22.10.17.545.3008.4.901.33903900.00.0";"05";"Serviços Técnicos Profissionais";"01";"Gerenciamento";"39";"Outros Serviços de Terceiros - Pessoa Jurídica";"0"
"361022";"29091";"2019";"86";"Fundo Municipal de Saneamento Ambiental e Infraestrutura";"22";"FMSAI - Secretaria Municipal de Serviços e Obras";"5";"Nota de Empenho Fornecimento de Bens de Consumo e/ou Permanente";"8";"Art. 24 Inciso II da lei Federal 8.666/93";"6";"Dispensa de Licitação";"02/12/2019 00:00:00";"02/12/2019 00:00:00";"02/12/2019 00:00:00";"0";"0";"1";"1504409,87";"0";"1504409,87";"0";"E";"1";"";"-1";"-1";"";"";"";"";"41";"SEM REAJUSTE";"";"";"";"28/11/2019 00:00:00";"30/11/2019 00:00:00";"35";"";"";"";"";"6022201900056670";"S";"";"";"";"Desapropriação - Melhoramento: Bacia do Córrego Paciência";"";"86";"Fundo Municipal de Saneamento Ambiental e Infraestrutura";"22";"FMSAI - Secretaria Municipal de Serviços e Obras";"1504409,87";"0";"1";"0";"0";"1504409,87";"1504409,87";"0";"1504409,87";"0";"0";"0";"1504409,87";"1504409,87";"0";"1504409,87";"0";"1504409,87";"0";"0";"0";"1504409,87";"1504409,87";"0";"0";"0";"0";"0";"0";"0";"0";"0";"0";"0";"0";"0";"0";"0";"0";"0";"0";"0";"0";"86.22.17.451.3005.5.013.44906100.03.0";"99";"Outras Aquisições de Bens Imóveis";"01";"Desapropriações";"61";"Aquisição de Imóveis";"0"
"361088";"29145";"2019";"86";"Fundo Municipal de Saneamento Ambiental e Infraestrutura";"22";"FMSAI - Secretaria Municipal de Serviços e Obras";"5";"Nota de Empenho Fornecimento de Bens de Consumo e/ou Permanente";"8";"Art. 24 Inciso II da lei Federal 8.666/93";"6";"Dispensa de Licitação";"02/12/2019 00:00:00";"02/12/2019 00:00:00";"02/12/2019 00:00:00";"0";"0";"1";"21721,23";"0";"21721,23";"0";"E";"1";"";"-1";"-1";"";"";"";"";"41";"SEM REAJUSTE";"";"";"";"28/11/2019 00:00:00";"30/11/2019 00:00:00";"35";"";"";"";"";"6022201800058736";"S";"";"";"";"Desapropriação - Melhoramento: Bacia do Córrego Paciência";"";"86";"Fundo Municipal de Saneamento Ambiental e Infraestrutura";"22";"FMSAI - Secretaria Municipal de Serviços e Obras";"21721,23";"0";"1";"0";"0";"21721,23";"21721,23";"0";"21721,23";"0";"0";"0";"21721,23";"21721,23";"0";"21721,23";"0";"21721,23";"0";"0";"0";"21721,23";"21721,23";"0";"0";"0";"0";"0";"0";"0";"0";"0";"0";"0";"0";"0";"0";"0";"0";"0";"0";"0";"0";"86.22.17.451.3005.5.013.44906100.03.0";"99";"Outras Aquisições de Bens Imóveis";"01";"Desapropriações";"61";"Aquisição de Imóveis";"0"
"361047";"29108";"2019";"86";"Fundo Municipal de Saneamento Ambiental e Infraestrutura";"22";"FMSAI - Secretaria Municipal de Serviços e Obras";"5";"Nota de Empenho Fornecimento de Bens de Consumo e/ou Permanente";"8";"Art. 24 Inciso II da lei Federal 8.666/93";"6";"Dispensa de Licitação";"02/12/2019 00:00:00";"02/12/2019 00:00:00";"02/12/2019 00:00:00";"0";"0";"1";"205445,89";"0";"205445,89";"0";"E";"1";"";"-1";"-1";"";"";"";"";"41";"SEM REAJUSTE";"";"";"";"28/11/2019 00:00:00";"30/11/2019 00:00:00";"35";"";"";"";"";"6022201900056832";"S";"";"";"";"Desapropriação - Melhoramento: Bacia do Córrego Paciência";"";"86";"Fundo Municipal de Saneamento Ambiental e Infraestrutura";"22";"FMSAI - Secretaria Municipal de Serviços e Obras";"205445,89";"0";"1";"0";"0";"205445,89";"205445,89";"0";"205445,89";"0";"0";"0";"205445,89";"205445,89";"0";"205445,89";"0";"205445,89";"0";"0";"0";"205445,89";"205445,89";"0";"0";"0";"0";"0";"0";"0";"0";"0";"0";"0";"0";"0";"0";"0";"0";"0";"0";"0";"0";"86.22.17.451.3005.5.013.44906100.03.0";"99";"Outras Aquisições de Bens Imóveis";"01";"Desapropriações";"61";"Aquisição de Imóveis";"0"
"361039";"29102";"2019";"86";"Fundo Municipal de Saneamento Ambiental e Infraestrutura";"22";"FMSAI - Secretaria Municipal de Serviços e Obras";"5";"Nota de Empenho Fornecimento de Bens de Consumo e/ou Permanente";"8";"Art. 24 Inciso II da lei Federal 8.666/93";"6";"Dispensa de Licitação";"02/12/2019 00:00:00";"02/12/2019 00:00:00";"02/12/2019 00:00:00";"0";"0";"1";"191669,23";"0";"191669,23";"0";"E";"1";"";"-1";"-1";"";"";"";"";"41";"SEM REAJUSTE";"";"";"";"28/11/2019 00:00:00";"30/11/2019 00:00:00";"35";"";"";"";"";"6022201900056778";"S";"";"";"";"Desapropriação - Melhoramento: Bacia do Córrego Paciência";"";"86";"Fundo Municipal de Saneamento Ambiental e Infraestrutura";"22";"FMSAI - Secretaria Municipal de Serviços e Obras";"191669,23";"0";"1";"0";"0";"191669,23";"191669,23";"0";"191669,23";"0";"0";"0";"191669,23";"191669,23";"0";"191669,23";"0";"191669,23";"0";"0";"0";"191669,23";"191669,23";"0";"0";"0";"0";"0";"0";"0";"0";"0";"0";"0";"0";"0";"0";"0";"0";"0";"0";"0";"0";"86.22.17.451.3005.5.013.44906100.03.0";"99";"Outras Aquisições de Bens Imóveis";"01";"Desapropriações";"61";"Aquisição de Imóveis";"0"
"361087";"29144";"2019";"86";"Fundo Municipal de Saneamento Ambiental e Infraestrutura";"22";"FMSAI - Secretaria Municipal de Serviços e Obras";"5";"Nota de Empenho Fornecimento de Bens de Consumo e/ou Permanente";"8";"Art. 24 Inciso II da lei Federal 8.666/93";"6";"Dispensa de Licitação";"02/12/2019 00:00:00";"02/12/2019 00:00:00";"02/12/2019 00:00:00";"0";"0";"1";"208995";"0";"208995";"0";"E";"1";"";"-1";"-1";"";"";"";"";"41";"SEM REAJUSTE";"";"";"";"28/11/2019 00:00:00";"30/11/2019 00:00:00";"35";"";"";"";"";"6022201900056816";"S";"";"";"";"Desapropriação - Melhoramento: Bacia do Córrego Paciência";"";"86";"Fundo Municipal de Saneamento Ambiental e Infraestrutura";"22";"FMSAI - Secretaria Municipal de Serviços e Obras";"208995";"0";"1";"0";"0";"208995";"208995";"0";"208995";"0";"0";"0";"208995";"208995";"0";"208995";"0";"208995";"0";"0";"0";"208995";"208995";"0";"0";"0";"0";"0";"0";"0";"0";"0";"0";"0";"0";"0";"0";"0";"0";"0";"0";"0";"0";"86.22.17.451.3005.5.013.44906100.03.0";"99";"Outras Aquisições de Bens Imóveis";"01";"Desapropriações";"61";"Aquisição de Imóveis";"0"
"361082";"29139";"2019";"86";"Fundo Municipal de Saneamento Ambiental e Infraestrutura";"22";"FMSAI - Secretaria Municipal de Serviços e Obras";"5";"Nota de Empenho Fornecimento de Bens de Consumo e/ou Permanente";"8";"Art. 24 Inciso II da lei Federal 8.666/93";"6";"Dispensa de Licitação";"02/12/2019 00:00:00";"02/12/2019 00:00:00";"02/12/2019 00:00:00";"0";"0";"1";"1736876,79";"0";"1736876,79";"0";"E";"1";"";"-1";"-1";"";"";"";"";"41";"SEM REAJUSTE";"";"";"";"28/11/2019 00:00:00";"30/11/2019 00:00:00";"36";"";"";"";"";"6022201900056972";"S";"";"";"";"Desapropriação - Melhoramento: Bacia do Córrego Paciência";"";"86";"Fundo Municipal de Saneamento Ambiental e Infraestrutura";"22";"FMSAI - Secretaria Municipal de Serviços e Obras";"1736876,79";"0";"1";"0";"0";"1736876,79";"1736876,79";"0";"1736876,79";"0";"0";"0";"1736876,79";"1736876,79";"0";"1736876,79";"0";"1736876,79";"0";"0";"0";"1736876,79";"1736876,79";"0";"0";"0";"0";"0";"0";"0";"0";"0";"0";"0";"0";"0";"0";"0";"0";"0";"0";"0";"0";"86.22.17.451.3005.5.013.44906100.03.0";"99";"Outras Aquisições de Bens Imóveis";"01";"Desapropriações";"61";"Aquisição de Imóveis";"0"
"361075";"29133";"2019";"86";"Fundo Municipal de Saneamento Ambiental e Infraestrutura";"22";"FMSAI - Secretaria Municipal de Serviços e Obras";"5";"Nota de Empenho Fornecimento de Bens de Consumo e/ou Permanente";"8";"Art. 24 Inciso II da lei Federal 8.666/93";"6";"Dispensa de Licitação";"02/12/2019 00:00:00";"02/12/2019 00:00:00";"02/12/2019 00:00:00";"0";"0";"1";"6185,46";"0";"6185,46";"0";"E";"1";"";"-1";"-1";"";"";"";"";"41";"SEM REAJUSTE";"";"";"";"28/11/2019 00:00:00";"30/11/2019 00:00:00";"35";"";"";"";"";"6022201800058841";"S";"";"";"";"Desapropriação - Melhoramento: Bacia do Córrego Paciência";"";"86";"Fundo Municipal de Saneamento Ambiental e Infraestrutura";"22";"FMSAI - Secretaria Municipal de Serviços e Obras";"6185,46";"0";"1";"0";"0";"6185,46";"6185,46";"0";"6185,46";"0";"0";"0";"6185,46";"6185,46";"0";"6185,46";"0";"6185,46";"0";"0";"0";"6185,46";"6185,46";"0";"0";"0";"0";"0";"0";"0";"0";"0";"0";"0";"0";"0";"0";"0";"0";"0";"0";"0";"0";"86.22.17.451.3005.5.013.44906100.03.0";"99";"Outras Aquisições de Bens Imóveis";"01";"Desapropriações";"61";"Aquisição de Imóveis";"0"
"361093";"29150";"2019";"86";"Fundo Municipal de Saneamento Ambiental e Infraestrutura";"22";"FMSAI - Secretaria Municipal de Serviços e Obras";"5";"Nota de Empenho Fornecimento de Bens de Consumo e/ou Permanente";"8";"Art. 24 Inciso II da lei Federal 8.666/93";"6";"Dispensa de Licitação";"02/12/2019 00:00:00";"02/12/2019 00:00:00";"02/12/2019 00:00:00";"0";"0";"1";"21936,43";"0";"21936,43";"0";"E";"1";"";"-1";"-1";"";"";"";"";"41";"SEM REAJUSTE";"";"";"";"28/11/2019 00:00:00";"30/11/2019 00:00:00";"35";"";"";"";"";"6022201800058795";"S";"";"";"";"Desapropriação - Melhoramento: Bacia do Córrego Paciência";"";"86";"Fundo Municipal de Saneamento Ambiental e Infraestrutura";"22";"FMSAI - Secretaria Municipal de Serviços e Obras";"21936,43";"0";"1";"0";"0";"21936,43";"21936,43";"0";"21936,43";"0";"0";"0";"21936,43";"21936,43";"0";"21936,43";"0";"21936,43";"0";"0";"0";"21936,43";"21936,43";"0";"0";"0";"0";"0";"0";"0";"0";"0";"0";"0";"0";"0";"0";"0";"0";"0";"0";"0";"0";"86.22.17.451.3005.5.013.44906100.03.0";"99";"Outras Aquisições de Bens Imóveis";"01";"Desapropriações";"61";"Aquisição de Imóveis";"0"
"361069";"29128";"2019";"86";"Fundo Municipal de Saneamento Ambiental e Infraestrutura";"22";"FMSAI - Secretaria Municipal de Serviços e Obras";"5";"Nota de Empenho Fornecimento de Bens de Consumo e/ou Permanente";"8";"Art. 24 Inciso II da lei Federal 8.666/93";"6";"Dispensa de Licitação";"02/12/2019 00:00:00";"02/12/2019 00:00:00";"02/12/2019 00:00:00";"0";"0";"1";"462476,73";"0";"462476,73";"0";"E";"1";"";"-1";"-1";"";"";"";"";"41";"SEM REAJUSTE";"";"";"";"28/11/2019 00:00:00";"30/11/2019 00:00:00";"36";"";"";"";"";"6022201900057065";"S";"";"";"";"Desapropriação - Melhoramento: Bacia do Córrego Paciência";"";"86";"Fundo Municipal de Saneamento Ambiental e Infraestrutura";"22";"FMSAI - Secretaria Municipal de Serviços e Obras";"462476,73";"0";"1";"0";"0";"462476,73";"462476,73";"0";"462476,73";"0";"0";"0";"462476,73";"462476,73";"0";"462476,73";"0";"462476,73";"0";"0";"0";"462476,73";"462476,73";"0";"0";"0";"0";"0";"0";"0";"0";"0";"0";"0";"0";"0";"0";"0";"0";"0";"0";"0";"0";"86.22.17.451.3005.5.013.44906100.03.0";"99";"Outras Aquisições de Bens Imóveis";"01";"Desapropriações";"61";"Aquisição de Imóveis";"0"
"361095";"29152";"2019";"86";"Fundo Municipal de Saneamento Ambiental e Infraestrutura";"22";"FMSAI - Secretaria Municipal de Serviços e Obras";"5";"Nota de Empenho Fornecimento de Bens de Consumo e/ou Permanente";"8";"Art. 24 Inciso II da lei Federal 8.666/93";"6";"Dispensa de Licitação";"02/12/2019 00:00:00";"02/12/2019 00:00:00";"02/12/2019 00:00:00";"0";"0";"1";"22466,64";"0";"22466,64";"0";"E";"1";"";"-1";"-1";"";"";"";"";"41";"SEM REAJUSTE";"";"";"";"28/11/2019 00:00:00";"30/11/2019 00:00:00";"36";"";"";"";"";"6022201800058809";"S";"";"";"";"Desapropriação - Melhoramento: Bacia do Córrego Paciência";"";"86";"Fundo Municipal de Saneamento Ambiental e Infraestrutura";"22";"FMSAI - Secretaria Municipal de Serviços e Obras";"22466,64";"0";"1";"0";"0";"22466,64";"22466,64";"0";"22466,64";"0";"0";"0";"22466,64";"22466,64";"0";"22466,64";"0";"22466,64";"0";"0";"0";"22466,64";"22466,64";"0";"0";"0";"0";"0";"0";"0";"0";"0";"0";"0";"0";"0";"0";"0";"0";"0";"0";"0";"0";"86.22.17.451.3005.5.013.44906100.03.0";"99";"Outras Aquisições de Bens Imóveis";"01";"Desapropriações";"61";"Aquisição de Imóveis";"0"
"361031";"29097";"2019";"86";"Fundo Municipal de Saneamento Ambiental e Infraestrutura";"22";"FMSAI - Secretaria Municipal de Serviços e Obras";"5";"Nota de Empenho Fornecimento de Bens de Consumo e/ou Permanente";"8";"Art. 24 Inciso II da lei Federal 8.666/93";"6";"Dispensa de Licitação";"02/12/2019 00:00:00";"02/12/2019 00:00:00";"02/12/2019 00:00:00";"0";"0";"1";"59639,42";"0";"59639,42";"0";"E";"1";"";"-1";"-1";"";"";"";"";"41";"SEM REAJUSTE";"";"";"";"28/11/2019 00:00:00";"30/11/2019 00:00:00";"35";"";"";"";"";"6022201900056689";"S";"";"";"";"Desapropriação - Melhoramento: Bacia do Córrego Paciência";"";"86";"Fundo Municipal de Saneamento Ambiental e Infraestrutura";"22";"FMSAI - Secretaria Municipal de Serviços e Obras";"59639,42";"0";"1";"0";"0";"59639,42";"59639,42";"0";"59639,42";"0";"0";"0";"59639,42";"59639,42";"0";"59639,42";"0";"59639,42";"0";"0";"0";"59639,42";"59639,42";"0";"0";"0";"0";"0";"0";"0";"0";"0";"0";"0";"0";"0";"0";"0";"0";"0";"0";"0";"0";"86.22.17.451.3005.5.013.44906100.03.0";"99";"Outras Aquisições de Bens Imóveis";"01";"Desapropriações";"61";"Aquisição de Imóveis";"0"
"361081";"29138";"2019";"86";"Fundo Municipal de Saneamento Ambiental e Infraestrutura";"22";"FMSAI - Secretaria Municipal de Serviços e Obras";"5";"Nota de Empenho Fornecimento de Bens de Consumo e/ou Permanente";"8";"Art. 24 Inciso II da lei Federal 8.666/93";"6";"Dispensa de Licitação";"02/12/2019 00:00:00";"02/12/2019 00:00:00";"02/12/2019 00:00:00";"0";"0";"1";"43990,16";"0";"43990,16";"0";"E";"1";"";"-1";"-1";"";"";"";"";"41";"SEM REAJUSTE";"";"";"";"28/11/2019 00:00:00";"30/11/2019 00:00:00";"36";"";"";"";"";"6022201800058833";"S";"";"";"";"Desapropriação - Melhoramento: Bacia do Córrego Paciência";"";"86";"Fundo Municipal de Saneamento Ambiental e Infraestrutura";"22";"FMSAI - Secretaria Municipal de Serviços e Obras";"43990,16";"0";"1";"0";"0";"43990,16";"43990,16";"0";"43990,16";"0";"0";"0";"43990,16";"43990,16";"0";"43990,16";"0";"43990,16";"0";"0";"0";"43990,16";"43990,16";"0";"0";"0";"0";"0";"0";"0";"0";"0";"0";"0";"0";"0";"0";"0";"0";"0";"0";"0";"0";"86.22.17.451.3005.5.013.44906100.03.0";"99";"Outras Aquisições de Bens Imóveis";"01";"Desapropriações";"61";"Aquisição de Imóveis";"0"
"360996";"29072";"2019";"86";"Fundo Municipal de Saneamento Ambiental e Infraestrutura";"22";"FMSAI - Secretaria Municipal de Serviços e Obras";"5";"Nota de Empenho Fornecimento de Bens de Consumo e/ou Permanente";"8";"Art. 24 Inciso II da lei Federal 8.666/93";"6";"Dispensa de Licitação";"02/12/2019 00:00:00";"02/12/2019 00:00:00";"02/12/2019 00:00:00";"0";"0";"1";"291022,57";"0";"291022,57";"0";"E";"1";"";"-1";"-1";"";"";"";"";"41";"SEM REAJUSTE";"";"";"";"29/11/2019 00:00:00";"30/11/2019 00:00:00";"36";"";"";"";"";"6022201900057111";"S";"";"";"";"Desapropriação - Melhoramento: Bacia do Córrego Paciência";"";"86";"Fundo Municipal de Saneamento Ambiental e Infraestrutura";"22";"FMSAI - Secretaria Municipal de Serviços e Obras";"291022,57";"0";"1";"0";"0";"291022,57";"291022,57";"0";"291022,57";"0";"0";"0";"291022,57";"291022,57";"0";"291022,57";"0";"291022,57";"0";"0";"0";"291022,57";"291022,57";"0";"0";"0";"0";"0";"0";"0";"0";"0";"0";"0";"0";"0";"0";"0";"0";"0";"0";"0";"0";"86.22.17.451.3005.5.013.44906100.03.0";"99";"Outras Aquisições de Bens Imóveis";"01";"Desapropriações";"61";"Aquisição de Imóveis";"0"
"361037";"29101";"2019";"86";"Fundo Municipal de Saneamento Ambiental e Infraestrutura";"22";"FMSAI - Secretaria Municipal de Serviços e Obras";"5";"Nota de Empenho Fornecimento de Bens de Consumo e/ou Permanente";"8";"Art. 24 Inciso II da lei Federal 8.666/93";"6";"Dispensa de Licitação";"02/12/2019 00:00:00";"02/12/2019 00:00:00";"02/12/2019 00:00:00";"0";"0";"1";"191669,23";"0";"0";"0";"R";"1";"";"-1";"-1";"";"";"";"";"41";"SEM REAJUSTE";"";"";"";"28/11/2019 00:00:00";"30/11/2019 00:00:00";"35";"";"";"";"";"6022201900056778";"S";"";"";"";"Desapropriação - Melhoramento: Bacia do Córrego Paciência";"";"86";"Fundo Municipal de Saneamento Ambiental e Infraestrutura";"22";"FMSAI - Secretaria Municipal de Serviços e Obras";"191669,23";"0";"1";"0";"0";"191669,23";"191669,23";"0";"0";"0";"191669,23";"0";"0";"0";"0";"191669,23";"0";"0";"0";"191669,23";"0";"0";"0";"0";"0";"0";"0";"0";"0";"0";"0";"0";"0";"0";"0";"0";"0";"0";"0";"0";"0";"0";"0";"";"";"";"";"";"";"";"191669,23"
"361050";"29110";"2019";"86";"Fundo Municipal de Saneamento Ambiental e Infraestrutura";"22";"FMSAI - Secretaria Municipal de Serviços e Obras";"5";"Nota de Empenho Fornecimento de Bens de Consumo e/ou Permanente";"8";"Art. 24 Inciso II da lei Federal 8.666/93";"6";"Dispensa de Licitação";"02/12/2019 00:00:00";"02/12/2019 00:00:00";"02/12/2019 00:00:00";"0";"0";"1";"208365,16";"0";"208365,16";"0";"E";"1";"";"-1";"-1";"";"";"";"";"41";"SEM REAJUSTE";"";"";"";"28/11/2019 00:00:00";"30/11/2019 00:00:00";"35";"";"";"";"";"6022201900056786";"S";"";"";"";"Desapropriação - Melhoramento: Bacia do Córrego Paciência";"";"86";"Fundo Municipal de Saneamento Ambiental e Infraestrutura";"22";"FMSAI - Secretaria Municipal de Serviços e Obras";"208365,16";"0";"1";"0";"0";"208365,16";"208365,16";"0";"208365,16";"0";"0";"0";"208365,16";"208365,16";"0";"208365,16";"0";"208365,16";"0";"0";"0";"208365,16";"208365,16";"0";"0";"0";"0";"0";"0";"0";"0";"0";"0";"0";"0";"0";"0";"0";"0";"0";"0";"0";"0";"86.22.17.451.3005.5.013.44906100.03.0";"99";"Outras Aquisições de Bens Imóveis";"01";"Desapropriações";"61";"Aquisição de Imóveis";"0"
"361003";"29074";"2019";"86";"Fundo Municipal de Saneamento Ambiental e Infraestrutura";"22";"FMSAI - Secretaria Municipal de Serviços e Obras";"5";"Nota de Empenho Fornecimento de Bens de Consumo e/ou Permanente";"8";"Art. 24 Inciso II da lei Federal 8.666/93";"6";"Dispensa de Licitação";"02/12/2019 00:00:00";"02/12/2019 00:00:00";"02/12/2019 00:00:00";"0";"0";"1";"4639,92";"0";"4639,92";"0";"E";"1";"";"-1";"-1";"";"";"";"";"41";"SEM REAJUSTE";"";"";"";"29/11/2019 00:00:00";"30/11/2019 00:00:00";"36";"";"";"";"";"6022201800058876";"S";"";"";"";"Desapropriação - Melhoramento: Bacia do Córrego Paciência";"";"86";"Fundo Municipal de Saneamento Ambiental e Infraestrutura";"22";"FMSAI - Secretaria Municipal de Serviços e Obras";"4639,92";"0";"1";"0";"0";"4639,92";"4639,92";"0";"4639,92";"0";"0";"0";"4639,92";"4639,92";"0";"4639,92";"0";"4639,92";"0";"0";"0";"4639,92";"4639,92";"0";"0";"0";"0";"0";"0";"0";"0";"0";"0";"0";"0";"0";"0";"0";"0";"0";"0";"0";"0";"86.22.17.451.3005.5.013.44906100.03.0";"99";"Outras Aquisições de Bens Imóveis";"01";"Desapropriações";"61";"Aquisição de Imóveis";"0"
"361066";"29125";"2019";"86";"Fundo Municipal de Saneamento Ambiental e Infraestrutura";"22";"FMSAI - Secretaria Municipal de Serviços e Obras";"5";"Nota de Empenho Fornecimento de Bens de Consumo e/ou Permanente";"8";"Art. 24 Inciso II da lei Federal 8.666/93";"6";"Dispensa de Licitação";"02/12/2019 00:00:00";"02/12/2019 00:00:00";"02/12/2019 00:00:00";"0";"0";"1";"6674,74";"0";"6674,74";"0";"E";"1";"";"-1";"-1";"";"";"";"";"41";"SEM REAJUSTE";"";"";"";"28/11/2019 00:00:00";"30/11/2019 00:00:00";"35";"";"";"";"";"6022201900055844";"S";"";"";"";"Desapropriação - Melhoramento: Bacia do Córrego Paciência";"";"86";"Fundo Municipal de Saneamento Ambiental e Infraestrutura";"22";"FMSAI - Secretaria Municipal de Serviços e Obras";"6674,74";"0";"1";"0";"0";"6674,74";"6674,74";"0";"6674,74";"0";"0";"0";"6674,74";"6674,74";"0";"6674,74";"0";"6674,74";"0";"0";"0";"6674,74";"6674,74";"0";"0";"0";"0";"0";"0";"0";"0";"0";"0";"0";"0";"0";"0";"0";"0";"0";"0";"0";"0";"86.22.17.451.3005.5.013.44906100.03.0";"99";"Outras Aquisições de Bens Imóveis";"01";"Desapropriações";"61";"Aquisição de Imóveis";"0"
"361090";"29147";"2019";"86";"Fundo Municipal de Saneamento Ambiental e Infraestrutura";"22";"FMSAI - Secretaria Municipal de Serviços e Obras";"5";"Nota de Empenho Fornecimento de Bens de Consumo e/ou Permanente";"8";"Art. 24 Inciso II da lei Federal 8.666/93";"6";"Dispensa de Licitação";"02/12/2019 00:00:00";"02/12/2019 00:00:00";"02/12/2019 00:00:00";"0";"0";"1";"18061,16";"0";"18061,16";"0";"E";"1";"";"-1";"-1";"";"";"";"";"41";"SEM REAJUSTE";"";"";"";"28/11/2019 00:00:00";"30/11/2019 00:00:00";"35";"";"";"";"";"6022201800058787";"S";"";"";"";"Desapropriação - Melhoramento: Bacia do Córrego Paciência";"";"86";"Fundo Municipal de Saneamento Ambiental e Infraestrutura";"22";"FMSAI - Secretaria Municipal de Serviços e Obras";"18061,16";"0";"1";"0";"0";"18061,16";"18061,16";"0";"18061,16";"0";"0";"0";"18061,16";"18061,16";"0";"18061,16";"0";"18061,16";"0";"0";"0";"18061,16";"18061,16";"0";"0";"0";"0";"0";"0";"0";"0";"0";"0";"0";"0";"0";"0";"0";"0";"0";"0";"0";"0";"86.22.17.451.3005.5.013.44906100.03.0";"99";"Outras Aquisições de Bens Imóveis";"01";"Desapropriações";"61";"Aquisição de Imóveis";"0"
"361072";"29130";"2019";"86";"Fundo Municipal de Saneamento Ambiental e Infraestrutura";"22";"FMSAI - Secretaria Municipal de Serviços e Obras";"5";"Nota de Empenho Fornecimento de Bens de Consumo e/ou Permanente";"8";"Art. 24 Inciso II da lei Federal 8.666/93";"6";"Dispensa de Licitação";"02/12/2019 00:00:00";"02/12/2019 00:00:00";"02/12/2019 00:00:00";"0";"0";"1";"206144,83";"0";"206144,83";"0";"E";"1";"";"-1";"-1";"";"";"";"";"41";"SEM REAJUSTE";"";"";"";"28/11/2019 00:00:00";"30/11/2019 00:00:00";"36";"";"";"";"";"6022201900056824";"S";"";"";"";"Desapropriação - Melhoramento: Bacia do Córrego Paciência";"";"86";"Fundo Municipal de Saneamento Ambiental e Infraestrutura";"22";"FMSAI - Secretaria Municipal de Serviços e Obras";"206144,83";"0";"1";"0";"0";"206144,83";"206144,83";"0";"206144,83";"0";"0";"0";"206144,83";"206144,83";"0";"206144,83";"0";"206144,83";"0";"0";"0";"206144,83";"206144,83";"0";"0";"0";"0";"0";"0";"0";"0";"0";"0";"0";"0";"0";"0";"0";"0";"0";"0";"0";"0";"86.22.17.451.3005.5.013.44906100.03.0";"99";"Outras Aquisições de Bens Imóveis";"01";"Desapropriações";"61";"Aquisição de Imóveis";"0"
"361062";"29122";"2019";"86";"Fundo Municipal de Saneamento Ambiental e Infraestrutura";"22";"FMSAI - Secretaria Municipal de Serviços e Obras";"5";"Nota de Empenho Fornecimento de Bens de Consumo e/ou Permanente";"8";"Art. 24 Inciso II da lei Federal 8.666/93";"6";"Dispensa de Licitação";"02/12/2019 00:00:00";"02/12/2019 00:00:00";"02/12/2019 00:00:00";"0";"0";"1";"402946,28";"0";"402946,28";"0";"E";"1";"";"-1";"-1";"";"";"";"";"41";"SEM REAJUSTE";"";"";"";"28/11/2019 00:00:00";"30/11/2019 00:00:00";"36";"";"";"";"";"6022201900056913";"S";"";"";"";"Desapropriação - Melhoramento: Bacia do Córrego Paciência";"";"86";"Fundo Municipal de Saneamento Ambiental e Infraestrutura";"22";"FMSAI - Secretaria Municipal de Serviços e Obras";"402946,28";"0";"1";"0";"0";"402946,28";"402946,28";"0";"402946,28";"0";"0";"0";"402946,28";"402946,28";"0";"402946,28";"0";"402946,28";"0";"0";"0";"402946,28";"402946,28";"0";"0";"0";"0";"0";"0";"0";"0";"0";"0";"0";"0";"0";"0";"0";"0";"0";"0";"0";"0";"86.22.17.451.3005.5.013.44906100.03.0";"99";"Outras Aquisições de Bens Imóveis";"01";"Desapropriações";"61";"Aquisição de Imóveis";"0"
"361078";"29135";"2019";"86";"Fundo Municipal de Saneamento Ambiental e Infraestrutura";"22";"FMSAI - Secretaria Municipal de Serviços e Obras";"5";"Nota de Empenho Fornecimento de Bens de Consumo e/ou Permanente";"8";"Art. 24 Inciso II da lei Federal 8.666/93";"6";"Dispensa de Licitação";"02/12/2019 00:00:00";"02/12/2019 00:00:00";"02/12/2019 00:00:00";"0";"0";"1";"17071,40";"0";"17071,40";"0";"E";"1";"";"-1";"-1";"";"";"";"";"41";"SEM REAJUSTE";"";"";"";"28/11/2019 00:00:00";"30/11/2019 00:00:00";"36";"";"";"";"";"6022201800058779";"S";"";"";"";"Desapropriação - Melhoramento: Bacia do Córrego Paciência";"";"86";"Fundo Municipal de Saneamento Ambiental e Infraestrutura";"22";"FMSAI - Secretaria Municipal de Serviços e Obras";"17071,40";"0";"1";"0";"0";"17071,40";"17071,40";"0";"17071,40";"0";"0";"0";"17071,40";"17071,40";"0";"17071,40";"0";"17071,40";"0";"0";"0";"17071,40";"17071,40";"0";"0";"0";"0";"0";"0";"0";"0";"0";"0";"0";"0";"0";"0";"0";"0";"0";"0";"0";"0";"86.22.17.451.3005.5.013.44906100.03.0";"99";"Outras Aquisições de Bens Imóveis";"01";"Desapropriações";"61";"Aquisição de Imóveis";"0"
"361055";"29115";"2019";"86";"Fundo Municipal de Saneamento Ambiental e Infraestrutura";"22";"FMSAI - Secretaria Municipal de Serviços e Obras";"5";"Nota de Empenho Fornecimento de Bens de Consumo e/ou Permanente";"8";"Art. 24 Inciso II da lei Federal 8.666/93";"6";"Dispensa de Licitação";"02/12/2019 00:00:00";"02/12/2019 00:00:00";"02/12/2019 00:00:00";"0";"0";"1";"213701,97";"0";"213701,97";"0";"E";"1";"";"-1";"-1";"";"";"";"";"41";"SEM REAJUSTE";"";"";"";"28/11/2019 00:00:00";"30/11/2019 00:00:00";"36";"";"";"";"";"6022201900056859";"S";"";"";"";"Desapropriação - Melhoramento: Bacia do Córrego Paciência";"";"86";"Fundo Municipal de Saneamento Ambiental e Infraestrutura";"22";"FMSAI - Secretaria Municipal de Serviços e Obras";"213701,97";"0";"1";"0";"0";"213701,97";"213701,97";"0";"213701,97";"0";"0";"0";"213701,97";"213701,97";"0";"213701,97";"0";"213701,97";"0";"0";"0";"213701,97";"213701,97";"0";"0";"0";"0";"0";"0";"0";"0";"0";"0";"0";"0";"0";"0";"0";"0";"0";"0";"0";"0";"86.22.17.451.3005.5.013.44906100.03.0";"99";"Outras Aquisições de Bens Imóveis";"01";"Desapropriações";"61";"Aquisição de Imóveis";"0"
"361096";"29153";"2019";"86";"Fundo Municipal de Saneamento Ambiental e Infraestrutura";"22";"FMSAI - Secretaria Municipal de Serviços e Obras";"5";"Nota de Empenho Fornecimento de Bens de Consumo e/ou Permanente";"8";"Art. 24 Inciso II da lei Federal 8.666/93";"6";"Dispensa de Licitação";"02/12/2019 00:00:00";"02/12/2019 00:00:00";"02/12/2019 00:00:00";"0";"0";"1";"290813,57";"0";"290813,57";"0";"E";"1";"";"-1";"-1";"";"";"";"";"41";"SEM REAJUSTE";"";"";"";"28/11/2019 00:00:00";"30/11/2019 00:00:00";"35";"";"";"";"";"6022201900055810";"S";"";"";"";"Desapropriação - Melhoramento: Bacia do Córrego Paciência";"";"86";"Fundo Municipal de Saneamento Ambiental e Infraestrutura";"22";"FMSAI - Secretaria Municipal de Serviços e Obras";"290813,57";"0";"1";"0";"0";"290813,57";"290813,57";"0";"290813,57";"0";"0";"0";"290813,57";"290813,57";"0";"290813,57";"0";"290813,57";"0";"0";"0";"290813,57";"290813,57";"0";"0";"0";"0";"0";"0";"0";"0";"0";"0";"0";"0";"0";"0";"0";"0";"0";"0";"0";"0";"86.22.17.451.3005.5.013.44906100.03.0";"99";"Outras Aquisições de Bens Imóveis";"01";"Desapropriações";"61";"Aquisição de Imóveis";"0"
"361052";"29112";"2019";"86";"Fundo Municipal de Saneamento Ambiental e Infraestrutura";"22";"FMSAI - Secretaria Municipal de Serviços e Obras";"5";"Nota de Empenho Fornecimento de Bens de Consumo e/ou Permanente";"8";"Art. 24 Inciso II da lei Federal 8.666/93";"6";"Dispensa de Licitação";"02/12/2019 00:00:00";"02/12/2019 00:00:00";"02/12/2019 00:00:00";"0";"0";"1";"649318,87";"0";"649318,87";"0";"E";"1";"";"-1";"-1";"";"";"";"";"41";"SEM REAJUSTE";"";"";"";"28/11/2019 00:00:00";"30/11/2019 00:00:00";"35";"";"";"";"";"6022201900056646";"S";"";"";"";"Desapropriação - Melhoramento: Bacia do Córrego Paciência";"";"86";"Fundo Municipal de Saneamento Ambiental e Infraestrutura";"22";"FMSAI - Secretaria Municipal de Serviços e Obras";"649318,87";"0";"1";"0";"0";"649318,87";"649318,87";"0";"649318,87";"0";"0";"0";"649318,87";"649318,87";"0";"649318,87";"0";"649318,87";"0";"0";"0";"649318,87";"649318,87";"0";"0";"0";"0";"0";"0";"0";"0";"0";"0";"0";"0";"0";"0";"0";"0";"0";"0";"0";"0";"86.22.17.451.3005.5.013.44906100.03.0";"99";"Outras Aquisições de Bens Imóveis";"01";"Desapropriações";"61";"Aquisição de Imóveis";"0"
"361086";"29143";"2019";"86";"Fundo Municipal de Saneamento Ambiental e Infraestrutura";"22";"FMSAI - Secretaria Municipal de Serviços e Obras";"5";"Nota de Empenho Fornecimento de Bens de Consumo e/ou Permanente";"9";"Art. 24 Inciso III da lei Federal 8.666/93";"6";"Dispensa de Licitação";"02/12/2019 00:00:00";"02/12/2019 00:00:00";"02/12/2019 00:00:00";"0";"0";"1";"509565,06";"0";"509565,06";"0";"E";"1";"";"-1";"-1";"";"";"";"";"41";"SEM REAJUSTE";"";"";"";"28/11/2019 00:00:00";"30/11/2019 00:00:00";"36";"";"";"";"";"6022201900057030";"S";"";"";"";"Desapropriação - Melhoramento: Bacia do Córrego Paciência";"";"86";"Fundo Municipal de Saneamento Ambiental e Infraestrutura";"22";"FMSAI - Secretaria Municipal de Serviços e Obras";"509565,06";"0";"1";"0";"0";"509565,06";"509565,06";"0";"509565,06";"0";"0";"0";"509565,06";"509565,06";"0";"509565,06";"0";"509565,06";"0";"0";"0";"509565,06";"509565,06";"0";"0";"0";"0";"0";"0";"0";"0";"0";"0";"0";"0";"0";"0";"0";"0";"0";"0";"0";"0";"86.22.17.451.3005.5.013.44906100.03.0";"99";"Outras Aquisições de Bens Imóveis";"01";"Desapropriações";"61";"Aquisição de Imóveis";"0"
"361091";"29148";"2019";"86";"Fundo Municipal de Saneamento Ambiental e Infraestrutura";"22";"FMSAI - Secretaria Municipal de Serviços e Obras";"5";"Nota de Empenho Fornecimento de Bens de Consumo e/ou Permanente";"8";"Art. 24 Inciso II da lei Federal 8.666/93";"6";"Dispensa de Licitação";"02/12/2019 00:00:00";"02/12/2019 00:00:00";"02/12/2019 00:00:00";"0";"0";"1";"21936,43";"0";"0";"0";"R";"1";"";"-1";"-1";"";"";"";"";"41";"SEM REAJUSTE";"";"";"";"28/11/2019 00:00:00";"30/11/2019 00:00:00";"35";"";"";"";"";"6022201800058795";"S";"";"";"";"Desapropriação - Melhoramento: Bacia do Córrego Paciência";"";"86";"Fundo Municipal de Saneamento Ambiental e Infraestrutura";"22";"FMSAI - Secretaria Municipal de Serviços e Obras";"21936,43";"0";"1";"0";"0";"21936,43";"21936,43";"0";"0";"0";"21936,43";"0";"0";"0";"0";"21936,43";"0";"0";"0";"21936,43";"0";"0";"0";"0";"0";"0";"0";"0";"0";"0";"0";"0";"0";"0";"0";"0";"0";"0";"0";"0";"0";"0";"0";"";"";"";"";"";"";"";"21936,43"
"361060";"29120";"2019";"86";"Fundo Municipal de Saneamento Ambiental e Infraestrutura";"22";"FMSAI - Secretaria Municipal de Serviços e Obras";"5";"Nota de Empenho Fornecimento de Bens de Consumo e/ou Permanente";"8";"Art. 24 Inciso II da lei Federal 8.666/93";"6";"Dispensa de Licitação";"02/12/2019 00:00:00";"02/12/2019 00:00:00";"02/12/2019 00:00:00";"0";"0";"1";"24436,26";"0";"24436,26";"0";"E";"1";"";"-1";"-1";"";"";"";"";"41";"SEM REAJUSTE";"";"";"";"28/11/2019 00:00:00";"30/11/2019 00:00:00";"36";"";"";"";"";"6022201900056883";"S";"";"";"";"Desapropriação - Melhoramento: Bacia do Córrego Paciência";"";"86";"Fundo Municipal de Saneamento Ambiental e Infraestrutura";"22";"FMSAI - Secretaria Municipal de Serviços e Obras";"24436,26";"0";"1";"0";"0";"24436,26";"24436,26";"0";"24436,26";"0";"0";"0";"24436,26";"24436,26";"0";"24436,26";"0";"24436,26";"0";"0";"0";"24436,26";"24436,26";"0";"0";"0";"0";"0";"0";"0";"0";"0";"0";"0";"0";"0";"0";"0";"0";"0";"0";"0";"0";"86.22.17.451.3005.5.013.44906100.03.0";"99";"Outras Aquisições de Bens Imóveis";"01";"Desapropriações";"61";"Aquisição de Imóveis";"0"
"361016";"29085";"2019";"86";"Fundo Municipal de Saneamento Ambiental e Infraestrutura";"22";"FMSAI - Secretaria Municipal de Serviços e Obras";"5";"Nota de Empenho Fornecimento de Bens de Consumo e/ou Permanente";"8";"Art. 24 Inciso II da lei Federal 8.666/93";"6";"Dispensa de Licitação";"02/12/2019 00:00:00";"02/12/2019 00:00:00";"02/12/2019 00:00:00";"0";"0";"1";"550837,59";"0";"550837,59";"0";"E";"1";"";"-1";"-1";"";"";"";"";"41";"SEM REAJUSTE";"";"";"";"28/11/2019 00:00:00";"30/11/2019 00:00:00";"35";"";"";"";"";"6022201900056654";"S";"";"";"";"Desapropriação - Melhoramento: Bacia do Córrego Paciência";"";"86";"Fundo Municipal de Saneamento Ambiental e Infraestrutura";"22";"FMSAI - Secretaria Municipal de Serviços e Obras";"550837,59";"0";"1";"0";"0";"550837,59";"550837,59";"0";"550837,59";"0";"0";"0";"550837,59";"550837,59";"0";"550837,59";"0";"550837,59";"0";"0";"0";"550837,59";"550837,59";"0";"0";"0";"0";"0";"0";"0";"0";"0";"0";"0";"0";"0";"0";"0";"0";"0";"0";"0";"0";"86.22.17.451.3005.5.013.44906100.03.0";"99";"Outras Aquisições de Bens Imóveis";"01";"Desapropriações";"61";"Aquisição de Imóveis";"0"
"352325";"21768";"2019";"22";"Secretaria Municipal de Infraestrutura Urbana e Obras";"10";"Gabinete do Secretário";"2";"Termo de Contrato - Serviços";"7";"Art. 24 - Inciso I Lei Federal  8.666/93";"6";"Dispensa de Licitação";"05/12/2019 00:00:00";"03/01/2020 00:00:00";"03/01/2020 00:00:00";"0";"0";"30";"880,75";"0";"880,75";"0";"E";"1";"";"-1";"-1";"";"";"";"";"41";"SEM REAJUSTE";"";"";"";"10/09/2019 00:00:00";"11/09/2019 00:00:00";"30";"";"";"";"DL";"6022201900046381";"S";"";"";"";"Execução de serviços na rede de energia,  necessários para ligação  da cabine primária, para atendimento do laboratório da rua Paula Cruz 69.";"";"22";"Secretaria Municipal de Infraestrutura Urbana e Obras";"10";"Gabinete do Secretário";"880,75";"0";"30";"0";"0";"880,75";"880,75";"0";"880,75";"0";"0";"0";"880,75";"880,75";"0";"880,75";"0";"880,75";"0";"0";"0";"880,75";"880,75";"0";"0";"0";"0";"0";"0";"0";"0";"0";"0";"0";"0";"0";"0";"0";"0";"0";"0";"0";"0";"84.10.10.301.3003.1.509.44905100.00.0";"89";"Obras em Andamento - Uso Comum do Povo";"01";"Hospitais e Similares";"51";"Obras e Instalações";"0"
"361943";"29905";"2019";"22";"Secretaria Municipal de Infraestrutura Urbana e Obras";"10";"Gabinete do Secretário";"2";"Termo de Contrato - Serviços";"7";"Art. 24 - Inciso I Lei Federal  8.666/93";"6";"Dispensa de Licitação";"04/02/2020 00:00:00";"03/05/2020 00:00:00";"03/05/2020 00:00:00";"0";"0";"90";"9601,62";"0";"9601,62";"0";"E";"9";"umental";"-1";"-1";"";"";"";"";"41";"SEM REAJUSTE";"";"";"";"09/12/2019 00:00:00";"10/12/2019 00:00:00";"34";"";"";"";"DL";"6064201900011803";"S";"";"";"";"Dispensa de licitação - Prestação de Serviços Técnico-Profissionais para desenvolvimento de projeto técnico de prevenção e combate a incêndio e aprovação junto ao Corpo de Bombeiros para o CRESAN-Banco de Alimentos Vila Maria, à Rua Sobral Junior, 264 - SP/MG.";"";"22";"Secretaria Municipal de Infraestrutura Urbana e Obras";"10";"Gabinete do Secretário";"9601,62";"0";"90";"0";"0";"9601,62";"9601,62";"0";"9601,62";"0";"0";"0";"9601,62";"9601,62";"7960,22";"9601,62";"0";"9601,62";"0";"0";"0";"9601,62";"9601,62";"7960,22";"0";"0";"0";"0";"0";"0";"0";"0";"0";"0";"0";"0";"0";"0";"0";"0";"0";"0";"0";"30.10.11.122.3024.2.100.33903900.00.0";"05";"Serviços Técnicos Profissionais";"08";"Engenharia (exceto constr. estradas, pontes, prédios e obras assem.)";"39";"Outros Serviços de Terceiros - Pessoa Jurídica";"0"
"347065";"17631";"2019";"86";"Fundo Municipal de Saneamento Ambiental e Infraestrutura";"22";"FMSAI - Secretaria Municipal de Serviços e Obras";"2";"Termo de Contrato - Serviços";"8";"Art. 24 Inciso II da lei Federal 8.666/93";"6";"Dispensa de Licitação";"05/02/2019 00:00:00";"03/08/2019 00:00:00";"03/08/2019 00:00:00";"0";"0";"179";"1505889,02";"0";"1481994,21";"0";"S";"9";"umental";"-1";"-1";"";"";"";"";"41";"SEM REAJUSTE";"081/SIURB/2019";"";"";"22/07/2019 00:00:00";"23/07/2019 00:00:00";"";"";"";"";"";"6022201900010441";"S";"";"";"";"Concorrência nº 038180120 - Adjudicação e Homologação - Contratação de empresa para a execução de obras e serviços complementares para adequações geométricas do viário, melhorias de drenagem, acessibilidade e sinalização viária da Rua Eugênio de Medeiros.";"";"86";"Fundo Municipal de Saneamento Ambiental e Infraestrutura";"22";"FMSAI - Secretaria Municipal de Serviços e Obras";"1505889,02";"0";"179";"0";"0";"1505889,02";"1505889,02";"0";"1481994,21";"0";"23894,81";"0";"1481994,21";"1481994,21";"1529783,83";"1505889,02";"0";"1481994,21";"0";"23894,81";"0";"1481994,21";"1481994,21";"1529783,83";"0";"0";"0";"0";"0";"0";"0";"0";"0";"0";"0";"0";"0";"0";"0";"0";"0";"0";"0";"86.22.17.451.3005.5.013.44905100.03.0";"89";"Obras em Andamento - Uso Comum do Povo";"22";"Canalização de Córregos";"51";"Obras e Instalações";"23894,81"
"361733";"29715";"2019";"98";"Fundo de Desenvolvimento Urbano";"22";"FUNDURB - Secretaria Municipal de Infraestrutura Urbana e Obras";"2";"Termo de Contrato - Serviços";"10";"Art. 24 Inciso IV da lei Federal 8.666/93";"6";"Dispensa de Licitação";"05/02/2019 00:00:00";"03/08/2019 00:00:00";"03/08/2019 00:00:00";"0";"0";"180";"948551,50";"0";"594250,30";"0";"S";"9";"umental";"-1";"-1";"";"";"";"";"41";"SEM REAJUSTE";"";"";"";"03/06/2019 00:00:00";"04/06/2019 00:00:00";"26";"";"";"";"";"6022201900009940";"S";"";"";"";"Prestação de serviços de elaboração de inspeções especiais, vistorias, ensaios, laudos técnicos e verificação estrutural de obras do Viaduto Miguel Mofarrej";"";"98";"Fundo de Desenvolvimento Urbano";"22";"FUNDURB - Secretaria Municipal de Infraestrutura Urbana e Obras";"948551,50";"0";"180";"0";"0";"948551,50";"948551,50";"0";"594250,30";"0";"354301,20";"0";"594250,30";"594250,30";"354301,20";"948551,50";"0";"594250,30";"0";"354301,20";"0";"594250,30";"594250,30";"354301,20";"0";"0";"0";"0";"0";"0";"0";"0";"0";"0";"0";"0";"0";"0";"0";"0";"0";"0";"0";"98.22.15.451.3009.5.187.44903900.08.0";"05";"Serviços Técnicos Profissionais";"01";"Gerenciamento";"39";"Outros Serviços de Terceiros - Pessoa Jurídica";"354301,20"
"345760";"16608";"2019";"22";"Secretaria Municipal de Infraestrutura Urbana e Obras";"10";"Gabinete do Secretário";"2";"Termo de Contrato - Serviços";"7";"Art. 24 - Inciso I Lei Federal  8.666/93";"6";"Dispensa de Licitação";"05/05/2020 00:00:00";"02/08/2020 00:00:00";"03/08/2020 00:00:00";"0";"0";"90";"16535,99";"0";"16535,99";"0";"E";"9";"umental";"-1";"-1";"";"";"";"";"41";"SEM REAJUSTE";"";"";"";"03/07/2019 00:00:00";"05/07/2019 00:00:00";"41";"";"";"";"DL";"6022201900014307";"S";"";"";"";"Prestação de Serviços Técnico-Profissionais para desenvolvimento de projeto de compensação ambiental e aprovação junto aos órgãos ambientais - CEU Ambiental.";"";"22";"Secretaria Municipal de Infraestrutura Urbana e Obras";"10";"Gabinete do Secretário";"16536";"0";"90";"0";"0";"16536";"16536";"0";"16535,99";"0,01";"0";"0";"16535,99";"16535,99";"16536,01";"16536";"0";"16535,99";"0,01";"0";"0";"16535,99";"16535,99";"16536,01";"0";"0";"0";"0";"0";"0";"0";"0";"0";"0";"0";"0";"0";"0";"0";"0";"0";"0";"0";"98.14.16.451.3002.3.354.44905100.08.0";"89";"Obras em Andamento - Uso Comum do Povo";"02";"Escolas e Similares";"51";"Obras e Instalações";"0"
"361109";"29163";"2019";"86";"Fundo Municipal de Saneamento Ambiental e Infraestrutura";"22";"FMSAI - Secretaria Municipal de Serviços e Obras";"5";"Nota de Empenho Fornecimento de Bens de Consumo e/ou Permanente";"8";"Art. 24 Inciso II da lei Federal 8.666/93";"6";"Dispensa de Licitação";"03/12/2019 00:00:00";"03/12/2019 00:00:00";"03/12/2019 00:00:00";"0";"0";"1";"9822,14";"0";"9822,14";"0";"E";"1";"";"-1";"-1";"";"";"";"";"41";"SEM REAJUSTE";"";"";"";"28/11/2019 00:00:00";"30/11/2019 00:00:00";"36";"";"";"";"";"6022201800058825";"S";"";"";"";"Desapropriação - Melhoramento: Bacia do Córrego Paciência";"";"86";"Fundo Municipal de Saneamento Ambiental e Infraestrutura";"22";"FMSAI - Secretaria Municipal de Serviços e Obras";"9822,14";"0";"1";"0";"0";"9822,14";"9822,14";"0";"9822,14";"0";"0";"0";"9822,14";"9822,14";"0";"9822,14";"0";"9822,14";"0";"0";"0";"9822,14";"9822,14";"0";"0";"0";"0";"0";"0";"0";"0";"0";"0";"0";"0";"0";"0";"0";"0";"0";"0";"0";"0";"86.22.17.451.3005.5.013.44906100.03.0";"99";"Outras Aquisições de Bens Imóveis";"01";"Desapropriações";"61";"Aquisição de Imóveis";"0"
"361138";"29185";"2019";"86";"Fundo Municipal de Saneamento Ambiental e Infraestrutura";"22";"FMSAI - Secretaria Municipal de Serviços e Obras";"5";"Nota de Empenho Fornecimento de Bens de Consumo e/ou Permanente";"8";"Art. 24 Inciso II da lei Federal 8.666/93";"6";"Dispensa de Licitação";"03/12/2019 00:00:00";"03/12/2019 00:00:00";"03/12/2019 00:00:00";"0";"0";"1";"9240,67";"0";"9240,67";"0";"E";"1";"";"-1";"-1";"";"";"";"";"41";"SEM REAJUSTE";"";"";"";"28/11/2019 00:00:00";"30/11/2019 00:00:00";"36";"";"";"";"";"6022201800058760";"S";"";"";"";"Desapropriação - Melhoramento: Bacia do Córrego Paciência";"";"86";"Fundo Municipal de Saneamento Ambiental e Infraestrutura";"22";"FMSAI - Secretaria Municipal de Serviços e Obras";"9240,67";"0";"1";"0";"0";"9240,67";"9240,67";"0";"9240,67";"0";"0";"0";"9240,67";"9240,67";"0";"9240,67";"0";"9240,67";"0";"0";"0";"9240,67";"9240,67";"0";"0";"0";"0";"0";"0";"0";"0";"0";"0";"0";"0";"0";"0";"0";"0";"0";"0";"0";"0";"86.22.17.451.3005.5.013.44906100.03.0";"99";"Outras Aquisições de Bens Imóveis";"01";"Desapropriações";"61";"Aquisição de Imóveis";"0"
"361118";"29170";"2019";"86";"Fundo Municipal de Saneamento Ambiental e Infraestrutura";"22";"FMSAI - Secretaria Municipal de Serviços e Obras";"5";"Nota de Empenho Fornecimento de Bens de Consumo e/ou Permanente";"8";"Art. 24 Inciso II da lei Federal 8.666/93";"6";"Dispensa de Licitação";"03/12/2019 00:00:00";"03/12/2019 00:00:00";"03/12/2019 00:00:00";"0";"0";"1";"761589,29";"0";"761589,29";"0";"E";"1";"";"-1";"-1";"";"";"";"";"41";"SEM REAJUSTE";"";"";"";"28/11/2019 00:00:00";"30/11/2019 00:00:00";"36";"";"";"";"";"6022201900057103";"S";"";"";"";"Desapropriação - Melhoramento: Bacia do Córrego Paciência";"";"86";"Fundo Municipal de Saneamento Ambiental e Infraestrutura";"22";"FMSAI - Secretaria Municipal de Serviços e Obras";"761589,29";"0";"1";"0";"0";"761589,29";"761589,29";"0";"761589,29";"0";"0";"0";"761589,29";"761589,29";"0";"761589,29";"0";"761589,29";"0";"0";"0";"761589,29";"761589,29";"0";"0";"0";"0";"0";"0";"0";"0";"0";"0";"0";"0";"0";"0";"0";"0";"0";"0";"0";"0";"86.22.17.451.3005.5.013.44906100.03.0";"99";"Outras Aquisições de Bens Imóveis";"01";"Desapropriações";"61";"Aquisição de Imóveis";"0"
"361135";"29182";"2019";"86";"Fundo Municipal de Saneamento Ambiental e Infraestrutura";"22";"FMSAI - Secretaria Municipal de Serviços e Obras";"5";"Nota de Empenho Fornecimento de Bens de Consumo e/ou Permanente";"8";"Art. 24 Inciso II da lei Federal 8.666/93";"6";"Dispensa de Licitação";"03/12/2019 00:00:00";"03/12/2019 00:00:00";"03/12/2019 00:00:00";"0";"0";"1";"37203,28";"0";"37203,28";"0";"E";"1";"";"-1";"-1";"";"";"";"";"41";"SEM REAJUSTE";"";"";"";"28/11/2019 00:00:00";"30/11/2019 00:00:00";"36";"";"";"";"";"6022201900057073";"S";"";"";"";"Desapropriação - Melhoramento: Bacia do Córrego Paciência";"";"86";"Fundo Municipal de Saneamento Ambiental e Infraestrutura";"22";"FMSAI - Secretaria Municipal de Serviços e Obras";"37203,28";"0";"1";"0";"0";"37203,28";"37203,28";"0";"37203,28";"0";"0";"0";"37203,28";"37203,28";"0";"37203,28";"0";"37203,28";"0";"0";"0";"37203,28";"37203,28";"0";"0";"0";"0";"0";"0";"0";"0";"0";"0";"0";"0";"0";"0";"0";"0";"0";"0";"0";"0";"86.22.17.451.3005.5.013.44906100.03.0";"99";"Outras Aquisições de Bens Imóveis";"01";"Desapropriações";"61";"Aquisição de Imóveis";"0"
"361113";"29167";"2019";"86";"Fundo Municipal de Saneamento Ambiental e Infraestrutura";"22";"FMSAI - Secretaria Municipal de Serviços e Obras";"5";"Nota de Empenho Fornecimento de Bens de Consumo e/ou Permanente";"8";"Art. 24 Inciso II da lei Federal 8.666/93";"6";"Dispensa de Licitação";"03/12/2019 00:00:00";"03/12/2019 00:00:00";"03/12/2019 00:00:00";"0";"0";"1";"98978,17";"0";"98978,17";"0";"E";"1";"";"-1";"-1";"";"";"";"";"41";"SEM REAJUSTE";"";"";"";"28/11/2019 00:00:00";"30/11/2019 00:00:00";"36";"";"";"";"";"6022201800058922";"S";"";"";"";"Desapropriação - Melhoramento: Bacia do Córrego Paciência";"";"86";"Fundo Municipal de Saneamento Ambiental e Infraestrutura";"22";"FMSAI - Secretaria Municipal de Serviços e Obras";"98978,17";"0";"1";"0";"0";"98978,17";"98978,17";"0";"98978,17";"0";"0";"0";"98978,17";"98978,17";"0";"98978,17";"0";"98978,17";"0";"0";"0";"98978,17";"98978,17";"0";"0";"0";"0";"0";"0";"0";"0";"0";"0";"0";"0";"0";"0";"0";"0";"0";"0";"0";"0";"86.22.17.451.3005.5.013.44906100.03.0";"99";"Outras Aquisições de Bens Imóveis";"01";"Desapropriações";"61";"Aquisição de Imóveis";"0"
"361131";"29179";"2019";"86";"Fundo Municipal de Saneamento Ambiental e Infraestrutura";"22";"FMSAI - Secretaria Municipal de Serviços e Obras";"5";"Nota de Empenho Fornecimento de Bens de Consumo e/ou Permanente";"8";"Art. 24 Inciso II da lei Federal 8.666/93";"6";"Dispensa de Licitação";"03/12/2019 00:00:00";"03/12/2019 00:00:00";"03/12/2019 00:00:00";"0";"0";"1";"746370,39";"0";"0";"0";"R";"1";"";"-1";"-1";"";"";"";"";"41";"SEM REAJUSTE";"";"";"";"28/11/2019 00:00:00";"30/11/2019 00:00:00";"36";"";"";"";"";"6022201900057260";"S";"";"";"";"Desapropriação - Melhoramento: Bacia do Córrego Paciência";"";"86";"Fundo Municipal de Saneamento Ambiental e Infraestrutura";"22";"FMSAI - Secretaria Municipal de Serviços e Obras";"746370,39";"0";"1";"0";"0";"746370,39";"746370,39";"0";"0";"0";"746370,39";"0";"0";"0";"0";"746370,39";"0";"0";"0";"746370,39";"0";"0";"0";"0";"0";"0";"0";"0";"0";"0";"0";"0";"0";"0";"0";"0";"0";"0";"0";"0";"0";"0";"0";"";"";"";"";"";"";"";"746370,39"
"361111";"29165";"2019";"86";"Fundo Municipal de Saneamento Ambiental e Infraestrutura";"22";"FMSAI - Secretaria Municipal de Serviços e Obras";"5";"Nota de Empenho Fornecimento de Bens de Consumo e/ou Permanente";"8";"Art. 24 Inciso II da lei Federal 8.666/93";"6";"Dispensa de Licitação";"03/12/2019 00:00:00";"03/12/2019 00:00:00";"03/12/2019 00:00:00";"0";"0";"1";"6436,68";"0";"6436,68";"0";"E";"1";"";"-1";"-1";"";"";"";"";"41";"SEM REAJUSTE";"";"";"";"28/11/2019 00:00:00";"30/11/2019 00:00:00";"36";"";"";"";"";"6022201800058850";"S";"";"";"";"Desapropriação - Melhoramento: Bacia do Córrego Paciência";"";"86";"Fundo Municipal de Saneamento Ambiental e Infraestrutura";"22";"FMSAI - Secretaria Municipal de Serviços e Obras";"6436,68";"0";"1";"0";"0";"6436,68";"6436,68";"0";"6436,68";"0";"0";"0";"6436,68";"6436,68";"0";"6436,68";"0";"6436,68";"0";"0";"0";"6436,68";"6436,68";"0";"0";"0";"0";"0";"0";"0";"0";"0";"0";"0";"0";"0";"0";"0";"0";"0";"0";"0";"0";"86.22.17.451.3005.5.013.44906100.03.0";"99";"Outras Aquisições de Bens Imóveis";"01";"Desapropriações";"61";"Aquisição de Imóveis";"0"
"361134";"29181";"2019";"86";"Fundo Municipal de Saneamento Ambiental e Infraestrutura";"22";"FMSAI - Secretaria Municipal de Serviços e Obras";"5";"Nota de Empenho Fornecimento de Bens de Consumo e/ou Permanente";"8";"Art. 24 Inciso II da lei Federal 8.666/93";"6";"Dispensa de Licitação";"03/12/2019 00:00:00";"03/12/2019 00:00:00";"03/12/2019 00:00:00";"0";"0";"1";"27182,50";"0";"27182,50";"0";"E";"1";"";"-1";"-1";"";"";"";"";"41";"SEM REAJUSTE";"";"";"";"28/11/2019 00:00:00";"30/11/2019 00:00:00";"36";"";"";"";"";"6022201800058868";"S";"";"";"";"Desapropriação - Melhoramento: Bacia do Córrego Paciência";"";"86";"Fundo Municipal de Saneamento Ambiental e Infraestrutura";"22";"FMSAI - Secretaria Municipal de Serviços e Obras";"27182,50";"0";"1";"0";"0";"27182,50";"27182,50";"0";"27182,50";"0";"0";"0";"27182,50";"27182,50";"0";"27182,50";"0";"27182,50";"0";"0";"0";"27182,50";"27182,50";"0";"0";"0";"0";"0";"0";"0";"0";"0";"0";"0";"0";"0";"0";"0";"0";"0";"0";"0";"0";"86.22.17.451.3005.5.013.44906100.03.0";"99";"Outras Aquisições de Bens Imóveis";"01";"Desapropriações";"61";"Aquisição de Imóveis";"0"
"361124";"29174";"2019";"86";"Fundo Municipal de Saneamento Ambiental e Infraestrutura";"22";"FMSAI - Secretaria Municipal de Serviços e Obras";"5";"Nota de Empenho Fornecimento de Bens de Consumo e/ou Permanente";"8";"Art. 24 Inciso II da lei Federal 8.666/93";"6";"Dispensa de Licitação";"03/12/2019 00:00:00";"03/12/2019 00:00:00";"03/12/2019 00:00:00";"0";"0";"1";"102825,63";"0";"102825,63";"0";"E";"1";"";"-1";"-1";"";"";"";"";"41";"SEM REAJUSTE";"";"";"";"28/11/2019 00:00:00";"30/11/2019 00:00:00";"36";"";"";"";"";"6022201900057138";"S";"";"";"";"Desapropriação - Melhoramento: Bacia do Córrego Paciência";"";"86";"Fundo Municipal de Saneamento Ambiental e Infraestrutura";"22";"FMSAI - Secretaria Municipal de Serviços e Obras";"102825,63";"0";"1";"0";"0";"102825,63";"102825,63";"0";"102825,63";"0";"0";"0";"102825,63";"102825,63";"0";"102825,63";"0";"102825,63";"0";"0";"0";"102825,63";"102825,63";"0";"0";"0";"0";"0";"0";"0";"0";"0";"0";"0";"0";"0";"0";"0";"0";"0";"0";"0";"0";"86.22.17.451.3005.5.013.44906100.03.0";"99";"Outras Aquisições de Bens Imóveis";"01";"Desapropriações";"61";"Aquisição de Imóveis";"0"
"361133";"29180";"2019";"86";"Fundo Municipal de Saneamento Ambiental e Infraestrutura";"22";"FMSAI - Secretaria Municipal de Serviços e Obras";"5";"Nota de Empenho Fornecimento de Bens de Consumo e/ou Permanente";"8";"Art. 24 Inciso II da lei Federal 8.666/93";"6";"Dispensa de Licitação";"03/12/2019 00:00:00";"03/12/2019 00:00:00";"03/12/2019 00:00:00";"0";"0";"1";"746370,39";"0";"746370,39";"0";"E";"1";"";"-1";"-1";"";"";"";"";"41";"SEM REAJUSTE";"";"";"";"28/11/2019 00:00:00";"30/11/2019 00:00:00";"36";"";"";"";"";"6022201900057260";"S";"";"";"";"Desapropriação - Melhoramento: Bacia do Córrego Paciência";"";"86";"Fundo Municipal de Saneamento Ambiental e Infraestrutura";"22";"FMSAI - Secretaria Municipal de Serviços e Obras";"746370,39";"0";"1";"0";"0";"746370,39";"746370,39";"0";"746370,39";"0";"0";"0";"746370,39";"746370,39";"0";"746370,39";"0";"746370,39";"0";"0";"0";"746370,39";"746370,39";"0";"0";"0";"0";"0";"0";"0";"0";"0";"0";"0";"0";"0";"0";"0";"0";"0";"0";"0";"0";"86.22.17.451.3005.5.013.44906100.03.0";"99";"Outras Aquisições de Bens Imóveis";"01";"Desapropriações";"61";"Aquisição de Imóveis";"0"
"361127";"29176";"2019";"86";"Fundo Municipal de Saneamento Ambiental e Infraestrutura";"22";"FMSAI - Secretaria Municipal de Serviços e Obras";"5";"Nota de Empenho Fornecimento de Bens de Consumo e/ou Permanente";"8";"Art. 24 Inciso II da lei Federal 8.666/93";"6";"Dispensa de Licitação";"03/12/2019 00:00:00";"03/12/2019 00:00:00";"03/12/2019 00:00:00";"0";"0";"1";"250336,82";"0";"250336,82";"0";"E";"1";"";"-1";"-1";"";"";"";"";"41";"SEM REAJUSTE";"";"";"";"28/11/2019 00:00:00";"30/11/2019 00:00:00";"36";"";"";"";"";"6022201900057146";"S";"";"";"";"Desapropriação - Melhoramento: Bacia do Córrego Paciência";"";"86";"Fundo Municipal de Saneamento Ambiental e Infraestrutura";"22";"FMSAI - Secretaria Municipal de Serviços e Obras";"250336,82";"0";"1";"0";"0";"250336,82";"250336,82";"0";"250336,82";"0";"0";"0";"250336,82";"250336,82";"0";"250336,82";"0";"250336,82";"0";"0";"0";"250336,82";"250336,82";"0";"0";"0";"0";"0";"0";"0";"0";"0";"0";"0";"0";"0";"0";"0";"0";"0";"0";"0";"0";"86.22.17.451.3005.5.013.44906100.03.0";"99";"Outras Aquisições de Bens Imóveis";"01";"Desapropriações";"61";"Aquisição de Imóveis";"0"
"361116";"29169";"2019";"86";"Fundo Municipal de Saneamento Ambiental e Infraestrutura";"22";"FMSAI - Secretaria Municipal de Serviços e Obras";"5";"Nota de Empenho Fornecimento de Bens de Consumo e/ou Permanente";"8";"Art. 24 Inciso II da lei Federal 8.666/93";"6";"Dispensa de Licitação";"03/12/2019 00:00:00";"03/12/2019 00:00:00";"03/12/2019 00:00:00";"0";"0";"1";"155478,18";"0";"155478,18";"0";"E";"1";"";"-1";"-1";"";"";"";"";"41";"SEM REAJUSTE";"";"";"";"28/11/2019 00:00:00";"30/11/2019 00:00:00";"36";"";"";"";"";"6022201800058914";"S";"";"";"";"Desapropriação - Melhoramento: Bacia do Córrego Paciência";"";"86";"Fundo Municipal de Saneamento Ambiental e Infraestrutura";"22";"FMSAI - Secretaria Municipal de Serviços e Obras";"155478,18";"0";"1";"0";"0";"155478,18";"155478,18";"0";"155478,18";"0";"0";"0";"155478,18";"155478,18";"0";"155478,18";"0";"155478,18";"0";"0";"0";"155478,18";"155478,18";"0";"0";"0";"0";"0";"0";"0";"0";"0";"0";"0";"0";"0";"0";"0";"0";"0";"0";"0";"0";"86.22.17.451.3005.5.013.44906100.03.0";"99";"Outras Aquisições de Bens Imóveis";"01";"Desapropriações";"61";"Aquisição de Imóveis";"0"
"361136";"29183";"2019";"86";"Fundo Municipal de Saneamento Ambiental e Infraestrutura";"22";"FMSAI - Secretaria Municipal de Serviços e Obras";"5";"Nota de Empenho Fornecimento de Bens de Consumo e/ou Permanente";"8";"Art. 24 Inciso II da lei Federal 8.666/93";"6";"Dispensa de Licitação";"03/12/2019 00:00:00";"03/12/2019 00:00:00";"03/12/2019 00:00:00";"0";"0";"1";"13537,12";"0";"13537,12";"0";"E";"1";"";"-1";"-1";"";"";"";"";"41";"SEM REAJUSTE";"";"";"";"28/11/2019 00:00:00";"30/11/2019 00:00:00";"36";"";"";"";"";"6022201800058744";"S";"";"";"";"Desapropriação - Melhoramento: Bacia do Córrego Paciência";"";"86";"Fundo Municipal de Saneamento Ambiental e Infraestrutura";"22";"FMSAI - Secretaria Municipal de Serviços e Obras";"13537,12";"0";"1";"0";"0";"13537,12";"13537,12";"0";"13537,12";"0";"0";"0";"13537,12";"13537,12";"0";"13537,12";"0";"13537,12";"0";"0";"0";"13537,12";"13537,12";"0";"0";"0";"0";"0";"0";"0";"0";"0";"0";"0";"0";"0";"0";"0";"0";"0";"0";"0";"0";"86.22.17.451.3005.5.013.44906100.03.0";"99";"Outras Aquisições de Bens Imóveis";"01";"Desapropriações";"61";"Aquisição de Imóveis";"0"
"361121";"29172";"2019";"86";"Fundo Municipal de Saneamento Ambiental e Infraestrutura";"22";"FMSAI - Secretaria Municipal de Serviços e Obras";"5";"Nota de Empenho Fornecimento de Bens de Consumo e/ou Permanente";"8";"Art. 24 Inciso II da lei Federal 8.666/93";"6";"Dispensa de Licitação";"03/12/2019 00:00:00";"03/12/2019 00:00:00";"03/12/2019 00:00:00";"0";"0";"1";"134405,30";"0";"0";"0";"R";"1";"";"-1";"-1";"";"";"";"";"41";"SEM REAJUSTE";"";"";"";"28/11/2019 00:00:00";"30/11/2019 00:00:00";"36";"";"";"";"";"6022201800058892";"S";"";"";"";"Desapropriação - Melhoramento: Bacia do Córrego Paciência";"";"86";"Fundo Municipal de Saneamento Ambiental e Infraestrutura";"22";"FMSAI - Secretaria Municipal de Serviços e Obras";"134405,30";"0";"1";"0";"0";"134405,30";"134405,30";"0";"0";"0";"134405,30";"0";"0";"0";"0";"134405,30";"0";"0";"0";"134405,30";"0";"0";"0";"0";"0";"0";"0";"0";"0";"0";"0";"0";"0";"0";"0";"0";"0";"0";"0";"0";"0";"0";"0";"";"";"";"";"";"";"";"134405,30"
"361123";"29173";"2019";"86";"Fundo Municipal de Saneamento Ambiental e Infraestrutura";"22";"FMSAI - Secretaria Municipal de Serviços e Obras";"5";"Nota de Empenho Fornecimento de Bens de Consumo e/ou Permanente";"8";"Art. 24 Inciso II da lei Federal 8.666/93";"6";"Dispensa de Licitação";"03/12/2019 00:00:00";"03/12/2019 00:00:00";"03/12/2019 00:00:00";"0";"0";"1";"134405,30";"0";"134405,30";"0";"E";"1";"";"-1";"-1";"";"";"";"";"41";"SEM REAJUSTE";"";"";"";"28/11/2019 00:00:00";"30/11/2019 00:00:00";"36";"";"";"";"";"6022201800058892";"S";"";"";"";"Desapropriação - Melhoramento: Bacia do Córrego Paciência";"";"86";"Fundo Municipal de Saneamento Ambiental e Infraestrutura";"22";"FMSAI - Secretaria Municipal de Serviços e Obras";"134405,30";"0";"1";"0";"0";"134405,30";"134405,30";"0";"134405,30";"0";"0";"0";"134405,30";"134405,30";"0";"134405,30";"0";"134405,30";"0";"0";"0";"134405,30";"134405,30";"0";"0";"0";"0";"0";"0";"0";"0";"0";"0";"0";"0";"0";"0";"0";"0";"0";"0";"0";"0";"86.22.17.451.3005.5.013.44906100.03.0";"99";"Outras Aquisições de Bens Imóveis";"01";"Desapropriações";"61";"Aquisição de Imóveis";"0"
"361120";"29171";"2019";"86";"Fundo Municipal de Saneamento Ambiental e Infraestrutura";"22";"FMSAI - Secretaria Municipal de Serviços e Obras";"5";"Nota de Empenho Fornecimento de Bens de Consumo e/ou Permanente";"8";"Art. 24 Inciso II da lei Federal 8.666/93";"6";"Dispensa de Licitação";"03/12/2019 00:00:00";"03/12/2019 00:00:00";"03/12/2019 00:00:00";"0";"0";"1";"500671,50";"0";"500671,50";"0";"E";"1";"";"-1";"-1";"";"";"";"";"41";"SEM REAJUSTE";"";"";"";"28/11/2019 00:00:00";"30/11/2019 00:00:00";"36";"";"";"";"";"6022201900057120";"S";"";"";"";"Desapropriação - Melhoramento: Bacia do Córrego Paciência";"";"86";"Fundo Municipal de Saneamento Ambiental e Infraestrutura";"22";"FMSAI - Secretaria Municipal de Serviços e Obras";"500671,50";"0";"1";"0";"0";"500671,50";"500671,50";"0";"500671,50";"0";"0";"0";"500671,50";"500671,50";"0";"500671,50";"0";"500671,50";"0";"0";"0";"500671,50";"500671,50";"0";"0";"0";"0";"0";"0";"0";"0";"0";"0";"0";"0";"0";"0";"0";"0";"0";"0";"0";"0";"86.22.17.451.3005.5.013.44906100.03.0";"99";"Outras Aquisições de Bens Imóveis";"01";"Desapropriações";"61";"Aquisição de Imóveis";"0"
"343916";"15159";"2019";"86";"Fundo Municipal de Saneamento Ambiental e Infraestrutura";"22";"FMSAI - Secretaria Municipal de Serviços e Obras";"2";"Termo de Contrato - Serviços";"8";"Art. 24 Inciso II da lei Federal 8.666/93";"6";"Dispensa de Licitação";"07/12/2018 00:00:00";"04/06/2019 00:00:00";"04/06/2019 00:00:00";"0";"0";"180";"16381958,76";"0";"15269630,97";"0";"A";"9";"umental";"-1";"-1";"";"";"";"";"41";"SEM REAJUSTE";"";"";"";"19/06/2019 00:00:00";"20/06/2019 00:00:00";"27";"";"";"";"";"201801219920";"P";"";"";"";"Contrato de Emergência - Obra de Reconstrução de Galeria de Águas Pluviais no Conjunto Habitacional Cingapura Av. Zarki Narrchi";"";"86";"Fundo Municipal de Saneamento Ambiental e Infraestrutura";"22";"FMSAI - Secretaria Municipal de Serviços e Obras";"16381958,76";"0";"180";"0";"0";"16381958,76";"16381958,76";"0";"15269630,97";"0";"1112327,79";"0";"15269630,97";"15269630,97";"1112327,79";"16381958,76";"0";"15269630,97";"0";"1112327,79";"0";"15269630,97";"15269630,97";"1112327,79";"0";"0";"0";"0";"0";"0";"0";"0";"0";"0";"0";"0";"0";"0";"0";"0";"0";"0";"0";"86.22.17.451.3005.5.013.44905100.03.0";"89";"Obras em Andamento - Uso Comum do Povo";"22";"Canalização de Córregos";"51";"Obras e Instalações";"1112327,79"
"342601";"14156";"2019";"22";"Secretaria Municipal de Infraestrutura Urbana e Obras";"10";"Gabinete do Secretário";"2";"Termo de Contrato - Serviços";"1";"Art. 22 - Inciso I Lei Federal  8.666/93";"4";"Concorrência";"05/02/2019 00:00:00";"04/06/2019 00:00:00";"04/06/2019 00:00:00";"0";"0";"120";"417999,10";"0";"417999,10";"0";"E";"9";"umental";"-1";"-1";"";"";"";"";"41";"SEM REAJUSTE";"";"";"";"03/06/2019 00:00:00";"04/06/2019 00:00:00";"26";"";"";"";"";"6022201900009958";"S";"";"";"";"Prestação de serviços de elaboração de inspeções especiais, vistorias, ensaios, laudos técnicos everificação estrutural de obras do Viaduto Carlos Ferraci";"";"22";"Secretaria Municipal de Infraestrutura Urbana e Obras";"10";"Gabinete do Secretário";"417999,10";"0";"120";"0";"0";"417999,10";"417999,10";"0";"417999,10";"0";"0";"0";"417999,10";"417999,10";"0";"417999,10";"0";"417999,10";"0";"0";"0";"417999,10";"417999,10";"0";"0";"0";"0";"0";"0";"0";"0";"0";"0";"0";"0";"0";"0";"0";"0";"0";"0";"0";"0";"87.10.15.451.3009.5.187.44903900.08.0";"05";"Serviços Técnicos Profissionais";"01";"Gerenciamento";"39";"Outros Serviços de Terceiros - Pessoa Jurídica";"0"
"361952";"29914";"2019";"22";"Secretaria Municipal de Infraestrutura Urbana e Obras";"10";"Gabinete do Secretário";"2";"Termo de Contrato - Serviços";"2";"Art. 22 - Inciso II Lei Federal  8.666/93";"3";"Tomada de Preços";"06/07/2020 00:00:00";"04/09/2020 00:00:00";"04/09/2020 00:00:00";"0";"0";"60";"0";"0";"0";"0";"E";"9";"umental";"-1";"-1";"";"";"";"";"41";"SEM REAJUSTE";"";"";"";"09/12/2019 00:00:00";"10/12/2019 00:00:00";"86";"";"";"";"014/19/SIURB";"6018201800644145";"S";"";"";"";"ADEQUAÇÃO E INSTALAÇÃO DO NOVO SISTEMA DE AR CONDICIONADO CENTRAL, LABZOO/DVZ/COVISA - RUA SANTA EULÁLIA, 86 - SANTANA - SÃO PAULO/SP";"";"22";"Secretaria Municipal de Infraestrutura Urbana e Obras";"10";"Gabinete do Secretário";"310602,66";"0";"60";"0";"0";"310602,66";"310602,66";"0";"0";"310602,66";"0";"0";"0";"0";"267529,05";"310602,66";"0";"0";"310602,66";"0";"0";"0";"0";"267529,05";"0";"0";"0";"0";"0";"0";"0";"0";"0";"0";"0";"0";"0";"0";"0";"0";"0";"0";"0";"84.10.10.302.3003.1.520.44905100.02.0";"89";"Obras em Andamento - Uso Comum do Povo";"01";"Hospitais e Similares";"51";"Obras e Instalações";"0"
"361352";"29374";"2019";"86";"Fundo Municipal de Saneamento Ambiental e Infraestrutura";"22";"FMSAI - Secretaria Municipal de Serviços e Obras";"5";"Nota de Empenho Fornecimento de Bens de Consumo e/ou Permanente";"1";"Art. 22 - Inciso I Lei Federal  8.666/93";"4";"Concorrência";"04/12/2019 00:00:00";"04/12/2019 00:00:00";"04/12/2019 00:00:00";"0";"0";"1";"6412,09";"0";"6412,09";"0";"E";"8";"";"-1";"-1";"";"";"";"";"41";"SEM REAJUSTE";"";"";"";"02/12/2019 00:00:00";"04/12/2019 00:00:00";"40";"";"";"";"";"6022201900055020";"S";"";"";"";"Melhoramento - Bacia do Córrego Paciência";"";"86";"Fundo Municipal de Saneamento Ambiental e Infraestrutura";"22";"FMSAI - Secretaria Municipal de Serviços e Obras";"6412,09";"0";"1";"0";"0";"6412,09";"6412,09";"0";"6412,09";"0";"0";"0";"6412,09";"6412,09";"0";"6412,09";"0";"6412,09";"0";"0";"0";"6412,09";"6412,09";"0";"0";"0";"0";"0";"0";"0";"0";"0";"0";"0";"0";"0";"0";"0";"0";"0";"0";"0";"0";"86.22.17.451.3005.5.013.44906100.03.0";"99";"Outras Aquisições de Bens Imóveis";"01";"Desapropriações";"61";"Aquisição de Imóveis";"0"
"361288";"29311";"2019";"86";"Fundo Municipal de Saneamento Ambiental e Infraestrutura";"22";"FMSAI - Secretaria Municipal de Serviços e Obras";"5";"Nota de Empenho Fornecimento de Bens de Consumo e/ou Permanente";"8";"Art. 24 Inciso II da lei Federal 8.666/93";"6";"Dispensa de Licitação";"04/12/2019 00:00:00";"04/12/2019 00:00:00";"04/12/2019 00:00:00";"0";"0";"1";"122528,16";"0";"122528,16";"0";"E";"1";"";"-1";"-1";"";"";"";"";"41";"SEM REAJUSTE";"";"";"";"02/12/2019 00:00:00";"04/12/2019 00:00:00";"40";"";"";"";"";"6022201900057715";"S";"";"";"";"Melhoramento - Bacia do Córrego Paciência";"";"86";"Fundo Municipal de Saneamento Ambiental e Infraestrutura";"22";"FMSAI - Secretaria Municipal de Serviços e Obras";"122528,16";"0";"1";"0";"0";"122528,16";"122528,16";"0";"122528,16";"0";"0";"0";"122528,16";"122528,16";"0";"122528,16";"0";"122528,16";"0";"0";"0";"122528,16";"122528,16";"0";"0";"0";"0";"0";"0";"0";"0";"0";"0";"0";"0";"0";"0";"0";"0";"0";"0";"0";"0";"86.22.17.451.3005.5.013.44906100.03.0";"99";"Outras Aquisições de Bens Imóveis";"01";"Desapropriações";"61";"Aquisição de Imóveis";"0"
"361297";"29320";"2019";"86";"Fundo Municipal de Saneamento Ambiental e Infraestrutura";"22";"FMSAI - Secretaria Municipal de Serviços e Obras";"5";"Nota de Empenho Fornecimento de Bens de Consumo e/ou Permanente";"8";"Art. 24 Inciso II da lei Federal 8.666/93";"6";"Dispensa de Licitação";"04/12/2019 00:00:00";"04/12/2019 00:00:00";"04/12/2019 00:00:00";"0";"0";"1";"95726,11";"0";"95726,11";"0";"E";"1";"";"-1";"-1";"";"";"";"";"41";"SEM REAJUSTE";"";"";"";"02/12/2019 00:00:00";"04/12/2019 00:00:00";"40";"";"";"";"";"6022201900057669";"S";"";"";"";"Melhoramento - Bacia do Córrego Paciência";"";"86";"Fundo Municipal de Saneamento Ambiental e Infraestrutura";"22";"FMSAI - Secretaria Municipal de Serviços e Obras";"95726,11";"0";"1";"0";"0";"95726,11";"95726,11";"0";"95726,11";"0";"0";"0";"95726,11";"95726,11";"0";"95726,11";"0";"95726,11";"0";"0";"0";"95726,11";"95726,11";"0";"0";"0";"0";"0";"0";"0";"0";"0";"0";"0";"0";"0";"0";"0";"0";"0";"0";"0";"0";"86.22.17.451.3005.5.013.44906100.03.0";"99";"Outras Aquisições de Bens Imóveis";"01";"Desapropriações";"61";"Aquisição de Imóveis";"0"
"361356";"29378";"2019";"86";"Fundo Municipal de Saneamento Ambiental e Infraestrutura";"22";"FMSAI - Secretaria Municipal de Serviços e Obras";"5";"Nota de Empenho Fornecimento de Bens de Consumo e/ou Permanente";"8";"Art. 24 Inciso II da lei Federal 8.666/93";"6";"Dispensa de Licitação";"04/12/2019 00:00:00";"04/12/2019 00:00:00";"04/12/2019 00:00:00";"0";"0";"1";"292827,62";"0";"292827,62";"0";"E";"1";"";"-1";"-1";"";"";"";"";"41";"SEM REAJUSTE";"";"";"";"02/12/2019 00:00:00";"04/12/2019 00:00:00";"40";"";"";"";"";"6022201900055011";"S";"";"";"";"Melhoramento - Bacia do Córrego Paciência";"";"86";"Fundo Municipal de Saneamento Ambiental e Infraestrutura";"22";"FMSAI - Secretaria Municipal de Serviços e Obras";"292827,62";"0";"1";"0";"0";"292827,62";"292827,62";"0";"292827,62";"0";"0";"0";"292827,62";"292827,62";"0";"292827,62";"0";"292827,62";"0";"0";"0";"292827,62";"292827,62";"0";"0";"0";"0";"0";"0";"0";"0";"0";"0";"0";"0";"0";"0";"0";"0";"0";"0";"0";"0";"86.22.17.451.3005.5.013.44906100.03.0";"99";"Outras Aquisições de Bens Imóveis";"01";"Desapropriações";"61";"Aquisição de Imóveis";"0"
"361329";"29352";"2019";"86";"Fundo Municipal de Saneamento Ambiental e Infraestrutura";"22";"FMSAI - Secretaria Municipal de Serviços e Obras";"5";"Nota de Empenho Fornecimento de Bens de Consumo e/ou Permanente";"8";"Art. 24 Inciso II da lei Federal 8.666/93";"6";"Dispensa de Licitação";"04/12/2019 00:00:00";"04/12/2019 00:00:00";"04/12/2019 00:00:00";"0";"0";"1";"136823,60";"0";"136823,60";"0";"E";"1";"";"-1";"-1";"";"";"";"";"41";"SEM REAJUSTE";"";"";"";"02/12/2019 00:00:00";"04/12/2019 00:00:00";"40";"";"";"";"";"6022201900057170";"S";"";"";"";"Desapropriação - Melhoramento: Bacia do Córrego Paciência";"";"86";"Fundo Municipal de Saneamento Ambiental e Infraestrutura";"22";"FMSAI - Secretaria Municipal de Serviços e Obras";"136823,60";"0";"1";"0";"0";"136823,60";"136823,60";"0";"136823,60";"0";"0";"0";"136823,60";"136823,60";"0";"136823,60";"0";"136823,60";"0";"0";"0";"136823,60";"136823,60";"0";"0";"0";"0";"0";"0";"0";"0";"0";"0";"0";"0";"0";"0";"0";"0";"0";"0";"0";"0";"86.22.17.451.3005.5.013.44906100.03.0";"99";"Outras Aquisições de Bens Imóveis";"01";"Desapropriações";"61";"Aquisição de Imóveis";"0"
"361306";"29329";"2019";"86";"Fundo Municipal de Saneamento Ambiental e Infraestrutura";"22";"FMSAI - Secretaria Municipal de Serviços e Obras";"5";"Nota de Empenho Fornecimento de Bens de Consumo e/ou Permanente";"8";"Art. 24 Inciso II da lei Federal 8.666/93";"6";"Dispensa de Licitação";"04/12/2019 00:00:00";"04/12/2019 00:00:00";"04/12/2019 00:00:00";"0";"0";"1";"187980,88";"0";"187980,88";"0";"E";"1";"";"-1";"-1";"";"";"";"";"41";"SEM REAJUSTE";"";"";"";"02/12/2019 00:00:00";"04/12/2019 00:00:00";"40";"";"";"";"";"6022201900057642";"S";"";"";"";"Desapropriação - Melhoramento: Bacia do Córrego Paciência";"";"86";"Fundo Municipal de Saneamento Ambiental e Infraestrutura";"22";"FMSAI - Secretaria Municipal de Serviços e Obras";"187980,88";"0";"1";"0";"0";"187980,88";"187980,88";"0";"187980,88";"0";"0";"0";"187980,88";"187980,88";"0";"187980,88";"0";"187980,88";"0";"0";"0";"187980,88";"187980,88";"0";"0";"0";"0";"0";"0";"0";"0";"0";"0";"0";"0";"0";"0";"0";"0";"0";"0";"0";"0";"86.22.17.451.3005.5.013.44906100.03.0";"99";"Outras Aquisições de Bens Imóveis";"01";"Desapropriações";"61";"Aquisição de Imóveis";"0"
"361243";"29268";"2019";"86";"Fundo Municipal de Saneamento Ambiental e Infraestrutura";"22";"FMSAI - Secretaria Municipal de Serviços e Obras";"5";"Nota de Empenho Fornecimento de Bens de Consumo e/ou Permanente";"8";"Art. 24 Inciso II da lei Federal 8.666/93";"6";"Dispensa de Licitação";"04/12/2019 00:00:00";"04/12/2019 00:00:00";"04/12/2019 00:00:00";"0";"0";"1";"256735,88";"0";"256735,88";"0";"E";"1";"";"-1";"-1";"";"";"";"";"41";"SEM REAJUSTE";"";"";"";"02/12/2019 00:00:00";"04/12/2019 00:00:00";"41";"";"";"";"";"6022201900057812";"S";"";"";"";"Melhoramento - Bacia do Córrego Paciência";"";"86";"Fundo Municipal de Saneamento Ambiental e Infraestrutura";"22";"FMSAI - Secretaria Municipal de Serviços e Obras";"256735,88";"0";"1";"0";"0";"256735,88";"256735,88";"0";"256735,88";"0";"0";"0";"256735,88";"256735,88";"0";"256735,88";"0";"256735,88";"0";"0";"0";"256735,88";"256735,88";"0";"0";"0";"0";"0";"0";"0";"0";"0";"0";"0";"0";"0";"0";"0";"0";"0";"0";"0";"0";"86.22.17.451.3005.5.013.44906100.03.0";"99";"Outras Aquisições de Bens Imóveis";"01";"Desapropriações";"61";"Aquisição de Imóveis";"0"
"361326";"29349";"2019";"86";"Fundo Municipal de Saneamento Ambiental e Infraestrutura";"22";"FMSAI - Secretaria Municipal de Serviços e Obras";"5";"Nota de Empenho Fornecimento de Bens de Consumo e/ou Permanente";"8";"Art. 24 Inciso II da lei Federal 8.666/93";"6";"Dispensa de Licitação";"04/12/2019 00:00:00";"04/12/2019 00:00:00";"04/12/2019 00:00:00";"0";"0";"1";"486949,92";"0";"486949,92";"0";"E";"1";"";"-1";"-1";"";"";"";"";"41";"SEM REAJUSTE";"";"";"";"02/12/2019 00:00:00";"04/12/2019 00:00:00";"40";"";"";"";"";"6022201900057200";"S";"";"";"";"Melhoramento - Bacia do Córrego Paciência.";"";"86";"Fundo Municipal de Saneamento Ambiental e Infraestrutura";"22";"FMSAI - Secretaria Municipal de Serviços e Obras";"486949,92";"0";"1";"0";"0";"486949,92";"486949,92";"0";"486949,92";"0";"0";"0";"486949,92";"486949,92";"0";"486949,92";"0";"486949,92";"0";"0";"0";"486949,92";"486949,92";"0";"0";"0";"0";"0";"0";"0";"0";"0";"0";"0";"0";"0";"0";"0";"0";"0";"0";"0";"0";"86.22.17.451.3005.5.013.44906100.03.0";"99";"Outras Aquisições de Bens Imóveis";"01";"Desapropriações";"61";"Aquisição de Imóveis";"0"
"361365";"29387";"2019";"86";"Fundo Municipal de Saneamento Ambiental e Infraestrutura";"22";"FMSAI - Secretaria Municipal de Serviços e Obras";"5";"Nota de Empenho Fornecimento de Bens de Consumo e/ou Permanente";"8";"Art. 24 Inciso II da lei Federal 8.666/93";"6";"Dispensa de Licitação";"04/12/2019 00:00:00";"04/12/2019 00:00:00";"04/12/2019 00:00:00";"0";"0";"1";"91012";"0";"91012";"0";"E";"1";"";"-1";"-1";"";"";"";"";"41";"SEM REAJUSTE";"";"";"";"02/12/2019 00:00:00";"04/12/2019 00:00:00";"40";"";"";"";"";"6022201900054937";"S";"";"";"";"Desapropriação - Melhoramento: Bacia do Córrego Paciência";"";"86";"Fundo Municipal de Saneamento Ambiental e Infraestrutura";"22";"FMSAI - Secretaria Municipal de Serviços e Obras";"91012";"0";"1";"0";"0";"91012";"91012";"0";"91012";"0";"0";"0";"91012";"91012";"0";"91012";"0";"91012";"0";"0";"0";"91012";"91012";"0";"0";"0";"0";"0";"0";"0";"0";"0";"0";"0";"0";"0";"0";"0";"0";"0";"0";"0";"0";"86.22.17.451.3005.5.013.44906100.03.0";"99";"Outras Aquisições de Bens Imóveis";"01";"Desapropriações";"61";"Aquisição de Imóveis";"0"
"361359";"29381";"2019";"86";"Fundo Municipal de Saneamento Ambiental e Infraestrutura";"22";"FMSAI - Secretaria Municipal de Serviços e Obras";"5";"Nota de Empenho Fornecimento de Bens de Consumo e/ou Permanente";"8";"Art. 24 Inciso II da lei Federal 8.666/93";"6";"Dispensa de Licitação";"04/12/2019 00:00:00";"04/12/2019 00:00:00";"04/12/2019 00:00:00";"0";"0";"1";"28859,13";"0";"28859,13";"0";"E";"1";"";"-1";"-1";"";"";"";"";"41";"SEM REAJUSTE";"";"";"";"02/12/2019 00:00:00";"04/12/2019 00:00:00";"40";"";"";"";"";"6022201900054945";"S";"";"";"";"Desapropriação - Melhoramento: Bacia do Córrego Paciência";"";"86";"Fundo Municipal de Saneamento Ambiental e Infraestrutura";"22";"FMSAI - Secretaria Municipal de Serviços e Obras";"28859,13";"0";"1";"0";"0";"28859,13";"28859,13";"0";"28859,13";"0";"0";"0";"28859,13";"28859,13";"0";"28859,13";"0";"28859,13";"0";"0";"0";"28859,13";"28859,13";"0";"0";"0";"0";"0";"0";"0";"0";"0";"0";"0";"0";"0";"0";"0";"0";"0";"0";"0";"0";"86.22.17.451.3005.5.013.44906100.03.0";"99";"Outras Aquisições de Bens Imóveis";"01";"Desapropriações";"61";"Aquisição de Imóveis";"0"
"361324";"29347";"2019";"86";"Fundo Municipal de Saneamento Ambiental e Infraestrutura";"22";"FMSAI - Secretaria Municipal de Serviços e Obras";"5";"Nota de Empenho Fornecimento de Bens de Consumo e/ou Permanente";"8";"Art. 24 Inciso II da lei Federal 8.666/93";"6";"Dispensa de Licitação";"04/12/2019 00:00:00";"04/12/2019 00:00:00";"04/12/2019 00:00:00";"0";"0";"1";"223442,76";"0";"223442,76";"0";"E";"1";"";"-1";"-1";"";"";"";"";"41";"SEM REAJUSTE";"";"";"";"02/12/2019 00:00:00";"04/12/2019 00:00:00";"40";"";"";"";"";"6022201900057227";"S";"";"";"";"Desapropriação - Melhoramento: Bacia do Córrego Paciência";"";"86";"Fundo Municipal de Saneamento Ambiental e Infraestrutura";"22";"FMSAI - Secretaria Municipal de Serviços e Obras";"223442,76";"0";"1";"0";"0";"223442,76";"223442,76";"0";"223442,76";"0";"0";"0";"223442,76";"223442,76";"0";"223442,76";"0";"223442,76";"0";"0";"0";"223442,76";"223442,76";"0";"0";"0";"0";"0";"0";"0";"0";"0";"0";"0";"0";"0";"0";"0";"0";"0";"0";"0";"0";"86.22.17.451.3005.5.013.44906100.03.0";"99";"Outras Aquisições de Bens Imóveis";"01";"Desapropriações";"61";"Aquisição de Imóveis";"0"
"361269";"29292";"2019";"86";"Fundo Municipal de Saneamento Ambiental e Infraestrutura";"22";"FMSAI - Secretaria Municipal de Serviços e Obras";"5";"Nota de Empenho Fornecimento de Bens de Consumo e/ou Permanente";"8";"Art. 24 Inciso II da lei Federal 8.666/93";"6";"Dispensa de Licitação";"04/12/2019 00:00:00";"04/12/2019 00:00:00";"04/12/2019 00:00:00";"0";"0";"1";"365786,24";"0";"365786,24";"0";"E";"1";"";"-1";"-1";"";"";"";"";"41";"SEM REAJUSTE";"";"";"";"02/12/2019 00:00:00";"04/12/2019 00:00:00";"40";"";"";"";"";"6022201900057758";"S";"";"";"";"Desapropriação - Melhoramento: Bacia do Córrego Paciência";"";"86";"Fundo Municipal de Saneamento Ambiental e Infraestrutura";"22";"FMSAI - Secretaria Municipal de Serviços e Obras";"365786,24";"0";"1";"0";"0";"365786,24";"365786,24";"0";"365786,24";"0";"0";"0";"365786,24";"365786,24";"0";"365786,24";"0";"365786,24";"0";"0";"0";"365786,24";"365786,24";"0";"0";"0";"0";"0";"0";"0";"0";"0";"0";"0";"0";"0";"0";"0";"0";"0";"0";"0";"0";"86.22.17.451.3005.5.013.44906100.03.0";"99";"Outras Aquisições de Bens Imóveis";"01";"Desapropriações";"61";"Aquisição de Imóveis";"0"
"361249";"29273";"2019";"86";"Fundo Municipal de Saneamento Ambiental e Infraestrutura";"22";"FMSAI - Secretaria Municipal de Serviços e Obras";"5";"Nota de Empenho Fornecimento de Bens de Consumo e/ou Permanente";"8";"Art. 24 Inciso II da lei Federal 8.666/93";"6";"Dispensa de Licitação";"04/12/2019 00:00:00";"04/12/2019 00:00:00";"04/12/2019 00:00:00";"0";"0";"1";"243618,37";"0";"243618,37";"0";"E";"1";"";"-1";"-1";"";"";"";"";"41";"SEM REAJUSTE";"";"";"";"02/12/2019 00:00:00";"04/12/2019 00:00:00";"41";"";"";"";"";"6022201900057790";"S";"";"";"";"Desapropriação - Melhoramento: Bacia do Córrego Paciência";"";"86";"Fundo Municipal de Saneamento Ambiental e Infraestrutura";"22";"FMSAI - Secretaria Municipal de Serviços e Obras";"243618,37";"0";"1";"0";"0";"243618,37";"243618,37";"0";"243618,37";"0";"0";"0";"243618,37";"243618,37";"0";"243618,37";"0";"243618,37";"0";"0";"0";"243618,37";"243618,37";"0";"0";"0";"0";"0";"0";"0";"0";"0";"0";"0";"0";"0";"0";"0";"0";"0";"0";"0";"0";"86.22.17.451.3005.5.013.44906100.03.0";"99";"Outras Aquisições de Bens Imóveis";"01";"Desapropriações";"61";"Aquisição de Imóveis";"0"
"361299";"29322";"2019";"86";"Fundo Municipal de Saneamento Ambiental e Infraestrutura";"22";"FMSAI - Secretaria Municipal de Serviços e Obras";"5";"Nota de Empenho Fornecimento de Bens de Consumo e/ou Permanente";"8";"Art. 24 Inciso II da lei Federal 8.666/93";"6";"Dispensa de Licitação";"04/12/2019 00:00:00";"04/12/2019 00:00:00";"04/12/2019 00:00:00";"0";"0";"1";"116171,52";"0";"116171,52";"0";"E";"1";"";"-1";"-1";"";"";"";"";"41";"SEM REAJUSTE";"";"";"";"02/12/2019 00:00:00";"04/12/2019 00:00:00";"40";"";"";"";"";"6022201900057685";"S";"";"";"";"Melhoramento - Bacia do Córrego Paciência";"";"86";"Fundo Municipal de Saneamento Ambiental e Infraestrutura";"22";"FMSAI - Secretaria Municipal de Serviços e Obras";"116171,52";"0";"1";"0";"0";"116171,52";"116171,52";"0";"116171,52";"0";"0";"0";"116171,52";"116171,52";"0";"116171,52";"0";"116171,52";"0";"0";"0";"116171,52";"116171,52";"0";"0";"0";"0";"0";"0";"0";"0";"0";"0";"0";"0";"0";"0";"0";"0";"0";"0";"0";"0";"86.22.17.451.3005.5.013.44906100.03.0";"99";"Outras Aquisições de Bens Imóveis";"01";"Desapropriações";"61";"Aquisição de Imóveis";"0"
"361328";"29351";"2019";"86";"Fundo Municipal de Saneamento Ambiental e Infraestrutura";"22";"FMSAI - Secretaria Municipal de Serviços e Obras";"5";"Nota de Empenho Fornecimento de Bens de Consumo e/ou Permanente";"8";"Art. 24 Inciso II da lei Federal 8.666/93";"6";"Dispensa de Licitação";"04/12/2019 00:00:00";"04/12/2019 00:00:00";"04/12/2019 00:00:00";"0";"0";"1";"126347,96";"0";"126347,96";"0";"E";"1";"";"-1";"-1";"";"";"";"";"41";"SEM REAJUSTE";"";"";"";"02/12/2019 00:00:00";"04/12/2019 00:00:00";"40";"";"";"";"";"6022201900057189";"S";"";"";"";"Melhoramento - Bacia do Córrego Paciência";"";"86";"Fundo Municipal de Saneamento Ambiental e Infraestrutura";"22";"FMSAI - Secretaria Municipal de Serviços e Obras";"126347,96";"0";"1";"0";"0";"126347,96";"126347,96";"0";"126347,96";"0";"0";"0";"126347,96";"126347,96";"0";"126347,96";"0";"126347,96";"0";"0";"0";"126347,96";"126347,96";"0";"0";"0";"0";"0";"0";"0";"0";"0";"0";"0";"0";"0";"0";"0";"0";"0";"0";"0";"0";"86.22.17.451.3005.5.013.44906100.03.0";"99";"Outras Aquisições de Bens Imóveis";"01";"Desapropriações";"61";"Aquisição de Imóveis";"0"
"361346";"29368";"2019";"86";"Fundo Municipal de Saneamento Ambiental e Infraestrutura";"22";"FMSAI - Secretaria Municipal de Serviços e Obras";"5";"Nota de Empenho Fornecimento de Bens de Consumo e/ou Permanente";"8";"Art. 24 Inciso II da lei Federal 8.666/93";"6";"Dispensa de Licitação";"04/12/2019 00:00:00";"04/12/2019 00:00:00";"04/12/2019 00:00:00";"0";"0";"1";"92080,58";"0";"92080,58";"0";"E";"1";"";"-1";"-1";"";"";"";"";"41";"SEM REAJUSTE";"";"";"";"02/12/2019 00:00:00";"04/12/2019 00:00:00";"40";"";"";"";"";"6022201900055046";"S";"";"";"";"Melhoramento - Bacia do Córrego Paciência";"";"86";"Fundo Municipal de Saneamento Ambiental e Infraestrutura";"22";"FMSAI - Secretaria Municipal de Serviços e Obras";"92080,58";"0";"1";"0";"0";"92080,58";"92080,58";"0";"92080,58";"0";"0";"0";"92080,58";"92080,58";"0";"92080,58";"0";"92080,58";"0";"0";"0";"92080,58";"92080,58";"0";"0";"0";"0";"0";"0";"0";"0";"0";"0";"0";"0";"0";"0";"0";"0";"0";"0";"0";"0";"86.22.17.451.3005.5.013.44906100.03.0";"99";"Outras Aquisições de Bens Imóveis";"01";"Desapropriações";"61";"Aquisição de Imóveis";"0"
"361290";"29313";"2019";"86";"Fundo Municipal de Saneamento Ambiental e Infraestrutura";"22";"FMSAI - Secretaria Municipal de Serviços e Obras";"5";"Nota de Empenho Fornecimento de Bens de Consumo e/ou Permanente";"8";"Art. 24 Inciso II da lei Federal 8.666/93";"6";"Dispensa de Licitação";"04/12/2019 00:00:00";"04/12/2019 00:00:00";"04/12/2019 00:00:00";"0";"0";"1";"117000,03";"0";"117000,03";"0";"E";"1";"";"-1";"-1";"";"";"";"";"41";"SEM REAJUSTE";"";"";"";"02/12/2019 00:00:00";"04/12/2019 00:00:00";"40";"";"";"";"";"6022201900057707";"S";"";"";"";"Melhoramento - Bacia do Córrego Paciência.";"";"86";"Fundo Municipal de Saneamento Ambiental e Infraestrutura";"22";"FMSAI - Secretaria Municipal de Serviços e Obras";"117000,03";"0";"1";"0";"0";"117000,03";"117000,03";"0";"117000,03";"0";"0";"0";"117000,03";"117000,03";"0";"117000,03";"0";"117000,03";"0";"0";"0";"117000,03";"117000,03";"0";"0";"0";"0";"0";"0";"0";"0";"0";"0";"0";"0";"0";"0";"0";"0";"0";"0";"0";"0";"86.22.17.451.3005.5.013.44906100.03.0";"99";"Outras Aquisições de Bens Imóveis";"01";"Desapropriações";"61";"Aquisição de Imóveis";"0"
"361320";"29343";"2019";"86";"Fundo Municipal de Saneamento Ambiental e Infraestrutura";"22";"FMSAI - Secretaria Municipal de Serviços e Obras";"5";"Nota de Empenho Fornecimento de Bens de Consumo e/ou Permanente";"8";"Art. 24 Inciso II da lei Federal 8.666/93";"6";"Dispensa de Licitação";"04/12/2019 00:00:00";"04/12/2019 00:00:00";"04/12/2019 00:00:00";"0";"0";"1";"225479,35";"0";"225479,35";"0";"E";"1";"";"-1";"-1";"";"";"";"";"41";"SEM REAJUSTE";"";"";"";"02/12/2019 00:00:00";"04/12/2019 00:00:00";"41";"";"";"";"";"6022201900057650";"S";"";"";"";"Melhoramento - Bacia do Córrego Paciência.";"";"86";"Fundo Municipal de Saneamento Ambiental e Infraestrutura";"22";"FMSAI - Secretaria Municipal de Serviços e Obras";"225479,35";"0";"1";"0";"0";"225479,35";"225479,35";"0";"225479,35";"0";"0";"0";"225479,35";"225479,35";"0";"225479,35";"0";"225479,35";"0";"0";"0";"225479,35";"225479,35";"0";"0";"0";"0";"0";"0";"0";"0";"0";"0";"0";"0";"0";"0";"0";"0";"0";"0";"0";"0";"86.22.17.451.3005.5.013.44906100.03.0";"99";"Outras Aquisições de Bens Imóveis";"01";"Desapropriações";"61";"Aquisição de Imóveis";"0"
"361260";"29283";"2019";"86";"Fundo Municipal de Saneamento Ambiental e Infraestrutura";"22";"FMSAI - Secretaria Municipal de Serviços e Obras";"5";"Nota de Empenho Fornecimento de Bens de Consumo e/ou Permanente";"8";"Art. 24 Inciso II da lei Federal 8.666/93";"6";"Dispensa de Licitação";"04/12/2019 00:00:00";"04/12/2019 00:00:00";"04/12/2019 00:00:00";"0";"0";"1";"204068,19";"0";"204068,19";"0";"E";"1";"";"-1";"-1";"";"";"";"";"41";"SEM REAJUSTE";"";"";"";"02/12/2019 00:00:00";"04/12/2019 00:00:00";"41";"";"";"";"";"6022201900057782";"S";"";"";"";"Desapropriação - Melhoramento: Bacia do Córrego Paciência";"";"86";"Fundo Municipal de Saneamento Ambiental e Infraestrutura";"22";"FMSAI - Secretaria Municipal de Serviços e Obras";"204068,19";"0";"1";"0";"0";"204068,19";"204068,19";"0";"204068,19";"0";"0";"0";"204068,19";"204068,19";"0";"204068,19";"0";"204068,19";"0";"0";"0";"204068,19";"204068,19";"0";"0";"0";"0";"0";"0";"0";"0";"0";"0";"0";"0";"0";"0";"0";"0";"0";"0";"0";"0";"86.22.17.451.3005.5.013.44906100.03.0";"99";"Outras Aquisições de Bens Imóveis";"01";"Desapropriações";"61";"Aquisição de Imóveis";"0"
"361307";"29330";"2019";"86";"Fundo Municipal de Saneamento Ambiental e Infraestrutura";"22";"FMSAI - Secretaria Municipal de Serviços e Obras";"5";"Nota de Empenho Fornecimento de Bens de Consumo e/ou Permanente";"8";"Art. 24 Inciso II da lei Federal 8.666/93";"6";"Dispensa de Licitação";"04/12/2019 00:00:00";"04/12/2019 00:00:00";"04/12/2019 00:00:00";"0";"0";"1";"464634,39";"0";"464634,39";"0";"E";"1";"";"-1";"-1";"";"";"";"";"41";"SEM REAJUSTE";"";"";"";"02/12/2019 00:00:00";"04/12/2019 00:00:00";"40";"";"";"";"";"6022201900057251";"S";"";"";"";"Melhoramento - Bacia do Córrego Paciência.";"";"86";"Fundo Municipal de Saneamento Ambiental e Infraestrutura";"22";"FMSAI - Secretaria Municipal de Serviços e Obras";"464634,39";"0";"1";"0";"0";"464634,39";"464634,39";"0";"464634,39";"0";"0";"0";"464634,39";"464634,39";"0";"464634,39";"0";"464634,39";"0";"0";"0";"464634,39";"464634,39";"0";"0";"0";"0";"0";"0";"0";"0";"0";"0";"0";"0";"0";"0";"0";"0";"0";"0";"0";"0";"86.22.17.451.3005.5.013.44906100.03.0";"99";"Outras Aquisições de Bens Imóveis";"01";"Desapropriações";"61";"Aquisição de Imóveis";"0"
"361327";"29350";"2019";"86";"Fundo Municipal de Saneamento Ambiental e Infraestrutura";"22";"FMSAI - Secretaria Municipal de Serviços e Obras";"5";"Nota de Empenho Fornecimento de Bens de Consumo e/ou Permanente";"8";"Art. 24 Inciso II da lei Federal 8.666/93";"6";"Dispensa de Licitação";"04/12/2019 00:00:00";"04/12/2019 00:00:00";"04/12/2019 00:00:00";"0";"0";"1";"338582,39";"0";"338582,39";"0";"E";"1";"";"-1";"-1";"";"";"";"";"41";"SEM REAJUSTE";"";"";"";"02/12/2019 00:00:00";"04/12/2019 00:00:00";"40";"";"";"";"";"6022201900057197";"S";"";"";"";"Melhoramento - Bacia do Córrego Paciência";"";"86";"Fundo Municipal de Saneamento Ambiental e Infraestrutura";"22";"FMSAI - Secretaria Municipal de Serviços e Obras";"338582,39";"0";"1";"0";"0";"338582,39";"338582,39";"0";"338582,39";"0";"0";"0";"338582,39";"338582,39";"0";"338582,39";"0";"338582,39";"0";"0";"0";"338582,39";"338582,39";"0";"0";"0";"0";"0";"0";"0";"0";"0";"0";"0";"0";"0";"0";"0";"0";"0";"0";"0";"0";"86.22.17.451.3005.5.013.44906100.03.0";"99";"Outras Aquisições de Bens Imóveis";"01";"Desapropriações";"61";"Aquisição de Imóveis";"0"
"361250";"29274";"2019";"86";"Fundo Municipal de Saneamento Ambiental e Infraestrutura";"22";"FMSAI - Secretaria Municipal de Serviços e Obras";"5";"Nota de Empenho Fornecimento de Bens de Consumo e/ou Permanente";"8";"Art. 24 Inciso II da lei Federal 8.666/93";"6";"Dispensa de Licitação";"04/12/2019 00:00:00";"04/12/2019 00:00:00";"04/12/2019 00:00:00";"0";"0";"1";"355370,11";"0";"355370,11";"0";"E";"1";"";"-1";"-1";"";"";"";"";"41";"SEM REAJUSTE";"";"";"";"02/12/2019 00:00:00";"04/12/2019 00:00:00";"41";"";"";"";"";"6022201900057804";"S";"";"";"";"Desapropriação - Melhoramento: Bacia do Córrego Paciência";"";"86";"Fundo Municipal de Saneamento Ambiental e Infraestrutura";"22";"FMSAI - Secretaria Municipal de Serviços e Obras";"355370,11";"0";"1";"0";"0";"355370,11";"355370,11";"0";"355370,11";"0";"0";"0";"355370,11";"355370,11";"0";"355370,11";"0";"355370,11";"0";"0";"0";"355370,11";"355370,11";"0";"0";"0";"0";"0";"0";"0";"0";"0";"0";"0";"0";"0";"0";"0";"0";"0";"0";"0";"0";"86.22.17.451.3005.5.013.44906100.03.0";"99";"Outras Aquisições de Bens Imóveis";"01";"Desapropriações";"61";"Aquisição de Imóveis";"0"
"361351";"29373";"2019";"86";"Fundo Municipal de Saneamento Ambiental e Infraestrutura";"22";"FMSAI - Secretaria Municipal de Serviços e Obras";"5";"Nota de Empenho Fornecimento de Bens de Consumo e/ou Permanente";"8";"Art. 24 Inciso II da lei Federal 8.666/93";"6";"Dispensa de Licitação";"04/12/2019 00:00:00";"04/12/2019 00:00:00";"04/12/2019 00:00:00";"0";"0";"1";"102467,24";"0";"102467,24";"0";"E";"1";"";"-1";"-1";"";"";"";"";"41";"SEM REAJUSTE";"";"";"";"02/12/2019 00:00:00";"04/12/2019 00:00:00";"40";"";"";"";"";"6022201900054910";"S";"";"";"";"Desapropriação - Melhoramento: Bacia do Córrego Paciência";"";"86";"Fundo Municipal de Saneamento Ambiental e Infraestrutura";"22";"FMSAI - Secretaria Municipal de Serviços e Obras";"102467,24";"0";"1";"0";"0";"102467,24";"102467,24";"0";"102467,24";"0";"0";"0";"102467,24";"102467,24";"0";"102467,24";"0";"102467,24";"0";"0";"0";"102467,24";"102467,24";"0";"0";"0";"0";"0";"0";"0";"0";"0";"0";"0";"0";"0";"0";"0";"0";"0";"0";"0";"0";"86.22.17.451.3005.5.013.44906100.03.0";"99";"Outras Aquisições de Bens Imóveis";"01";"Desapropriações";"61";"Aquisição de Imóveis";"0"
"361358";"29380";"2019";"86";"Fundo Municipal de Saneamento Ambiental e Infraestrutura";"22";"FMSAI - Secretaria Municipal de Serviços e Obras";"5";"Nota de Empenho Fornecimento de Bens de Consumo e/ou Permanente";"8";"Art. 24 Inciso II da lei Federal 8.666/93";"6";"Dispensa de Licitação";"04/12/2019 00:00:00";"04/12/2019 00:00:00";"04/12/2019 00:00:00";"0";"0";"1";"289636,06";"0";"289636,06";"0";"E";"1";"";"-1";"-1";"";"";"";"";"41";"SEM REAJUSTE";"";"";"";"02/12/2019 00:00:00";"04/12/2019 00:00:00";"40";"";"";"";"";"6022201900055003";"S";"";"";"";"Desapropriação - Melhoramento: Bacia do Córrego Paciência";"";"86";"Fundo Municipal de Saneamento Ambiental e Infraestrutura";"22";"FMSAI - Secretaria Municipal de Serviços e Obras";"289636,06";"0";"1";"0";"0";"289636,06";"289636,06";"0";"289636,06";"0";"0";"0";"289636,06";"289636,06";"0";"289636,06";"0";"289636,06";"0";"0";"0";"289636,06";"289636,06";"0";"0";"0";"0";"0";"0";"0";"0";"0";"0";"0";"0";"0";"0";"0";"0";"0";"0";"0";"0";"86.22.17.451.3005.5.013.44906100.03.0";"99";"Outras Aquisições de Bens Imóveis";"01";"Desapropriações";"61";"Aquisição de Imóveis";"0"
"361293";"29316";"2019";"86";"Fundo Municipal de Saneamento Ambiental e Infraestrutura";"22";"FMSAI - Secretaria Municipal de Serviços e Obras";"5";"Nota de Empenho Fornecimento de Bens de Consumo e/ou Permanente";"8";"Art. 24 Inciso II da lei Federal 8.666/93";"6";"Dispensa de Licitação";"04/12/2019 00:00:00";"04/12/2019 00:00:00";"04/12/2019 00:00:00";"0";"0";"1";"155717,40";"0";"155717,40";"0";"E";"1";"";"-1";"-1";"";"";"";"";"41";"SEM REAJUSTE";"";"";"";"02/12/2019 00:00:00";"04/12/2019 00:00:00";"40";"";"";"";"";"6022201900057693";"S";"";"";"";"Desapropriação - Melhoramento: Bacia do Córrego Paciência";"";"86";"Fundo Municipal de Saneamento Ambiental e Infraestrutura";"22";"FMSAI - Secretaria Municipal de Serviços e Obras";"155717,40";"0";"1";"0";"0";"155717,40";"155717,40";"0";"155717,40";"0";"0";"0";"155717,40";"155717,40";"0";"155717,40";"0";"155717,40";"0";"0";"0";"155717,40";"155717,40";"0";"0";"0";"0";"0";"0";"0";"0";"0";"0";"0";"0";"0";"0";"0";"0";"0";"0";"0";"0";"86.22.17.451.3005.5.013.44906100.03.0";"99";"Outras Aquisições de Bens Imóveis";"01";"Desapropriações";"61";"Aquisição de Imóveis";"0"
"361267";"29290";"2019";"86";"Fundo Municipal de Saneamento Ambiental e Infraestrutura";"22";"FMSAI - Secretaria Municipal de Serviços e Obras";"5";"Nota de Empenho Fornecimento de Bens de Consumo e/ou Permanente";"8";"Art. 24 Inciso II da lei Federal 8.666/93";"6";"Dispensa de Licitação";"04/12/2019 00:00:00";"04/12/2019 00:00:00";"04/12/2019 00:00:00";"0";"0";"1";"155945,44";"0";"155945,44";"0";"E";"1";"";"-1";"-1";"";"";"";"";"41";"SEM REAJUSTE";"";"";"";"02/12/2019 00:00:00";"04/12/2019 00:00:00";"40";"";"";"";"";"6022201900057731";"S";"";"";"";"Melhoramento - Bacia do Córrego Paciência.";"";"86";"Fundo Municipal de Saneamento Ambiental e Infraestrutura";"22";"FMSAI - Secretaria Municipal de Serviços e Obras";"155945,44";"0";"1";"0";"0";"155945,44";"155945,44";"0";"155945,44";"0";"0";"0";"155945,44";"155945,44";"0";"155945,44";"0";"155945,44";"0";"0";"0";"155945,44";"155945,44";"0";"0";"0";"0";"0";"0";"0";"0";"0";"0";"0";"0";"0";"0";"0";"0";"0";"0";"0";"0";"86.22.17.451.3005.5.013.44906100.03.0";"99";"Outras Aquisições de Bens Imóveis";"01";"Desapropriações";"61";"Aquisição de Imóveis";"0"
"361280";"29303";"2019";"86";"Fundo Municipal de Saneamento Ambiental e Infraestrutura";"22";"FMSAI - Secretaria Municipal de Serviços e Obras";"5";"Nota de Empenho Fornecimento de Bens de Consumo e/ou Permanente";"8";"Art. 24 Inciso II da lei Federal 8.666/93";"6";"Dispensa de Licitação";"04/12/2019 00:00:00";"04/12/2019 00:00:00";"04/12/2019 00:00:00";"0";"0";"1";"111088,88";"0";"111088,88";"0";"E";"1";"";"-1";"-1";"";"";"";"";"41";"SEM REAJUSTE";"";"";"";"02/12/2019 00:00:00";"04/12/2019 00:00:00";"40";"";"";"";"";"6022201900057740";"S";"";"";"";"Melhoramento - Bacia do Córrego Paciência";"";"86";"Fundo Municipal de Saneamento Ambiental e Infraestrutura";"22";"FMSAI - Secretaria Municipal de Serviços e Obras";"111088,88";"0";"1";"0";"0";"111088,88";"111088,88";"0";"111088,88";"0";"0";"0";"111088,88";"111088,88";"0";"111088,88";"0";"111088,88";"0";"0";"0";"111088,88";"111088,88";"0";"0";"0";"0";"0";"0";"0";"0";"0";"0";"0";"0";"0";"0";"0";"0";"0";"0";"0";"0";"86.22.17.451.3005.5.013.44906100.03.0";"99";"Outras Aquisições de Bens Imóveis";"01";"Desapropriações";"61";"Aquisição de Imóveis";"0"
"361244";"29269";"2019";"86";"Fundo Municipal de Saneamento Ambiental e Infraestrutura";"22";"FMSAI - Secretaria Municipal de Serviços e Obras";"5";"Nota de Empenho Fornecimento de Bens de Consumo e/ou Permanente";"8";"Art. 24 Inciso II da lei Federal 8.666/93";"6";"Dispensa de Licitação";"04/12/2019 00:00:00";"04/12/2019 00:00:00";"04/12/2019 00:00:00";"0";"0";"1";"219303,65";"0";"219303,65";"0";"E";"1";"";"-1";"-1";"";"";"";"";"41";"SEM REAJUSTE";"";"";"";"02/04/2019 00:00:00";"04/12/2019 00:00:00";"40";"";"";"";"";"6022201900054848";"S";"";"";"";"Melhoramento - Bacia do Córrego Paciência";"";"86";"Fundo Municipal de Saneamento Ambiental e Infraestrutura";"22";"FMSAI - Secretaria Municipal de Serviços e Obras";"219303,65";"0";"1";"0";"0";"219303,65";"219303,65";"0";"219303,65";"0";"0";"0";"219303,65";"219303,65";"0";"219303,65";"0";"219303,65";"0";"0";"0";"219303,65";"219303,65";"0";"0";"0";"0";"0";"0";"0";"0";"0";"0";"0";"0";"0";"0";"0";"0";"0";"0";"0";"0";"86.22.17.451.3005.5.013.44906100.03.0";"99";"Outras Aquisições de Bens Imóveis";"01";"Desapropriações";"61";"Aquisição de Imóveis";"0"
"361330";"29353";"2019";"86";"Fundo Municipal de Saneamento Ambiental e Infraestrutura";"22";"FMSAI - Secretaria Municipal de Serviços e Obras";"5";"Nota de Empenho Fornecimento de Bens de Consumo e/ou Permanente";"8";"Art. 24 Inciso II da lei Federal 8.666/93";"6";"Dispensa de Licitação";"04/12/2019 00:00:00";"04/12/2019 00:00:00";"04/12/2019 00:00:00";"0";"0";"1";"98818,45";"0";"98818,45";"0";"E";"1";"";"-1";"-1";"";"";"";"";"41";"SEM REAJUSTE";"";"";"";"02/12/2019 00:00:00";"04/12/2019 00:00:00";"40";"";"";"";"";"6022201900057162";"S";"";"";"";"Desapropriação - Melhoramento: Bacia do Córrego Paciência";"";"86";"Fundo Municipal de Saneamento Ambiental e Infraestrutura";"22";"FMSAI - Secretaria Municipal de Serviços e Obras";"98818,45";"0";"1";"0";"0";"98818,45";"98818,45";"0";"98818,45";"0";"0";"0";"98818,45";"98818,45";"0";"98818,45";"0";"98818,45";"0";"0";"0";"98818,45";"98818,45";"0";"0";"0";"0";"0";"0";"0";"0";"0";"0";"0";"0";"0";"0";"0";"0";"0";"0";"0";"0";"86.22.17.451.3005.5.013.44906100.03.0";"99";"Outras Aquisições de Bens Imóveis";"01";"Desapropriações";"61";"Aquisição de Imóveis";"0"
"361308";"29331";"2019";"86";"Fundo Municipal de Saneamento Ambiental e Infraestrutura";"22";"FMSAI - Secretaria Municipal de Serviços e Obras";"5";"Nota de Empenho Fornecimento de Bens de Consumo e/ou Permanente";"8";"Art. 24 Inciso II da lei Federal 8.666/93";"6";"Dispensa de Licitação";"04/12/2019 00:00:00";"04/12/2019 00:00:00";"04/12/2019 00:00:00";"0";"0";"1";"224625,27";"0";"224625,27";"0";"E";"1";"";"-1";"-1";"";"";"";"";"41";"SEM REAJUSTE";"";"";"";"02/12/2019 00:00:00";"04/12/2019 00:00:00";"40";"";"";"";"";"6022201900057243";"S";"";"";"";"Desapropriação - Melhoramento: Bacia do Córrego Paciência";"";"86";"Fundo Municipal de Saneamento Ambiental e Infraestrutura";"22";"FMSAI - Secretaria Municipal de Serviços e Obras";"224625,27";"0";"1";"0";"0";"224625,27";"224625,27";"0";"224625,27";"0";"0";"0";"224625,27";"224625,27";"0";"224625,27";"0";"224625,27";"0";"0";"0";"224625,27";"224625,27";"0";"0";"0";"0";"0";"0";"0";"0";"0";"0";"0";"0";"0";"0";"0";"0";"0";"0";"0";"0";"86.22.17.451.3005.5.013.44906100.03.0";"99";"Outras Aquisições de Bens Imóveis";"01";"Desapropriações";"61";"Aquisição de Imóveis";"0"
"361262";"29285";"2019";"86";"Fundo Municipal de Saneamento Ambiental e Infraestrutura";"22";"FMSAI - Secretaria Municipal de Serviços e Obras";"5";"Nota de Empenho Fornecimento de Bens de Consumo e/ou Permanente";"8";"Art. 24 Inciso II da lei Federal 8.666/93";"6";"Dispensa de Licitação";"04/12/2019 00:00:00";"04/12/2019 00:00:00";"04/12/2019 00:00:00";"0";"0";"1";"126364,36";"0";"126364,36";"0";"E";"1";"";"-1";"-1";"";"";"";"";"41";"SEM REAJUSTE";"";"";"";"02/12/2019 00:00:00";"04/12/2019 00:00:00";"41";"";"";"";"";"6022201900057766";"S";"";"";"";"Melhoramento - Bacia do Córrego Paciência.";"";"86";"Fundo Municipal de Saneamento Ambiental e Infraestrutura";"22";"FMSAI - Secretaria Municipal de Serviços e Obras";"126364,36";"0";"1";"0";"0";"126364,36";"126364,36";"0";"126364,36";"0";"0";"0";"126364,36";"126364,36";"0";"126364,36";"0";"126364,36";"0";"0";"0";"126364,36";"126364,36";"0";"0";"0";"0";"0";"0";"0";"0";"0";"0";"0";"0";"0";"0";"0";"0";"0";"0";"0";"0";"86.22.17.451.3005.5.013.44906100.03.0";"99";"Outras Aquisições de Bens Imóveis";"01";"Desapropriações";"61";"Aquisição de Imóveis";"0"
"361301";"29324";"2019";"86";"Fundo Municipal de Saneamento Ambiental e Infraestrutura";"22";"FMSAI - Secretaria Municipal de Serviços e Obras";"5";"Nota de Empenho Fornecimento de Bens de Consumo e/ou Permanente";"8";"Art. 24 Inciso II da lei Federal 8.666/93";"6";"Dispensa de Licitação";"04/12/2019 00:00:00";"04/12/2019 00:00:00";"04/12/2019 00:00:00";"0";"0";"1";"13676";"0";"13676";"0";"E";"1";"";"-1";"-1";"";"";"";"";"41";"SEM REAJUSTE";"";"";"";"02/12/2019 00:00:00";"04/12/2019 00:00:00";"40";"";"";"";"";"6022201900057677";"S";"";"";"";"Desapropriação - Melhoramento: Bacia do Córrego Paciência";"";"86";"Fundo Municipal de Saneamento Ambiental e Infraestrutura";"22";"FMSAI - Secretaria Municipal de Serviços e Obras";"13676";"0";"1";"0";"0";"13676";"13676";"0";"13676";"0";"0";"0";"13676";"13676";"0";"13676";"0";"13676";"0";"0";"0";"13676";"13676";"0";"0";"0";"0";"0";"0";"0";"0";"0";"0";"0";"0";"0";"0";"0";"0";"0";"0";"0";"0";"86.22.17.451.3005.5.013.44906100.03.0";"99";"Outras Aquisições de Bens Imóveis";"01";"Desapropriações";"61";"Aquisição de Imóveis";"0"
"361366";"29388";"2019";"86";"Fundo Municipal de Saneamento Ambiental e Infraestrutura";"22";"FMSAI - Secretaria Municipal de Serviços e Obras";"5";"Nota de Empenho Fornecimento de Bens de Consumo e/ou Permanente";"8";"Art. 24 Inciso II da lei Federal 8.666/93";"6";"Dispensa de Licitação";"04/12/2019 00:00:00";"04/12/2019 00:00:00";"04/12/2019 00:00:00";"0";"0";"1";"98504,04";"0";"98504,04";"0";"E";"1";"";"-1";"-1";"";"";"";"";"41";"SEM REAJUSTE";"";"";"";"02/12/2019 00:00:00";"04/12/2019 00:00:00";"40";"";"";"";"";"6022201900054953";"S";"";"";"";"Desapropriação - Melhoramento: Bacia do Córrego Paciência";"";"86";"Fundo Municipal de Saneamento Ambiental e Infraestrutura";"22";"FMSAI - Secretaria Municipal de Serviços e Obras";"98504,04";"0";"1";"0";"0";"98504,04";"98504,04";"0";"98504,04";"0";"0";"0";"98504,04";"98504,04";"0";"98504,04";"0";"98504,04";"0";"0";"0";"98504,04";"98504,04";"0";"0";"0";"0";"0";"0";"0";"0";"0";"0";"0";"0";"0";"0";"0";"0";"0";"0";"0";"0";"86.22.17.451.3005.5.013.44906100.03.0";"99";"Outras Aquisições de Bens Imóveis";"01";"Desapropriações";"61";"Aquisição de Imóveis";"0"
"361350";"29372";"2019";"86";"Fundo Municipal de Saneamento Ambiental e Infraestrutura";"22";"FMSAI - Secretaria Municipal de Serviços e Obras";"5";"Nota de Empenho Fornecimento de Bens de Consumo e/ou Permanente";"8";"Art. 24 Inciso II da lei Federal 8.666/93";"6";"Dispensa de Licitação";"04/12/2019 00:00:00";"04/12/2019 00:00:00";"04/12/2019 00:00:00";"0";"0";"1";"43735,91";"0";"43735,91";"0";"E";"1";"";"-1";"-1";"";"";"";"";"41";"SEM REAJUSTE";"";"";"";"02/12/2019 00:00:00";"04/12/2019 00:00:00";"40";"";"";"";"";"6022201900055038";"S";"";"";"";"Melhoramento - Bacia do Córrego Paciência";"";"86";"Fundo Municipal de Saneamento Ambiental e Infraestrutura";"22";"FMSAI - Secretaria Municipal de Serviços e Obras";"43735,91";"0";"1";"0";"0";"43735,91";"43735,91";"0";"43735,91";"0";"0";"0";"43735,91";"43735,91";"0";"43735,91";"0";"43735,91";"0";"0";"0";"43735,91";"43735,91";"0";"0";"0";"0";"0";"0";"0";"0";"0";"0";"0";"0";"0";"0";"0";"0";"0";"0";"0";"0";"86.22.17.451.3005.5.013.44906100.03.0";"99";"Outras Aquisições de Bens Imóveis";"01";"Desapropriações";"61";"Aquisição de Imóveis";"0"
"361325";"29348";"2019";"86";"Fundo Municipal de Saneamento Ambiental e Infraestrutura";"22";"FMSAI - Secretaria Municipal de Serviços e Obras";"5";"Nota de Empenho Fornecimento de Bens de Consumo e/ou Permanente";"8";"Art. 24 Inciso II da lei Federal 8.666/93";"6";"Dispensa de Licitação";"04/12/2019 00:00:00";"04/12/2019 00:00:00";"04/12/2019 00:00:00";"0";"0";"1";"338511,41";"0";"338511,41";"0";"E";"1";"";"-1";"-1";"";"";"";"";"41";"SEM REAJUSTE";"";"";"";"02/12/2019 00:00:00";"04/12/2019 00:00:00";"40";"";"";"";"";"6022201900057219";"S";"";"";"";"Melhoramento - Bacia do Córrego Paciência";"";"86";"Fundo Municipal de Saneamento Ambiental e Infraestrutura";"22";"FMSAI - Secretaria Municipal de Serviços e Obras";"338511,41";"0";"1";"0";"0";"338511,41";"338511,41";"0";"338511,41";"0";"0";"0";"338511,41";"338511,41";"0";"338511,41";"0";"338511,41";"0";"0";"0";"338511,41";"338511,41";"0";"0";"0";"0";"0";"0";"0";"0";"0";"0";"0";"0";"0";"0";"0";"0";"0";"0";"0";"0";"86.22.17.451.3005.5.013.44906100.03.0";"99";"Outras Aquisições de Bens Imóveis";"01";"Desapropriações";"61";"Aquisição de Imóveis";"0"
"361362";"29384";"2019";"86";"Fundo Municipal de Saneamento Ambiental e Infraestrutura";"22";"FMSAI - Secretaria Municipal de Serviços e Obras";"5";"Nota de Empenho Fornecimento de Bens de Consumo e/ou Permanente";"8";"Art. 24 Inciso II da lei Federal 8.666/93";"6";"Dispensa de Licitação";"04/12/2019 00:00:00";"04/12/2019 00:00:00";"04/12/2019 00:00:00";"0";"0";"1";"683368,36";"0";"683368,36";"0";"E";"1";"";"-1";"-1";"";"";"";"";"41";"SEM REAJUSTE";"";"";"";"02/12/2019 00:00:00";"04/12/2019 00:00:00";"";"";"";"";"";"6022201900054961";"S";"";"";"";"Desapropriação - Melhoramento: Bacia do Córrego Paciência";"";"86";"Fundo Municipal de Saneamento Ambiental e Infraestrutura";"22";"FMSAI - Secretaria Municipal de Serviços e Obras";"683368,36";"0";"1";"0";"0";"683368,36";"683368,36";"0";"683368,36";"0";"0";"0";"683368,36";"683368,36";"0";"683368,36";"0";"683368,36";"0";"0";"0";"683368,36";"683368,36";"0";"0";"0";"0";"0";"0";"0";"0";"0";"0";"0";"0";"0";"0";"0";"0";"0";"0";"0";"0";"86.22.17.451.3005.5.013.44906100.03.0";"99";"Outras Aquisições de Bens Imóveis";"01";"Desapropriações";"61";"Aquisição de Imóveis";"0"
"361360";"29382";"2019";"86";"Fundo Municipal de Saneamento Ambiental e Infraestrutura";"22";"FMSAI - Secretaria Municipal de Serviços e Obras";"5";"Nota de Empenho Fornecimento de Bens de Consumo e/ou Permanente";"8";"Art. 24 Inciso II da lei Federal 8.666/93";"6";"Dispensa de Licitação";"04/12/2019 00:00:00";"04/12/2019 00:00:00";"04/12/2019 00:00:00";"0";"0";"1";"414668,09";"0";"414668,09";"0";"E";"1";"";"-1";"-1";"";"";"";"";"41";"SEM REAJUSTE";"";"";"";"02/12/2019 00:00:00";"04/12/2019 00:00:00";"40";"";"";"";"";"6022201900054970";"S";"";"";"";"Desapropriação - Melhoramento: Bacia do Córrego Paciência";"";"86";"Fundo Municipal de Saneamento Ambiental e Infraestrutura";"22";"FMSAI - Secretaria Municipal de Serviços e Obras";"414668,09";"0";"1";"0";"0";"414668,09";"414668,09";"0";"414668,09";"0";"0";"0";"414668,09";"414668,09";"0";"414668,09";"0";"414668,09";"0";"0";"0";"414668,09";"414668,09";"0";"0";"0";"0";"0";"0";"0";"0";"0";"0";"0";"0";"0";"0";"0";"0";"0";"0";"0";"0";"86.22.17.451.3005.5.013.44906100.03.0";"99";"Outras Aquisições de Bens Imóveis";"01";"Desapropriações";"61";"Aquisição de Imóveis";"0"
"361343";"29365";"2019";"86";"Fundo Municipal de Saneamento Ambiental e Infraestrutura";"22";"FMSAI - Secretaria Municipal de Serviços e Obras";"5";"Nota de Empenho Fornecimento de Bens de Consumo e/ou Permanente";"8";"Art. 24 Inciso II da lei Federal 8.666/93";"6";"Dispensa de Licitação";"04/12/2019 00:00:00";"04/12/2019 00:00:00";"04/12/2019 00:00:00";"0";"0";"1";"104154,75";"0";"104154,75";"0";"E";"1";"";"-1";"-1";"";"";"";"";"41";"SEM REAJUSTE";"";"";"";"02/12/2019 00:00:00";"04/12/2019 00:00:00";"40";"";"";"";"";"6022201900057154";"S";"";"";"";"Melhoramento - Bacia do Córrego Paciência";"";"86";"Fundo Municipal de Saneamento Ambiental e Infraestrutura";"22";"FMSAI - Secretaria Municipal de Serviços e Obras";"104154,75";"0";"1";"0";"0";"104154,75";"104154,75";"0";"104154,75";"0";"0";"0";"104154,75";"104154,75";"0";"104154,75";"0";"104154,75";"0";"0";"0";"104154,75";"104154,75";"0";"0";"0";"0";"0";"0";"0";"0";"0";"0";"0";"0";"0";"0";"0";"0";"0";"0";"0";"0";"86.22.17.451.3005.5.013.44906100.03.0";"99";"Outras Aquisições de Bens Imóveis";"01";"Desapropriações";"61";"Aquisição de Imóveis";"0"
"361309";"29332";"2019";"86";"Fundo Municipal de Saneamento Ambiental e Infraestrutura";"22";"FMSAI - Secretaria Municipal de Serviços e Obras";"5";"Nota de Empenho Fornecimento de Bens de Consumo e/ou Permanente";"8";"Art. 24 Inciso II da lei Federal 8.666/93";"6";"Dispensa de Licitação";"04/12/2019 00:00:00";"04/12/2019 00:00:00";"04/12/2019 00:00:00";"0";"0";"1";"196039,24";"0";"196039,24";"0";"E";"1";"";"-1";"-1";"";"";"";"";"41";"SEM REAJUSTE";"";"";"";"02/12/2019 00:00:00";"04/12/2019 00:00:00";"40";"";"";"";"";"6022201900057235";"S";"";"";"";"Desapropriação - Melhoramento: Bacia do Córrego Paciência";"";"86";"Fundo Municipal de Saneamento Ambiental e Infraestrutura";"22";"FMSAI - Secretaria Municipal de Serviços e Obras";"196039,24";"0";"1";"0";"0";"196039,24";"196039,24";"0";"196039,24";"0";"0";"0";"196039,24";"196039,24";"0";"196039,24";"0";"196039,24";"0";"0";"0";"196039,24";"196039,24";"0";"0";"0";"0";"0";"0";"0";"0";"0";"0";"0";"0";"0";"0";"0";"0";"0";"0";"0";"0";"86.22.17.451.3005.5.013.44906100.03.0";"99";"Outras Aquisições de Bens Imóveis";"01";"Desapropriações";"61";"Aquisição de Imóveis";"0"
"350994";"20676";"2019";"22";"Secretaria Municipal de Infraestrutura Urbana e Obras";"10";"Gabinete do Secretário";"2";"Termo de Contrato - Serviços";"8";"Art. 24 Inciso II da lei Federal 8.666/93";"6";"Dispensa de Licitação";"10/07/2019 00:00:00";"05/01/2020 00:00:00";"05/01/2020 00:00:00";"0";"0";"180";"121000";"0";"121000";"0";"E";"9";"umental";"-1";"-1";"";"";"";"";"41";"SEM REAJUSTE";"";"";"";"26/08/2019 00:00:00";"28/08/2019 00:00:00";"27";"";"";"";"";"6022201900040227";"S";"";"";"";"Contrato emergencial para prestação de serviços técnicos profissionais especializados de engenharia consultiva em gerenciamento de programas de infraestrutura urbana e de execução e projetos de edificações públicas na cidade sob a responsabilidade da Secretaria Municipal de Infraestrutura Urbana e Obras da Cidade de São Paulo - SIURB - (LOTE 1)";"";"22";"Secretaria Municipal de Infraestrutura Urbana e Obras";"10";"Gabinete do Secretário";"121000";"0";"180";"0";"0";"121000";"121000";"0";"121000";"0";"0";"0";"121000";"121000";"0";"121000";"0";"121000";"0";"0";"0";"121000";"121000";"0";"0";"0";"0";"0";"0";"0";"0";"0";"0";"0";"0";"0";"0";"0";"0";"0";"0";"0";"0";"22.10.15.451.3022.5.085.44903900.00.0";"05";"Serviços Técnicos Profissionais";"01";"Gerenciamento";"39";"Outros Serviços de Terceiros - Pessoa Jurídica";"0"
"336755";"9161";"2019";"22";"Secretaria Municipal de Infraestrutura Urbana e Obras";"10";"Gabinete do Secretário";"2";"Termo de Contrato - Serviços";"1";"Art. 22 - Inciso I Lei Federal  8.666/93";"4";"Concorrência";"07/12/2018 00:00:00";"05/04/2019 00:00:00";"05/04/2019 00:00:00";"0";"0";"119";"1425952,52";"0";"1255239,49";"0";"E";"9";"umental";"2017";"31";"22";"Secretaria Municipal de Infraestrutura Urbana e Obras";"";"";"41";"SEM REAJUSTE";"";"";"";"05/12/2018 00:00:00";"06/12/2018 00:00:00";"84";"";"";"";"002/SMSO/2017";"6018201800068993";"S";"";"";"";"Execução de serviços gerais de manutenção previstos na ATA DE REGISTRO DE PREÇOS nº 031/SMSO/2017 - AGRUPAMENTO  17  -  Subprefeitura MOÓCA - PR/MO,  com fornecimento de materiais de primeira linha e mão-de-obra especializada para execução de serviços gerais de manutenção preventiva, corretiva, reparações, adaptações e modificações, no (a) UBS/AMA ORATÓRIO, situada na Rua João Fialho de Carvalho, 35 - São Paulo/SP";"";"22";"Secretaria Municipal de Infraestrutura Urbana e Obras";"10";"Gabinete do Secretário";"1425952,52";"0";"119";"0";"0";"1425952,52";"1425952,52";"0";"1255239,49";"170713,03";"0";"0";"1255239,49";"1255239,49";"170,18";"1425952,52";"0";"1255239,49";"170713,03";"0";"0";"1255239,49";"1255239,49";"170,18";"0";"0";"0";"0";"0";"0";"0";"0";"0";"0";"0";"0";"0";"0";"0";"0";"0";"0";"0";"84.10.10.301.3003.1.509.44905100.00.0";"89";"Obras em Andamento - Uso Comum do Povo";"01";"Hospitais e Similares";"51";"Obras e Instalações";"0"
"336802";"9205";"2019";"22";"Secretaria Municipal de Infraestrutura Urbana e Obras";"10";"Gabinete do Secretário";"2";"Termo de Contrato - Serviços";"1";"Art. 22 - Inciso I Lei Federal  8.666/93";"4";"Concorrência";"07/12/2018 00:00:00";"05/04/2019 00:00:00";"05/04/2019 00:00:00";"0";"0";"119";"318183,51";"0";"278410,57";"0";"E";"9";"umental";"2017";"34";"22";"Secretaria Municipal de Infraestrutura Urbana e Obras";"";"";"41";"SEM REAJUSTE";"";"";"";"05/12/2018 00:00:00";"06/12/2018 00:00:00";"84";"";"";"";"002/17/SMSO";"6018201800070947";"S";"";"";"";"OBJETO: Execução de serviços gerais de manutenção previstos na ATA DE REGISTRO DE PREÇOS nº 034/SMSO/2017 - AGRUPAMENTO  21  -  Subprefeitura PINHEIROS - PR/PI,  com fornecimento de materiais de primeira linha e mão-de-obra especializada para execução de serviços gerais de manutenção preventiva, corretiva, reparações, adaptações e modificações, no (a) PADI OESTE PINHEIROS, situada na Rua Sumidoro, nº 706 - Pinheiros - São Paulo/ SP";"";"22";"Secretaria Municipal de Infraestrutura Urbana e Obras";"10";"Gabinete do Secretário";"318183,51";"0";"119";"0";"0";"318183,51";"318183,51";"0";"278410,57";"39772,94";"0";"0";"278410,57";"278410,57";"0";"318183,51";"0";"278410,57";"39772,94";"0";"0";"278410,57";"278410,57";"0";"0";"0";"0";"0";"0";"0";"0";"0";"0";"0";"0";"0";"0";"0";"0";"0";"0";"0";"0";"84.10.10.302.3003.1.520.44905100.00.0";"89";"Obras em Andamento - Uso Comum do Povo";"01";"Hospitais e Similares";"51";"Obras e Instalações";"0"
"336675";"9088";"2019";"22";"Secretaria Municipal de Infraestrutura Urbana e Obras";"10";"Gabinete do Secretário";"2";"Termo de Contrato - Serviços";"1";"Art. 22 - Inciso I Lei Federal  8.666/93";"4";"Concorrência";"07/12/2018 00:00:00";"05/04/2019 00:00:00";"05/04/2019 00:00:00";"0";"0";"119";"199313,05";"0";"170575,05";"0";"E";"9";"umental";"2017";"31";"22";"Secretaria Municipal de Infraestrutura Urbana e Obras";"";"";"41";"SEM REAJUSTE";"";"";"";"05/12/2018 00:00:00";"05/12/2018 00:00:00";"";"";"";"";"001";"6018201800068977";"S";"";"";"";"Execução de serviços gerais de manutenção previstos na ATA DE REGISTRO DE PREÇOS nº 031/SMSO/2017 - AGRUPAMENTO  17  -  Subprefeitura MOÓCA - PR/MO,  com fornecimento de materiais de primeira linha e mão-de-obra especializada para execução de serviços gerais de manutenção preventiva, corretiva, reparações, adaptações e modificações, no (a) CAPS INFANTIL MOOCA, situada na Rua Taquari, nº 549 - Mooca - São Paulo/SP";"";"22";"Secretaria Municipal de Infraestrutura Urbana e Obras";"10";"Gabinete do Secretário";"199313,05";"0";"119";"0";"0";"199313,05";"199313,05";"0";"170575,05";"28738";"0";"0";"170575,05";"170575,05";"31,92";"199313,05";"0";"170575,05";"28738";"0";"0";"170575,05";"170575,05";"31,92";"0";"0";"0";"0";"0";"0";"0";"0";"0";"0";"0";"0";"0";"0";"0";"0";"0";"0";"0";"84.10.10.301.3003.1.503.44905100.00.0";"89";"Obras em Andamento - Uso Comum do Povo";"01";"Hospitais e Similares";"51";"Obras e Instalações";"0"
"336998";"9382";"2019";"22";"Secretaria Municipal de Infraestrutura Urbana e Obras";"10";"Gabinete do Secretário";"2";"Termo de Contrato - Serviços";"1";"Art. 22 - Inciso I Lei Federal  8.666/93";"4";"Concorrência";"07/12/2018 00:00:00";"05/04/2019 00:00:00";"05/04/2019 00:00:00";"0";"0";"119";"627827,96";"0";"549347,96";"0";"E";"9";"umental";"2017";"34";"22";"Secretaria Municipal de Infraestrutura Urbana e Obras";"";"";"41";"SEM REAJUSTE";"";"";"";"05/12/2018 00:00:00";"06/12/2018 00:00:00";"84";"";"";"";"002/smso/2017";"6018201800071102";"S";"";"";"";"Execução de serviços gerais de manutenção previstos na ATA DE REGISTRO DE PREÇOS nº 034/SMOS/2017 - AGRUPAMENTO  21  -  Subprefeitura  PINHEIROS - PR/PI,  com fornecimento de materiais de primeira linha e mão-de-obra especializada para execução de serviços gerais de manutenção preventiva, corretiva, reparações, adaptações e modificações, no (a) UBS ALTO DE PINHEIROS, situada na Av. Queiros Filho, nº 313 - Parque da Lapa - São Paulo/ SP";"";"22";"Secretaria Municipal de Infraestrutura Urbana e Obras";"10";"Gabinete do Secretário";"627827,96";"0";"119";"0";"0";"627827,96";"627827,96";"0";"549347,96";"78480";"0";"0";"549347,96";"549347,96";"0,73";"627827,96";"0";"549347,96";"78480";"0";"0";"549347,96";"549347,96";"0,73";"0";"0";"0";"0";"0";"0";"0";"0";"0";"0";"0";"0";"0";"0";"0";"0";"0";"0";"0";"84.10.10.301.3003.1.509.44905100.00.0";"89";"Obras em Andamento - Uso Comum do Povo";"01";"Hospitais e Similares";"51";"Obras e Instalações";"0"
"337555";"9878";"2019";"22";"Secretaria Municipal de Infraestrutura Urbana e Obras";"10";"Gabinete do Secretário";"5";"Nota de Empenho Fornecimento de Bens de Consumo e/ou Permanente";"8";"Art. 24 Inciso II da lei Federal 8.666/93";"6";"Dispensa de Licitação";"26/04/2019 00:00:00";"05/05/2019 00:00:00";"05/05/2019 00:00:00";"0";"0";"10";"6690,40";"0";"6690,40";"0";"E";"83";"";"-1";"-1";"";"";"";"";"41";"SEM REAJUSTE";"";"Thays Aparecida Damaschi";"05/04/2019 00:00:00";"11/04/2019 00:00:00";"12/04/2019 00:00:00";"35";"";"";"";"";"6022201900013319";"S";"";"";"";"Aquisição de 40 (quarenta) unidades de Ventilador de Coluna, conforme especificações técnicas contidas no Termo de Referência em doc. SEI 016133410";"";"22";"Secretaria Municipal de Infraestrutura Urbana e Obras";"10";"Gabinete do Secretário";"6690,40";"0";"10";"0";"0";"6690,40";"6690,40";"0";"6690,40";"0";"0";"0";"6690,40";"6690,40";"0";"6690,40";"0";"6690,40";"0";"0";"0";"6690,40";"6690,40";"0";"0";"0";"0";"0";"0";"0";"0";"0";"0";"0";"0";"0";"0";"0";"0";"0";"0";"0";"0";"22.10.15.122.3024.2.100.44905200.00.0";"34";"Máquinas, Utensílios e Equipamentos Diversos";"99";"Outras Máquinas, Utensílios e Equipamentos Diversos";"52";"Equipamentos e Material Permanente";"0"
"363558";"31298";"2019";"22";"Secretaria Municipal de Infraestrutura Urbana e Obras";"10";"Gabinete do Secretário";"2";"Termo de Contrato - Serviços";"1";"Art. 22 - Inciso I Lei Federal  8.666/93";"4";"Concorrência";"05/02/2020 00:00:00";"05/05/2020 00:00:00";"05/05/2020 00:00:00";"0";"0";"90";"100612,77";"0";"100612,77";"0";"E";"9";"umental";"-1";"-1";"";"";"";"";"41";"SEM REAJUSTE";"";"";"";"20/12/2019 00:00:00";"21/12/2019 00:00:00";"41";"";"";"";"";"7910201900009427";"S";"";"";"";"Ata de RP nº 002/COHAB/2019 -  Contratação de empresa para execução de avaliação ambiental preliminar e investigação confirmatória em imóveis na Av. Santo Amaro, nº 223, 239, 271, 295, 311 e 800";"";"22";"Secretaria Municipal de Infraestrutura Urbana e Obras";"10";"Gabinete do Secretário";"197641,55";"0";"90";"0";"0";"197641,55";"197641,55";"0";"100612,77";"97028,78";"0";"0";"100612,77";"100612,77";"294370,31";"197641,55";"0";"100612,77";"97028,78";"0";"0";"100612,77";"100612,77";"294370,31";"0";"0";"0";"0";"0";"0";"0";"0";"0";"0";"0";"0";"0";"0";"0";"0";"0";"0";"0";"37.50.15.451.3022.3.350.44903900.08.0";"05";"Serviços Técnicos Profissionais";"01";"Gerenciamento";"39";"Outros Serviços de Terceiros - Pessoa Jurídica";"0"
"361168";"29213";"2019";"98";"Fundo de Desenvolvimento Urbano";"22";"FUNDURB - Secretaria Municipal de Infraestrutura Urbana e Obras";"2";"Termo de Contrato - Serviços";"2";"Art. 22 - Inciso II Lei Federal  8.666/93";"3";"Tomada de Preços";"07/01/2020 00:00:00";"05/05/2020 00:00:00";"05/05/2020 00:00:00";"0";"0";"119";"538506,86";"0";"537418,38";"0";"S";"9";"umental";"-1";"-1";"";"";"";"";"2";"ESTRUTURA GERAL";"123/SIURB/2019";"";"";"26/11/2019 00:00:00";"28/11/2019 00:00:00";"64";"";"";"";"";"6022201900023489";"S";"";"";"";"EXECUÇÃO DE OBRA DE RECUPERAÇÃO ESTRUTURAL DA PASSARELA JOSÉ GRANADEIRO GUIMARÃES";"";"98";"Fundo de Desenvolvimento Urbano";"22";"FUNDURB - Secretaria Municipal de Infraestrutura Urbana e Obras";"538506,86";"0";"119";"0";"0";"538506,86";"538506,86";"0";"537418,38";"0";"1088,48";"0";"537418,38";"537418,38";"162640,54";"538506,86";"0";"537418,38";"0";"1088,48";"0";"537418,38";"537418,38";"162640,54";"0";"0";"0";"0";"0";"0";"0";"0";"0";"0";"0";"0";"0";"0";"0";"0";"0";"0";"0";"98.22.15.451.3009.5.187.44905100.08.0";"89";"Obras em Andamento - Uso Comum do Povo";"15";"Pontes, Pontilhões e Viadutos";"51";"Obras e Instalações";"1088,48"
"363560";"31300";"2019";"22";"Secretaria Municipal de Infraestrutura Urbana e Obras";"10";"Gabinete do Secretário";"2";"Termo de Contrato - Serviços";"1";"Art. 22 - Inciso I Lei Federal  8.666/93";"4";"Concorrência";"05/02/2020 00:00:00";"05/05/2020 00:00:00";"05/05/2020 00:00:00";"0";"0";"90";"140517,82";"0";"140517,82";"0";"E";"9";"umental";"-1";"-1";"";"";"";"";"41";"SEM REAJUSTE";"";"";"";"20/12/2019 00:00:00";"21/12/2019 00:00:00";"41";"";"";"";"";"7910201900009460";"S";"";"";"";"Ata de RP nº 002/COHAB/2019 -  Contratação de empresa para execução de avaliação ambiental preliminar e investigação confirmatória em imóveis na Av. Santo Amaro, nº 354, 372, 400, 526, 650 e 1182";"";"22";"Secretaria Municipal de Infraestrutura Urbana e Obras";"10";"Gabinete do Secretário";"319542,44";"0";"90";"0";"0";"319542,44";"319542,44";"0";"140517,82";"179024,62";"0";"0";"140517,82";"140517,82";"498567,06";"319542,44";"0";"140517,82";"179024,62";"0";"0";"140517,82";"140517,82";"498567,06";"0";"0";"0";"0";"0";"0";"0";"0";"0";"0";"0";"0";"0";"0";"0";"0";"0";"0";"0";"37.50.15.451.3022.3.350.44903900.08.0";"05";"Serviços Técnicos Profissionais";"01";"Gerenciamento";"39";"Outros Serviços de Terceiros - Pessoa Jurídica";"0"
"333359";"6326";"2019";"22";"Secretaria Municipal de Infraestrutura Urbana e Obras";"10";"Gabinete do Secretário";"2";"Termo de Contrato - Serviços";"2";"Art. 22 - Inciso II Lei Federal  8.666/93";"3";"Tomada de Preços";"06/05/2019 00:00:00";"05/07/2019 00:00:00";"05/07/2019 00:00:00";"0";"0";"60";"0";"0";"0";"0";"E";"9";"umental";"-1";"-1";"";"";"";"";"41";"SEM REAJUSTE";"";"";"";"04/12/2018 00:00:00";"05/12/2018 00:00:00";"102";"";"";"";"004/18/SIURB";"6022201800006965";"S";"";"";"";"Prestação de serviços técnico-profissionais para elaboração do projeto executivo completo para readequação no Edifício anexo ao Palácio Anchieta.";"";"22";"Secretaria Municipal de Infraestrutura Urbana e Obras";"10";"Gabinete do Secretário";"239118,47";"0";"60";"0";"0";"239118,47";"239118,47";"0";"0";"239118,47";"0";"0";"0";"0";"239118,47";"239118,47";"0";"0";"239118,47";"0";"0";"0";"0";"239118,47";"0";"0";"0";"0";"0";"0";"0";"0";"0";"0";"0";"0";"0";"0";"0";"0";"0";"0";"0";"22.10.15.451.3022.5.085.44905100.00.0";"89";"Obras em Andamento - Uso Comum do Povo";"26";"Centros de Convivência e Similares";"51";"Obras e Instalações";"0"
"360858";"28941";"2019";"22";"Secretaria Municipal de Infra-Estrutura Urbana e Obras";"10";"Gabinete do Secretário";"2";"Termo de Contrato - Serviços";"1";"Art. 22 - Inciso I Lei Federal  8.666/93";"4";"Concorrência";"08/06/2015 00:00:00";"05/09/2015 00:00:00";"05/09/2015 00:00:00";"0";"0";"90";"674,31";"0";"674,31";"0";"A";"9";"umental";"2014";"10";"22";"Secretaria Municipal de Infra-Estrutura Urbana e Obras";"";"";"5";"EDIFICAÇÕES EM GERAL";"";"";"";"19/05/2015 00:00:00";"23/05/2015 00:00:00";"99";"";"";"";"";"201401136016";"P";"";"";"";"SP/G - MANUTENÇÃO DA EMEI MAGDALENA TAGLIAFERRO, referente a contratação nº 13784/15";"";"22";"Secretaria Municipal de Infra-Estrutura Urbana e Obras";"10";"Gabinete do Secretário";"674,31";"0";"90";"0";"0";"674,31";"674,31";"0";"674,31";"0";"0";"0";"674,31";"674,31";"0";"674,31";"0";"674,31";"0";"0";"0";"674,31";"674,31";"0";"0";"0";"0";"0";"0";"0";"0";"0";"0";"0";"0";"0";"0";"0";"0";"0";"0";"0";"0";"16.10.12.365.3010.2.878.33909200.00.0";"39";"Serviços de Terceiros - Pessoa Jurídica";"01";"Outros Serviços de Terceiros - Pessoa Jurídica - Tributável";"92";"Despesas de Exercícios Anteriores";"0"
"361305";"29328";"2019";"86";"Fundo Municipal de Saneamento Ambiental e Infraestrutura";"22";"FMSAI - Secretaria Municipal de Serviços e Obras";"5";"Nota de Empenho Fornecimento de Bens de Consumo e/ou Permanente";"8";"Art. 24 Inciso II da lei Federal 8.666/93";"6";"Dispensa de Licitação";"04/12/2019 00:00:00";"04/12/2019 00:00:00";"05/12/2019 00:00:00";"0";"0";"1";"0";"0";"0";"0";"E";"1";"";"-1";"-1";"";"";"";"";"41";"SEM REAJUSTE";"";"";"";"02/12/2019 00:00:00";"04/12/2019 00:00:00";"40";"";"";"";"";"6022201900057650";"S";"";"";"";"Melhoramento - Bacia do Córrego Paciência";"";"86";"Fundo Municipal de Saneamento Ambiental e Infraestrutura";"22";"FMSAI - Secretaria Municipal de Serviços e Obras";"225479,35";"0";"1";"0";"0";"225479,35";"225479,35";"0";"0";"225479,35";"0";"0";"0";"0";"0";"225479,35";"0";"0";"225479,35";"0";"0";"0";"0";"0";"0";"0";"0";"0";"0";"0";"0";"0";"0";"0";"0";"0";"0";"0";"0";"0";"0";"0";"0";"";"";"";"";"";"";"";"0"
"350724";"20442";"2019";"22";"Secretaria Municipal de Infraestrutura Urbana e Obras";"10";"Gabinete do Secretário";"2";"Termo de Contrato - Serviços";"7";"Art. 24 - Inciso I Lei Federal  8.666/93";"6";"Dispensa de Licitação";"07/10/2019 00:00:00";"05/12/2019 00:00:00";"05/12/2019 00:00:00";"0";"0";"60";"21236,23";"0";"21236,23";"0";"E";"9";"umental";"-1";"-1";"";"";"";"";"41";"SEM REAJUSTE";"";"";"";"23/08/2019 00:00:00";"24/08/2019 00:00:00";"36";"";"";"";"DL";"6022201900030353";"S";"";"";"";"serviços técnicos profissionais de levantamento planialtimétrico, sondagem, parecer técnico de fundações e desenvolvimento de projeto executivo de muro de contenção da EMEF Prof. Paulo Gonçalves dos Santos (CEU Alvarenga) na Estrada do Alvarenga, 3752";"";"22";"Secretaria Municipal de Infraestrutura Urbana e Obras";"10";"Gabinete do Secretário";"21236,23";"0";"60";"0";"0";"21236,23";"21236,23";"0";"21236,23";"0";"0";"0";"21236,23";"21236,23";"0";"21236,23";"0";"21236,23";"0";"0";"0";"21236,23";"21236,23";"0";"0";"0";"0";"0";"0";"0";"0";"0";"0";"0";"0";"0";"0";"0";"0";"0";"0";"0";"0";"16.10.12.361.3010.3.366.44905100.00.0";"89";"Obras em Andamento - Uso Comum do Povo";"02";"Escolas e Similares";"51";"Obras e Instalações";"0"
"361401";"29422";"2019";"86";"Fundo Municipal de Saneamento Ambiental e Infraestrutura";"22";"FMSAI - Secretaria Municipal de Serviços e Obras";"5";"Nota de Empenho Fornecimento de Bens de Consumo e/ou Permanente";"8";"Art. 24 Inciso II da lei Federal 8.666/93";"6";"Dispensa de Licitação";"05/12/2019 00:00:00";"05/12/2019 00:00:00";"05/12/2019 00:00:00";"0";"0";"1";"8217,77";"0";"8217,77";"0";"E";"1";"";"-1";"-1";"";"";"";"";"41";"SEM REAJUSTE";"";"";"";"03/12/2019 00:00:00";"05/12/2019 00:00:00";"41";"";"";"";"";"6022201900057600";"S";"";"";"";"Desapropriação - Melhoramento: Bacia do Córrego Paciência";"";"86";"Fundo Municipal de Saneamento Ambiental e Infraestrutura";"22";"FMSAI - Secretaria Municipal de Serviços e Obras";"8217,77";"0";"1";"0";"0";"8217,77";"8217,77";"0";"8217,77";"0";"0";"0";"8217,77";"8217,77";"0";"8217,77";"0";"8217,77";"0";"0";"0";"8217,77";"8217,77";"0";"0";"0";"0";"0";"0";"0";"0";"0";"0";"0";"0";"0";"0";"0";"0";"0";"0";"0";"0";"86.22.17.451.3005.5.013.44906100.03.0";"99";"Outras Aquisições de Bens Imóveis";"01";"Desapropriações";"61";"Aquisição de Imóveis";"0"
"350995";"20677";"2019";"86";"Fundo Municipal de Saneamento Ambiental e Infraestrutura";"22";"FMSAI - Secretaria Municipal de Serviços e Obras";"2";"Termo de Contrato - Serviços";"8";"Art. 24 Inciso II da lei Federal 8.666/93";"6";"Dispensa de Licitação";"10/07/2019 00:00:00";"05/01/2020 00:00:00";"06/01/2020 00:00:00";"0";"0";"180";"5135030,07";"0";"5135030,07";"0";"E";"9";"umental";"-1";"-1";"";"";"";"";"41";"SEM REAJUSTE";"";"";"";"26/08/2019 00:00:00";"28/08/2019 00:00:00";"27";"";"";"";"";"6022201900040227";"S";"";"";"";"Contrato emergencial para prestação de serviços técnicos profissionais especializados de engenharia consultiva em gerenciamento de programas de infraestrutura urbana e de execução e projetos de edificações públicas na cidade sob a responsabilidade da Secretaria Municipal de Infraestrutura Urbana e Obras da Cidade de São Paulo - SIURB - (LOTE 1)";"";"86";"Fundo Municipal de Saneamento Ambiental e Infraestrutura";"22";"FMSAI - Secretaria Municipal de Serviços e Obras";"5203760,12";"0";"180";"0";"0";"5203760,12";"5203760,12";"0";"5135030,07";"68730,05";"0";"0";"5135030,07";"5135030,07";"63925,10";"5203760,12";"0";"5135030,07";"68730,05";"0";"0";"5135030,07";"5135030,07";"63925,10";"0";"0";"0";"0";"0";"0";"0";"0";"0";"0";"0";"0";"0";"0";"0";"0";"0";"0";"0";"86.22.17.451.3005.5.013.44903900.03.0";"05";"Serviços Técnicos Profissionais";"01";"Gerenciamento";"39";"Outros Serviços de Terceiros - Pessoa Jurídica";"0"
"363325";"31099";"2019";"98";"Fundo de Desenvolvimento Urbano";"22";"FUNDURB - Secretaria Municipal de Infraestrutura Urbana e Obras";"2";"Termo de Contrato - Serviços";"10";"Art. 24 Inciso IV da lei Federal 8.666/93";"6";"Dispensa de Licitação";"10/07/2019 00:00:00";"05/01/2020 00:00:00";"06/01/2020 00:00:00";"0";"0";"180";"9856988,65";"0";"9856988,65";"0";"E";"9";"umental";"-1";"-1";"";"";"";"";"41";"SEM REAJUSTE";"";"";"";"20/12/2019 00:00:00";"";"";"";"";"";"";"7910201900004905";"S";"";"";"";"Contratação em caráter emergencial para elaboração de projeto estrutural e obra de recuperação dos Viadutos Miguel Mofarrej";"";"98";"Fundo de Desenvolvimento Urbano";"22";"FUNDURB - Secretaria Municipal de Infraestrutura Urbana e Obras";"11650754,69";"0";"180";"0";"0";"11650754,69";"11650754,69";"0";"9856988,65";"1793766,04";"0";"0";"9856988,65";"9856988,65";"1793766,04";"11650754,69";"0";"9856988,65";"1793766,04";"0";"0";"9856988,65";"9856988,65";"1793766,04";"0";"0";"0";"0";"0";"0";"0";"0";"0";"0";"0";"0";"0";"0";"0";"0";"0";"0";"0";"98.22.15.451.3009.5.187.44905100.08.0";"89";"Obras em Andamento - Uso Comum do Povo";"15";"Pontes, Pontilhões e Viadutos";"51";"Obras e Instalações";"0"
"338923";"11089";"2019";"22";"Secretaria Municipal de Infraestrutura Urbana e Obras";"10";"Gabinete do Secretário";"2";"Termo de Contrato - Serviços";"7";"Art. 24 - Inciso I Lei Federal  8.666/93";"6";"Dispensa de Licitação";"08/05/2019 00:00:00";"06/06/2019 00:00:00";"06/06/2019 00:00:00";"0";"0";"30";"13919,54";"0";"13919,54";"0";"A";"9";"umental";"-1";"-1";"";"";"";"";"41";"SEM REAJUSTE";"";"";"";"28/12/2018 00:00:00";"29/12/2018 00:00:00";"22";"";"";"";"DL";"201402604234";"P";"";"";"";"contratação de empresa para prestação de serviços técnicos profissionais para avaliação de contaminação para construção da UPA MOOCA";"";"22";"Secretaria Municipal de Infraestrutura Urbana e Obras";"10";"Gabinete do Secretário";"13919,54";"0";"30";"0";"0";"13919,54";"13919,54";"0";"13919,54";"0";"0";"0";"13919,54";"13919,54";"0";"13919,54";"0";"13919,54";"0";"0";"0";"13919,54";"13919,54";"0";"0";"0";"0";"0";"0";"0";"0";"0";"0";"0";"0";"0";"0";"0";"0";"0";"0";"0";"0";"84.10.10.302.3003.9.204.44905100.02.0";"89";"Obras em Andamento - Uso Comum do Povo";"01";"Hospitais e Similares";"51";"Obras e Instalações";"0"
"351258";"20893";"2019";"22";"Secretaria Municipal de Infraestrutura Urbana e Obras";"10";"Gabinete do Secretário";"5";"Nota de Empenho Fornecimento de Bens de Consumo e/ou Permanente";"8";"Art. 24 Inciso II da lei Federal 8.666/93";"6";"Dispensa de Licitação";"04/09/2019 00:00:00";"06/09/2019 00:00:00";"06/09/2019 00:00:00";"0";"0";"3";"1230";"0";"1230";"0";"E";"83";"";"2018";"6";"15";"Secretaria Municipal  de Modernização, Gestão e Desburocratização";"";"";"41";"SEM REAJUSTE";"";"";"15/10/2018 00:00:00";"21/08/2019 00:00:00";"23/08/2019 00:00:00";"26";"";"";"";"017/2018- COBES";"6022201900044141";"S";"";"";"";"Aquisição de açúcar amorfo/microcristalino";"";"22";"Secretaria Municipal de Infraestrutura Urbana e Obras";"10";"Gabinete do Secretário";"1230";"0";"3";"0";"0";"1230";"1230";"0";"1230";"0";"0";"0";"1230";"1230";"0";"1230";"0";"1230";"0";"0";"0";"1230";"1230";"0";"0";"0";"0";"0";"0";"0";"0";"0";"0";"0";"0";"0";"0";"0";"0";"0";"0";"0";"0";"22.10.15.122.3024.2.100.33903000.00.0";"07";"Gêneros de Alimentação";"01";"Açúcar";"30";"Material de Consumo";"0"
"357985";"26431";"2019";"22";"Secretaria Municipal de Infraestrutura Urbana e Obras";"10";"Gabinete do Secretário";"5";"Nota de Empenho Fornecimento de Bens de Consumo e/ou Permanente";"8";"Art. 24 Inciso II da lei Federal 8.666/93";"6";"Dispensa de Licitação";"06/11/2019 00:00:00";"06/11/2019 00:00:00";"06/11/2019 00:00:00";"0";"0";"1";"748,51";"0";"748,51";"0";"A";"1";"";"-1";"-1";"";"";"";"";"41";"SEM REAJUSTE";"";"";"";"05/11/2019 00:00:00";"06/11/2019 00:00:00";"41";"";"";"";"";"201300329196";"P";"";"";"";"Desapropriação - Prolongamento da Av. Jornalista Roberto Marinho - Parque Linear.";"";"22";"Secretaria Municipal de Infraestrutura Urbana e Obras";"10";"Gabinete do Secretário";"748,51";"0";"1";"0";"0";"748,51";"748,51";"0";"748,51";"0";"0";"0";"748,51";"748,51";"0";"748,51";"0";"748,51";"0";"0";"0";"748,51";"748,51";"0";"0";"0";"0";"0";"0";"0";"0";"0";"0";"0";"0";"0";"0";"0";"0";"0";"0";"0";"0";"37.30.15.451.3009.5.100.44906100.08.0";"99";"Outras Aquisições de Bens Imóveis";"01";"Desapropriações";"61";"Aquisição de Imóveis";"0"
"347049";"17620";"2019";"22";"Secretaria Municipal de Infraestrutura Urbana e Obras";"10";"Gabinete do Secretário";"2";"Termo de Contrato - Serviços";"2";"Art. 22 - Inciso II Lei Federal  8.666/93";"3";"Tomada de Preços";"09/08/2019 00:00:00";"06/11/2019 00:00:00";"06/11/2019 00:00:00";"0";"0";"90";"2114348,54";"0";"2114348,54";"0";"E";"9";"umental";"-1";"-1";"";"";"";"";"26";"CONSULTORIA";"";"";"";"22/07/2019 00:00:00";"23/07/2019 00:00:00";"";"";"";"";"";"7910201900003704";"S";"";"";"";"omada de Preços Nº 002/2019 - Contratação de empresa especializada em engenharia e arquitetura para execução das obras de implantação do Descomplica SP - Unidade São Mateus - Adjudicação e Contratação.";"";"22";"Secretaria Municipal de Infraestrutura Urbana e Obras";"10";"Gabinete do Secretário";"1788631,30";"0";"90";"325717,24";"0";"2114348,54";"2114348,54";"0";"2114348,54";"0";"0";"0";"2114348,54";"2114348,54";"15637,16";"2114348,54";"0";"2114348,54";"0";"0";"0";"2114348,54";"2114348,54";"15637,16";"0";"0";"0";"0";"0";"0";"0";"0";"0";"0";"0";"18,21";"0";"0";"0";"0";"0";"0";"0";"23.10.04.126.3011.1.358.44905100.00.0";"92";"Instalações";"99";"Outras Instalações";"51";"Obras e Instalações";"0"
"358003";"26447";"2019";"22";"Secretaria Municipal de Infraestrutura Urbana e Obras";"10";"Gabinete do Secretário";"5";"Nota de Empenho Fornecimento de Bens de Consumo e/ou Permanente";"8";"Art. 24 Inciso II da lei Federal 8.666/93";"6";"Dispensa de Licitação";"06/11/2019 00:00:00";"06/11/2019 00:00:00";"06/11/2019 00:00:00";"0";"0";"1";"17209,30";"0";"17209,30";"0";"A";"1";"";"-1";"-1";"";"";"";"";"41";"SEM REAJUSTE";"";"";"";"05/11/2019 00:00:00";"06/11/2019 00:00:00";"41";"";"";"";"";"201302902233";"P";"";"";"";"Desapropriação - Prolongamento da Av. Dr. Chucri Zaidan até a Av. João Dias.";"";"22";"Secretaria Municipal de Infraestrutura Urbana e Obras";"10";"Gabinete do Secretário";"17209,30";"0";"1";"0";"0";"17209,30";"17209,30";"0";"17209,30";"0";"0";"0";"17209,30";"17209,30";"0";"17209,30";"0";"17209,30";"0";"0";"0";"17209,30";"17209,30";"0";"0";"0";"0";"0";"0";"0";"0";"0";"0";"0";"0";"0";"0";"0";"0";"0";"0";"0";"0";"37.30.15.451.3009.5.100.44906100.08.0";"99";"Outras Aquisições de Bens Imóveis";"01";"Desapropriações";"61";"Aquisição de Imóveis";"0"
"360893";"28975";"2019";"22";"Secretaria Municipal de Infra-Estrutura Urbana e Obras";"10";"Gabinete do Secretário";"2";"Termo de Contrato - Serviços";"1";"Art. 22 - Inciso I Lei Federal  8.666/93";"4";"Concorrência";"08/09/2015 00:00:00";"06/12/2015 00:00:00";"06/12/2015 00:00:00";"0";"0";"90";"17596,48";"0";"17596,48";"0";"E";"9";"umental";"2014";"29";"22";"Secretaria Municipal de Infra-Estrutura Urbana e Obras";"";"";"5";"EDIFICAÇÕES EM GERAL";"";"";"";"24/08/2015 00:00:00";"27/08/2015 00:00:00";"86";"";"";"";"";"201401081955";"P";"";"";"";"SP/MG - MANUTENÇÃO DA EMEF ALMIRANTE TAMANDARÉ, referente a contratação nº 23053/15";"";"22";"Secretaria Municipal de Infra-Estrutura Urbana e Obras";"10";"Gabinete do Secretário";"17596,48";"0";"90";"0";"0";"17596,48";"17596,48";"0";"17596,48";"0";"0";"0";"17596,48";"17596,48";"0";"17596,48";"0";"17596,48";"0";"0";"0";"17596,48";"17596,48";"0";"0";"0";"0";"0";"0";"0";"0";"0";"0";"0";"0";"0";"0";"0";"0";"0";"0";"0";"0";"16.10.12.361.3010.2.879.33909200.00.0";"39";"Serviços de Terceiros - Pessoa Jurídica";"01";"Outros Serviços de Terceiros - Pessoa Jurídica - Tributável";"92";"Despesas de Exercícios Anteriores";"0"
"360871";"28953";"2019";"22";"Secretaria Municipal de Infra-Estrutura Urbana e Obras";"10";"Gabinete do Secretário";"2";"Termo de Contrato - Serviços";"1";"Art. 22 - Inciso I Lei Federal  8.666/93";"4";"Concorrência";"08/09/2015 00:00:00";"06/12/2015 00:00:00";"06/12/2015 00:00:00";"0";"0";"90";"23284,51";"0";"23284,51";"0";"A";"9";"umental";"2014";"10";"22";"Secretaria Municipal de Infra-Estrutura Urbana e Obras";"";"";"5";"EDIFICAÇÕES EM GERAL";"";"";"";"18/08/2015 00:00:00";"25/08/2015 00:00:00";"69";"";"";"";"";"201401147212";"P";"";"";"";"SP/G - MANUTENÇÃO DA CEI DIRETO NEIDE KETELHUT, referente a contratação nº 22745";"";"22";"Secretaria Municipal de Infra-Estrutura Urbana e Obras";"10";"Gabinete do Secretário";"23284,51";"0";"90";"0";"0";"23284,51";"23284,51";"0";"23284,51";"0";"0";"0";"23284,51";"23284,51";"0";"23284,51";"0";"23284,51";"0";"0";"0";"23284,51";"23284,51";"0";"0";"0";"0";"0";"0";"0";"0";"0";"0";"0";"0";"0";"0";"0";"0";"0";"0";"0";"0";"16.10.12.365.3010.2.878.33909200.00.0";"39";"Serviços de Terceiros - Pessoa Jurídica";"01";"Outros Serviços de Terceiros - Pessoa Jurídica - Tributável";"92";"Despesas de Exercícios Anteriores";"0"
"360866";"28948";"2019";"22";"Secretaria Municipal de Infra-Estrutura Urbana e Obras";"10";"Gabinete do Secretário";"2";"Termo de Contrato - Serviços";"1";"Art. 22 - Inciso I Lei Federal  8.666/93";"4";"Concorrência";"08/09/2015 00:00:00";"06/12/2015 00:00:00";"06/12/2015 00:00:00";"0";"0";"90";"14382,54";"0";"14382,54";"0";"E";"9";"umental";"2014";"11";"22";"Secretaria Municipal de Infra-Estrutura Urbana e Obras";"";"";"5";"EDIFICAÇÕES EM GERAL";"";"";"";"17/08/2015 00:00:00";"21/08/2015 00:00:00";"81";"";"";"";"";"201103544248";"P";"";"";"";"SP/IP - MANUTENÇÃO DA CEI INDIRETO FREI SERGIO CALIXTO VAL VERDE, referente a contratação nº 22565/15";"";"22";"Secretaria Municipal de Infra-Estrutura Urbana e Obras";"10";"Gabinete do Secretário";"14382,54";"0";"90";"0";"0";"14382,54";"14382,54";"0";"14382,54";"0";"0";"0";"14382,54";"14382,54";"0";"14382,54";"0";"14382,54";"0";"0";"0";"14382,54";"14382,54";"0";"0";"0";"0";"0";"0";"0";"0";"0";"0";"0";"0";"0";"0";"0";"0";"0";"0";"0";"0";"16.10.12.365.3010.2.878.33909200.00.0";"39";"Serviços de Terceiros - Pessoa Jurídica";"01";"Outros Serviços de Terceiros - Pessoa Jurídica - Tributável";"92";"Despesas de Exercícios Anteriores";"0"
"360868";"28950";"2019";"22";"Secretaria Municipal de Infra-Estrutura Urbana e Obras";"10";"Gabinete do Secretário";"2";"Termo de Contrato - Serviços";"1";"Art. 22 - Inciso I Lei Federal  8.666/93";"4";"Concorrência";"08/09/2015 00:00:00";"06/12/2015 00:00:00";"06/12/2015 00:00:00";"0";"0";"90";"20261,88";"0";"20261,88";"0";"A";"9";"umental";"2014";"4";"22";"Secretaria Municipal de Infra-Estrutura Urbana e Obras";"";"";"5";"EDIFICAÇÕES EM GERAL";"";"";"";"17/08/2015 00:00:00";"21/08/2015 00:00:00";"81";"";"";"";"";"201500204044";"P";"";"";"";"SP/CS - MANUTENÇÃO DA EMEI DOUTOR ARISTIDES NOGUEIRA, referente a contratação nº 22569/15";"";"22";"Secretaria Municipal de Infra-Estrutura Urbana e Obras";"10";"Gabinete do Secretário";"20261,88";"0";"90";"0";"0";"20261,88";"20261,88";"0";"20261,88";"0";"0";"0";"20261,88";"20261,88";"0";"20261,88";"0";"20261,88";"0";"0";"0";"20261,88";"20261,88";"0";"0";"0";"0";"0";"0";"0";"0";"0";"0";"0";"0";"0";"0";"0";"0";"0";"0";"0";"0";"16.10.12.365.3010.2.878.33909200.00.0";"39";"Serviços de Terceiros - Pessoa Jurídica";"01";"Outros Serviços de Terceiros - Pessoa Jurídica - Tributável";"92";"Despesas de Exercícios Anteriores";"0"
"358322";"26726";"2019";"98";"Fundo de Desenvolvimento Urbano";"22";"FUNDURB - Secretaria Municipal de Infraestrutura Urbana e Obras";"30";"Nota de Empenho para Fornecimento de Serviços";"8";"Art. 24 Inciso II da lei Federal 8.666/93";"6";"Dispensa de Licitação";"08/11/2019 00:00:00";"07/03/2020 00:00:00";"07/03/2020 00:00:00";"0";"0";"120";"0";"0";"0";"0";"E";"1";"";"-1";"-1";"";"";"";"";"41";"SEM REAJUSTE";"";"";"";"07/11/2019 00:00:00";"08/11/2019 00:00:00";"25";"";"";"";"";"7910201900007629";"S";"";"";"";"Execução de serviços de remanejamento de rede aérea de distribuição de energia elétrica e implantação de posteamento provisório pela Rua Preta";"";"98";"Fundo de Desenvolvimento Urbano";"22";"FUNDURB - Secretaria Municipal de Infraestrutura Urbana e Obras";"247337,60";"0";"120";"0";"0";"247337,60";"247337,60";"0";"0";"247337,60";"0";"0";"0";"0";"247337,60";"247337,60";"0";"0";"247337,60";"0";"0";"0";"0";"247337,60";"0";"0";"0";"0";"0";"0";"0";"0";"0";"0";"0";"0";"0";"0";"0";"0";"0";"0";"0";"98.22.15.451.3009.5.100.44905100.08.0";"99";"Outras Obras e Instalações";"04";"Remanejamento de Interferências";"51";"Obras e Instalações";"0"
"337673";"9985";"2019";"22";"Secretaria Municipal de Infraestrutura Urbana e Obras";"10";"Gabinete do Secretário";"2";"Termo de Contrato - Serviços";"1";"Art. 22 - Inciso I Lei Federal  8.666/93";"4";"Concorrência";"09/04/2019 00:00:00";"07/04/2020 00:00:00";"07/04/2020 00:00:00";"0";"0";"364";"50000";"0";"49350";"0";"E";"9";"umental";"-1";"-1";"";"";"";"";"41";"SEM REAJUSTE";"";"";"";"09/04/2019 00:00:00";"12/04/2019 00:00:00";"35";"";"";"";"";"7910201900002201";"S";"";"";"";"Reembolso das despesas de esgotamento do tunel do Lote 5 da OUCAE.";"";"22";"Secretaria Municipal de Infraestrutura Urbana e Obras";"10";"Gabinete do Secretário";"50000";"0";"364";"0";"0";"50000";"50000";"0";"49350";"650";"0";"0";"49350";"49350";"650";"50000";"0";"49350";"650";"0";"0";"49350";"49350";"650";"0";"0";"0";"0";"0";"0";"0";"0";"0";"0";"0";"0";"0";"0";"0";"0";"0";"0";"0";"37.30.15.451.3009.5.100.44903900.08.0";"05";"Serviços Técnicos Profissionais";"01";"Gerenciamento";"39";"Outros Serviços de Terceiros - Pessoa Jurídica";"0"
"338166";"10429";"2019";"22";"Secretaria Municipal de Infraestrutura Urbana e Obras";"10";"Gabinete do Secretário";"2";"Termo de Contrato - Serviços";"4";"Art. 22 - Inciso IV Lei Federal  8.666/93";"1";"Concurso";"08/01/2019 00:00:00";"07/05/2019 00:00:00";"07/05/2019 00:00:00";"0";"0";"120";"1207164,13";"0";"1203222,39";"0";"E";"9";"umental";"-1";"-1";"";"";"";"";"41";"SEM REAJUSTE";"";"";"";"16/04/2019 00:00:00";"17/04/2019 00:00:00";"28";"";"";"";"emergência";"201900008714";"P";"";"";"";"Contenção  de talude junto à divisa das áreas da quadra de esportes e playground e obras complementares  na  EMEF Deputado Rogê Ferreira - Rua Philonilia Gonçalves dos Santos";"";"22";"Secretaria Municipal de Infraestrutura Urbana e Obras";"10";"Gabinete do Secretário";"1207164,13";"0";"120";"0";"0";"1207164,13";"1207164,13";"0";"1203222,39";"3941,74";"0";"0";"1203222,39";"1203222,39";"3941,74";"1207164,13";"0";"1203222,39";"3941,74";"0";"0";"1203222,39";"1203222,39";"3941,74";"0";"0";"0";"0";"0";"0";"0";"0";"0";"0";"0";"0";"0";"0";"0";"0";"0";"0";"0";"16.10.12.361.3010.3.366.44905100.00.0";"89";"Obras em Andamento - Uso Comum do Povo";"02";"Escolas e Similares";"51";"Obras e Instalações";"0"
"343338";"14721";"2019";"22";"Secretaria Municipal de Infraestrutura Urbana e Obras";"10";"Gabinete do Secretário";"30";"Nota de Empenho para Fornecimento de Serviços";"2";"Art. 22 - Inciso II Lei Federal  8.666/93";"3";"Tomada de Preços";"18/06/2019 00:00:00";"07/07/2019 00:00:00";"07/07/2019 00:00:00";"0";"0";"20";"2296,80";"0";"2296,80";"0";"E";"9";"umental";"-1";"-1";"";"";"";"";"41";"SEM REAJUSTE";"";"";"";"12/06/2019 00:00:00";"13/06/2019 00:00:00";"32";"";"";"";"";"6022201900029169";"S";"";"";"";"Prestação de serviços de impressão e aquisição de etiquetas patrimoniais no formato de código de barras";"";"22";"Secretaria Municipal de Infraestrutura Urbana e Obras";"10";"Gabinete do Secretário";"2296,80";"0";"20";"0";"0";"2296,80";"2296,80";"0";"2296,80";"0";"0";"0";"2296,80";"2296,80";"0";"2296,80";"0";"2296,80";"0";"0";"0";"2296,80";"2296,80";"0";"0";"0";"0";"0";"0";"0";"0";"0";"0";"0";"0";"0";"0";"0";"0";"0";"0";"0";"0";"22.10.15.122.3024.2.100.33903900.00.0";"63";"Serviços Gráficos e Editoriais";"99";"Outros Serviços Gráficos";"39";"Outros Serviços de Terceiros - Pessoa Jurídica";"0"
"348635";"18848";"2019";"22";"Secretaria Municipal de Infraestrutura Urbana e Obras";"10";"Gabinete do Secretário";"5";"Nota de Empenho Fornecimento de Bens de Consumo e/ou Permanente";"8";"Art. 24 Inciso II da lei Federal 8.666/93";"6";"Dispensa de Licitação";"07/08/2019 00:00:00";"07/08/2019 00:00:00";"07/08/2019 00:00:00";"0";"0";"1";"138128,01";"0";"138128,01";"0";"A";"1";"";"-1";"-1";"";"";"";"";"41";"SEM REAJUSTE";"";"";"";"06/08/2019 00:00:00";"07/08/2019 00:00:00";"31";"";"";"";"";"200903076949";"P";"";"";"";"Implantação de melhoramento HIS Área 36 - Desap";"";"22";"Secretaria Municipal de Infraestrutura Urbana e Obras";"10";"Gabinete do Secretário";"138128,01";"0";"1";"0";"0";"138128,01";"138128,01";"0";"138128,01";"0";"0";"0";"138128,01";"138128,01";"0";"138128,01";"0";"138128,01";"0";"0";"0";"138128,01";"138128,01";"0";"0";"0";"0";"0";"0";"0";"0";"0";"0";"0";"0";"0";"0";"0";"0";"0";"0";"0";"0";"37.30.16.451.3002.3.357.44906100.08.0";"99";"Outras Aquisições de Bens Imóveis";"01";"Desapropriações";"61";"Aquisição de Imóveis";"0"
"363563";"31303";"2019";"22";"Secretaria Municipal de Infraestrutura Urbana e Obras";"10";"Gabinete do Secretário";"2";"Termo de Contrato - Serviços";"1";"Art. 22 - Inciso I Lei Federal  8.666/93";"4";"Concorrência";"11/03/2020 00:00:00";"07/09/2020 00:00:00";"07/09/2020 00:00:00";"0";"0";"180";"212060,66";"24450,63";"105860,25";"24450,63";"S";"9";"umental";"-1";"-1";"";"";"";"";"41";"SEM REAJUSTE";"142/SIURB/2019";"ALESSANDRO PERECIN";"01/02/2018 00:00:00";"20/12/2019 00:00:00";"21/12/2019 00:00:00";"41";"27/12/2019 00:00:00";"15/01/2020 00:00:00";"";"";"7910201900009478";"S";"818558-1";"Douglas de Paula D'Amaro";"FISCAL";"Ata de RP nº 002/COHAB/2019 -  Contratação de empresa para execução de avaliação ambiental preliminar e investigação confirmatória em imóveis na Av. Santo Amaro nº 749, 1027, 1451-1455, 1461-1469, 1481 e 1543";"";"22";"Secretaria Municipal de Infraestrutura Urbana e Obras";"10";"Gabinete do Secretário";"212060,66";"0";"180";"0";"24450,63";"236511,29";"236511,29";"0";"130310,88";"0";"106200,41";"0";"130310,88";"130310,88";"465639,32";"212060,66";"0";"105860,25";"0";"106200,41";"0";"105860,25";"105860,25";"465639,32";"24450,63";"0";"24450,63";"0";"0";"0";"24450,63";"24450,63";"0";"0";"0";"0";"0";"0";"0";"0";"0";"0";"0";"37.50.15.451.3022.3.350.44903900.08.0";"05";"Serviços Técnicos Profissionais";"01";"Gerenciamento";"39";"Outros Serviços de Terceiros - Pessoa Jurídica";"106200,41"
"363566";"31306";"2019";"22";"Secretaria Municipal de Infraestrutura Urbana e Obras";"10";"Gabinete do Secretário";"2";"Termo de Contrato - Serviços";"1";"Art. 22 - Inciso I Lei Federal  8.666/93";"4";"Concorrência";"11/03/2020 00:00:00";"07/09/2020 00:00:00";"07/09/2020 00:00:00";"0";"0";"180";"48735";"0";"48735";"0";"E";"9";"umental";"-1";"-1";"";"";"";"";"41";"SEM REAJUSTE";"";"";"";"20/12/2019 00:00:00";"21/12/2019 00:00:00";"41";"";"";"";"";"6022201900009486";"S";"";"";"";"Ata de RP nº 002/COHAB/2019 -  Contratação de empresa para execução de avaliação ambiental preliminar e investigação confirmatória em imóveis na Av. Santo Amaro nº 1703, 1707, 2169, 2189 e 2455";"";"22";"Secretaria Municipal de Infraestrutura Urbana e Obras";"10";"Gabinete do Secretário";"215705,22";"0";"180";"0";"25243,50";"240948,72";"240948,72";"0";"48735";"192213,72";"0";"0";"48735";"48735";"602675,44";"215705,22";"0";"48735";"166970,22";"0";"0";"48735";"48735";"577431,94";"25243,50";"0";"0";"25243,50";"0";"0";"0";"0";"25243,50";"0";"0";"0";"0";"0";"0";"0";"0";"0";"0";"37.50.15.451.3022.3.350.44903900.08.0";"05";"Serviços Técnicos Profissionais";"01";"Gerenciamento";"39";"Outros Serviços de Terceiros - Pessoa Jurídica";"0"
"348610";"18831";"2019";"22";"Secretaria Municipal de Infraestrutura Urbana e Obras";"10";"Gabinete do Secretário";"2";"Termo de Contrato - Serviços";"8";"Art. 24 Inciso II da lei Federal 8.666/93";"6";"Dispensa de Licitação";"14/01/2019 00:00:00";"08/01/2020 00:00:00";"08/01/2020 00:00:00";"0";"0";"359";"15196882,24";"0";"3213462,02";"0";"S";"9";"umental";"-1";"-1";"";"";"";"";"41";"SEM REAJUSTE";"014/SIURB/2019";"";"";"12/01/2019 00:00:00";"13/01/2019 00:00:00";"";"";"";"";"";"6022201900020188";"S";"";"";"";"Contratação de empresa para prestação de serviços para o desenvolvimento do Programa de Gestão de Manutenção dos Ativos da Cidade de São Paulo, inicialmente composto por pontes, passarelas, pontilhões e viadutos.";"";"22";"Secretaria Municipal de Infraestrutura Urbana e Obras";"10";"Gabinete do Secretário";"15196882,24";"0";"359";"0";"0";"15196882,24";"15196882,24";"0";"3213462,02";"0";"11983420,22";"0";"3213462,02";"3213462,02";"1919,92";"15196882,24";"0";"3213462,02";"0";"11983420,22";"0";"3213462,02";"3213462,02";"1919,92";"0";"0";"0";"0";"0";"0";"0";"0";"0";"0";"0";"0";"0";"0";"0";"0";"0";"0";"0";"22.10.15.451.3009.5.187.44903900.00.0";"05";"Serviços Técnicos Profissionais";"01";"Gerenciamento";"39";"Outros Serviços de Terceiros - Pessoa Jurídica";"11983420,22"
"345081";"16028";"2019";"86";"Fundo Municipal de Saneamento Ambiental e Infraestrutura";"22";"FMSAI - Secretaria Municipal de Serviços e Obras";"2";"Termo de Contrato - Serviços";"8";"Art. 24 Inciso II da lei Federal 8.666/93";"6";"Dispensa de Licitação";"10/09/2018 00:00:00";"08/03/2019 00:00:00";"08/03/2019 00:00:00";"0";"0";"180";"2111785,56";"0";"2111785,56";"0";"A";"9";"umental";"-1";"-1";"";"";"";"";"41";"SEM REAJUSTE";"";"";"";"10/09/2018 00:00:00";"11/09/2018 00:00:00";"";"";"";"";"";"201800918000";"P";"";"";"";"Execução de obras emergencial para recuperação estrutural de Galeria de Águas Pluviais, localizada entre a Av. Armação dos Búzios e Rua Dr. Luiz Aires.";"";"86";"Fundo Municipal de Saneamento Ambiental e Infraestrutura";"22";"FMSAI - Secretaria Municipal de Serviços e Obras";"2111785,56";"0";"180";"0";"0";"2111785,56";"2111785,56";"0";"2111785,56";"0";"0";"0";"2111785,56";"2111785,56";"2111785,56";"2111785,56";"0";"2111785,56";"0";"0";"0";"2111785,56";"2111785,56";"2111785,56";"0";"0";"0";"0";"0";"0";"0";"0";"0";"0";"0";"0";"0";"0";"0";"0";"0";"0";"0";"86.22.17.451.3005.5.013.44905100.03.0";"89";"Obras em Andamento - Uso Comum do Povo";"22";"Canalização de Córregos";"51";"Obras e Instalações";"0"
"336819";"9222";"2019";"22";"Secretaria Municipal de Infraestrutura Urbana e Obras";"10";"Gabinete do Secretário";"5";"Nota de Empenho Fornecimento de Bens de Consumo e/ou Permanente";"8";"Art. 24 Inciso II da lei Federal 8.666/93";"6";"Dispensa de Licitação";"08/04/2019 00:00:00";"08/04/2019 00:00:00";"08/04/2019 00:00:00";"0";"0";"1";"10955,69";"0";"10955,69";"0";"A";"1";"";"-1";"-1";"";"";"";"";"41";"SEM REAJUSTE";"";"";"08/04/2019 00:00:00";"03/04/2019 00:00:00";"06/04/2019 00:00:00";"43";"";"";"";"";"201300365966";"P";"";"";"";"Implantação de Melhoramento - Prolongamento da Av. Jornalista Roberto Marinho - Parque Linear.";"";"22";"Secretaria Municipal de Infraestrutura Urbana e Obras";"10";"Gabinete do Secretário";"10955,69";"0";"1";"0";"0";"10955,69";"10955,69";"0";"10955,69";"0";"0";"0";"10955,69";"10955,69";"0";"10955,69";"0";"10955,69";"0";"0";"0";"10955,69";"10955,69";"0";"0";"0";"0";"0";"0";"0";"0";"0";"0";"0";"0";"0";"0";"0";"0";"0";"0";"0";"0";"37.30.15.451.3009.5.100.44906100.08.0";"99";"Outras Aquisições de Bens Imóveis";"01";"Desapropriações";"61";"Aquisição de Imóveis";"0"
"337665";"9977";"2019";"22";"Secretaria Municipal de Infraestrutura Urbana e Obras";"10";"Gabinete do Secretário";"2";"Termo de Contrato - Serviços";"1";"Art. 22 - Inciso I Lei Federal  8.666/93";"4";"Concorrência";"09/04/2019 00:00:00";"07/04/2020 00:00:00";"08/04/2020 00:00:00";"0";"0";"365";"0";"0";"0";"0";"E";"9";"umental";"-1";"-1";"";"";"";"";"41";"SEM REAJUSTE";"";"";"";"09/04/2019 00:00:00";"12/04/2019 00:00:00";"35";"";"";"";"";"7910201900002210";"S";"";"";"";"Recursos para atender despesas com custas judiciais HIS - OUCAE";"";"22";"Secretaria Municipal de Infraestrutura Urbana e Obras";"10";"Gabinete do Secretário";"8000";"0";"365";"0";"0";"8000";"8000";"0";"0";"8000";"0";"0";"0";"0";"8000";"8000";"0";"0";"8000";"0";"0";"0";"0";"8000";"0";"0";"0";"0";"0";"0";"0";"0";"0";"0";"0";"0";"0";"0";"0";"0";"0";"0";"0";"37.30.16.451.3002.3.357.44906100.08.0";"99";"Outras Aquisições de Bens Imóveis";"01";"Desapropriações";"61";"Aquisição de Imóveis";"0"
"337679";"9991";"2019";"22";"Secretaria Municipal de Infraestrutura Urbana e Obras";"10";"Gabinete do Secretário";"2";"Termo de Contrato - Serviços";"1";"Art. 22 - Inciso I Lei Federal  8.666/93";"4";"Concorrência";"09/04/2019 00:00:00";"07/04/2020 00:00:00";"08/04/2020 00:00:00";"0";"0";"365";"9549,57";"0";"9549,57";"0";"E";"9";"umental";"-1";"-1";"";"";"";"";"41";"SEM REAJUSTE";"";"";"";"09/04/2019 00:00:00";"12/04/2019 00:00:00";"35";"";"";"";"";"7910201900002228";"S";"";"";"";"Recursos para atender despesas com Assistentes técnicos - HIS - OUCAE";"";"22";"Secretaria Municipal de Infraestrutura Urbana e Obras";"10";"Gabinete do Secretário";"32000";"0";"365";"0";"0";"32000";"32000";"0";"9549,57";"22450,43";"0";"0";"9549,57";"9549,57";"22450,43";"32000";"0";"9549,57";"22450,43";"0";"0";"9549,57";"9549,57";"22450,43";"0";"0";"0";"0";"0";"0";"0";"0";"0";"0";"0";"0";"0";"0";"0";"0";"0";"0";"0";"37.30.16.451.3002.3.357.44903900.08.0";"05";"Serviços Técnicos Profissionais";"01";"Gerenciamento";"39";"Outros Serviços de Terceiros - Pessoa Jurídica";"0"
"338144";"10408";"2019";"86";"Fundo Municipal de Saneamento Ambiental e Infraestrutura";"22";"FMSAI - Secretaria Municipal de Serviços e Obras";"2";"Termo de Contrato - Serviços";"1";"Art. 22 - Inciso I Lei Federal  8.666/93";"4";"Concorrência";"13/05/2019 00:00:00";"08/11/2019 00:00:00";"08/11/2019 00:00:00";"0";"0";"180";"247987,03";"0";"239661,72";"0";"A";"1";"";"-1";"-1";"";"";"";"";"41";"SEM REAJUSTE";"";"";"";"09/04/2019 00:00:00";"11/04/2019 00:00:00";"61";"";"";"";"";"201700699055";"P";"";"";"";"Contratação de projeto  básico de drenagem  no entorno do Parque Municipal Laguinho- Jacques Cousteau";"";"86";"Fundo Municipal de Saneamento Ambiental e Infraestrutura";"22";"FMSAI - Secretaria Municipal de Serviços e Obras";"247987,03";"0";"180";"0";"0";"247987,03";"247987,03";"0";"239661,72";"0";"8325,31";"0";"239661,72";"239661,72";"8325,31";"247987,03";"0";"239661,72";"0";"8325,31";"0";"239661,72";"239661,72";"8325,31";"0";"0";"0";"0";"0";"0";"0";"0";"0";"0";"0";"0";"0";"0";"0";"0";"0";"0";"0";"86.22.17.451.3005.5.013.44903900.03.0";"05";"Serviços Técnicos Profissionais";"01";"Gerenciamento";"39";"Outros Serviços de Terceiros - Pessoa Jurídica";"8325,31"
"358454";"26850";"2019";"98";"Fundo de Desenvolvimento Urbano";"22";"FUNDURB - Secretaria Municipal de Infraestrutura Urbana e Obras";"5";"Nota de Empenho Fornecimento de Bens de Consumo e/ou Permanente";"8";"Art. 24 Inciso II da lei Federal 8.666/93";"6";"Dispensa de Licitação";"27/09/2019 00:00:00";"08/11/2019 00:00:00";"08/11/2019 00:00:00";"0";"0";"43";"355372,79";"0";"355372,79";"0";"E";"1";"";"-1";"-1";"";"";"";"";"41";"SEM REAJUSTE";"";"";"";"25/09/2019 00:00:00";"27/09/2019 00:00:00";"36";"";"";"";"";"7910201900004174";"S";"";"";"";"Desapropriação - Melhoramento: Ligação Viária Pirituba-Lapa";"";"98";"Fundo de Desenvolvimento Urbano";"22";"FUNDURB - Secretaria Municipal de Infraestrutura Urbana e Obras";"355372,79";"0";"43";"0";"0";"355372,79";"355372,79";"0";"355372,79";"0";"0";"0";"355372,79";"355372,79";"0";"355372,79";"0";"355372,79";"0";"0";"0";"355372,79";"355372,79";"0";"0";"0";"0";"0";"0";"0";"0";"0";"0";"0";"0";"0";"0";"0";"0";"0";"0";"0";"0";"98.22.15.451.3009.5.100.44906100.08.0";"99";"Outras Aquisições de Bens Imóveis";"01";"Desapropriações";"61";"Aquisição de Imóveis";"0"
"360855";"28939";"2019";"22";"Secretaria Municipal de Infra-Estrutura Urbana e Obras";"10";"Gabinete do Secretário";"2";"Termo de Contrato - Serviços";"1";"Art. 22 - Inciso I Lei Federal  8.666/93";"4";"Concorrência";"10/09/2015 00:00:00";"08/12/2015 00:00:00";"08/12/2015 00:00:00";"0";"0";"90";"20408,70";"0";"20408,70";"0";"E";"9";"umental";"2014";"12";"22";"Secretaria Municipal de Infra-Estrutura Urbana e Obras";"";"";"5";"EDIFICAÇÕES EM GERAL";"";"";"";"18/08/2015 00:00:00";"21/08/2015 00:00:00";"80";"";"";"";"";"201303504100";"P";"";"";"";"SP/IT - MANUTENÇÃO DA CEI DIRETA MARIA APARECIDA DOS SANTOS, referente a contratação nº 22576/15";"";"22";"Secretaria Municipal de Infra-Estrutura Urbana e Obras";"10";"Gabinete do Secretário";"20408,70";"0";"90";"0";"0";"20408,70";"20408,70";"0";"20408,70";"0";"0";"0";"20408,70";"20408,70";"0";"20408,70";"0";"20408,70";"0";"0";"0";"20408,70";"20408,70";"0";"0";"0";"0";"0";"0";"0";"0";"0";"0";"0";"0";"0";"0";"0";"0";"0";"0";"0";"0";"16.10.12.365.3010.2.878.33909200.00.0";"39";"Serviços de Terceiros - Pessoa Jurídica";"01";"Outros Serviços de Terceiros - Pessoa Jurídica - Tributável";"92";"Despesas de Exercícios Anteriores";"0"
"360864";"28946";"2019";"22";"Secretaria Municipal de Infra-Estrutura Urbana e Obras";"10";"Gabinete do Secretário";"2";"Termo de Contrato - Serviços";"1";"Art. 22 - Inciso I Lei Federal  8.666/93";"4";"Concorrência";"10/09/2015 00:00:00";"08/12/2015 00:00:00";"08/12/2015 00:00:00";"0";"0";"90";"14374,21";"0";"14374,21";"0";"E";"9";"umental";"2014";"12";"22";"Secretaria Municipal de Infra-Estrutura Urbana e Obras";"";"";"5";"EDIFICAÇÕES EM GERAL";"";"";"";"17/08/2015 00:00:00";"21/08/2015 00:00:00";"81";"";"";"";"";"201400745787";"P";"";"";"";"SP/IT - MANUTENÇÃO DA CEI DIRETO JARDIM MILIUNAS, referente a contratação nº 22571/15";"";"22";"Secretaria Municipal de Infra-Estrutura Urbana e Obras";"10";"Gabinete do Secretário";"14374,21";"0";"90";"0";"0";"14374,21";"14374,21";"0";"14374,21";"0";"0";"0";"14374,21";"14374,21";"0";"14374,21";"0";"14374,21";"0";"0";"0";"14374,21";"14374,21";"0";"0";"0";"0";"0";"0";"0";"0";"0";"0";"0";"0";"0";"0";"0";"0";"0";"0";"0";"0";"16.10.12.365.3010.2.878.33909200.00.0";"39";"Serviços de Terceiros - Pessoa Jurídica";"01";"Outros Serviços de Terceiros - Pessoa Jurídica - Tributável";"92";"Despesas de Exercícios Anteriores";"0"
"336972";"9358";"2019";"22";"Secretaria Municipal de Infraestrutura Urbana e Obras";"10";"Gabinete do Secretário";"5";"Nota de Empenho Fornecimento de Bens de Consumo e/ou Permanente";"8";"Art. 24 Inciso II da lei Federal 8.666/93";"6";"Dispensa de Licitação";"09/04/2019 00:00:00";"09/04/2019 00:00:00";"09/04/2019 00:00:00";"0";"0";"1";"6878,29";"0";"6878,29";"0";"A";"1";"";"-1";"-1";"";"";"";"";"41";"SEM REAJUSTE";"";"11958828000173";"09/04/2019 00:00:00";"05/04/2019 00:00:00";"09/04/2019 00:00:00";"29";"";"";"";"";"201302274003";"P";"";"";"";"Implantação do Melhoramento: Prolongamento da Av. Dr. Chucri Zaidan até a Av. João Dias.";"";"22";"Secretaria Municipal de Infraestrutura Urbana e Obras";"10";"Gabinete do Secretário";"6878,29";"0";"1";"0";"0";"6878,29";"6878,29";"0";"6878,29";"0";"0";"0";"6878,29";"6878,29";"0";"6878,29";"0";"6878,29";"0";"0";"0";"6878,29";"6878,29";"0";"0";"0";"0";"0";"0";"0";"0";"0";"0";"0";"0";"0";"0";"0";"0";"0";"0";"0";"0";"37.30.15.451.3009.5.100.44906100.08.0";"99";"Outras Aquisições de Bens Imóveis";"01";"Desapropriações";"61";"Aquisição de Imóveis";"0"
"336720";"9127";"2019";"22";"Secretaria Municipal de Infraestrutura Urbana e Obras";"10";"Gabinete do Secretário";"2";"Termo de Contrato - Serviços";"1";"Art. 22 - Inciso I Lei Federal  8.666/93";"4";"Concorrência";"11/12/2018 00:00:00";"09/04/2019 00:00:00";"09/04/2019 00:00:00";"0";"0";"119";"351919";"0";"301810,76";"0";"E";"9";"umental";"2017";"10";"22";"Secretaria Municipal de Infraestrutura Urbana e Obras";"";"";"41";"SEM REAJUSTE";"";"";"";"06/12/2018 00:00:00";"07/12/2018 00:00:00";"89";"";"";"";"002/17/SMSO";"6018201800066796";"S";"";"";"";"Execução de serviços gerais de manutenção previstos na ATA DE REGISTRO DE PREÇOS nº 010/SMSO/2017 - AGRUPAMENTO  19  -  Subprefeitura PENHA - PR/PE,  com fornecimento de materiais de primeira linha e mão-de-obra especializada para execução de serviços gerais de manutenção preventiva, corretiva, reparações, adaptações e modificações, no (a) UNIDADE BÁSICA DE SAÚDE CHÁCARA CRUZEIRO DO SUL, situada na Mercedes Lopes, nº 989 - Vila Santana - São Paulo/ SP";"";"22";"Secretaria Municipal de Infraestrutura Urbana e Obras";"10";"Gabinete do Secretário";"351919";"0";"119";"0";"0";"351919";"351919";"0";"301810,76";"50108,24";"0";"0";"301810,76";"301810,76";"6991,01";"351919";"0";"301810,76";"50108,24";"0";"0";"301810,76";"301810,76";"6991,01";"0";"0";"0";"0";"0";"0";"0";"0";"0";"0";"0";"0";"0";"0";"0";"0";"0";"0";"0";"84.10.10.301.3003.1.509.44905100.00.0";"89";"Obras em Andamento - Uso Comum do Povo";"01";"Hospitais e Similares";"51";"Obras e Instalações";"0"
"360057";"28285";"2019";"22";"Secretaria Municipal de Infraestrutura Urbana e Obras";"10";"Gabinete do Secretário";"2";"Termo de Contrato - Serviços";"2";"Art. 22 - Inciso II Lei Federal  8.666/93";"3";"Tomada de Preços";"12/12/2019 00:00:00";"09/04/2020 00:00:00";"09/05/2020 00:00:00";"0";"0";"119";"772349,51";"0";"201595,70";"0";"S";"9";"umental";"-1";"-1";"";"";"";"";"2";"ESTRUTURA GERAL";"117/SIURB/2019";"";"";"21/11/2019 00:00:00";"21/11/2019 00:00:00";"";"";"";"";"";"6022201900044648";"S";"";"";"";"EXECUÇÃO DE OBRA DE RECUPERAÇÃO ESTRUTURAL DA PASSARELA LOCALIZADA NA AV. WASHINGTON LUIZ X VIEIRA DE MORAIS.";"";"22";"Secretaria Municipal de Infraestrutura Urbana e Obras";"10";"Gabinete do Secretário";"772349,51";"0";"119";"0";"0";"772349,51";"772349,51";"0";"201595,70";"0";"570753,81";"0";"201595,70";"201595,70";"261814";"772349,51";"0";"201595,70";"0";"570753,81";"0";"201595,70";"201595,70";"261814";"0";"0";"0";"0";"0";"0";"0";"0";"0";"0";"0";"0";"0";"0";"0";"0";"0";"30";"0";"22.10.15.451.3009.5.187.44905100.00.0";"89";"Obras em Andamento - Uso Comum do Povo";"14";"Passarelas e Similares";"51";"Obras e Instalações";"570753,81"
"329138";"2834";"2019";"22";"Secretaria Municipal de Infraestrutura Urbana e Obras";"10";"Gabinete do Secretário";"2";"Termo de Contrato - Serviços";"2";"Art. 22 - Inciso II Lei Federal  8.666/93";"3";"Tomada de Preços";"11/03/2019 00:00:00";"08/07/2019 00:00:00";"09/07/2019 00:00:00";"0";"0";"120";"986760,90";"0";"986760,90";"0";"E";"9";"umental";"-1";"-1";"";"";"";"";"41";"SEM REAJUSTE";"";"";"";"13/02/2019 00:00:00";"14/02/2019 00:00:00";"";"";"";"";"";"7910201900000926";"S";"";"";"";"Tomada de Preços Nº 005/2018 - Contratação de empresa especializada em engenharia e arquitetura para elaboração de projeto executivo de estrutura e execução das obras de implantação do Descomplica SP - Unidade Santana / Tucuruvi - Adjudicação e Contratação.";"";"22";"Secretaria Municipal de Infraestrutura Urbana e Obras";"10";"Gabinete do Secretário";"970684,47";"0";"120";"128186,14";"0";"1098870,61";"1098870,61";"0";"986760,90";"112109,71";"0";"0";"986760,90";"986760,90";"112109,71";"1098870,61";"0";"986760,90";"112109,71";"0";"0";"986760,90";"986760,90";"112109,71";"0";"0";"0";"0";"0";"0";"0";"0";"0";"0";"0";"13,21";"0";"0";"0";"0";"0";"0";"0";"23.10.04.126.3011.1.358.44905100.00.0";"92";"Instalações";"99";"Outras Instalações";"51";"Obras e Instalações";"0"
"338021";"10308";"2019";"86";"Fundo Municipal de Saneamento Ambiental e Infraestrutura";"22";"FMSAI - Secretaria Municipal de Serviços e Obras";"2";"Termo de Contrato - Serviços";"12";"Art. 24 Inciso VI da lei Federal 8.666/93";"6";"Dispensa de Licitação";"13/05/2019 00:00:00";"09/09/2019 00:00:00";"09/09/2019 00:00:00";"0";"0";"120";"312981,13";"0";"312981,13";"0";"E";"9";"umental";"-1";"-1";"";"";"";"";"41";"SEM REAJUSTE";"";"";"";"09/04/2019 00:00:00";"10/04/2019 00:00:00";"65";"";"";"";"";"6027201800005249";"S";"";"";"";"Elaboração de projeto básico  estrutural e de drenagem para contenção de erosão no Parque Pinheirinho D'Água";"";"86";"Fundo Municipal de Saneamento Ambiental e Infraestrutura";"22";"FMSAI - Secretaria Municipal de Serviços e Obras";"312981,13";"0";"120";"0";"0";"312981,13";"312981,13";"0";"312981,13";"0";"0";"0";"312981,13";"312981,13";"0";"312981,13";"0";"312981,13";"0";"0";"0";"312981,13";"312981,13";"0";"0";"0";"0";"0";"0";"0";"0";"0";"0";"0";"0";"0";"0";"0";"0";"0";"0";"0";"0";"86.22.17.451.3005.5.013.44903900.03.0";"05";"Serviços Técnicos Profissionais";"01";"Gerenciamento";"39";"Outros Serviços de Terceiros - Pessoa Jurídica";"0"
"355138";"24088";"2019";"22";"Secretaria Municipal de Infraestrutura Urbana e Obras";"10";"Gabinete do Secretário";"5";"Nota de Empenho Fornecimento de Bens de Consumo e/ou Permanente";"8";"Art. 24 Inciso II da lei Federal 8.666/93";"6";"Dispensa de Licitação";"09/10/2019 00:00:00";"09/10/2019 00:00:00";"09/10/2019 00:00:00";"0";"0";"1";"55320,51";"0";"55320,51";"0";"A";"1";"";"-1";"-1";"";"";"";"";"41";"SEM REAJUSTE";"";"";"";"04/10/2019 00:00:00";"09/10/2019 00:00:00";"34";"";"";"";"";"201302136336";"P";"";"";"";"Desapropriação - Implantação de Melhoramento - Prolongamento da Av. Dr. Chucri Zaidan até a Av. João Dias.";"";"22";"Secretaria Municipal de Infraestrutura Urbana e Obras";"10";"Gabinete do Secretário";"55320,51";"0";"1";"0";"0";"55320,51";"55320,51";"0";"55320,51";"0";"0";"0";"55320,51";"55320,51";"0";"55320,51";"0";"55320,51";"0";"0";"0";"55320,51";"55320,51";"0";"0";"0";"0";"0";"0";"0";"0";"0";"0";"0";"0";"0";"0";"0";"0";"0";"0";"0";"0";"37.30.15.451.3009.5.100.44906100.08.0";"99";"Outras Aquisições de Bens Imóveis";"01";"Desapropriações";"61";"Aquisição de Imóveis";"0"
"338514";"10742";"2019";"86";"Fundo Municipal de Saneamento Ambiental e Infraestrutura";"22";"FMSAI - Secretaria Municipal de Serviços e Obras";"2";"Termo de Contrato - Serviços";"1";"Art. 22 - Inciso I Lei Federal  8.666/93";"4";"Concorrência";"13/05/2019 00:00:00";"08/11/2019 00:00:00";"09/11/2019 00:00:00";"0";"0";"180";"136626";"0";"136626";"0";"E";"9";"umental";"-1";"-1";"";"";"";"";"41";"SEM REAJUSTE";"";"";"";"17/04/2019 00:00:00";"18/04/2019 00:00:00";"93";"";"";"";"";"6022201800030556";"S";"";"";"";"TOMADA DE PREÇOS N° 010/18/SIURB -  contratação de empresa para prestação de serviços técnico-profissionais para elaboração de projeto executivo de canalização do Córrego Tanquinho junto ao Condomínio Palmares";"";"86";"Fundo Municipal de Saneamento Ambiental e Infraestrutura";"22";"FMSAI - Secretaria Municipal de Serviços e Obras";"196062,51";"0";"180";"0";"0";"196062,51";"196062,51";"0";"136626";"59436,51";"0";"0";"136626";"136626";"59436,51";"196062,51";"0";"136626";"59436,51";"0";"0";"136626";"136626";"59436,51";"0";"0";"0";"0";"0";"0";"0";"0";"0";"0";"0";"0";"0";"0";"0";"0";"0";"0";"0";"86.22.17.451.3005.5.013.44903900.03.0";"05";"Serviços Técnicos Profissionais";"01";"Gerenciamento";"39";"Outros Serviços de Terceiros - Pessoa Jurídica";"0"
"364474";"32062";"2019";"22";"Secretaria Municipal de Infra-Estrutura Urbana e Obras";"10";"Gabinete do Secretário";"2";"Termo de Contrato - Serviços";"1";"Art. 22 - Inciso I Lei Federal  8.666/93";"4";"Concorrência";"11/12/2015 00:00:00";"09/12/2016 00:00:00";"09/12/2016 00:00:00";"0";"0";"365";"3000";"0";"2253,42";"0";"A";"9";"umental";"2014";"236";"22";"Secretaria Municipal de Infra-Estrutura Urbana e Obras";"";"";"41";"SEM REAJUSTE";"";"";"";"11/11/2015 00:00:00";"08/02/2016 00:00:00";"99";"";"";"";"ATA";"201502464191";"P";"";"";"";"SP/MP MANUTENÇÃO DO  GRADIL CENTRAL  DE ABASTECIMENTO";"";"22";"Secretaria Municipal de Infra-Estrutura Urbana e Obras";"10";"Gabinete do Secretário";"3000";"0";"365";"0";"0";"3000";"3000";"0";"2253,42";"0";"746,58";"0";"2253,42";"2253,42";"0";"3000";"0";"2253,42";"0";"746,58";"0";"2253,42";"2253,42";"0";"0";"0";"0";"0";"0";"0";"0";"0";"0";"0";"0";"0";"0";"0";"0";"0";"0";"0";"0";"30.10.08.605.3016.7.001.44909200.00.0";"51";"Obras e Instalações";"01";"Obras e Instalações - PMSP";"92";"Despesas de Exercícios Anteriores";"746,58"
"354276";"23400";"2019";"22";"Secretaria Municipal de Infraestrutura Urbana e Obras";"10";"Gabinete do Secretário";"2";"Termo de Contrato - Serviços";"3";"Art. 22 - Inciso III Lei Federal  8.666/93";"2";"Convite";"21/10/2019 00:00:00";"09/12/2019 00:00:00";"09/12/2019 00:00:00";"0";"0";"49";"24830,56";"0";"22151,07";"0";"S";"9";"umental";"-1";"-1";"";"";"";"";"41";"SEM REAJUSTE";"107/SIURB/2019";"";"";"20/09/2019 00:00:00";"21/09/2019 00:00:00";"34";"";"";"";"003/2019";"6022201900035533";"S";"";"";"";"Convite nº 003/19/SIURB - Contratação de Serviços Técnico-Profissionais de Topografia, Sondagem e Desenvolvimento de Projeto Executivo de Muro de Contenção da CEI ROBERTO ARANTES LANHOSO";"";"22";"Secretaria Municipal de Infraestrutura Urbana e Obras";"10";"Gabinete do Secretário";"24830,56";"0";"49";"0";"0";"24830,56";"24830,56";"0";"22151,07";"0";"2679,49";"0";"22151,07";"22151,07";"2679,49";"24830,56";"0";"22151,07";"0";"2679,49";"0";"22151,07";"22151,07";"2679,49";"0";"0";"0";"0";"0";"0";"0";"0";"0";"0";"0";"0";"0";"0";"0";"0";"0";"0";"0";"16.10.12.365.3010.3.360.44905100.00.0";"89";"Obras em Andamento - Uso Comum do Povo";"01";"Hospitais e Similares";"51";"Obras e Instalações";"2679,49"
"360880";"28962";"2019";"22";"Secretaria Municipal de Infra-Estrutura Urbana e Obras";"10";"Gabinete do Secretário";"2";"Termo de Contrato - Serviços";"1";"Art. 22 - Inciso I Lei Federal  8.666/93";"4";"Concorrência";"13/10/2015 00:00:00";"10/01/2016 00:00:00";"10/01/2016 00:00:00";"0";"0";"90";"60786,78";"0";"60786,78";"0";"A";"9";"umental";"2014";"25";"22";"Secretaria Municipal de Infra-Estrutura Urbana e Obras";"";"";"5";"EDIFICAÇÕES EM GERAL";"";"";"";"16/09/2015 00:00:00";"19/09/2015 00:00:00";"179";"";"";"";"";"201500292210";"P";"";"";"";"SP/SM - MAUTENÇÃO DO CEU SÃO MATEUS, referente a contratação nº 25170/15";"";"22";"Secretaria Municipal de Infra-Estrutura Urbana e Obras";"10";"Gabinete do Secretário";"60786,78";"0";"90";"0";"0";"60786,78";"60786,78";"0";"60786,78";"0";"0";"0";"60786,78";"60786,78";"0";"60786,78";"0";"60786,78";"0";"0";"0";"60786,78";"60786,78";"0";"0";"0";"0";"0";"0";"0";"0";"0";"0";"0";"0";"0";"0";"0";"0";"0";"0";"0";"0";"16.10.12.368.3010.2.830.33909200.00.0";"39";"Serviços de Terceiros - Pessoa Jurídica";"01";"Outros Serviços de Terceiros - Pessoa Jurídica - Tributável";"92";"Despesas de Exercícios Anteriores";"0"
"360848";"28936";"2019";"22";"Secretaria Municipal de Infra-Estrutura Urbana e Obras";"10";"Gabinete do Secretário";"2";"Termo de Contrato - Serviços";"1";"Art. 22 - Inciso I Lei Federal  8.666/93";"4";"Concorrência";"13/10/2015 00:00:00";"10/01/2016 00:00:00";"10/01/2016 00:00:00";"0";"0";"90";"12680,33";"0";"12680,33";"0";"A";"9";"umental";"2014";"25";"22";"Secretaria Municipal de Infra-Estrutura Urbana e Obras";"";"";"5";"EDIFICAÇÕES EM GERAL";"";"";"";"16/09/2015 00:00:00";"24/09/2015 00:00:00";"95";"";"";"";"";"201501858331";"P";"";"";"";"SP/SM - CEI DIRETO JARDIM SANTO ANDRÉ, referente a contratação nº 25541/15";"";"22";"Secretaria Municipal de Infra-Estrutura Urbana e Obras";"10";"Gabinete do Secretário";"12680,33";"0";"90";"0";"0";"12680,33";"12680,33";"0";"12680,33";"0";"0";"0";"12680,33";"12680,33";"0";"12680,33";"0";"12680,33";"0";"0";"0";"12680,33";"12680,33";"0";"0";"0";"0";"0";"0";"0";"0";"0";"0";"0";"0";"0";"0";"0";"0";"0";"0";"0";"0";"16.10.12.365.3010.2.878.33909200.00.0";"39";"Serviços de Terceiros - Pessoa Jurídica";"01";"Outros Serviços de Terceiros - Pessoa Jurídica - Tributável";"92";"Despesas de Exercícios Anteriores";"0"
"360899";"28981";"2019";"22";"Secretaria Municipal de Infra-Estrutura Urbana e Obras";"10";"Gabinete do Secretário";"2";"Termo de Contrato - Serviços";"1";"Art. 22 - Inciso I Lei Federal  8.666/93";"4";"Concorrência";"13/10/2015 00:00:00";"10/01/2016 00:00:00";"10/01/2016 00:00:00";"0";"0";"90";"60588,41";"0";"60588,41";"0";"E";"9";"umental";"2014";"19";"22";"Secretaria Municipal de Infra-Estrutura Urbana e Obras";"";"";"5";"EDIFICAÇÕES EM GERAL";"";"";"";"16/09/2015 00:00:00";"24/09/2015 00:00:00";"95";"";"";"";"";"201502287532";"P";"";"";"";"SP/PE - MANUTENÇÃO DA EMEF PREFEITO JOSÉ CARLOS DE FIGUEIREDO FERRAZ, referente a contratação nº 25542/15";"";"22";"Secretaria Municipal de Infra-Estrutura Urbana e Obras";"10";"Gabinete do Secretário";"60588,41";"0";"90";"0";"0";"60588,41";"60588,41";"0";"60588,41";"0";"0";"0";"60588,41";"60588,41";"0";"60588,41";"0";"60588,41";"0";"0";"0";"60588,41";"60588,41";"0";"0";"0";"0";"0";"0";"0";"0";"0";"0";"0";"0";"0";"0";"0";"0";"0";"0";"0";"0";"16.10.12.361.3010.2.879.33909200.00.0";"39";"Serviços de Terceiros - Pessoa Jurídica";"01";"Outros Serviços de Terceiros - Pessoa Jurídica - Tributável";"92";"Despesas de Exercícios Anteriores";"0"
"360879";"28961";"2019";"22";"Secretaria Municipal de Infra-Estrutura Urbana e Obras";"10";"Gabinete do Secretário";"2";"Termo de Contrato - Serviços";"1";"Art. 22 - Inciso I Lei Federal  8.666/93";"4";"Concorrência";"13/10/2015 00:00:00";"10/01/2016 00:00:00";"10/01/2016 00:00:00";"0";"0";"90";"31458,31";"0";"31458,31";"0";"E";"9";"umental";"2014";"13";"22";"Secretaria Municipal de Infra-Estrutura Urbana e Obras";"";"";"5";"EDIFICAÇÕES EM GERAL";"";"";"";"16/09/2015 00:00:00";"19/09/2015 00:00:00";"179";"";"";"";"";"201500693088";"P";"";"";"";"SP/IQ - MANUTENÇÃO DO CEU ARICANDUVA, referente a contratação nº 25172/15";"";"22";"Secretaria Municipal de Infra-Estrutura Urbana e Obras";"10";"Gabinete do Secretário";"31458,31";"0";"90";"0";"0";"31458,31";"31458,31";"0";"31458,31";"0";"0";"0";"31458,31";"31458,31";"0";"31458,31";"0";"31458,31";"0";"0";"0";"31458,31";"31458,31";"0";"0";"0";"0";"0";"0";"0";"0";"0";"0";"0";"0";"0";"0";"0";"0";"0";"0";"0";"0";"16.10.12.368.3010.2.830.33909200.00.0";"39";"Serviços de Terceiros - Pessoa Jurídica";"01";"Outros Serviços de Terceiros - Pessoa Jurídica - Tributável";"92";"Despesas de Exercícios Anteriores";"0"
"360876";"28958";"2019";"22";"Secretaria Municipal de Infra-Estrutura Urbana e Obras";"10";"Gabinete do Secretário";"2";"Termo de Contrato - Serviços";"1";"Art. 22 - Inciso I Lei Federal  8.666/93";"4";"Concorrência";"13/10/2015 00:00:00";"10/01/2016 00:00:00";"10/01/2016 00:00:00";"0";"0";"90";"26294,55";"0";"26294,55";"0";"E";"9";"umental";"2014";"22";"22";"Secretaria Municipal de Infra-Estrutura Urbana e Obras";"";"";"5";"EDIFICAÇÕES EM GERAL";"";"";"";"16/09/2015 00:00:00";"19/09/2015 00:00:00";"179";"";"";"";"";"201403131887";"P";"";"";"";"SP/PJ - MANUTENÇÃO DO CEU VILA ATLANTICA, referente a contratação nº 25169/15";"";"22";"Secretaria Municipal de Infra-Estrutura Urbana e Obras";"10";"Gabinete do Secretário";"26294,55";"0";"90";"0";"0";"26294,55";"26294,55";"0";"26294,55";"0";"0";"0";"26294,55";"26294,55";"0";"26294,55";"0";"26294,55";"0";"0";"0";"26294,55";"26294,55";"0";"0";"0";"0";"0";"0";"0";"0";"0";"0";"0";"0";"0";"0";"0";"0";"0";"0";"0";"0";"16.10.12.368.3010.2.830.33909200.00.0";"39";"Serviços de Terceiros - Pessoa Jurídica";"01";"Outros Serviços de Terceiros - Pessoa Jurídica - Tributável";"92";"Despesas de Exercícios Anteriores";"0"
"348690";"18890";"2019";"22";"Secretaria Municipal de Infraestrutura Urbana e Obras";"10";"Gabinete do Secretário";"2";"Termo de Contrato - Serviços";"1";"Art. 22 - Inciso I Lei Federal  8.666/93";"4";"Concorrência";"11/12/2018 00:00:00";"10/03/2019 00:00:00";"10/03/2019 00:00:00";"0";"0";"89";"81000";"0";"80192,81";"0";"E";"9";"umental";"2017";"26";"22";"Secretaria Municipal de Infraestrutura Urbana e Obras";"";"";"41";"SEM REAJUSTE";"";"";"";"06/12/2018 00:00:00";"08/12/2018 00:00:00";"103";"";"";"";"001";"6018201800062790";"S";"";"";"";"Execução de serviços gerais de manutenção previstos na ATA DE REGISTRO DE PREÇOS nº 026/SMSO/2017 - AGRUPAMENTO  20  -  Subprefeitura  PERUS - PR/PR,  com fornecimento de materiais de primeira linha e mão-de-obra especializada para execução de serviços gerais de manutenção preventiva, corretiva, reparações, adaptações e modificações, no (a) AMA ESPECIALIDADES PERUS, situada na Rua Mogeiro, n º  207 - Perus - São Paulo/SP";"";"22";"Secretaria Municipal de Infraestrutura Urbana e Obras";"10";"Gabinete do Secretário";"81000";"0";"89";"0";"0";"81000";"81000";"0";"80192,81";"807,19";"0";"0";"80192,81";"80192,81";"0";"81000";"0";"80192,81";"807,19";"0";"0";"80192,81";"80192,81";"0";"0";"0";"0";"0";"0";"0";"0";"0";"0";"0";"0";"0";"0";"0";"0";"0";"0";"0";"0";"84.10.10.301.3003.1.509.44905100.00.0";"89";"Obras em Andamento - Uso Comum do Povo";"01";"Hospitais e Similares";"51";"Obras e Instalações";"0"
"363515";"31267";"2019";"22";"Secretaria Municipal de Infraestrutura Urbana e Obras";"10";"Gabinete do Secretário";"2";"Termo de Contrato - Serviços";"8";"Art. 24 Inciso II da lei Federal 8.666/93";"6";"Dispensa de Licitação";"14/12/2019 00:00:00";"10/06/2020 00:00:00";"10/06/2020 00:00:00";"0";"0";"179";"186000";"0";"176000";"0";"S";"9";"umental";"-1";"-1";"";"";"";"";"41";"SEM REAJUSTE";"138/SIURB/2019";"";"";"20/12/2019 00:00:00";"21/12/2019 00:00:00";"41";"";"";"";"";"6022201900060490";"S";"";"";"";"Contratação emergencial para prestação de serviços técnicos profissionais especializados de engenharia consultiva em gerenciamento de programas de infraestrutura urbana e de execução e projetos de edificações públicas na cidade sob a responsabilidade da Secretaria Municipal de Infraestrutura Urbana e Obras da Cidade de São Paulo - SIURB - Lote 1 e 2.";"";"22";"Secretaria Municipal de Infraestrutura Urbana e Obras";"10";"Gabinete do Secretário";"186000";"0";"179";"0";"0";"186000";"186000";"0";"176000";"0";"10000";"0";"176000";"176000";"64000";"186000";"0";"176000";"0";"10000";"0";"176000";"176000";"64000";"0";"0";"0";"0";"0";"0";"0";"0";"0";"0";"0";"0";"0";"0";"0";"0";"0";"0";"0";"22.10.15.451.3022.5.085.44903900.00.0";"05";"Serviços Técnicos Profissionais";"01";"Gerenciamento";"39";"Outros Serviços de Terceiros - Pessoa Jurídica";"10000"
"363517";"31268";"2019";"86";"Fundo Municipal de Saneamento Ambiental e Infraestrutura";"22";"FMSAI - Secretaria Municipal de Serviços e Obras";"2";"Termo de Contrato - Serviços";"8";"Art. 24 Inciso II da lei Federal 8.666/93";"6";"Dispensa de Licitação";"14/12/2019 00:00:00";"10/06/2020 00:00:00";"10/06/2020 00:00:00";"0";"0";"179";"5215402,79";"0";"4746654,40";"0";"S";"9";"umental";"-1";"-1";"";"";"";"";"41";"SEM REAJUSTE";"138/SIURB/2019";"";"";"20/12/2019 00:00:00";"21/12/2019 00:00:00";"41";"";"";"";"";"6022201900060490";"S";"";"";"";"Contratação emergencial para prestação de serviços técnicos profissionais especializados de engenharia consultiva em gerenciamento de programas de infraestrutura urbana e de execução e projetos de edificações públicas na cidade sob a responsabilidade da Secretaria Municipal de Infraestrutura Urbana e Obras da Cidade de São Paulo - SIURB - Lote 1 e 2.";"";"86";"Fundo Municipal de Saneamento Ambiental e Infraestrutura";"22";"FMSAI - Secretaria Municipal de Serviços e Obras";"5215402,79";"0";"179";"0";"0";"5215402,79";"5215402,79";"0";"4746654,40";"0";"468748,39";"0";"4746654,40";"4746654,40";"108350,33";"5215402,79";"0";"4746654,40";"0";"468748,39";"0";"4746654,40";"4746654,40";"108350,33";"0";"0";"0";"0";"0";"0";"0";"0";"0";"0";"0";"0";"0";"0";"0";"0";"0";"0";"0";"86.22.17.451.3005.5.013.44903900.03.0";"05";"Serviços Técnicos Profissionais";"01";"Gerenciamento";"39";"Outros Serviços de Terceiros - Pessoa Jurídica";"468748,39"
"345673";"16528";"2019";"98";"Fundo de Desenvolvimento Urbano";"22";"FUNDURB - Secretaria Municipal de Infraestrutura Urbana e Obras";"5";"Nota de Empenho Fornecimento de Bens de Consumo e/ou Permanente";"8";"Art. 24 Inciso II da lei Federal 8.666/93";"6";"Dispensa de Licitação";"10/07/2019 00:00:00";"10/07/2019 00:00:00";"10/07/2019 00:00:00";"0";"0";"1";"348727,74";"0";"348727,74";"0";"E";"1";"";"-1";"-1";"";"";"";"";"41";"SEM REAJUSTE";"";"";"";"07/06/2019 00:00:00";"11/06/2019 00:00:00";"26";"";"";"";"";"7910201800006752";"S";"";"";"";"Melhoramento: Ligação Viária Pirituba-Lapa - Desap";"";"98";"Fundo de Desenvolvimento Urbano";"22";"FUNDURB - Secretaria Municipal de Infraestrutura Urbana e Obras";"348727,74";"0";"1";"0";"0";"348727,74";"348727,74";"0";"348727,74";"0";"0";"0";"348727,74";"348727,74";"0";"348727,74";"0";"348727,74";"0";"0";"0";"348727,74";"348727,74";"0";"0";"0";"0";"0";"0";"0";"0";"0";"0";"0";"0";"0";"0";"0";"0";"0";"0";"0";"0";"98.22.15.451.3009.5.100.44906100.08.0";"99";"Outras Aquisições de Bens Imóveis";"01";"Desapropriações";"61";"Aquisição de Imóveis";"0"
"348906";"19056";"2019";"22";"Secretaria Municipal de Infraestrutura Urbana e Obras";"10";"Gabinete do Secretário";"2";"Termo de Contrato - Serviços";"8";"Art. 24 Inciso II da lei Federal 8.666/93";"6";"Dispensa de Licitação";"12/01/2019 00:00:00";"10/07/2019 00:00:00";"10/07/2019 00:00:00";"0";"0";"179";"1925842,92";"0";"1134618,06";"0";"E";"9";"umental";"-1";"-1";"";"";"";"";"41";"SEM REAJUSTE";"";"";"";"12/01/2019 00:00:00";"13/01/2019 00:00:00";"1";"";"";"";"";"6022201900019783";"S";"";"";"";"Contratação de empresa para prestação de serviços especializados de engenharia para fiscalização das obras de alteamento e recuperação estrutural do viaduto sobre a CPTM - Marginal Pinheiros/Leste - Via Expressa - São Paulo/SP.";"";"22";"Secretaria Municipal de Infraestrutura Urbana e Obras";"10";"Gabinete do Secretário";"1925842,92";"0";"179";"0";"0";"1925842,92";"1925842,92";"0";"1134618,06";"791224,86";"0";"0";"1134618,06";"1134618,06";"0";"1925842,92";"0";"1134618,06";"791224,86";"0";"0";"1134618,06";"1134618,06";"0";"0";"0";"0";"0";"0";"0";"0";"0";"0";"0";"0";"0";"0";"0";"0";"0";"0";"0";"0";"22.10.15.451.3009.5.187.44903900.00.0";"05";"Serviços Técnicos Profissionais";"01";"Gerenciamento";"39";"Outros Serviços de Terceiros - Pessoa Jurídica";"0"
"364081";"31709";"2019";"22";"Secretaria Municipal de Infraestrutura Urbana e Obras";"10";"Gabinete do Secretário";"2";"Termo de Contrato - Serviços";"1";"Art. 22 - Inciso I Lei Federal  8.666/93";"4";"Concorrência";"01/05/2019 00:00:00";"10/07/2019 00:00:00";"10/07/2019 00:00:00";"0";"0";"70";"2862470,46";"0";"2862470,46";"0";"S";"9";"umental";"-1";"-1";"";"";"";"";"2";"ESTRUTURA GERAL";"017/SIURB/2019";"";"";"27/12/2019 00:00:00";"";"";"";"";"";"";"7910201900001132";"S";"";"";"";"Aditivo de Valor e Prorrogação de Prazo - Contrato nº 017/SIURB/19 - Execução das obras e serviços de reforma e adequação dos boxes e execução de cobertura do paddock e do prédio de apoio, junto à reta principal do Autódromo Municipal José Carlos Pace - Interlagos - Zona Sul.";"";"22";"Secretaria Municipal de Infraestrutura Urbana e Obras";"10";"Gabinete do Secretário";"2862470,46";"0";"70";"0";"0";"2862470,46";"2862470,46";"0";"2862470,46";"0";"0";"0";"2862470,46";"2862470,46";"0";"2862470,46";"0";"2862470,46";"0";"0";"0";"2862470,46";"2862470,46";"0";"0";"0";"0";"0";"0";"0";"0";"0";"0";"0";"0";"0";"0";"0";"0";"0";"0";"0";"0";"22.10.27.813.3015.1.109.44905100.00.0";"80";"Estudos e Projetos";"99";"Outros Estudos e Projetos";"51";"Obras e Instalações";"0"
"334971";"7566";"2019";"22";"Secretaria Municipal de Infraestrutura Urbana e Obras";"10";"Gabinete do Secretário";"2";"Termo de Contrato - Serviços";"8";"Art. 24 Inciso II da lei Federal 8.666/93";"6";"Dispensa de Licitação";"12/07/2019 00:00:00";"10/07/2020 00:00:00";"10/07/2020 00:00:00";"0";"0";"365";"8610";"0";"8610";"0";"E";"9";"umental";"-1";"-1";"";"";"";"";"41";"SEM REAJUSTE";"";"";"";"26/03/2019 00:00:00";"27/03/2019 00:00:00";"28";"";"";"";"";"6022201900013912";"S";"";"";"";"aquisição de 30 (trinta) certificados digitais A3 em Token do tipo e - CPF, com validade de 36 meses, para uso de servidores desta Secretaria";"";"22";"Secretaria Municipal de Infraestrutura Urbana e Obras";"10";"Gabinete do Secretário";"8610";"0";"365";"0";"0";"8610";"8610";"0";"8610";"0";"0";"0";"8610";"8610";"10619";"8610";"0";"8610";"0";"0";"0";"8610";"8610";"10619";"0";"0";"0";"0";"0";"0";"0";"0";"0";"0";"0";"0";"0";"0";"0";"0";"0";"0";"0";"22.10.15.122.3024.2.100.33903000.00.0";"17";"Material de Processamento de Dados";"99";"Diversos Materiais para Uso na Área de Informática";"30";"Material de Consumo";"0"
"337596";"9913";"2019";"22";"Secretaria Municipal de Infraestrutura Urbana e Obras";"10";"Gabinete do Secretário";"2";"Termo de Contrato - Serviços";"2";"Art. 22 - Inciso II Lei Federal  8.666/93";"3";"Tomada de Preços";"13/05/2019 00:00:00";"10/08/2019 00:00:00";"10/08/2019 00:00:00";"0";"0";"89";"1064522,27";"0";"1062640,98";"0";"S";"9";"umental";"-1";"-1";"";"";"";"";"41";"SEM REAJUSTE";"023/SIURB/2019";"";"";"04/12/2018 00:00:00";"05/12/2018 00:00:00";"102";"";"";"";"003/18/SIURB";"6027201700005662";"S";"";"";"";"Execução de serviços e obras para readequação do campo de futebol existente e seu respectivo acesso no Parque das Águas - Cidade Kemel, PR/IT.";"";"22";"Secretaria Municipal de Infraestrutura Urbana e Obras";"10";"Gabinete do Secretário";"1064522,27";"0";"89";"0";"0";"1064522,27";"1064522,27";"0";"1062640,98";"0";"1881,29";"0";"1062640,98";"1062640,98";"1881,29";"1064522,27";"0";"1062640,98";"0";"1881,29";"0";"1062640,98";"1062640,98";"1881,29";"0";"0";"0";"0";"0";"0";"0";"0";"0";"0";"0";"0";"0";"0";"0";"0";"0";"0";"0";"22.10.15.451.3022.5.085.44905100.00.0";"89";"Obras em Andamento - Uso Comum do Povo";"26";"Centros de Convivência e Similares";"51";"Obras e Instalações";"1881,29"
"350017";"19932";"2019";"86";"Fundo Municipal de Saneamento Ambiental e Infraestrutura";"22";"FMSAI - Secretaria Municipal de Serviços e Obras";"2";"Termo de Contrato - Serviços";"8";"Art. 24 Inciso II da lei Federal 8.666/93";"6";"Dispensa de Licitação";"15/03/2019 00:00:00";"10/09/2019 00:00:00";"10/09/2019 00:00:00";"0";"0";"179";"7359812,96";"0";"7335912,88";"0";"S";"9";"umental";"-1";"-1";"";"";"";"";"41";"SEM REAJUSTE";"088/SIURB/2019";"";"";"16/08/2019 00:00:00";"17/08/2019 00:00:00";"44";"";"";"";"";"6022201900018221";"S";"";"";"";"Contratação em caráter emergencial para recuperação estrutural / drenagem de recuperação de trecho de túnel sob a CPTM da Galeria do Córrego Tiquatira.";"";"86";"Fundo Municipal de Saneamento Ambiental e Infraestrutura";"22";"FMSAI - Secretaria Municipal de Serviços e Obras";"7359812,96";"0";"179";"0";"0";"7359812,96";"7359812,96";"0";"7335912,88";"0";"23900,08";"0";"7335912,88";"7335912,88";"23900,08";"7359812,96";"0";"7335912,88";"0";"23900,08";"0";"7335912,88";"7335912,88";"23900,08";"0";"0";"0";"0";"0";"0";"0";"0";"0";"0";"0";"0";"0";"0";"0";"0";"0";"0";"0";"86.22.17.451.3005.5.013.44905100.03.0";"89";"Obras em Andamento - Uso Comum do Povo";"22";"Canalização de Córregos";"51";"Obras e Instalações";"23900,08"
"361841";"29812";"2019";"98";"Fundo de Desenvolvimento Urbano";"22";"FUNDURB - Secretaria Municipal de Infraestrutura Urbana e Obras";"5";"Nota de Empenho Fornecimento de Bens de Consumo e/ou Permanente";"8";"Art. 24 Inciso II da lei Federal 8.666/93";"6";"Dispensa de Licitação";"10/12/2019 00:00:00";"10/12/2019 00:00:00";"10/12/2019 00:00:00";"0";"0";"1";"963333,25";"0";"963333,25";"0";"E";"1";"";"-1";"-1";"";"";"";"";"41";"SEM REAJUSTE";"";"";"";"09/12/2019 00:00:00";"10/12/2019 00:00:00";"34";"";"";"";"";"7910201900007203";"S";"";"";"";"Desapropriação - Melhoramento: Ligação Viária Pirituba-Lapa";"";"98";"Fundo de Desenvolvimento Urbano";"22";"FUNDURB - Secretaria Municipal de Infraestrutura Urbana e Obras";"963333,25";"0";"1";"0";"0";"963333,25";"963333,25";"0";"963333,25";"0";"0";"0";"963333,25";"963333,25";"0";"963333,25";"0";"963333,25";"0";"0";"0";"963333,25";"963333,25";"0";"0";"0";"0";"0";"0";"0";"0";"0";"0";"0";"0";"0";"0";"0";"0";"0";"0";"0";"0";"98.22.15.451.3009.5.100.44906100.08.0";"99";"Outras Aquisições de Bens Imóveis";"01";"Desapropriações";"61";"Aquisição de Imóveis";"0"
"361853";"29824";"2019";"98";"Fundo de Desenvolvimento Urbano";"22";"FUNDURB - Secretaria Municipal de Infraestrutura Urbana e Obras";"5";"Nota de Empenho Fornecimento de Bens de Consumo e/ou Permanente";"8";"Art. 24 Inciso II da lei Federal 8.666/93";"6";"Dispensa de Licitação";"10/12/2019 00:00:00";"10/12/2019 00:00:00";"10/12/2019 00:00:00";"0";"0";"1";"78937,73";"0";"78937,73";"0";"E";"1";"";"-1";"-1";"";"";"";"";"41";"SEM REAJUSTE";"";"";"";"09/12/2019 00:00:00";"10/12/2019 00:00:00";"34";"";"";"";"";"7910201900007190";"S";"";"";"";"Desapropriação - Melhoramento: Ligação Viária Pirituba-Lapa";"";"98";"Fundo de Desenvolvimento Urbano";"22";"FUNDURB - Secretaria Municipal de Infraestrutura Urbana e Obras";"78937,73";"0";"1";"0";"0";"78937,73";"78937,73";"0";"78937,73";"0";"0";"0";"78937,73";"78937,73";"0";"78937,73";"0";"78937,73";"0";"0";"0";"78937,73";"78937,73";"0";"0";"0";"0";"0";"0";"0";"0";"0";"0";"0";"0";"0";"0";"0";"0";"0";"0";"0";"0";"98.22.15.451.3009.5.100.44906100.08.0";"99";"Outras Aquisições de Bens Imóveis";"01";"Desapropriações";"61";"Aquisição de Imóveis";"0"
"361826";"29802";"2019";"98";"Fundo de Desenvolvimento Urbano";"22";"FUNDURB - Secretaria Municipal de Infraestrutura Urbana e Obras";"5";"Nota de Empenho Fornecimento de Bens de Consumo e/ou Permanente";"8";"Art. 24 Inciso II da lei Federal 8.666/93";"6";"Dispensa de Licitação";"10/12/2019 00:00:00";"10/12/2019 00:00:00";"10/12/2019 00:00:00";"0";"0";"1";"2591846,64";"0";"2591846,64";"0";"E";"1";"";"-1";"-1";"";"";"";"";"41";"SEM REAJUSTE";"";"";"";"09/12/2019 00:00:00";"10/12/2019 00:00:00";"34";"";"";"";"";"7910201900007211";"S";"";"";"";"Desapropriação - Melhoramento: Ligação Viária Pirituba-Lapa";"";"98";"Fundo de Desenvolvimento Urbano";"22";"FUNDURB - Secretaria Municipal de Infraestrutura Urbana e Obras";"2591846,64";"0";"1";"0";"0";"2591846,64";"2591846,64";"0";"2591846,64";"0";"0";"0";"2591846,64";"2591846,64";"0";"2591846,64";"0";"2591846,64";"0";"0";"0";"2591846,64";"2591846,64";"0";"0";"0";"0";"0";"0";"0";"0";"0";"0";"0";"0";"0";"0";"0";"0";"0";"0";"0";"0";"98.22.15.451.3009.5.100.44906100.08.0";"99";"Outras Aquisições de Bens Imóveis";"01";"Desapropriações";"61";"Aquisição de Imóveis";"0"
"360954";"29033";"2019";"22";"Secretaria Municipal de Infra-Estrutura Urbana e Obras";"10";"Gabinete do Secretário";"2";"Termo de Contrato - Serviços";"1";"Art. 22 - Inciso I Lei Federal  8.666/93";"4";"Concorrência";"14/12/2015 00:00:00";"11/04/2016 00:00:00";"11/04/2016 00:00:00";"0";"0";"120";"39577,03";"0";"39577,03";"0";"A";"9";"umental";"2014";"1";"22";"Secretaria Municipal de Infra-Estrutura Urbana e Obras";"";"";"5";"EDIFICAÇÕES EM GERAL";"";"";"";"17/11/2015 00:00:00";"25/11/2015 00:00:00";"80";"";"";"";"ATA";"201500453044";"P";"";"";"";"SP/CT - MANUTENÇÃO DO CEU INÁCIO MONTEIRO (GESTÃO) - REF 33663/2015";"";"22";"Secretaria Municipal de Infra-Estrutura Urbana e Obras";"10";"Gabinete do Secretário";"39577,03";"0";"120";"0";"0";"39577,03";"39577,03";"0";"39577,03";"0";"0";"0";"39577,03";"39577,03";"0";"39577,03";"0";"39577,03";"0";"0";"0";"39577,03";"39577,03";"0";"0";"0";"0";"0";"0";"0";"0";"0";"0";"0";"0";"0";"0";"0";"0";"0";"0";"0";"0";"16.10.12.368.3010.2.830.33909200.00.0";"39";"Serviços de Terceiros - Pessoa Jurídica";"01";"Outros Serviços de Terceiros - Pessoa Jurídica - Tributável";"92";"Despesas de Exercícios Anteriores";"0"
"360953";"29032";"2019";"22";"Secretaria Municipal de Infra-Estrutura Urbana e Obras";"10";"Gabinete do Secretário";"2";"Termo de Contrato - Serviços";"1";"Art. 22 - Inciso I Lei Federal  8.666/93";"4";"Concorrência";"14/12/2015 00:00:00";"11/04/2016 00:00:00";"11/04/2016 00:00:00";"0";"0";"120";"19792,18";"0";"19792,18";"0";"A";"9";"umental";"2014";"1";"22";"Secretaria Municipal de Infra-Estrutura Urbana e Obras";"";"";"5";"EDIFICAÇÕES EM GERAL";"";"";"";"17/11/2015 00:00:00";"25/11/2015 00:00:00";"80";"";"";"";"ATA";"201500452986";"P";"";"";"";"SP/CT - MANUTENÇÃO DO CEU AGUA AZUL - PROFESSOR PAULO RENATO COSTA SOUZA - REF 33662/2015";"";"22";"Secretaria Municipal de Infra-Estrutura Urbana e Obras";"10";"Gabinete do Secretário";"19792,18";"0";"120";"0";"0";"19792,18";"19792,18";"0";"19792,18";"0";"0";"0";"19792,18";"19792,18";"0";"19792,18";"0";"19792,18";"0";"0";"0";"19792,18";"19792,18";"0";"0";"0";"0";"0";"0";"0";"0";"0";"0";"0";"0";"0";"0";"0";"0";"0";"0";"0";"0";"16.10.12.368.3010.2.830.33909200.00.0";"39";"Serviços de Terceiros - Pessoa Jurídica";"01";"Outros Serviços de Terceiros - Pessoa Jurídica - Tributável";"92";"Despesas de Exercícios Anteriores";"0"
"358602";"26991";"2019";"22";"Secretaria Municipal de Infraestrutura Urbana e Obras";"10";"Gabinete do Secretário";"5";"Nota de Empenho Fornecimento de Bens de Consumo e/ou Permanente";"8";"Art. 24 Inciso II da lei Federal 8.666/93";"6";"Dispensa de Licitação";"11/11/2019 00:00:00";"11/11/2019 00:00:00";"11/11/2019 00:00:00";"0";"0";"1";"20377,91";"0";"20377,91";"0";"A";"1";"";"-1";"-1";"";"";"";"";"41";"SEM REAJUSTE";"";"";"";"07/11/2019 00:00:00";"09/11/2019 00:00:00";"44";"";"";"";"";"201600532418";"P";"";"";"";"Desapropriação: Requalificação da Av. Santo Amaro - Boulevard Santo Amaro.";"";"22";"Secretaria Municipal de Infraestrutura Urbana e Obras";"10";"Gabinete do Secretário";"20377,91";"0";"1";"0";"0";"20377,91";"20377,91";"0";"20377,91";"0";"0";"0";"20377,91";"20377,91";"0";"20377,91";"0";"20377,91";"0";"0";"0";"20377,91";"20377,91";"0";"0";"0";"0";"0";"0";"0";"0";"0";"0";"0";"0";"0";"0";"0";"0";"0";"0";"0";"0";"37.50.15.451.3022.3.350.44906100.08.0";"99";"Outras Aquisições de Bens Imóveis";"01";"Desapropriações";"61";"Aquisição de Imóveis";"0"
"350964";"20650";"2019";"98";"Fundo de Desenvolvimento Urbano";"22";"FUNDURB - Secretaria Municipal de Infraestrutura Urbana e Obras";"30";"Nota de Empenho para Fornecimento de Serviços";"8";"Art. 24 Inciso II da lei Federal 8.666/93";"6";"Dispensa de Licitação";"13/11/2019 00:00:00";"12/03/2020 00:00:00";"12/03/2020 00:00:00";"0";"0";"120";"0";"0";"0";"0";"E";"1";"";"-1";"-1";"";"";"";"";"41";"SEM REAJUSTE";"";"";"";"26/08/2019 00:00:00";"28/08/2019 00:00:00";"";"";"";"";"";"7910201900005979";"S";"";"";"";"Execução de serviços de remoção de rede aérea que atravessa a Marginal e Rio Tietê e respectivo posteamento.";"";"98";"Fundo de Desenvolvimento Urbano";"22";"FUNDURB - Secretaria Municipal de Infraestrutura Urbana e Obras";"7091,07";"0";"120";"0";"0";"7091,07";"7091,07";"0";"0";"7091,07";"0";"0";"0";"0";"7091,07";"7091,07";"0";"0";"7091,07";"0";"0";"0";"0";"7091,07";"0";"0";"0";"0";"0";"0";"0";"0";"0";"0";"0";"0";"0";"0";"0";"0";"0";"0";"0";"98.22.15.451.3009.5.100.44905100.08.0";"99";"Outras Obras e Instalações";"04";"Remanejamento de Interferências";"51";"Obras e Instalações";"0"
"337642";"9955";"2019";"22";"Secretaria Municipal de Infraestrutura Urbana e Obras";"10";"Gabinete do Secretário";"2";"Termo de Contrato - Serviços";"1";"Art. 22 - Inciso I Lei Federal  8.666/93";"4";"Concorrência";"12/04/2019 00:00:00";"12/04/2019 00:00:00";"12/04/2019 00:00:00";"0";"0";"1";"10937,42";"0";"10937,42";"0";"E";"9";"umental";"-1";"-1";"";"";"";"";"41";"SEM REAJUSTE";"";"";"";"09/04/2019 00:00:00";"12/04/2019 00:00:00";"35";"";"";"";"";"6022201900022288";"S";"";"";"";"Despesa para registro de contrato de empréstimo nº 0505.972-67/18";"";"22";"Secretaria Municipal de Infraestrutura Urbana e Obras";"10";"Gabinete do Secretário";"10937,42";"0";"1";"0";"0";"10937,42";"10937,42";"0";"10937,42";"0";"0";"0";"10937,42";"10937,42";"0";"10937,42";"0";"10937,42";"0";"0";"0";"10937,42";"10937,42";"0";"0";"0";"0";"0";"0";"0";"0";"0";"0";"0";"0";"0";"0";"0";"0";"0";"0";"0";"0";"22.10.15.122.3024.2.100.33903900.00.0";"83";"Serviços de Cópias e Reprodução de Documentos";"04";"Serviços de Cartório";"39";"Outros Serviços de Terceiros - Pessoa Jurídica";"0"
"337574";"9896";"2019";"22";"Secretaria Municipal de Infraestrutura Urbana e Obras";"10";"Gabinete do Secretário";"5";"Nota de Empenho Fornecimento de Bens de Consumo e/ou Permanente";"8";"Art. 24 Inciso II da lei Federal 8.666/93";"6";"Dispensa de Licitação";"12/04/2019 00:00:00";"12/04/2019 00:00:00";"12/04/2019 00:00:00";"0";"0";"1";"479127,98";"0";"479127,98";"0";"A";"1";"";"-1";"-1";"";"";"";"";"41";"SEM REAJUSTE";"";"";"12/04/2019 00:00:00";"10/04/2019 00:00:00";"12/04/2019 00:00:00";"35";"";"";"";"";"201302274917";"P";"";"";"";"Implantação Melhoramento: Prolongamento da Av. Dr. Chucri Zaidan até Av. João Dias. - Desapropriação.";"";"22";"Secretaria Municipal de Infraestrutura Urbana e Obras";"10";"Gabinete do Secretário";"479127,98";"0";"1";"0";"0";"479127,98";"479127,98";"0";"479127,98";"0";"0";"0";"479127,98";"479127,98";"0";"479127,98";"0";"479127,98";"0";"0";"0";"479127,98";"479127,98";"0";"0";"0";"0";"0";"0";"0";"0";"0";"0";"0";"0";"0";"0";"0";"0";"0";"0";"0";"0";"37.30.15.451.3009.5.100.44906100.08.0";"99";"Outras Aquisições de Bens Imóveis";"01";"Desapropriações";"61";"Aquisição de Imóveis";"0"
"337536";"9862";"2019";"22";"Secretaria Municipal de Infraestrutura Urbana e Obras";"10";"Gabinete do Secretário";"5";"Nota de Empenho Fornecimento de Bens de Consumo e/ou Permanente";"8";"Art. 24 Inciso II da lei Federal 8.666/93";"6";"Dispensa de Licitação";"12/04/2019 00:00:00";"12/04/2019 00:00:00";"12/04/2019 00:00:00";"0";"0";"1";"407041,88";"0";"407041,88";"0";"A";"1";"";"-1";"-1";"";"";"";"";"41";"SEM REAJUSTE";"";"";"";"10/04/2019 00:00:00";"12/04/2019 00:00:00";"35";"";"";"";"";"201102500794";"P";"";"";"";"Implantação do melhoramento: Núcleo Habitacional destinado a população de baixa renda - Área 35.";"";"22";"Secretaria Municipal de Infraestrutura Urbana e Obras";"10";"Gabinete do Secretário";"407041,88";"0";"1";"0";"0";"407041,88";"407041,88";"0";"407041,88";"0";"0";"0";"407041,88";"407041,88";"0";"407041,88";"0";"407041,88";"0";"0";"0";"407041,88";"407041,88";"0";"0";"0";"0";"0";"0";"0";"0";"0";"0";"0";"0";"0";"0";"0";"0";"0";"0";"0";"0";"37.30.16.451.3002.3.357.44906100.08.0";"99";"Outras Aquisições de Bens Imóveis";"01";"Desapropriações";"61";"Aquisição de Imóveis";"0"
"337562";"9884";"2019";"22";"Secretaria Municipal de Infraestrutura Urbana e Obras";"10";"Gabinete do Secretário";"5";"Nota de Empenho Fornecimento de Bens de Consumo e/ou Permanente";"8";"Art. 24 Inciso II da lei Federal 8.666/93";"6";"Dispensa de Licitação";"12/04/2019 00:00:00";"12/04/2019 00:00:00";"12/04/2019 00:00:00";"0";"0";"1";"823,04";"0";"823,04";"0";"A";"1";"";"-1";"-1";"";"";"";"";"41";"SEM REAJUSTE";"";"";"12/04/2019 00:00:00";"10/04/2019 00:00:00";"12/04/2019 00:00:00";"35";"";"";"";"";"201300162046";"P";"";"";"";"Melhoramento: Prolongamento da Av. Jornalista Roberto Marinho - Parque Linear (emboque do túnel) - Desapropriação.";"";"22";"Secretaria Municipal de Infraestrutura Urbana e Obras";"10";"Gabinete do Secretário";"823,04";"0";"1";"0";"0";"823,04";"823,04";"0";"823,04";"0";"0";"0";"823,04";"823,04";"0";"823,04";"0";"823,04";"0";"0";"0";"823,04";"823,04";"0";"0";"0";"0";"0";"0";"0";"0";"0";"0";"0";"0";"0";"0";"0";"0";"0";"0";"0";"0";"37.30.15.451.3009.5.100.44906100.08.0";"99";"Outras Aquisições de Bens Imóveis";"01";"Desapropriações";"61";"Aquisição de Imóveis";"0"
"337546";"9870";"2019";"22";"Secretaria Municipal de Infraestrutura Urbana e Obras";"10";"Gabinete do Secretário";"5";"Nota de Empenho Fornecimento de Bens de Consumo e/ou Permanente";"8";"Art. 24 Inciso II da lei Federal 8.666/93";"6";"Dispensa de Licitação";"12/04/2019 00:00:00";"12/04/2019 00:00:00";"12/04/2019 00:00:00";"0";"0";"1";"14060,93";"0";"14060,93";"0";"A";"1";"";"-1";"-1";"";"";"";"";"41";"SEM REAJUSTE";"";"";"12/04/2019 00:00:00";"10/04/2019 00:00:00";"12/04/2019 00:00:00";"35";"";"";"";"";"201302527459";"P";"";"";"";"Implantação de Melhoramento: Prolongamento da Av. Dr. Chucri Zaidan até Av. João Dias.";"";"22";"Secretaria Municipal de Infraestrutura Urbana e Obras";"10";"Gabinete do Secretário";"14060,93";"0";"1";"0";"0";"14060,93";"14060,93";"0";"14060,93";"0";"0";"0";"14060,93";"14060,93";"0";"14060,93";"0";"14060,93";"0";"0";"0";"14060,93";"14060,93";"0";"0";"0";"0";"0";"0";"0";"0";"0";"0";"0";"0";"0";"0";"0";"0";"0";"0";"0";"0";"37.30.15.451.3009.5.100.44906100.08.0";"99";"Outras Aquisições de Bens Imóveis";"01";"Desapropriações";"61";"Aquisição de Imóveis";"0"
"337552";"9875";"2019";"22";"Secretaria Municipal de Infraestrutura Urbana e Obras";"10";"Gabinete do Secretário";"5";"Nota de Empenho Fornecimento de Bens de Consumo e/ou Permanente";"8";"Art. 24 Inciso II da lei Federal 8.666/93";"6";"Dispensa de Licitação";"12/04/2019 00:00:00";"12/04/2019 00:00:00";"12/04/2019 00:00:00";"0";"0";"1";"15033,44";"0";"15033,44";"0";"A";"1";"";"-1";"-1";"";"";"";"";"41";"SEM REAJUSTE";"";"";"12/04/2019 00:00:00";"10/04/2019 00:00:00";"12/04/2019 00:00:00";"34";"";"";"";"";"201302670006";"P";"";"";"";"Implantação de Melhoramento: Prolongamento da Av. Dr. Chucri Zaidan até Av. João Dias.";"";"22";"Secretaria Municipal de Infraestrutura Urbana e Obras";"10";"Gabinete do Secretário";"15033,44";"0";"1";"0";"0";"15033,44";"15033,44";"0";"15033,44";"0";"0";"0";"15033,44";"15033,44";"0";"15033,44";"0";"15033,44";"0";"0";"0";"15033,44";"15033,44";"0";"0";"0";"0";"0";"0";"0";"0";"0";"0";"0";"0";"0";"0";"0";"0";"0";"0";"0";"0";"37.30.15.451.3009.5.100.44906100.08.0";"99";"Outras Aquisições de Bens Imóveis";"01";"Desapropriações";"61";"Aquisição de Imóveis";"0"
"346050";"16852";"2019";"22";"Secretaria Municipal de Infraestrutura Urbana e Obras";"10";"Gabinete do Secretário";"5";"Nota de Empenho Fornecimento de Bens de Consumo e/ou Permanente";"8";"Art. 24 Inciso II da lei Federal 8.666/93";"6";"Dispensa de Licitação";"12/07/2019 00:00:00";"12/07/2019 00:00:00";"12/07/2019 00:00:00";"0";"0";"1";"15880,88";"0";"15880,88";"0";"A";"1";"";"-1";"-1";"";"";"";"";"41";"SEM REAJUSTE";"";"";"";"11/07/2019 00:00:00";"12/07/2019 00:00:00";"41";"";"";"";"";"201102500794";"P";"";"";"";"Melhoramento: Núcleo Habitacional destinado a população de Baixa Renda - Área 35. - Desap";"";"22";"Secretaria Municipal de Infraestrutura Urbana e Obras";"10";"Gabinete do Secretário";"15880,88";"0";"1";"0";"0";"15880,88";"15880,88";"0";"15880,88";"0";"0";"0";"15880,88";"15880,88";"0";"15880,88";"0";"15880,88";"0";"0";"0";"15880,88";"15880,88";"0";"0";"0";"0";"0";"0";"0";"0";"0";"0";"0";"0";"0";"0";"0";"0";"0";"0";"0";"0";"37.30.16.451.3002.3.357.44906100.08.0";"99";"Outras Aquisições de Bens Imóveis";"01";"Desapropriações";"61";"Aquisição de Imóveis";"0"
"346068";"16866";"2019";"22";"Secretaria Municipal de Infraestrutura Urbana e Obras";"10";"Gabinete do Secretário";"5";"Nota de Empenho Fornecimento de Bens de Consumo e/ou Permanente";"8";"Art. 24 Inciso II da lei Federal 8.666/93";"6";"Dispensa de Licitação";"12/07/2019 00:00:00";"12/07/2019 00:00:00";"12/07/2019 00:00:00";"0";"0";"1";"4330,97";"0";"4330,97";"0";"A";"1";"";"-1";"-1";"";"";"";"";"41";"SEM REAJUSTE";"";"";"";"11/07/2019 00:00:00";"12/07/2019 00:00:00";"41";"";"";"";"";"201302349330";"P";"";"";"";"Melhoramento: Prolongamento da Av. Dr. Chucri Zaidan até a Av. João Dias.";"";"22";"Secretaria Municipal de Infraestrutura Urbana e Obras";"10";"Gabinete do Secretário";"4330,97";"0";"1";"0";"0";"4330,97";"4330,97";"0";"4330,97";"0";"0";"0";"4330,97";"4330,97";"0";"4330,97";"0";"4330,97";"0";"0";"0";"4330,97";"4330,97";"0";"0";"0";"0";"0";"0";"0";"0";"0";"0";"0";"0";"0";"0";"0";"0";"0";"0";"0";"0";"37.30.15.451.3009.5.100.44906100.08.0";"99";"Outras Aquisições de Bens Imóveis";"01";"Desapropriações";"61";"Aquisição de Imóveis";"0"
"364127";"31744";"2019";"22";"Secretaria Municipal de Infraestrutura Urbana e Obras";"10";"Gabinete do Secretário";"2";"Termo de Contrato - Serviços";"3";"Art. 22 - Inciso III Lei Federal  8.666/93";"2";"Convite";"13/04/2020 00:00:00";"12/07/2020 00:00:00";"12/07/2020 00:00:00";"0";"0";"90";"0";"0";"0";"0";"E";"9";"umental";"-1";"-1";"";"";"";"";"41";"SEM REAJUSTE";"";"";"";"20/12/2019 00:00:00";"21/12/2019 00:00:00";"154";"";"";"";"012/19/SIURB";"6022201900014242";"S";"";"";"";"CONTRATAÇÃO DE SERVIÇOS TÉCNICO-PROFISSIONAIS PARA DESESNVOLVIMENTO DO PROJETO EXECUTIVO COMPLETO DE IMPLANTAÇÃO PARA CONSTRUÇÃO DO CEU AMBIENTAL ( CONJ. RESIDENCIAL HESPANHA )";"";"22";"Secretaria Municipal de Infraestrutura Urbana e Obras";"10";"Gabinete do Secretário";"148451,15";"0";"90";"0";"0";"148451,15";"148451,15";"0";"0";"148451,15";"0";"0";"0";"0";"148451,15";"148451,15";"0";"0";"148451,15";"0";"0";"0";"0";"148451,15";"0";"0";"0";"0";"0";"0";"0";"0";"0";"0";"0";"0";"0";"0";"0";"0";"0";"0";"0";"98.14.16.451.3002.3.354.44905100.08.0";"89";"Obras em Andamento - Uso Comum do Povo";"02";"Escolas e Similares";"51";"Obras e Instalações";"0"
"352391";"21824";"2019";"22";"Secretaria Municipal de Infraestrutura Urbana e Obras";"10";"Gabinete do Secretário";"5";"Nota de Empenho Fornecimento de Bens de Consumo e/ou Permanente";"8";"Art. 24 Inciso II da lei Federal 8.666/93";"6";"Dispensa de Licitação";"12/09/2019 00:00:00";"12/09/2019 00:00:00";"12/09/2019 00:00:00";"0";"0";"1";"40624,40";"0";"40624,40";"0";"A";"1";"";"-1";"-1";"";"";"";"";"41";"SEM REAJUSTE";"";"";"";"11/09/2019 00:00:00";"12/09/2019 00:00:00";"34";"";"";"";"";"201302902144";"P";"";"";"";"Melhoramento: Prolongamento da Av. Dr. Chucri Zaidan até a Av. João Dias.";"";"22";"Secretaria Municipal de Infraestrutura Urbana e Obras";"10";"Gabinete do Secretário";"40624,40";"0";"1";"0";"0";"40624,40";"40624,40";"0";"40624,40";"0";"0";"0";"40624,40";"40624,40";"0";"40624,40";"0";"40624,40";"0";"0";"0";"40624,40";"40624,40";"0";"0";"0";"0";"0";"0";"0";"0";"0";"0";"0";"0";"0";"0";"0";"0";"0";"0";"0";"0";"37.30.15.451.3009.5.100.44906100.08.0";"99";"Outras Aquisições de Bens Imóveis";"01";"Desapropriações";"61";"Aquisição de Imóveis";"0"
"351216";"20862";"2019";"22";"Secretaria Municipal de Infraestrutura Urbana e Obras";"10";"Gabinete do Secretário";"5";"Nota de Empenho Fornecimento de Bens de Consumo e/ou Permanente";"8";"Art. 24 Inciso II da lei Federal 8.666/93";"6";"Dispensa de Licitação";"03/09/2019 00:00:00";"12/09/2019 00:00:00";"12/09/2019 00:00:00";"0";"0";"10";"6564";"0";"6564";"0";"E";"9";"umental";"-1";"-1";"";"";"";"";"41";"SEM REAJUSTE";"";"Roberto Alves de Araujo";"13/08/2019 00:00:00";"26/08/2019 00:00:00";"28/08/2019 00:00:00";"27";"";"";"";"26/2019";"6022201900040758";"S";"";"";"";"Aquisição de café torrado moído Alto Vácuo Superior pacote de 500 g";"";"22";"Secretaria Municipal de Infraestrutura Urbana e Obras";"10";"Gabinete do Secretário";"6564";"0";"10";"0";"0";"6564";"6564";"0";"6564";"0";"0";"0";"6564";"6564";"0";"6564";"0";"6564";"0";"0";"0";"6564";"6564";"0";"0";"0";"0";"0";"0";"0";"0";"0";"0";"0";"0";"0";"0";"0";"0";"0";"0";"0";"0";"22.10.15.122.3024.2.100.33903000.00.0";"07";"Gêneros de Alimentação";"02";"Café";"30";"Material de Consumo";"0"
"364268";"31866";"2019";"22";"Secretaria Municipal de Infraestrutura Urbana e Obras";"10";"Gabinete do Secretário";"2";"Termo de Contrato - Serviços";"7";"Art. 24 - Inciso I Lei Federal  8.666/93";"6";"Dispensa de Licitação";"30/12/2019 00:00:00";"13/02/2020 00:00:00";"13/02/2020 00:00:00";"0";"0";"45";"0";"0";"0";"0";"E";"9";"umental";"-1";"-1";"";"";"";"";"41";"SEM REAJUSTE";"149/SIURB/2019";"";"";"27/12/2019 00:00:00";"";"";"";"";"";"dl";"6022201900020463";"S";"";"";"";"Dispensa de licitação - Prestação de  serviços técnico - profissionais de sondagem, parecer técnico de fundações e projetos executivos complementares de fundação / estrutura e estrutura metálica para ampliação da Portaria 3 do Forum Criminal Ministro Mário Guimarães, situado à Avenida Abraão Ribeiro, 313, na SUB / LA.";"";"22";"Secretaria Municipal de Infraestrutura Urbana e Obras";"10";"Gabinete do Secretário";"21404,62";"0";"45";"0";"0";"21404,62";"21404,62";"0";"0";"21404,62";"0";"0";"0";"0";"34862,76";"21404,62";"0";"0";"21404,62";"0";"0";"0";"0";"34862,76";"0";"0";"0";"0";"0";"0";"0";"0";"0";"0";"0";"0";"0";"0";"0";"0";"0";"0";"0";"26.10.04.122.3024.2.100.33903900.00.0";"05";"Serviços Técnicos Profissionais";"26";"Elaboração de Projetos";"39";"Outros Serviços de Terceiros - Pessoa Jurídica";"0"
"329994";"3521";"2019";"98";"Fundo de Desenvolvimento Urbano";"22";"FUNDURB - Secretaria Municipal de Infra-Estrutura Urbana e Obras";"2";"Termo de Contrato - Serviços";"1";"Art. 22 - Inciso I Lei Federal  8.666/93";"4";"Concorrência";"15/08/2013 00:00:00";"12/05/2018 00:00:00";"13/05/2018 00:00:00";"0";"0";"1732";"152943,50";"355362,25";"152943,50";"355362,25";"E";"9";"umental";"-1";"-1";"";"";"";"";"2";"ESTRUTURA GERAL";"";"";"";"15/08/2013 00:00:00";"15/08/2013 00:00:00";"";"";"";"";"";"6022201900006258";"S";"";"";"";"CT - 045/SIURB/2013 - Corredor Leste Itaquera I";"";"98";"Fundo de Desenvolvimento Urbano";"22";"FUNDURB - Secretaria Municipal de Infra-Estrutura Urbana e Obras";"1450000";"0";"1732";"0";"5259188";"6709188";"6709188";"0";"508305,75";"6200882,25";"0";"0";"508305,75";"508305,75";"10587816,43";"1450000";"0";"152943,50";"1297056,50";"0";"0";"152943,50";"152943,50";"2074388,83";"5259188";"0";"355362,25";"4903825,75";"0";"0";"355362,25";"355362,25";"8513427,60";"0";"0";"0";"0";"0";"0";"0";"0";"0";"0";"98.22.26.453.3009.1.099.44905100.08.0";"89";"Obras em Andamento - Uso Comum do Povo";"17";"Corredores de Ônibus";"51";"Obras e Instalações";"0"
"328323";"2189";"2019";"22";"Secretaria Municipal de Infraestrutura Urbana e Obras";"10";"Gabinete do Secretário";"2";"Termo de Contrato - Serviços";"4";"Art. 22 - Inciso IV Lei Federal  8.666/93";"1";"Concurso";"15/11/2018 00:00:00";"13/05/2019 00:00:00";"13/05/2019 00:00:00";"0";"0";"180";"19988547,89";"0";"12641284,78";"0";"S";"9";"umental";"-1";"-1";"";"";"";"";"41";"SEM REAJUSTE";"";"";"";"07/02/2019 00:00:00";"08/02/2019 00:00:00";"25";"";"";"";"";"201801156928";"P";"";"";"";"Obra Emergencial de Recuperação Estrutural do Viaduto sobre a CPTM - Marginal Pinheiros/Leste via expressa";"";"22";"Secretaria Municipal de Infraestrutura Urbana e Obras";"10";"Gabinete do Secretário";"19988547,89";"0";"180";"0";"0";"19988547,89";"19988547,89";"0";"12641284,78";"0";"7347263,11";"0";"12641284,78";"12641284,78";"12109163,14";"19988547,89";"0";"12641284,78";"0";"7347263,11";"0";"12641284,78";"12641284,78";"12109163,14";"0";"0";"0";"0";"0";"0";"0";"0";"0";"0";"0";"0";"0";"0";"0";"0";"0";"0";"0";"87.10.15.451.3009.5.187.44905100.08.0";"89";"Obras em Andamento - Uso Comum do Povo";"15";"Pontes, Pontilhões e Viadutos";"51";"Obras e Instalações";"7347263,11"
"331440";"4673";"2019";"22";"Secretaria Municipal de Infraestrutura Urbana e Obras";"10";"Gabinete do Secretário";"41";"Nota de Empenho de Serviços com fornecimento de materiais / peças";"8";"Art. 24 Inciso II da lei Federal 8.666/93";"6";"Dispensa de Licitação";"14/03/2019 00:00:00";"12/05/2019 00:00:00";"13/05/2019 00:00:00";"0";"0";"60";"4852,48";"0";"4852,48";"0";"E";"9";"umental";"-1";"-1";"";"";"";"";"41";"SEM REAJUSTE";"";"";"";"07/03/2019 00:00:00";"08/03/2019 00:00:00";"20";"";"";"";"";"6022201900009818";"S";"850.424.5";"Gabriel Haouila de Souza";"";"Recarga e manutenção de 28 Extintores tipo Gás Carbônico (CO²) 6 kg, 81 Extintores tipo Água Pressurizada (AP) 10 lts, 4 Extintores tipo Pó Químico (PQS) 6 kg, 19 Extintores tipo Pó Químico (PQS) 4 kg, 28 Testes Pneumático nas Mangueiras de Incêndio e 181 Testes Hidrostático (Padrão) em extintores de incêndio (Cilindro) tipo CO² / Água Pressurizada/ Pó Químico";"";"22";"Secretaria Municipal de Infraestrutura Urbana e Obras";"10";"Gabinete do Secretário";"4897";"0";"60";"0";"0";"4897";"4897";"0";"4852,48";"44,52";"0";"0";"4852,48";"4852,48";"44,52";"4897";"0";"4852,48";"44,52";"0";"0";"4852,48";"4852,48";"44,52";"0";"0";"0";"0";"0";"0";"0";"0";"0";"0";"0";"0";"0";"0";"0";"0";"0";"0";"0";"22.10.15.122.3024.2.100.33903900.00.0";"17";"Manut. e Conserv. de Máquinas e Equipamentos";"99";"Outras Máquinas e Equipamentos";"39";"Outros Serviços de Terceiros - Pessoa Jurídica";"0"
"337812";"10120";"2019";"22";"Secretaria Municipal de Infraestrutura Urbana e Obras";"10";"Gabinete do Secretário";"2";"Termo de Contrato - Serviços";"7";"Art. 24 - Inciso I Lei Federal  8.666/93";"6";"Dispensa de Licitação";"15/05/2019 00:00:00";"13/06/2019 00:00:00";"13/06/2019 00:00:00";"0";"0";"30";"11848,58";"0";"11848,58";"0";"A";"9";"umental";"-1";"-1";"";"";"";"";"41";"SEM REAJUSTE";"";"";"";"09/04/2019 00:00:00";"10/04/2019 00:00:00";"21";"";"";"";"DL";"201401736382";"P";"";"";"";"PRESTAÇÃO DE SERVIÇOS TÉCNICOS PROFISSIONAIS DE AVALIAÇÃO PRELIMINAR  DE CONTAMINAÇÃO PARA CONSTRUÇÃO DA UPA TITO LOPES - SP/MP";"";"22";"Secretaria Municipal de Infraestrutura Urbana e Obras";"10";"Gabinete do Secretário";"11848,58";"0";"30";"0";"0";"11848,58";"11848,58";"0";"11848,58";"0";"0";"0";"11848,58";"11848,58";"0";"11848,58";"0";"11848,58";"0";"0";"0";"11848,58";"11848,58";"0";"0";"0";"0";"0";"0";"0";"0";"0";"0";"0";"0";"0";"0";"0";"0";"0";"0";"0";"0";"84.10.10.302.3003.1.512.44905100.00.0";"89";"Obras em Andamento - Uso Comum do Povo";"01";"Hospitais e Similares";"51";"Obras e Instalações";"0"
"346694";"17362";"2019";"86";"Fundo Municipal de Saneamento Ambiental e Infraestrutura";"22";"";"2";"Termo de Contrato - Serviços";"1";"Art. 22 - Inciso I Lei Federal  8.666/93";"4";"Concorrência";"28/09/2015 00:00:00";"18/02/2017 00:00:00";"13/07/2019 00:00:00";"0";"0";"509";"16345674,90";"6585074,80";"1055326,55";"427941,08";"A";"9";"umental";"-1";"-1";"";"";"";"";"2";"ESTRUTURA GERAL";"";"";"";"12/08/2015 00:00:00";"14/08/2015 00:00:00";"";"";"";"";"";"201403578423";"P";"";"";"";"CT - 066/SIURB/2015 - Córrego Uberaba";"";"86";"Fundo Municipal de Saneamento Ambiental e Infraestrutura";"22";"";"7000000";"0";"509";"9345674,90";"6585074,80";"22930749,70";"22930749,70";"0";"1483267,63";"0";"21447482,07";"0";"1483267,63";"1483267,63";"39741767,59";"16345674,90";"0";"1055326,55";"0";"15290348,35";"0";"1055326,55";"1055326,55";"31177538,09";"6585074,80";"0";"427941,08";"0";"6157133,72";"0";"427941,08";"427941,08";"8564229,50";"0";"0";"133,51";"0";"0";"0";"0";"0";"875";"0";"86.22.17.451.3005.5.013.44905100.03.0";"89";"Obras em Andamento - Uso Comum do Povo";"22";"Canalização de Córregos";"51";"Obras e Instalações";"21447482,07"
"351094";"20757";"2019";"22";"Secretaria Municipal de Infraestrutura Urbana e Obras";"10";"Gabinete do Secretário";"2";"Termo de Contrato - Serviços";"8";"Art. 24 Inciso II da lei Federal 8.666/93";"6";"Dispensa de Licitação";"16/04/2019 00:00:00";"12/10/2019 00:00:00";"13/10/2019 00:00:00";"0";"0";"180";"0";"0";"0";"0";"E";"9";"umental";"-1";"-1";"";"";"";"";"41";"SEM REAJUSTE";"";"";"";"28/08/2019 00:00:00";"29/08/2019 00:00:00";"38";"";"";"";"";"7910201900002600";"S";"";"";"";"Prestação de serviços de elaboração de inspeções especiais, vistorias, ensaios, laudos técnicos e verificação estrutural do Viaduto Glicério.";"";"22";"Secretaria Municipal de Infraestrutura Urbana e Obras";"10";"Gabinete do Secretário";"1890587,59";"0";"180";"0";"0";"1890587,59";"1890587,59";"0";"0";"1890587,59";"0";"0";"0";"0";"1890587,59";"1890587,59";"0";"0";"1890587,59";"0";"0";"0";"0";"1890587,59";"0";"0";"0";"0";"0";"0";"0";"0";"0";"0";"0";"0";"0";"0";"0";"0";"0";"0";"0";"87.10.15.451.3009.5.187.44903900.08.0";"05";"Serviços Técnicos Profissionais";"01";"Gerenciamento";"39";"Outros Serviços de Terceiros - Pessoa Jurídica";"0"
"360888";"28970";"2019";"22";"Secretaria Municipal de Infra-Estrutura Urbana e Obras";"10";"Gabinete do Secretário";"2";"Termo de Contrato - Serviços";"1";"Art. 22 - Inciso I Lei Federal  8.666/93";"4";"Concorrência";"15/09/2015 00:00:00";"13/12/2015 00:00:00";"13/12/2015 00:00:00";"0";"0";"90";"33456,41";"0";"33456,41";"0";"E";"9";"umental";"2014";"2";"22";"Secretaria Municipal de Infra-Estrutura Urbana e Obras";"";"";"5";"EDIFICAÇÕES EM GERAL";"";"";"";"17/08/2015 00:00:00";"21/08/2015 00:00:00";"81";"";"";"";"";"201200744442";"P";"";"";"";"SP/BT - MANUTENÇÃO DA EMEF TEÓFILO BENEDITO OTTONI, referente a contratação nº 22573/15";"";"22";"Secretaria Municipal de Infra-Estrutura Urbana e Obras";"10";"Gabinete do Secretário";"33456,41";"0";"90";"0";"0";"33456,41";"33456,41";"0";"33456,41";"0";"0";"0";"33456,41";"33456,41";"0";"33456,41";"0";"33456,41";"0";"0";"0";"33456,41";"33456,41";"0";"0";"0";"0";"0";"0";"0";"0";"0";"0";"0";"0";"0";"0";"0";"0";"0";"0";"0";"0";"16.10.12.361.3010.2.879.33909200.00.0";"39";"Serviços de Terceiros - Pessoa Jurídica";"01";"Outros Serviços de Terceiros - Pessoa Jurídica - Tributável";"92";"Despesas de Exercícios Anteriores";"0"
"360840";"28928";"2019";"22";"Secretaria Municipal de Infra-Estrutura Urbana e Obras";"10";"Gabinete do Secretário";"2";"Termo de Contrato - Serviços";"1";"Art. 22 - Inciso I Lei Federal  8.666/93";"4";"Concorrência";"15/09/2015 00:00:00";"13/12/2015 00:00:00";"13/12/2015 00:00:00";"0";"0";"90";"11113,27";"0";"11113,27";"0";"E";"9";"umental";"2014";"13";"22";"Secretaria Municipal de Infra-Estrutura Urbana e Obras";"";"";"5";"EDIFICAÇÕES EM GERAL";"";"";"";"18/08/2015 00:00:00";"26/08/2015 00:00:00";"129";"";"";"";"";"201500693096";"P";"";"";"";"SP/IQ - MANUTENÇÃO DA EMEI MARIA MONTESSORI, Referente contratação nª 22861/15";"";"22";"Secretaria Municipal de Infra-Estrutura Urbana e Obras";"10";"Gabinete do Secretário";"11113,27";"0";"90";"0";"0";"11113,27";"11113,27";"0";"11113,27";"0";"0";"0";"11113,27";"11113,27";"0";"11113,27";"0";"11113,27";"0";"0";"0";"11113,27";"11113,27";"0";"0";"0";"0";"0";"0";"0";"0";"0";"0";"0";"0";"0";"0";"0";"0";"0";"0";"0";"0";"16.10.12.365.3010.2.878.33909200.00.0";"39";"Serviços de Terceiros - Pessoa Jurídica";"01";"Outros Serviços de Terceiros - Pessoa Jurídica - Tributável";"92";"Despesas de Exercícios Anteriores";"0"
"360873";"28955";"2019";"22";"Secretaria Municipal de Infra-Estrutura Urbana e Obras";"10";"Gabinete do Secretário";"2";"Termo de Contrato - Serviços";"1";"Art. 22 - Inciso I Lei Federal  8.666/93";"4";"Concorrência";"15/09/2015 00:00:00";"13/12/2015 00:00:00";"13/12/2015 00:00:00";"0";"0";"90";"7112,81";"0";"7112,81";"0";"E";"9";"umental";"2014";"13";"22";"Secretaria Municipal de Infra-Estrutura Urbana e Obras";"";"";"5";"EDIFICAÇÕES EM GERAL";"";"";"";"17/08/2015 00:00:00";"26/08/2015 00:00:00";"129";"";"";"";"";"201200727394";"P";"";"";"";"SP/IQ - MANUTENÇÃO DO CEI DIRETO GLEBA DO PÊSSEGO, referente a contratação nº 22858/15";"";"22";"Secretaria Municipal de Infra-Estrutura Urbana e Obras";"10";"Gabinete do Secretário";"7112,81";"0";"90";"0";"0";"7112,81";"7112,81";"0";"7112,81";"0";"0";"0";"7112,81";"7112,81";"0";"7112,81";"0";"7112,81";"0";"0";"0";"7112,81";"7112,81";"0";"0";"0";"0";"0";"0";"0";"0";"0";"0";"0";"0";"0";"0";"0";"0";"0";"0";"0";"0";"16.10.12.365.3010.2.878.33909200.00.0";"39";"Serviços de Terceiros - Pessoa Jurídica";"01";"Outros Serviços de Terceiros - Pessoa Jurídica - Tributável";"92";"Despesas de Exercícios Anteriores";"0"
"360846";"28934";"2019";"22";"Secretaria Municipal de Infra-Estrutura Urbana e Obras";"10";"Gabinete do Secretário";"2";"Termo de Contrato - Serviços";"1";"Art. 22 - Inciso I Lei Federal  8.666/93";"4";"Concorrência";"15/09/2015 00:00:00";"13/12/2015 00:00:00";"13/12/2015 00:00:00";"0";"0";"90";"12938,84";"0";"12938,84";"0";"A";"9";"umental";"2014";"25";"22";"Secretaria Municipal de Infra-Estrutura Urbana e Obras";"";"";"5";"EDIFICAÇÕES EM GERAL";"";"";"";"17/08/2015 00:00:00";"27/08/2015 00:00:00";"85";"";"";"";"";"201401073529";"P";"";"";"";"SP/SM - MANUTENÇÃO DA EMEI MANOEL FIEL FILHO, referente a contratação nº 23052/15";"";"22";"Secretaria Municipal de Infra-Estrutura Urbana e Obras";"10";"Gabinete do Secretário";"12938,84";"0";"90";"0";"0";"12938,84";"12938,84";"0";"12938,84";"0";"0";"0";"12938,84";"12938,84";"0";"12938,84";"0";"12938,84";"0";"0";"0";"12938,84";"12938,84";"0";"0";"0";"0";"0";"0";"0";"0";"0";"0";"0";"0";"0";"0";"0";"0";"0";"0";"0";"0";"16.10.12.365.3010.2.878.33909200.00.0";"39";"Serviços de Terceiros - Pessoa Jurídica";"01";"Outros Serviços de Terceiros - Pessoa Jurídica - Tributável";"92";"Despesas de Exercícios Anteriores";"0"
"360857";"28940";"2019";"22";"Secretaria Municipal de Infra-Estrutura Urbana e Obras";"10";"Gabinete do Secretário";"2";"Termo de Contrato - Serviços";"1";"Art. 22 - Inciso I Lei Federal  8.666/93";"4";"Concorrência";"15/09/2015 00:00:00";"13/12/2015 00:00:00";"13/12/2015 00:00:00";"0";"0";"90";"26817,28";"0";"26817,28";"0";"A";"9";"umental";"2012";"10";"22";"Secretaria Municipal de Infra-Estrutura Urbana e Obras";"";"";"5";"EDIFICAÇÕES EM GERAL";"";"";"";"28/08/2015 00:00:00";"03/09/2015 00:00:00";"94";"";"";"";"007/14/SIURB";"201500781580";"P";"";"";"";"Execução de serviços gerais de manutenção previstos na ATA de RP n° 010 /SIURB/2014 - Agrupamento 010 - Subprefeitura Guaianases - SP/G, na EMEI Antônio Pereira Lima - SP/SP, referente contratação nº 23780/15";"";"22";"Secretaria Municipal de Infra-Estrutura Urbana e Obras";"10";"Gabinete do Secretário";"26817,28";"0";"90";"0";"0";"26817,28";"26817,28";"0";"26817,28";"0";"0";"0";"26817,28";"26817,28";"0";"26817,28";"0";"26817,28";"0";"0";"0";"26817,28";"26817,28";"0";"0";"0";"0";"0";"0";"0";"0";"0";"0";"0";"0";"0";"0";"0";"0";"0";"0";"0";"0";"16.10.12.365.3010.2.878.33909200.00.0";"39";"Serviços de Terceiros - Pessoa Jurídica";"01";"Outros Serviços de Terceiros - Pessoa Jurídica - Tributável";"92";"Despesas de Exercícios Anteriores";"0"
"345945";"16766";"2019";"86";"Fundo Municipal de Saneamento Ambiental e Infraestrutura";"22";"FMSAI - Secretaria Municipal de Serviços e Obras";"2";"Termo de Contrato - Serviços";"8";"Art. 24 Inciso II da lei Federal 8.666/93";"6";"Dispensa de Licitação";"17/06/2019 00:00:00";"13/12/2019 00:00:00";"13/12/2019 00:00:00";"0";"0";"179";"5413236,08";"0";"5148922,83";"0";"S";"9";"umental";"-1";"-1";"";"";"";"";"41";"SEM REAJUSTE";"072/SIURB/2019";"";"";"05/07/2019 00:00:00";"06/07/2019 00:00:00";"";"";"";"";"";"6022201900036866";"S";"";"";"";"Contratação emergencial para prestação de serviços técnicos profissionais especializados de engenharia consultiva em gerenciamento de programas de infraestrutura urbana e de execução e projetos de edificações públicas na cidade sob a responsabilidade da Secretaria Municipal de Infraestrutura Urbana e Obras da Cidade de São Paulo - SIURB.";"";"86";"Fundo Municipal de Saneamento Ambiental e Infraestrutura";"22";"FMSAI - Secretaria Municipal de Serviços e Obras";"5413236,08";"0";"179";"0";"0";"5413236,08";"5413236,08";"0";"5148922,83";"0";"264313,25";"0";"5148922,83";"5148922,83";"264313,24";"5413236,08";"0";"5148922,83";"0";"264313,25";"0";"5148922,83";"5148922,83";"264313,24";"0";"0";"0";"0";"0";"0";"0";"0";"0";"0";"0";"0";"0";"0";"0";"0";"0";"0";"0";"86.22.17.451.3005.5.013.44903900.03.0";"05";"Serviços Técnicos Profissionais";"01";"Gerenciamento";"39";"Outros Serviços de Terceiros - Pessoa Jurídica";"264313,25"
"327253";"1336";"2019";"22";"Secretaria Municipal de Infraestrutura Urbana e Obras";"10";"Gabinete do Secretário";"5";"Nota de Empenho Fornecimento de Bens de Consumo e/ou Permanente";"6";"Lei Federal 10.520/02";"12";"Pregão";"12/02/2019 00:00:00";"14/02/2019 00:00:00";"14/02/2019 00:00:00";"0";"0";"3";"615";"0";"615";"0";"E";"9";"umental";"2018";"6";"13";"Secretaria Municipal de Gestão";"";"";"41";"SEM REAJUSTE";"";"Rafael Corpas Terrão";"15/10/2018 00:00:00";"28/12/2018 00:00:00";"29/12/2018 00:00:00";"22";"";"";"";"017/2018 COBES";"6022201800053483";"S";"843884";"Aurelice Rocha dos Anjos";"Diretora";"Aquisição de 300 (trezentos) pacotes (1kg) de açúcar amorfo/microcristalino, conforme especificação técnica em doc. SEI 012185048.";"";"22";"Secretaria Municipal de Infraestrutura Urbana e Obras";"10";"Gabinete do Secretário";"615";"0";"3";"0";"0";"615";"615";"0";"615";"0";"0";"0";"615";"615";"0";"615";"0";"615";"0";"0";"0";"615";"615";"0";"0";"0";"0";"0";"0";"0";"0";"0";"0";"0";"0";"0";"0";"0";"0";"0";"0";"0";"0";"22.10.15.122.3024.2.100.33903000.00.0";"07";"Gêneros de Alimentação";"01";"Açúcar";"30";"Material de Consumo";"0"
"361169";"29214";"2019";"22";"Secretaria Municipal de Infraestrutura Urbana e Obras";"10";"Gabinete do Secretário";"2";"Termo de Contrato - Serviços";"7";"Art. 24 - Inciso I Lei Federal  8.666/93";"6";"Dispensa de Licitação";"17/12/2019 00:00:00";"14/02/2020 00:00:00";"14/02/2020 00:00:00";"0";"0";"60";"25296,92";"0";"25296,92";"0";"E";"9";"umental";"-1";"-1";"";"";"";"";"41";"SEM REAJUSTE";"";"";"";"26/11/2019 00:00:00";"28/11/2019 00:00:00";"35";"";"";"";"DL";"6022201900037323";"S";"";"";"";"Dispensa de licitação - Prestação de Serviços Técnico-Profissionais para Investigação Confirmatória de Contaminação de Solo - UPA Mooca.";"";"22";"Secretaria Municipal de Infraestrutura Urbana e Obras";"10";"Gabinete do Secretário";"25296,92";"0";"60";"0";"0";"25296,92";"25296,92";"0";"25296,92";"0";"0";"0";"25296,92";"25296,92";"0";"25296,92";"0";"25296,92";"0";"0";"0";"25296,92";"25296,92";"0";"0";"0";"0";"0";"0";"0";"0";"0";"0";"0";"0";"0";"0";"0";"0";"0";"0";"0";"0";"84.10.10.302.3003.1.512.44905100.00.0";"89";"Obras em Andamento - Uso Comum do Povo";"01";"Hospitais e Similares";"51";"Obras e Instalações";"0"
"350962";"20648";"2019";"22";"Secretaria Municipal de Infraestrutura Urbana e Obras";"10";"Gabinete do Secretário";"2";"Termo de Contrato - Serviços";"2";"Art. 22 - Inciso II Lei Federal  8.666/93";"3";"Tomada de Preços";"16/09/2019 00:00:00";"13/03/2020 00:00:00";"14/03/2020 00:00:00";"0";"0";"180";"1430654,25";"0";"1430654,25";"0";"E";"9";"umental";"-1";"-1";"";"";"";"";"2";"ESTRUTURA GERAL";"";"";"";"26/08/2019 00:00:00";"28/08/2019 00:00:00";"";"";"";"";"";"7910201900003828";"S";"";"";"";"Tomada de Preço Nº 004/2019 - Objeto: Contratação de empresa especializada em engenharia para execução das obras de reforma para a implantação do DESCOMPLICA SP - UNIDADE PENHA.";"";"22";"Secretaria Municipal de Infraestrutura Urbana e Obras";"10";"Gabinete do Secretário";"1390903,92";"0";"180";"120151,98";"0";"1511055,90";"1511055,90";"0";"1430654,25";"80401,65";"0";"0";"1430654,25";"1430654,25";"80401,65";"1511055,90";"0";"1430654,25";"80401,65";"0";"0";"1430654,25";"1430654,25";"80401,65";"0";"0";"0";"0";"0";"0";"0";"0";"0";"0";"0";"0";"0";"0";"0";"0";"0";"48";"0";"23.10.04.126.3011.1.358.44905100.00.0";"92";"Instalações";"99";"Outras Instalações";"51";"Obras e Instalações";"0"
"361752";"29732";"2019";"98";"Fundo de Desenvolvimento Urbano";"22";"FUNDURB - Secretaria Municipal de Infraestrutura Urbana e Obras";"2";"Termo de Contrato - Serviços";"10";"Art. 24 Inciso IV da lei Federal 8.666/93";"6";"Dispensa de Licitação";"15/11/2018 00:00:00";"13/05/2019 00:00:00";"14/05/2019 00:00:00";"0";"0";"180";"0";"0";"0";"0";"E";"9";"umental";"-1";"-1";"";"";"";"";"41";"SEM REAJUSTE";"";"";"";"07/02/2019 00:00:00";"08/02/2019 00:00:00";"25";"";"";"";"";"7910201900001310";"S";"";"";"";"Obra Emergencial de Recuperação Estrutural do Viaduto sobre a CPTM - Marginal Pinheiros/Leste viaexpressa";"";"98";"Fundo de Desenvolvimento Urbano";"22";"FUNDURB - Secretaria Municipal de Infraestrutura Urbana e Obras";"7347263,11";"0";"180";"0";"0";"7347263,11";"7347263,11";"0";"0";"7347263,11";"0";"0";"0";"0";"7347263,11";"7347263,11";"0";"0";"7347263,11";"0";"0";"0";"0";"7347263,11";"0";"0";"0";"0";"0";"0";"0";"0";"0";"0";"0";"0";"0";"0";"0";"0";"0";"0";"0";"98.22.15.451.3009.5.187.44905100.08.0";"89";"Obras em Andamento - Uso Comum do Povo";"15";"Pontes, Pontilhões e Viadutos";"51";"Obras e Instalações";"0"
"357730";"26232";"2019";"98";"Fundo de Desenvolvimento Urbano";"22";"FUNDURB - Secretaria Municipal de Infraestrutura Urbana e Obras";"2";"Termo de Contrato - Serviços";"6";"Lei Federal 10.520/02";"12";"Pregão";"01/12/2019 00:00:00";"13/05/2020 00:00:00";"14/05/2020 00:00:00";"0";"0";"165";"2596148,10";"0";"2596148,10";"0";"E";"9";"umental";"-1";"-1";"";"";"";"";"2";"ESTRUTURA GERAL";"";"";"";"29/10/2019 00:00:00";"01/11/2019 00:00:00";"96";"";"";"";"";"7910201900006959";"S";"";"";"";"Pregão Eletrônico nº 005/2019 - Contratação de empresa para a implantação de gradil metálico no Elevado Presidente João Goulart - Minhocão.";"";"98";"Fundo de Desenvolvimento Urbano";"22";"FUNDURB - Secretaria Municipal de Infraestrutura Urbana e Obras";"3115000";"0";"165";"0";"0";"3115000";"3115000";"0";"2596148,10";"518851,90";"0";"0";"2596148,10";"2596148,10";"3774776,06";"3115000";"0";"2596148,10";"518851,90";"0";"0";"2596148,10";"2596148,10";"3774776,06";"0";"0";"0";"0";"0";"0";"0";"0";"0";"0";"0";"0";"0";"0";"0";"0";"0";"0";"0";"98.22.15.451.3009.5.100.44905100.08.0";"92";"Instalações";"99";"Outras Instalações";"51";"Obras e Instalações";"0"
"340163";"12164";"2019";"22";"Secretaria Municipal de Infraestrutura Urbana e Obras";"10";"Gabinete do Secretário";"2";"Termo de Contrato - Serviços";"8";"Art. 24 Inciso II da lei Federal 8.666/93";"6";"Dispensa de Licitação";"15/05/2019 00:00:00";"14/08/2019 00:00:00";"14/08/2019 00:00:00";"0";"0";"92";"12270";"0";"12270";"0";"E";"83";"";"-1";"-1";"";"";"";"";"41";"SEM REAJUSTE";"";"GEISIANE MENDES DA SILVA";"18/04/2019 00:00:00";"30/04/2019 00:00:00";"04/05/2019 00:00:00";"38";"";"";"";"";"6022201800070698";"S";"";"";"";"manutenção preventiva e corretiva, com substituição de peças, sem ônus para a Administração Pública, nas 12 (doze) bombas d'água e nos 07 (sete) quadros elétricos de bombas, instalados  no Edifício Domingos Fernandes Alonso - Galeria Olido";"";"22";"Secretaria Municipal de Infraestrutura Urbana e Obras";"10";"Gabinete do Secretário";"12270";"0";"92";"0";"0";"12270";"12270";"0";"12270";"0";"0";"0";"12270";"12270";"0";"12270";"0";"12270";"0";"0";"0";"12270";"12270";"0";"0";"0";"0";"0";"0";"0";"0";"0";"0";"0";"0";"0";"0";"0";"0";"0";"0";"0";"0";"22.10.15.122.3024.2.100.33903900.00.0";"17";"Manut. e Conserv. de Máquinas e Equipamentos";"99";"Outras Máquinas e Equipamentos";"39";"Outros Serviços de Terceiros - Pessoa Jurídica";"0"
"349440";"19503";"2019";"22";"Secretaria Municipal de Infraestrutura Urbana e Obras";"10";"Gabinete do Secretário";"5";"Nota de Empenho Fornecimento de Bens de Consumo e/ou Permanente";"8";"Art. 24 Inciso II da lei Federal 8.666/93";"6";"Dispensa de Licitação";"14/08/2019 00:00:00";"14/08/2019 00:00:00";"14/08/2019 00:00:00";"0";"0";"1";"142423,73";"0";"142423,73";"0";"A";"1";"";"-1";"-1";"";"";"";"";"41";"SEM REAJUSTE";"";"";"";"12/08/2019 00:00:00";"14/08/2019 00:00:00";"38";"";"";"";"";"201302274984";"P";"";"";"";"Melhoramento: Prolongamento da Av. Dr. Chucri Zaidan até a Av. João Dias.";"";"22";"Secretaria Municipal de Infraestrutura Urbana e Obras";"10";"Gabinete do Secretário";"142423,73";"0";"1";"0";"0";"142423,73";"142423,73";"0";"142423,73";"0";"0";"0";"142423,73";"142423,73";"0";"142423,73";"0";"142423,73";"0";"0";"0";"142423,73";"142423,73";"0";"0";"0";"0";"0";"0";"0";"0";"0";"0";"0";"0";"0";"0";"0";"0";"0";"0";"0";"0";"37.30.15.451.3009.5.100.44906100.08.0";"99";"Outras Aquisições de Bens Imóveis";"01";"Desapropriações";"61";"Aquisição de Imóveis";"0"
"349381";"19458";"2019";"22";"Secretaria Municipal de Infraestrutura Urbana e Obras";"10";"Gabinete do Secretário";"5";"Nota de Empenho Fornecimento de Bens de Consumo e/ou Permanente";"8";"Art. 24 Inciso II da lei Federal 8.666/93";"6";"Dispensa de Licitação";"14/08/2019 00:00:00";"14/08/2019 00:00:00";"14/08/2019 00:00:00";"0";"0";"1";"44225,11";"0";"44225,11";"0";"A";"1";"";"-1";"-1";"";"";"";"";"41";"SEM REAJUSTE";"";"";"";"12/08/2019 00:00:00";"14/08/2019 00:00:00";"38";"";"";"";"";"201102631147";"P";"";"";"";"Melhoramento: Implantação de Núcleo Habitacional destinado a População de Baixa Renda - Área 16";"";"22";"Secretaria Municipal de Infraestrutura Urbana e Obras";"10";"Gabinete do Secretário";"44225,11";"0";"1";"0";"0";"44225,11";"44225,11";"0";"44225,11";"0";"0";"0";"44225,11";"44225,11";"0";"44225,11";"0";"44225,11";"0";"0";"0";"44225,11";"44225,11";"0";"0";"0";"0";"0";"0";"0";"0";"0";"0";"0";"0";"0";"0";"0";"0";"0";"0";"0";"0";"37.30.16.451.3002.3.357.44906100.08.0";"99";"Outras Aquisições de Bens Imóveis";"01";"Desapropriações";"61";"Aquisição de Imóveis";"0"
"351104";"20765";"2019";"22";"Secretaria Municipal de Infraestrutura Urbana e Obras";"10";"Gabinete do Secretário";"2";"Termo de Contrato - Serviços";"8";"Art. 24 Inciso II da lei Federal 8.666/93";"6";"Dispensa de Licitação";"16/04/2019 00:00:00";"13/08/2019 00:00:00";"14/08/2019 00:00:00";"0";"0";"120";"0";"0";"0";"0";"E";"9";"umental";"-1";"-1";"";"";"";"";"41";"SEM REAJUSTE";"";"";"";"28/08/2019 00:00:00";"29/08/2019 00:00:00";"";"";"";"";"";"7910201900002597";"S";"";"";"";"Prestação de serviços de elaboração de inspeções especiais, vistorias, ensaios, laudos técnicos e verificação estrutural do Viaduto Bresser.";"";"22";"Secretaria Municipal de Infraestrutura Urbana e Obras";"10";"Gabinete do Secretário";"905014,57";"0";"120";"0";"0";"905014,57";"905014,57";"0";"0";"905014,57";"0";"0";"0";"0";"905014,57";"905014,57";"0";"0";"905014,57";"0";"0";"0";"0";"905014,57";"0";"0";"0";"0";"0";"0";"0";"0";"0";"0";"0";"0";"0";"0";"0";"0";"0";"0";"0";"87.10.15.451.3009.5.187.44903900.08.0";"05";"Serviços Técnicos Profissionais";"01";"Gerenciamento";"39";"Outros Serviços de Terceiros - Pessoa Jurídica";"0"
"361746";"29728";"2019";"98";"Fundo de Desenvolvimento Urbano";"22";"FUNDURB - Secretaria Municipal de Infraestrutura Urbana e Obras";"2";"Termo de Contrato - Serviços";"8";"Art. 24 Inciso II da lei Federal 8.666/93";"6";"Dispensa de Licitação";"16/04/2019 00:00:00";"13/08/2019 00:00:00";"14/08/2019 00:00:00";"0";"0";"120";"863662,45";"0";"863662,45";"0";"E";"9";"umental";"-1";"-1";"";"";"";"";"41";"SEM REAJUSTE";"";"";"";"28/08/2019 00:00:00";"29/08/2019 00:00:00";"";"";"";"";"";"7910201900002597";"S";"";"";"";"Prestação de serviços de elaboração de inspeções especiais, vistorias, ensaios, laudos técnicos e verificação estrutural doViaduto Bresser";"";"98";"Fundo de Desenvolvimento Urbano";"22";"FUNDURB - Secretaria Municipal de Infraestrutura Urbana e Obras";"905014,59";"0";"120";"0";"0";"905014,59";"905014,59";"0";"863662,45";"41352,14";"0";"0";"863662,45";"863662,45";"41352,12";"905014,59";"0";"863662,45";"41352,14";"0";"0";"863662,45";"863662,45";"41352,12";"0";"0";"0";"0";"0";"0";"0";"0";"0";"0";"0";"0";"0";"0";"0";"0";"0";"0";"0";"98.22.15.451.3009.5.187.44903900.08.0";"05";"Serviços Técnicos Profissionais";"01";"Gerenciamento";"39";"Outros Serviços de Terceiros - Pessoa Jurídica";"0"
"361734";"29716";"2019";"98";"Fundo de Desenvolvimento Urbano";"22";"FUNDURB - Secretaria Municipal de Infraestrutura Urbana e Obras";"2";"Termo de Contrato - Serviços";"10";"Art. 24 Inciso IV da lei Federal 8.666/93";"6";"Dispensa de Licitação";"16/04/2019 00:00:00";"13/08/2019 00:00:00";"14/08/2019 00:00:00";"0";"0";"120";"1809355,33";"0";"1809355,33";"0";"E";"9";"umental";"-1";"-1";"";"";"";"";"41";"SEM REAJUSTE";"";"";"";"28/08/2019 00:00:00";"29/08/2019 00:00:00";"38";"";"";"";"";"7910201900002600";"S";"";"";"";"Prestação de serviços de elaboração de inspeções especiais, vistorias, ensaios, laudos técnicos everificação estrutural do Viaduto Glicério";"";"98";"Fundo de Desenvolvimento Urbano";"22";"FUNDURB - Secretaria Municipal de Infraestrutura Urbana e Obras";"1890587,59";"0";"120";"0";"0";"1890587,59";"1890587,59";"0";"1809355,33";"81232,26";"0";"0";"1809355,33";"1809355,33";"81232,26";"1890587,59";"0";"1809355,33";"81232,26";"0";"0";"1809355,33";"1809355,33";"81232,26";"0";"0";"0";"0";"0";"0";"0";"0";"0";"0";"0";"0";"0";"0";"0";"0";"0";"0";"0";"98.22.15.451.3009.5.187.44903900.08.0";"05";"Serviços Técnicos Profissionais";"01";"Gerenciamento";"39";"Outros Serviços de Terceiros - Pessoa Jurídica";"0"
"340499";"12464";"2019";"22";"Secretaria Municipal de Infraestrutura Urbana e Obras";"10";"Gabinete do Secretário";"2";"Termo de Contrato - Serviços";"8";"Art. 24 Inciso II da lei Federal 8.666/93";"6";"Dispensa de Licitação";"17/06/2019 00:00:00";"14/09/2019 00:00:00";"14/09/2019 00:00:00";"0";"0";"90";"17550";"0";"17550";"0";"E";"9";"umental";"-1";"-1";"";"";"";"";"41";"SEM REAJUSTE";"";"Eduardo Zuker";"16/04/2019 00:00:00";"07/05/2019 00:00:00";"08/05/2019 00:00:00";"26";"";"";"";"";"6022201900012690";"S";"";"";"";"Contratação de empresa especializada na locação, instalação e configuração de equipamentos e softwares, bem como execução de treinamentos ao controle de acesso nas dependências do Edifício Domingos Fernandes Alonso (GALERIA OLIDO)";"";"22";"Secretaria Municipal de Infraestrutura Urbana e Obras";"10";"Gabinete do Secretário";"17550";"0";"90";"0";"0";"17550";"17550";"0";"17550";"0";"0";"0";"17550";"17550";"0";"17550";"0";"17550";"0";"0";"0";"17550";"17550";"0";"0";"0";"0";"0";"0";"0";"0";"0";"0";"0";"0";"0";"0";"0";"0";"0";"0";"0";"0";"22.10.15.122.3024.2.100.33903900.00.0";"12";"Locação de Máquinas e Equipamentos";"99";"Outras Máquinas e Equipamentos em Geral";"39";"Outros Serviços de Terceiros - Pessoa Jurídica";"0"
"331559";"4782";"2019";"22";"Secretaria Municipal de Infraestrutura Urbana e Obras";"10";"Gabinete do Secretário";"29";"Termo de Contrato para Aquisição de Bens de Consumo e/ou Permanente";"8";"Art. 24 Inciso II da lei Federal 8.666/93";"6";"Dispensa de Licitação";"18/03/2019 00:00:00";"13/09/2019 00:00:00";"14/09/2019 00:00:00";"0";"0";"180";"13484,50";"0";"13484,50";"0";"E";"83";"";"-1";"-1";"";"";"";"";"41";"SEM REAJUSTE";"";"RAFAEL DA SILVA GABRIEL";"27/02/2019 00:00:00";"07/03/2019 00:00:00";"08/03/2019 00:00:00";"20";"";"";"";"";"6022201900014668";"S";"";"";"";"Aquisição de 2340 (dois mil trezentos e quarenta) galões de água mineral, natural, potável, sem gás, acondicionada em garrafão plástico retornável, com capacidade para 20 litros";"";"22";"Secretaria Municipal de Infraestrutura Urbana e Obras";"10";"Gabinete do Secretário";"17433";"0";"180";"0";"0";"17433";"17433";"0";"13484,50";"3948,50";"0";"0";"13484,50";"13484,50";"3948,50";"17433";"0";"13484,50";"3948,50";"0";"0";"13484,50";"13484,50";"3948,50";"0";"0";"0";"0";"0";"0";"0";"0";"0";"0";"0";"0";"0";"0";"0";"0";"0";"0";"0";"22.10.15.122.3024.2.100.33903000.00.0";"07";"Gêneros de Alimentação";"13";"Bebidas em Geral";"30";"Material de Consumo";"0"
"337873";"10177";"2019";"86";"Fundo Municipal de Saneamento Ambiental e Infraestrutura";"22";"";"2";"Termo de Contrato - Serviços";"1";"Art. 22 - Inciso I Lei Federal  8.666/93";"4";"Concorrência";"10/04/2015 00:00:00";"30/03/2021 00:00:00";"14/10/2022 00:00:00";"0";"0";"2182";"5758760,62";"21273431,76";"5758760,62";"21273431,76";"E";"9";"umental";"-1";"-1";"";"";"";"";"2";"ESTRUTURA GERAL";"";"";"";"10/04/2015 00:00:00";"10/04/2015 00:00:00";"";"";"";"";"";"201402694233";"P";"";"";"";"CT - 007/SIURB/2015 - Córrego do Ipiranga";"";"86";"Fundo Municipal de Saneamento Ambiental e Infraestrutura";"22";"";"1590488,54";"0";"2182";"6546936,93";"21937522,20";"30074947,67";"30074947,67";"0";"27032192,38";"3042755,29";"0";"0";"27032192,38";"27032192,38";"3042754,29";"8137425,47";"0";"5758760,62";"2378664,85";"0";"0";"5758760,62";"5758760,62";"2378664,85";"21937522,20";"0";"21273431,76";"664090,44";"0";"0";"21273431,76";"21273431,76";"664089,44";"0";"0";"411,63";"0";"0";"0";"0";"0";"0";"0";"86.22.17.451.3005.5.013.44905100.03.0";"89";"Obras em Andamento - Uso Comum do Povo";"22";"Canalização de Córregos";"51";"Obras e Instalações";"0"
"359244";"27572";"2019";"98";"Fundo de Desenvolvimento Urbano";"22";"FUNDURB - Secretaria Municipal de Infraestrutura Urbana e Obras";"5";"Nota de Empenho Fornecimento de Bens de Consumo e/ou Permanente";"8";"Art. 24 Inciso II da lei Federal 8.666/93";"6";"Dispensa de Licitação";"14/11/2019 00:00:00";"14/11/2019 00:00:00";"14/11/2019 00:00:00";"0";"0";"1";"1001949,07";"0";"1001949,07";"0";"E";"1";"";"-1";"-1";"";"";"";"";"41";"SEM REAJUSTE";"";"";"";"25/09/2019 00:00:00";"27/09/2019 00:00:00";"36";"";"";"";"";"7910201900004077";"S";"";"";"";"Desapropriação - Melhoramento: Ligação Viária Pirituba-Lapa";"";"98";"Fundo de Desenvolvimento Urbano";"22";"FUNDURB - Secretaria Municipal de Infraestrutura Urbana e Obras";"1001949,07";"0";"1";"0";"0";"1001949,07";"1001949,07";"0";"1001949,07";"0";"0";"0";"1001949,07";"1001949,07";"0";"1001949,07";"0";"1001949,07";"0";"0";"0";"1001949,07";"1001949,07";"0";"0";"0";"0";"0";"0";"0";"0";"0";"0";"0";"0";"0";"0";"0";"0";"0";"0";"0";"0";"98.22.15.451.3009.5.100.44906100.08.0";"99";"Outras Aquisições de Bens Imóveis";"01";"Desapropriações";"61";"Aquisição de Imóveis";"0"
"360951";"29030";"2019";"22";"Secretaria Municipal de Infra-Estrutura Urbana e Obras";"10";"Gabinete do Secretário";"2";"Termo de Contrato - Serviços";"4";"Art. 22 - Inciso IV Lei Federal  8.666/93";"1";"Concurso";"17/08/2015 00:00:00";"14/12/2015 00:00:00";"14/12/2015 00:00:00";"0";"0";"120";"12910,45";"0";"12910,45";"0";"A";"9";"umental";"2014";"27";"22";"Secretaria Municipal de Infra-Estrutura Urbana e Obras";"";"";"5";"EDIFICAÇÕES EM GERAL";"";"";"";"22/07/2015 00:00:00";"29/07/2015 00:00:00";"174";"";"";"";"ATA";"201200635864";"P";"";"";"";"Execução de serviços gerais de manutenção previstos na ATA de Registro de Preços nº 027/SIURB/2014 -Agrupamento 27 - SP/SÉ - Com fornecimento de materiais de primeira linha e mão de obra especializadapara execução de serviços gerais de manutenção preventiva, corretiva, reparações adaptações emodificações, no CONAE. -  CONTRATAÇÃO 20578 -2015";"";"22";"Secretaria Municipal de Infra-Estrutura Urbana e Obras";"10";"Gabinete do Secretário";"12910,45";"0";"120";"0";"0";"12910,45";"12910,45";"0";"12910,45";"0";"0";"0";"12910,45";"12910,45";"0";"12910,45";"0";"12910,45";"0";"0";"0";"12910,45";"12910,45";"0";"0";"0";"0";"0";"0";"0";"0";"0";"0";"0";"0";"0";"0";"0";"0";"0";"0";"0";"0";"16.10.12.122.3024.2.100.33909200.00.0";"39";"Serviços de Terceiros - Pessoa Jurídica";"01";"Outros Serviços de Terceiros - Pessoa Jurídica - Tributável";"92";"Despesas de Exercícios Anteriores";"0"
"345951";"16772";"2019";"22";"Secretaria Municipal de Infraestrutura Urbana e Obras";"10";"Gabinete do Secretário";"2";"Termo de Contrato - Serviços";"8";"Art. 24 Inciso II da lei Federal 8.666/93";"6";"Dispensa de Licitação";"17/06/2019 00:00:00";"13/12/2019 00:00:00";"14/12/2019 00:00:00";"0";"0";"180";"151000";"0";"151000";"0";"E";"9";"umental";"-1";"-1";"";"";"";"";"41";"SEM REAJUSTE";"";"";"";"05/07/2019 00:00:00";"06/07/2019 00:00:00";"";"";"";"";"";"6022201900036866";"S";"";"";"";"Contratação emergencial para prestação de serviços técnicos profissionais especializados de engenharia consultiva em gerenciamento de programas de infraestrutura urbana e de execução e projetos de edificações públicas na cidade.";"";"22";"Secretaria Municipal de Infraestrutura Urbana e Obras";"10";"Gabinete do Secretário";"157000";"0";"180";"0";"0";"157000";"157000";"0";"151000";"6000";"0";"0";"151000";"151000";"6000";"157000";"0";"151000";"6000";"0";"0";"151000";"151000";"6000";"0";"0";"0";"0";"0";"0";"0";"0";"0";"0";"0";"0";"0";"0";"0";"0";"0";"0";"0";"22.10.15.451.3022.5.085.44903900.00.0";"05";"Serviços Técnicos Profissionais";"01";"Gerenciamento";"39";"Outros Serviços de Terceiros - Pessoa Jurídica";"0"
"340670";"12612";"2019";"22";"Secretaria Municipal de Infraestrutura Urbana e Obras";"10";"Gabinete do Secretário";"2";"Termo de Contrato - Serviços";"2";"Art. 22 - Inciso II Lei Federal  8.666/93";"3";"Tomada de Preços";"18/06/2019 00:00:00";"14/12/2019 00:00:00";"14/12/2019 00:00:00";"0";"0";"179";"910559,65";"122336,95";"910559,65";"122336,95";"E";"9";"umental";"-1";"-1";"";"";"";"";"41";"SEM REAJUSTE";"";"";"";"03/05/2019 00:00:00";"07/05/2019 00:00:00";"138";"";"";"";"TP 007/18/SIURB";"6025201800016029";"S";"";"";"";"Tomada de preços n° 007/18/SIURB - execução de obra de recuperação e restauro da Casa de Cultura Julio Guerra - Casa Amarela, situada na Praça Floriano Peixoto nº 131 - PR/SA.";"";"22";"Secretaria Municipal de Infraestrutura Urbana e Obras";"10";"Gabinete do Secretário";"883075,44";"0";"179";"384670,66";"149000";"1416746,10";"1416746,10";"0";"1032896,60";"383849,50";"0";"0";"1032896,60";"1032896,60";"1079479,31";"1267746,10";"0";"910559,65";"357186,45";"0";"0";"910559,65";"910559,65";"998337,29";"149000";"0";"122336,95";"26663,05";"0";"0";"122336,95";"122336,95";"81142,02";"0";"0";"43,56";"0";"0";"0";"0";"0";"0";"0";"25.10.13.392.3001.3.403.44905100.00.0";"89";"Obras em Andamento - Uso Comum do Povo";"03";"Teatros e Similares";"51";"Obras e Instalações";"0"
"341945";"13631";"2019";"22";"Secretaria Municipal de Infraestrutura Urbana e Obras";"10";"Gabinete do Secretário";"2";"Termo de Contrato - Serviços";"1";"Art. 22 - Inciso I Lei Federal  8.666/93";"4";"Concorrência";"01/08/2019 00:00:00";"21/01/2021 00:00:00";"15/01/2025 00:00:00";"0";"0";"539";"7480692,06";"2084186,16";"6841992,68";"1043808,38";"A";"9";"umental";"-1";"-1";"";"";"";"";"26";"CONSULTORIA";"065/SIURB/2019";"CARLOS ROBERTO SOARES MINGIONE";"16/01/2021 00:00:00";"23/05/2019 00:00:00";"25/05/2019 00:00:00";"68";"25/06/2022 00:00:00";"25/06/2022 00:00:00";"89";"nº 114180150";"7910201900000535";"S";"0";"carlos eduardo cheide da graça";"sei 019123644";"Contratação de empresa ou consórcio de empresas especializadas em engenharia, arquitetura, urbanismo e meio ambiente para a elaboração de estudos ambientais, projeto funcional, projeto básico e projeto executivo da implantação da PONTE GRAÚNA-GAIVOTAS sobre o braço do Cocaia e dos acessos para conexão ao sistema viário existente na Região Sul da Cidade de São Paulo.";"";"22";"Secretaria Municipal de Infraestrutura Urbana e Obras";"10";"Gabinete do Secretário";"5990102,62";"0";"539";"1490589,44";"2084186,16";"9564878,22";"9564878,22";"0";"7885801,06";"0";"1679077,16";"7993,68";"7877807,38";"7877807,38";"30753646,54";"7480692,06";"0";"6841992,68";"0";"638699,38";"0";"6841992,68";"6841992,68";"25445125,16";"2084186,16";"0";"1043808,38";"0";"1040377,78";"7993,68";"1035814,70";"1035814,70";"5308521,38";"0";"0";"16,67";"0";"0";"0";"0";"0";"1455";"0";"87.10.15.451.3009.5.100.44903900.08.0";"05";"Serviços Técnicos Profissionais";"01";"Gerenciamento";"39";"Outros Serviços de Terceiros - Pessoa Jurídica";"1679077,16"
"360844";"28932";"2019";"22";"Secretaria Municipal de Infra-Estrutura Urbana e Obras";"10";"Gabinete do Secretário";"2";"Termo de Contrato - Serviços";"1";"Art. 22 - Inciso I Lei Federal  8.666/93";"4";"Concorrência";"17/12/2015 00:00:00";"15/03/2016 00:00:00";"15/03/2016 00:00:00";"0";"0";"90";"6945,68";"0";"6945,68";"0";"E";"9";"umental";"2014";"13";"22";"Secretaria Municipal de Infra-Estrutura Urbana e Obras";"";"";"5";"EDIFICAÇÕES EM GERAL";"";"";"";"17/11/2015 00:00:00";"25/11/2015 00:00:00";"80";"";"";"";"";"201501727210";"P";"";"";"";"SP/IQ - MANUTENÇÃO DA CEI INDIRETO HERMINIO MORENO FERNANDES, referente contratação nº 33664/15";"";"22";"Secretaria Municipal de Infra-Estrutura Urbana e Obras";"10";"Gabinete do Secretário";"6945,68";"0";"90";"0";"0";"6945,68";"6945,68";"0";"6945,68";"0";"0";"0";"6945,68";"6945,68";"0";"6945,68";"0";"6945,68";"0";"0";"0";"6945,68";"6945,68";"0";"0";"0";"0";"0";"0";"0";"0";"0";"0";"0";"0";"0";"0";"0";"0";"0";"0";"0";"0";"16.10.12.365.3010.2.878.33909200.00.0";"39";"Serviços de Terceiros - Pessoa Jurídica";"01";"Outros Serviços de Terceiros - Pessoa Jurídica - Tributável";"92";"Despesas de Exercícios Anteriores";"0"
"337842";"10146";"2019";"22";"Secretaria Municipal de Infraestrutura Urbana e Obras";"10";"Gabinete do Secretário";"2";"Termo de Contrato - Serviços";"24";"Art. 24 Inciso XVIII da lei Federal 8.666/93";"6";"Dispensa de Licitação";"17/12/2018 00:00:00";"14/06/2019 00:00:00";"15/06/2019 00:00:00";"0";"0";"180";"813018,68";"0";"813018,68";"0";"E";"9";"umental";"-1";"-1";"";"";"";"";"41";"SEM REAJUSTE";"";"";"";"12/04/2019 00:00:00";"13/04/2019 00:00:00";"37";"";"";"";"";"6022201800067310";"S";"";"";"";"Contratação emergencial para prestação de serviços de gerenciamento - Lote 2";"";"22";"Secretaria Municipal de Infraestrutura Urbana e Obras";"10";"Gabinete do Secretário";"1147518,15";"0";"180";"0";"0";"1147518,15";"1147518,15";"0";"813018,68";"334499,47";"0";"0";"813018,68";"813018,68";"334499,47";"1147518,15";"0";"813018,68";"334499,47";"0";"0";"813018,68";"813018,68";"334499,47";"0";"0";"0";"0";"0";"0";"0";"0";"0";"0";"0";"0";"0";"0";"0";"0";"0";"0";"0";"22.10.15.451.3009.5.100.44903900.00.0";"05";"Serviços Técnicos Profissionais";"01";"Gerenciamento";"39";"Outros Serviços de Terceiros - Pessoa Jurídica";"0"
"337838";"10144";"2019";"22";"Secretaria Municipal de Infraestrutura Urbana e Obras";"10";"Gabinete do Secretário";"2";"Termo de Contrato - Serviços";"24";"Art. 24 Inciso XVIII da lei Federal 8.666/93";"6";"Dispensa de Licitação";"17/12/2018 00:00:00";"14/06/2019 00:00:00";"15/06/2019 00:00:00";"0";"0";"180";"830302,88";"0";"830302,88";"0";"E";"9";"umental";"-1";"-1";"";"";"";"";"41";"SEM REAJUSTE";"";"";"";"12/04/2019 00:00:00";"13/04/2019 00:00:00";"37";"";"";"";"";"6022201800067310";"S";"";"";"";"Contratação emergencial para prestação de serviços de gerenciamento - Lote 1";"";"22";"Secretaria Municipal de Infraestrutura Urbana e Obras";"10";"Gabinete do Secretário";"845986,34";"0";"180";"0";"0";"845986,34";"845986,34";"0";"830302,88";"15683,46";"0";"0";"830302,88";"830302,88";"25661,57";"845986,34";"0";"830302,88";"15683,46";"0";"0";"830302,88";"830302,88";"25661,57";"0";"0";"0";"0";"0";"0";"0";"0";"0";"0";"0";"0";"0";"0";"0";"0";"0";"0";"0";"22.10.15.451.3009.5.100.44903900.00.0";"05";"Serviços Técnicos Profissionais";"01";"Gerenciamento";"39";"Outros Serviços de Terceiros - Pessoa Jurídica";"0"
"337845";"10149";"2019";"86";"Fundo Municipal de Saneamento Ambiental e Infraestrutura";"22";"FMSAI - Secretaria Municipal de Serviços e Obras";"2";"Termo de Contrato - Serviços";"24";"Art. 24 Inciso XVIII da lei Federal 8.666/93";"6";"Dispensa de Licitação";"17/12/2018 00:00:00";"14/06/2019 00:00:00";"15/06/2019 00:00:00";"0";"0";"180";"3917526,36";"0";"3917526,36";"0";"E";"9";"umental";"-1";"-1";"";"";"";"";"41";"SEM REAJUSTE";"";"";"";"12/04/2019 00:00:00";"13/04/2019 00:00:00";"37";"";"";"";"";"6022201800067310";"S";"";"";"";"Contratação emergencial para prestação de serviços de gerenciamento - Lote 2";"";"86";"Fundo Municipal de Saneamento Ambiental e Infraestrutura";"22";"FMSAI - Secretaria Municipal de Serviços e Obras";"3976473,77";"0";"180";"0";"0";"3976473,77";"3976473,77";"0";"3917526,36";"58947,41";"0";"0";"3917526,36";"3917526,36";"0";"3976473,77";"0";"3917526,36";"58947,41";"0";"0";"3917526,36";"3917526,36";"0";"0";"0";"0";"0";"0";"0";"0";"0";"0";"0";"0";"0";"0";"0";"0";"0";"0";"0";"0";"86.22.17.451.3005.5.013.44903900.03.0";"05";"Serviços Técnicos Profissionais";"01";"Gerenciamento";"39";"Outros Serviços de Terceiros - Pessoa Jurídica";"0"
"337833";"10140";"2019";"86";"Fundo Municipal de Saneamento Ambiental e Infraestrutura";"22";"FMSAI - Secretaria Municipal de Serviços e Obras";"2";"Termo de Contrato - Serviços";"1";"Art. 22 - Inciso I Lei Federal  8.666/93";"4";"Concorrência";"17/12/2018 00:00:00";"14/06/2019 00:00:00";"15/06/2019 00:00:00";"0";"0";"180";"4134885,57";"0";"4134885,57";"0";"E";"9";"umental";"-1";"-1";"";"";"";"";"41";"SEM REAJUSTE";"";"";"";"12/04/2019 00:00:00";"13/04/2019 00:00:00";"37";"";"";"";"";"6022201800067310";"S";"";"";"";"Contratação emergencial para prestação de serviços de gerenciamento - Lote 1";"";"86";"Fundo Municipal de Saneamento Ambiental e Infraestrutura";"22";"FMSAI - Secretaria Municipal de Serviços e Obras";"4157423";"0";"180";"0";"0";"4157423";"4157423";"0";"4134885,57";"22537,43";"0";"0";"4134885,57";"4134885,57";"0";"4157423";"0";"4134885,57";"22537,43";"0";"0";"4134885,57";"4134885,57";"0";"0";"0";"0";"0";"0";"0";"0";"0";"0";"0";"0";"0";"0";"0";"0";"0";"0";"0";"0";"86.22.17.451.3005.5.013.44903900.03.0";"05";"Serviços Técnicos Profissionais";"01";"Gerenciamento";"39";"Outros Serviços de Terceiros - Pessoa Jurídica";"0"
"346121";"16909";"2019";"98";"Fundo de Desenvolvimento Urbano";"22";"FUNDURB - Secretaria Municipal de Infraestrutura Urbana e Obras";"5";"Nota de Empenho Fornecimento de Bens de Consumo e/ou Permanente";"8";"Art. 24 Inciso II da lei Federal 8.666/93";"6";"Dispensa de Licitação";"15/07/2019 00:00:00";"15/07/2019 00:00:00";"15/07/2019 00:00:00";"0";"0";"1";"1496881,87";"0";"1496881,87";"0";"E";"1";"";"-1";"-1";"";"";"";"";"41";"SEM REAJUSTE";"";"";"";"12/07/2019 00:00:00";"13/07/2019 00:00:00";"25";"";"";"";"";"7910201800006736";"S";"";"";"";"Desapropriação - Melhoramento: Ligação Viária Pirituba-Lapa";"";"98";"Fundo de Desenvolvimento Urbano";"22";"FUNDURB - Secretaria Municipal de Infraestrutura Urbana e Obras";"1496881,87";"0";"1";"0";"0";"1496881,87";"1496881,87";"0";"1496881,87";"0";"0";"0";"1496881,87";"1496881,87";"0";"1496881,87";"0";"1496881,87";"0";"0";"0";"1496881,87";"1496881,87";"0";"0";"0";"0";"0";"0";"0";"0";"0";"0";"0";"0";"0";"0";"0";"0";"0";"0";"0";"0";"98.22.15.451.3009.5.100.44906100.08.0";"99";"Outras Aquisições de Bens Imóveis";"01";"Desapropriações";"61";"Aquisição de Imóveis";"0"
"346131";"16918";"2019";"98";"Fundo de Desenvolvimento Urbano";"22";"FUNDURB - Secretaria Municipal de Infraestrutura Urbana e Obras";"5";"Nota de Empenho Fornecimento de Bens de Consumo e/ou Permanente";"8";"Art. 24 Inciso II da lei Federal 8.666/93";"6";"Dispensa de Licitação";"15/07/2019 00:00:00";"15/07/2019 00:00:00";"15/07/2019 00:00:00";"0";"0";"1";"365061,60";"0";"365061,60";"0";"E";"1";"";"-1";"-1";"";"";"";"";"41";"SEM REAJUSTE";"";"";"";"12/07/2019 00:00:00";"13/07/2019 00:00:00";"25";"";"";"";"";"7910201800006728";"S";"";"";"";"Desapropriação - Melhoramento: Ligação Viária Pirituba-Lapa";"";"98";"Fundo de Desenvolvimento Urbano";"22";"FUNDURB - Secretaria Municipal de Infraestrutura Urbana e Obras";"365061,60";"0";"1";"0";"0";"365061,60";"365061,60";"0";"365061,60";"0";"0";"0";"365061,60";"365061,60";"0";"365061,60";"0";"365061,60";"0";"0";"0";"365061,60";"365061,60";"0";"0";"0";"0";"0";"0";"0";"0";"0";"0";"0";"0";"0";"0";"0";"0";"0";"0";"0";"0";"98.22.15.451.3009.5.100.44906100.08.0";"99";"Outras Aquisições de Bens Imóveis";"01";"Desapropriações";"61";"Aquisição de Imóveis";"0"
"346124";"16912";"2019";"98";"Fundo de Desenvolvimento Urbano";"22";"FUNDURB - Secretaria Municipal de Infraestrutura Urbana e Obras";"5";"Nota de Empenho Fornecimento de Bens de Consumo e/ou Permanente";"8";"Art. 24 Inciso II da lei Federal 8.666/93";"6";"Dispensa de Licitação";"15/07/2019 00:00:00";"15/07/2019 00:00:00";"15/07/2019 00:00:00";"0";"0";"1";"627713,31";"0";"627713,31";"0";"E";"1";"";"-1";"-1";"";"";"";"";"41";"SEM REAJUSTE";"";"";"";"12/07/2019 00:00:00";"13/07/2019 00:00:00";"25";"";"";"";"";"7910201800006710";"S";"";"";"";"Desapropriação - Melhoramento: Ligação Viária Pirituba-Lapa";"";"98";"Fundo de Desenvolvimento Urbano";"22";"FUNDURB - Secretaria Municipal de Infraestrutura Urbana e Obras";"627713,31";"0";"1";"0";"0";"627713,31";"627713,31";"0";"627713,31";"0";"0";"0";"627713,31";"627713,31";"0";"627713,31";"0";"627713,31";"0";"0";"0";"627713,31";"627713,31";"0";"0";"0";"0";"0";"0";"0";"0";"0";"0";"0";"0";"0";"0";"0";"0";"0";"0";"0";"0";"98.22.15.451.3009.5.100.44906100.08.0";"99";"Outras Aquisições de Bens Imóveis";"01";"Desapropriações";"61";"Aquisição de Imóveis";"0"
"352812";"22138";"2019";"22";"Secretaria Municipal de Infraestrutura Urbana e Obras";"10";"Gabinete do Secretário";"2";"Termo de Contrato - Serviços";"1";"Art. 22 - Inciso I Lei Federal  8.666/93";"4";"Concorrência";"18/09/2019 00:00:00";"15/03/2020 00:00:00";"16/03/2020 00:00:00";"0";"0";"180";"6990913,20";"0";"6990913,20";"0";"E";"9";"umental";"-1";"-1";"";"";"";"";"2";"ESTRUTURA GERAL";"";"";"";"05/06/2019 00:00:00";"06/06/2019 00:00:00";"168";"";"";"";"";"7910201900005499";"S";"";"";"";"CONTRATAÇÃO DE EMPRESA PARA A EXECUÇÃO DAS OBRAS E SERVIÇOS DE REFORMA E ADEQUAÇÕES DA PISTA E PIT-LANE E DAS INSTALAÇÕES PERMANENTES DO AUTODROMO MUNICIPAL JOSE CARLOS PACE - INTERLAGOS, VISANDO A REALIZAÇÃO DO 48º PRÊMIO BRASIL DE FÓRMULA 1 - 2019.";"";"22";"Secretaria Municipal de Infraestrutura Urbana e Obras";"10";"Gabinete do Secretário";"7719503,80";"0";"180";"0";"0";"7719503,80";"7719503,80";"0";"6990913,20";"728590,60";"0";"0";"6990913,20";"6990913,20";"381212,93";"7719503,80";"0";"6990913,20";"728590,60";"0";"0";"6990913,20";"6990913,20";"381212,93";"0";"0";"0";"0";"0";"0";"0";"0";"0";"0";"0";"0";"0";"0";"0";"0";"0";"0";"0";"22.10.27.813.3015.1.109.44905100.00.0";"92";"Instalações";"99";"Outras Instalações";"51";"Obras e Instalações";"0"
"351210";"20859";"2019";"22";"Secretaria Municipal de Infraestrutura Urbana e Obras";"10";"Gabinete do Secretário";"29";"Termo de Contrato para Aquisição de Bens de Consumo e/ou Permanente";"8";"Art. 24 Inciso II da lei Federal 8.666/93";"6";"Dispensa de Licitação";"18/09/2019 00:00:00";"15/03/2020 00:00:00";"16/03/2020 00:00:00";"0";"0";"180";"13647,90";"0";"13647,90";"0";"E";"9";"umental";"-1";"-1";"";"";"";"";"41";"SEM REAJUSTE";"";"Rafael da Silva Gabriel";"22/07/2019 00:00:00";"21/08/2019 00:00:00";"23/08/2019 00:00:00";"26";"";"";"";"14/2019";"6022201900039407";"S";"";"";"";"aquisição de 2200 (dois mil e duzentos) galões de água mineral, natural, potável, sem gás, acondicionada em garrafão plástico retornável, com capacidade para 20 litros";"";"22";"Secretaria Municipal de Infraestrutura Urbana e Obras";"10";"Gabinete do Secretário";"16764";"0";"180";"0";"0";"16764";"16764";"0";"13647,90";"3116,10";"0";"0";"13647,90";"13647,90";"3116,10";"16764";"0";"13647,90";"3116,10";"0";"0";"13647,90";"13647,90";"3116,10";"0";"0";"0";"0";"0";"0";"0";"0";"0";"0";"0";"0";"0";"0";"0";"0";"0";"0";"0";"22.10.15.122.3024.2.100.33903000.00.0";"07";"Gêneros de Alimentação";"13";"Bebidas em Geral";"30";"Material de Consumo";"0"
"362401";"30314";"2019";"22";"Secretaria Municipal de Infraestrutura Urbana e Obras";"10";"Gabinete do Secretário";"2";"Termo de Contrato - Serviços";"7";"Art. 24 - Inciso I Lei Federal  8.666/93";"6";"Dispensa de Licitação";"18/03/2020 00:00:00";"16/04/2020 00:00:00";"16/04/2020 00:00:00";"0";"0";"30";"29999,54";"0";"29999,54";"0";"E";"9";"umental";"-1";"-1";"";"";"";"";"41";"SEM REAJUSTE";"";"";"";"02/12/2019 00:00:00";"04/12/2019 00:00:00";"39";"";"";"";"DL";"6022201900051474";"S";"";"";"";"Dispensa de licitação - Prestação de Serviços Técnico-Profissionais para desenvolvimento dos projetos executivos complementares de implantação para cobertura de quadra e reforma da área externa da EMEF Jardim das Laranjeiras, à Rua Luiza Sarazim, 139 - SP/SM.";"";"22";"Secretaria Municipal de Infraestrutura Urbana e Obras";"10";"Gabinete do Secretário";"29999,54";"0";"30";"0";"0";"29999,54";"29999,54";"0";"29999,54";"0";"0";"0";"29999,54";"29999,54";"15100,22";"29999,54";"0";"29999,54";"0";"0";"0";"29999,54";"29999,54";"15100,22";"0";"0";"0";"0";"0";"0";"0";"0";"0";"0";"0";"0";"0";"0";"0";"0";"0";"0";"0";"16.10.12.361.3010.3.366.44905100.00.0";"89";"Obras em Andamento - Uso Comum do Povo";"02";"Escolas e Similares";"51";"Obras e Instalações";"0"
"341141";"12976";"2019";"86";"Fundo Municipal de Saneamento Ambiental e Infraestrutura";"22";"FMSAI - Secretaria Municipal de Serviços e Obras";"5";"Nota de Empenho Fornecimento de Bens de Consumo e/ou Permanente";"8";"Art. 24 Inciso II da lei Federal 8.666/93";"6";"Dispensa de Licitação";"16/05/2019 00:00:00";"16/05/2019 00:00:00";"16/05/2019 00:00:00";"0";"0";"1";"1921941,83";"0";"1921941,83";"0";"E";"1";"";"-1";"-1";"";"";"";"";"41";"SEM REAJUSTE";"";"";"";"15/05/2019 00:00:00";"16/05/2019 00:00:00";"32";"";"";"";"";"6022201900030868";"S";"";"";"";"Melhoramento: Reservatório 5 do Córrego Tremembé - DESAP.";"";"86";"Fundo Municipal de Saneamento Ambiental e Infraestrutura";"22";"FMSAI - Secretaria Municipal de Serviços e Obras";"1921941,83";"0";"1";"0";"0";"1921941,83";"1921941,83";"0";"1921941,83";"0";"0";"0";"1921941,83";"1921941,83";"0";"1921941,83";"0";"1921941,83";"0";"0";"0";"1921941,83";"1921941,83";"0";"0";"0";"0";"0";"0";"0";"0";"0";"0";"0";"0";"0";"0";"0";"0";"0";"0";"0";"0";"86.22.17.451.3005.5.013.44906100.03.0";"99";"Outras Aquisições de Bens Imóveis";"01";"Desapropriações";"61";"Aquisição de Imóveis";"0"
"345287";"16190";"2019";"22";"Secretaria Municipal de Infraestrutura Urbana e Obras";"10";"Gabinete do Secretário";"2";"Termo de Contrato - Serviços";"7";"Art. 24 - Inciso I Lei Federal  8.666/93";"6";"Dispensa de Licitação";"17/05/2019 00:00:00";"16/06/2019 00:00:00";"16/06/2019 00:00:00";"0";"0";"30";"0";"0";"0";"0";"E";"9";"umental";"-1";"-1";"";"";"";"";"41";"SEM REAJUSTE";"";"";"";"02/07/2019 00:00:00";"04/07/2019 00:00:00";"36";"";"";"";"DL";"6022201900030310";"S";"";"";"";"contratação de serviços técnicos profissionais de levantamento planialtimétrico e sondagem para desenvolvimento de Projeto Executivo de muro de contenção da EMEF Joaquim Nabuco - Praça Dr. Wadih Safady, 10.";"";"22";"Secretaria Municipal de Infraestrutura Urbana e Obras";"10";"Gabinete do Secretário";"18284,26";"0";"30";"0";"0";"18284,26";"18284,26";"0";"0";"18284,26";"0";"0";"0";"0";"0";"18284,26";"0";"0";"18284,26";"0";"0";"0";"0";"0";"0";"0";"0";"0";"0";"0";"0";"0";"0";"0";"0";"0";"0";"0";"0";"0";"0";"0";"0";"";"";"";"";"";"";"";"0"
"336895";"9291";"2019";"86";"Fundo Municipal de Saneamento Ambiental e Infraestrutura";"22";"FMSAI - Secretaria Municipal de Serviços e Obras";"2";"Termo de Contrato - Serviços";"8";"Art. 24 Inciso II da lei Federal 8.666/93";"6";"Dispensa de Licitação";"03/05/2019 00:00:00";"16/06/2019 00:00:00";"16/06/2019 00:00:00";"0";"0";"45";"32734,93";"0";"32734,93";"0";"E";"9";"umental";"-1";"-1";"";"";"";"";"26";"CONSULTORIA";"";"";"";"05/04/2019 00:00:00";"06/04/2019 00:00:00";"83";"";"";"";"";"6022201900017322";"S";"";"";"";"Dispensa de licitação - Prestação de serviços técnicos profissionais para elaboração de projeto executivo estrutural de tunnel linner na Av. Celso Garcia, compreendido entre as estacas 100 a 100+10, conforme projeto executivo de drenagem existente.";"";"86";"Fundo Municipal de Saneamento Ambiental e Infraestrutura";"22";"FMSAI - Secretaria Municipal de Serviços e Obras";"32734,93";"0";"45";"0";"0";"32734,93";"32734,93";"0";"32734,93";"0";"0";"0";"32734,93";"32734,93";"0";"32734,93";"0";"32734,93";"0";"0";"0";"32734,93";"32734,93";"0";"0";"0";"0";"0";"0";"0";"0";"0";"0";"0";"0";"0";"0";"0";"0";"0";"0";"0";"0";"86.22.17.451.3005.5.013.44903900.03.0";"05";"Serviços Técnicos Profissionais";"01";"Gerenciamento";"39";"Outros Serviços de Terceiros - Pessoa Jurídica";"0"
"327974";"1943";"2019";"22";"Secretaria Municipal de Infraestrutura Urbana e Obras";"10";"Gabinete do Secretário";"2";"Termo de Contrato - Serviços";"2";"Art. 22 - Inciso II Lei Federal  8.666/93";"3";"Tomada de Preços";"18/03/2019 00:00:00";"15/07/2019 00:00:00";"16/07/2019 00:00:00";"0";"0";"120";"1918565,77";"0";"1918565,77";"0";"E";"9";"umental";"-1";"-1";"";"";"";"";"41";"SEM REAJUSTE";"";"";"";"07/02/2018 00:00:00";"08/12/2018 00:00:00";"29";"";"";"";"";"7910201800006680";"S";"";"";"";"Tomada de Preço Nº 004/2018 - Objeto: Contratação de empresa especializada em engenharia e arquitetura para elaboração de projeto executivo de estrutura e execução das obras de implantação do DESCOMPLICA SP - Unidade BUTANTÃ.";"";"22";"Secretaria Municipal de Infraestrutura Urbana e Obras";"10";"Gabinete do Secretário";"1818210,80";"0";"120";"149990,84";"0";"1968201,64";"1968201,64";"0";"1918565,77";"49635,87";"0";"0";"1918565,77";"1918565,77";"345078,62";"1968201,64";"0";"1918565,77";"49635,87";"0";"0";"1918565,77";"1918565,77";"345078,62";"0";"0";"0";"0";"0";"0";"0";"0";"0";"0";"0";"8,25";"0";"0";"0";"0";"0";"0";"0";"23.10.04.126.3011.1.358.44905100.00.0";"92";"Instalações";"99";"Outras Instalações";"51";"Obras e Instalações";"0"
"356395";"25136";"2019";"22";"Secretaria Municipal de Infraestrutura Urbana e Obras";"10";"Gabinete do Secretário";"2";"Termo de Contrato - Serviços";"2";"Art. 22 - Inciso II Lei Federal  8.666/93";"3";"Tomada de Preços";"18/11/2019 00:00:00";"16/01/2020 00:00:00";"17/01/2020 00:00:00";"0";"0";"60";"255514,12";"0";"255514,12";"0";"E";"9";"umental";"-1";"-1";"";"";"";"";"41";"SEM REAJUSTE";"";"";"";"17/10/2019 00:00:00";"18/10/2019 00:00:00";"103";"";"";"";"005/19/SIURB";"6016201900116026";"S";"";"";"";"Contratação de serviços e obras para execução de muro de arrimo no CEI INDIRETO JD. JAQUELINE, situado na Rua Bergognone, 17 - SP-BT.";"";"22";"Secretaria Municipal de Infraestrutura Urbana e Obras";"10";"Gabinete do Secretário";"291681,45";"0";"60";"0";"0";"291681,45";"291681,45";"0";"255514,12";"36167,33";"0";"0";"255514,12";"255514,12";"145571,31";"291681,45";"0";"255514,12";"36167,33";"0";"0";"255514,12";"255514,12";"145571,31";"0";"0";"0";"0";"0";"0";"0";"0";"0";"0";"0";"0";"0";"0";"0";"0";"0";"0";"0";"16.10.12.365.3010.3.360.44905100.00.0";"89";"Obras em Andamento - Uso Comum do Povo";"02";"Escolas e Similares";"51";"Obras e Instalações";"0"
"353709";"22894";"2019";"22";"Secretaria Municipal de Infraestrutura Urbana e Obras";"10";"Gabinete do Secretário";"2";"Termo de Contrato - Serviços";"3";"Art. 22 - Inciso III Lei Federal  8.666/93";"2";"Convite";"21/10/2019 00:00:00";"18/01/2020 00:00:00";"17/02/2023 00:00:00";"0";"0";"90";"32764,07";"0";"32764,07";"0";"E";"9";"umental";"-1";"-1";"";"";"";"";"41";"SEM REAJUSTE";"";"";"";"20/09/2019 00:00:00";"21/09/2019 00:00:00";"34";"";"";"";"001/19/SIURB";"6022201700018767";"S";"";"";"";"Convite nº 001/19/SIURB - Contratação de serviços técnicos profissionais de levantamento topográfico, sondagem, projeto de fundação e estrutura para muros e contenção de talude e drenagem  para a EMEF Jardim Paulo VI.";"";"22";"Secretaria Municipal de Infraestrutura Urbana e Obras";"10";"Gabinete do Secretário";"32764,07";"0";"90";"0";"0";"32764,07";"32764,07";"0";"32764,07";"0";"0";"0";"32764,07";"32764,07";"0";"32764,07";"0";"32764,07";"0";"0";"0";"32764,07";"32764,07";"0";"0";"0";"0";"0";"0";"0";"0";"0";"0";"0";"0";"0";"0";"0";"0";"0";"0";"0";"0";"16.10.12.361.3010.3.366.44905100.00.0";"89";"Obras em Andamento - Uso Comum do Povo";"02";"Escolas e Similares";"51";"Obras e Instalações";"0"
"361796";"29774";"2019";"22";"Secretaria Municipal de Infraestrutura Urbana e Obras";"10";"Gabinete do Secretário";"2";"Termo de Contrato - Serviços";"7";"Art. 24 - Inciso I Lei Federal  8.666/93";"6";"Dispensa de Licitação";"18/03/2020 00:00:00";"17/04/2020 00:00:00";"17/04/2020 00:00:00";"0";"0";"30";"0";"0";"0";"0";"E";"9";"umental";"-1";"-1";"";"";"";"";"41";"SEM REAJUSTE";"";"";"";"02/12/2019 00:00:00";"04/12/2019 00:00:00";"39";"";"";"";"DL";"6022201900051474";"S";"";"";"";"Dispensa de licitação - Prestação de Serviços Técnico-Profissionais para desenvolvimento dos projetos executivos complementares de implantação para cobertura de quadra e reforma da área externa da EMEF Jardim das Laranjeiras, à Rua Luiza Sarazim, 139 - SP/SM.";"";"22";"Secretaria Municipal de Infraestrutura Urbana e Obras";"10";"Gabinete do Secretário";"29999,54";"0";"30";"0";"0";"29999,54";"29999,54";"0";"0";"29999,54";"0";"0";"0";"0";"0";"29999,54";"0";"0";"29999,54";"0";"0";"0";"0";"0";"0";"0";"0";"0";"0";"0";"0";"0";"0";"0";"0";"0";"0";"0";"0";"0";"0";"0";"0";"";"";"";"";"";"";"";"0"
"352861";"22181";"2019";"98";"Fundo de Desenvolvimento Urbano";"22";"FUNDURB - Secretaria Municipal de Infraestrutura Urbana e Obras";"5";"Nota de Empenho Fornecimento de Bens de Consumo e/ou Permanente";"8";"Art. 24 Inciso II da lei Federal 8.666/93";"6";"Dispensa de Licitação";"17/09/2019 00:00:00";"17/09/2019 00:00:00";"17/09/2019 00:00:00";"0";"0";"1";"36660,28";"0";"36660,28";"0";"E";"1";"";"-1";"-1";"";"";"";"";"41";"SEM REAJUSTE";"";"";"";"13/07/2019 00:00:00";"17/09/2019 00:00:00";"28";"";"";"";"";"7910201900006398";"S";"";"";"";"Desapropriação - Melhoramento: Ligação Viária Pirituba-Lapa";"";"98";"Fundo de Desenvolvimento Urbano";"22";"FUNDURB - Secretaria Municipal de Infraestrutura Urbana e Obras";"36660,28";"0";"1";"0";"0";"36660,28";"36660,28";"0";"36660,28";"0";"0";"0";"36660,28";"36660,28";"0";"36660,28";"0";"36660,28";"0";"0";"0";"36660,28";"36660,28";"0";"0";"0";"0";"0";"0";"0";"0";"0";"0";"0";"0";"0";"0";"0";"0";"0";"0";"0";"0";"98.22.15.451.3009.5.100.44906100.08.0";"99";"Outras Aquisições de Bens Imóveis";"01";"Desapropriações";"61";"Aquisição de Imóveis";"0"
"352443";"21863";"2019";"86";"Fundo Municipal de Saneamento Ambiental e Infraestrutura";"22";"FMSAI - Secretaria Municipal de Serviços e Obras";"2";"Termo de Contrato - Serviços";"8";"Art. 24 Inciso II da lei Federal 8.666/93";"6";"Dispensa de Licitação";"21/03/2019 00:00:00";"16/09/2019 00:00:00";"17/09/2019 00:00:00";"0";"0";"180";"244484,98";"0";"244484,98";"0";"E";"9";"umental";"-1";"-1";"";"";"";"";"41";"SEM REAJUSTE";"";"";"";"11/09/2019 00:00:00";"12/09/2019 00:00:00";"";"";"";"";"";"6022201900018973";"S";"";"";"";"Obra Emergencial para recuperação da galeria de águas pluviais daRua Guarda de Honra, entre a Rua Teresa Cristina e Avenida doEstado.";"";"86";"Fundo Municipal de Saneamento Ambiental e Infraestrutura";"22";"FMSAI - Secretaria Municipal de Serviços e Obras";"245958,18";"0";"180";"0";"0";"245958,18";"245958,18";"0";"244484,98";"1473,20";"0";"0";"244484,98";"244484,98";"1473,20";"245958,18";"0";"244484,98";"1473,20";"0";"0";"244484,98";"244484,98";"1473,20";"0";"0";"0";"0";"0";"0";"0";"0";"0";"0";"0";"0";"0";"0";"0";"0";"0";"0";"0";"86.22.17.451.3005.5.013.44905100.03.0";"89";"Obras em Andamento - Uso Comum do Povo";"25";"Reforço e Construção de Galerias";"51";"Obras e Instalações";"0"
"352894";"22209";"2019";"86";"Fundo Municipal de Saneamento Ambiental e Infraestrutura";"22";"FMSAI - Secretaria Municipal de Serviços e Obras";"5";"Nota de Empenho Fornecimento de Bens de Consumo e/ou Permanente";"8";"Art. 24 Inciso II da lei Federal 8.666/93";"6";"Dispensa de Licitação";"17/09/2019 00:00:00";"17/09/2019 00:00:00";"17/09/2019 00:00:00";"0";"0";"1";"2489982,02";"0";"2489982,02";"0";"E";"1";"";"-1";"-1";"";"";"";"";"41";"SEM REAJUSTE";"";"";"";"16/09/2019 00:00:00";"17/09/2019 00:00:00";"28";"";"";"";"";"6022201900030868";"S";"";"";"";"Desapropriação - Melhoramento: Córrego Tremembé - Reservatório 5";"";"86";"Fundo Municipal de Saneamento Ambiental e Infraestrutura";"22";"FMSAI - Secretaria Municipal de Serviços e Obras";"2489982,02";"0";"1";"0";"0";"2489982,02";"2489982,02";"0";"2489982,02";"0";"0";"0";"2489982,02";"2489982,02";"0";"2489982,02";"0";"2489982,02";"0";"0";"0";"2489982,02";"2489982,02";"0";"0";"0";"0";"0";"0";"0";"0";"0";"0";"0";"0";"0";"0";"0";"0";"0";"0";"0";"0";"86.22.17.451.3005.5.013.44906100.03.0";"99";"Outras Aquisições de Bens Imóveis";"01";"Desapropriações";"61";"Aquisição de Imóveis";"0"
"360886";"28968";"2019";"22";"Secretaria Municipal de Infra-Estrutura Urbana e Obras";"10";"Gabinete do Secretário";"2";"Termo de Contrato - Serviços";"1";"Art. 22 - Inciso I Lei Federal  8.666/93";"4";"Concorrência";"20/07/2015 00:00:00";"17/10/2015 00:00:00";"17/10/2015 00:00:00";"0";"0";"90";"7981,99";"0";"7981,99";"0";"A";"9";"umental";"2014";"3";"22";"Secretaria Municipal de Infra-Estrutura Urbana e Obras";"";"";"5";"EDIFICAÇÕES EM GERAL";"";"";"";"18/06/2015 00:00:00";"23/06/2015 00:00:00";"81";"";"";"";"";"201401073553";"P";"";"";"";"SP/SP - MANUTENÇÃO DA EMEF DEPUTADO FLORES DA CUNHA, referente a contratação nº 16587/15";"";"22";"Secretaria Municipal de Infra-Estrutura Urbana e Obras";"10";"Gabinete do Secretário";"7981,99";"0";"90";"0";"0";"7981,99";"7981,99";"0";"7981,99";"0";"0";"0";"7981,99";"7981,99";"0";"7981,99";"0";"7981,99";"0";"0";"0";"7981,99";"7981,99";"0";"0";"0";"0";"0";"0";"0";"0";"0";"0";"0";"0";"0";"0";"0";"0";"0";"0";"0";"0";"16.10.12.361.3010.2.879.33909200.00.0";"39";"Serviços de Terceiros - Pessoa Jurídica";"01";"Outros Serviços de Terceiros - Pessoa Jurídica - Tributável";"92";"Despesas de Exercícios Anteriores";"0"
"360862";"28945";"2019";"22";"Secretaria Municipal de Infra-Estrutura Urbana e Obras";"10";"Gabinete do Secretário";"2";"Termo de Contrato - Serviços";"1";"Art. 22 - Inciso I Lei Federal  8.666/93";"4";"Concorrência";"20/07/2015 00:00:00";"17/10/2015 00:00:00";"17/10/2015 00:00:00";"0";"0";"90";"4265,22";"0";"4265,22";"0";"A";"9";"umental";"2014";"32";"22";"Secretaria Municipal de Infra-Estrutura Urbana e Obras";"";"";"5";"EDIFICAÇÕES EM GERAL";"";"";"";"23/06/2015 00:00:00";"27/06/2015 00:00:00";"108";"";"";"";"";"201200027392";"P";"";"";"";"SP/SP - MANUTENÇÃO DA EMEI CLOVIS BEVILACQUA, referente a contratação nª 17084/15";"";"22";"Secretaria Municipal de Infra-Estrutura Urbana e Obras";"10";"Gabinete do Secretário";"4265,22";"0";"90";"0";"0";"4265,22";"4265,22";"0";"4265,22";"0";"0";"0";"4265,22";"4265,22";"0";"4265,22";"0";"4265,22";"0";"0";"0";"4265,22";"4265,22";"0";"0";"0";"0";"0";"0";"0";"0";"0";"0";"0";"0";"0";"0";"0";"0";"0";"0";"0";"0";"16.10.12.365.3010.2.878.33909200.00.0";"39";"Serviços de Terceiros - Pessoa Jurídica";"01";"Outros Serviços de Terceiros - Pessoa Jurídica - Tributável";"92";"Despesas de Exercícios Anteriores";"0"
"360890";"28972";"2019";"22";"Secretaria Municipal de Infra-Estrutura Urbana e Obras";"10";"Gabinete do Secretário";"2";"Termo de Contrato - Serviços";"1";"Art. 22 - Inciso I Lei Federal  8.666/93";"4";"Concorrência";"20/07/2015 00:00:00";"17/10/2015 00:00:00";"17/10/2015 00:00:00";"0";"0";"90";"8155,77";"0";"8155,77";"0";"A";"9";"umental";"2014";"4";"22";"Secretaria Municipal de Infra-Estrutura Urbana e Obras";"";"";"5";"EDIFICAÇÕES EM GERAL";"";"";"";"18/06/2015 00:00:00";"24/06/2015 00:00:00";"73";"";"";"";"";"201401590574";"P";"";"";"";"SP/CS - MANUTENÇÃO DA EMEF PLINIO SALGADO, referente a contratação nº 16590/15";"";"22";"Secretaria Municipal de Infra-Estrutura Urbana e Obras";"10";"Gabinete do Secretário";"8155,77";"0";"90";"0";"0";"8155,77";"8155,77";"0";"8155,77";"0";"0";"0";"8155,77";"8155,77";"0";"8155,77";"0";"8155,77";"0";"0";"0";"8155,77";"8155,77";"0";"0";"0";"0";"0";"0";"0";"0";"0";"0";"0";"0";"0";"0";"0";"0";"0";"0";"0";"0";"16.10.12.361.3010.2.879.33909200.00.0";"39";"Serviços de Terceiros - Pessoa Jurídica";"01";"Outros Serviços de Terceiros - Pessoa Jurídica - Tributável";"92";"Despesas de Exercícios Anteriores";"0"
"356076";"24875";"2019";"98";"Fundo de Desenvolvimento Urbano";"22";"FUNDURB - Secretaria Municipal de Infraestrutura Urbana e Obras";"5";"Nota de Empenho Fornecimento de Bens de Consumo e/ou Permanente";"8";"Art. 24 Inciso II da lei Federal 8.666/93";"6";"Dispensa de Licitação";"17/10/2019 00:00:00";"17/10/2019 00:00:00";"17/10/2019 00:00:00";"0";"0";"1";"352339,43";"0";"352339,43";"0";"E";"1";"";"-1";"-1";"";"";"";"";"41";"SEM REAJUSTE";"";"";"";"25/09/2019 00:00:00";"27/09/2019 00:00:00";"36";"";"";"";"";"7910201900004182";"S";"";"";"";"Desapropriação - Melhoramento: Ligação Viária Pirituba-Lapa";"";"98";"Fundo de Desenvolvimento Urbano";"22";"FUNDURB - Secretaria Municipal de Infraestrutura Urbana e Obras";"352339,43";"0";"1";"0";"0";"352339,43";"352339,43";"0";"352339,43";"0";"0";"0";"352339,43";"352339,43";"0";"352339,43";"0";"352339,43";"0";"0";"0";"352339,43";"352339,43";"0";"0";"0";"0";"0";"0";"0";"0";"0";"0";"0";"0";"0";"0";"0";"0";"0";"0";"0";"0";"98.22.15.451.3009.5.100.44906100.08.0";"99";"Outras Aquisições de Bens Imóveis";"01";"Desapropriações";"61";"Aquisição de Imóveis";"0"
"363466";"31225";"2019";"98";"Fundo de Desenvolvimento Urbano";"22";"FUNDURB - Secretaria Municipal de Infraestrutura Urbana e Obras";"2";"Termo de Contrato - Serviços";"10";"Art. 24 Inciso IV da lei Federal 8.666/93";"6";"Dispensa de Licitação";"20/09/2019 00:00:00";"17/03/2020 00:00:00";"18/03/2020 00:00:00";"0";"0";"180";"5243461,08";"0";"5243461,08";"0";"E";"9";"umental";"-1";"-1";"";"";"";"";"41";"SEM REAJUSTE";"";"";"";"26/09/2019 00:00:00";"28/09/2019 00:00:00";"41";"27/12/2019 00:00:00";"21/01/2020 00:00:00";"71";"emergência";"6022201900049011";"S";"";"";"";"Contratação em caráter emergencial para Recuperação de Talude na Avenida Nadir Dias de Figueiredo junto a Rua Nova Hamburgo e em frete à Rua Quirino.";"";"98";"Fundo de Desenvolvimento Urbano";"22";"FUNDURB - Secretaria Municipal de Infraestrutura Urbana e Obras";"4818221,23";"0";"180";"563173,04";"0";"5381394,27";"5381394,27";"0";"5243461,08";"137933,19";"0";"0";"5243461,08";"5243461,08";"247489,61";"5381394,27";"0";"5243461,08";"137933,19";"0";"0";"5243461,08";"5243461,08";"247489,61";"0";"0";"0";"0";"0";"0";"0";"0";"0";"0";"0";"11,69";"0";"0";"0";"0";"0";"0";"0";"98.22.15.451.3009.5.100.44905100.08.0";"89";"Obras em Andamento - Uso Comum do Povo";"08";"Obras em Áreas de Risco";"51";"Obras e Instalações";"0"
"363399";"31158";"2019";"98";"Fundo de Desenvolvimento Urbano";"22";"FUNDURB - Secretaria Municipal de Infraestrutura Urbana e Obras";"2";"Termo de Contrato - Serviços";"10";"Art. 24 Inciso IV da lei Federal 8.666/93";"6";"Dispensa de Licitação";"20/09/2019 00:00:00";"18/03/2020 00:00:00";"18/03/2020 00:00:00";"0";"0";"180";"0";"0";"0";"0";"E";"9";"umental";"-1";"-1";"";"";"";"";"41";"SEM REAJUSTE";"";"";"";"26/09/2019 00:00:00";"28/09/2019 00:00:00";"64";"";"";"";"";"6022201900049011";"S";"";"";"";"EMERGÊNCIA TALUDE NA AVENIDA NADIR DIAS FIGUEIREDO";"";"98";"Fundo de Desenvolvimento Urbano";"22";"FUNDURB - Secretaria Municipal de Infraestrutura Urbana e Obras";"4818221,23";"0";"180";"0";"0";"4818221,23";"4818221,23";"0";"0";"4818221,23";"0";"0";"0";"0";"0";"4818221,23";"0";"0";"4818221,23";"0";"0";"0";"0";"0";"0";"0";"0";"0";"0";"0";"0";"0";"0";"0";"0";"0";"0";"0";"0";"0";"0";"0";"0";"";"";"";"";"";"";"";"0"
"361951";"29913";"2019";"22";"Secretaria Municipal de Infraestrutura Urbana e Obras";"10";"Gabinete do Secretário";"2";"Termo de Contrato - Serviços";"3";"Art. 22 - Inciso III Lei Federal  8.666/93";"2";"Convite";"18/02/2020 00:00:00";"17/05/2020 00:00:00";"18/05/2020 00:00:00";"0";"0";"90";"150179,28";"0";"150179,28";"0";"E";"9";"umental";"-1";"-1";"";"";"";"";"41";"SEM REAJUSTE";"";"";"";"09/12/2019 00:00:00";"10/12/2019 00:00:00";"85";"";"";"";"004/19/SIURB";"6022201700003530";"S";"";"";"";"CONTRATAÇÃO DE EMPRESA PARA A PRESTAÇÃO DE SERVIÇOS TÉCNICOS PROFISSIONAIS PARA ELABORAÇÃO DO PROJETO EXECUTIVO COMPLETO DE FUNDAÇÕES, ADEQUAÇÕES ESTRUTURAIS, ARQUITETURA, INSTALAÇÕES ELÉTRICAS E HIDROSSANITÁRIAS PARA CONSTRUÇÃO DO ACE CARRÃO.";"";"22";"Secretaria Municipal de Infraestrutura Urbana e Obras";"10";"Gabinete do Secretário";"150179,34";"0";"90";"0";"0";"150179,34";"150179,34";"0";"150179,28";"0,06";"0";"0";"150179,28";"150179,28";"45053,86";"150179,34";"0";"150179,28";"0,06";"0";"0";"150179,28";"150179,28";"45053,86";"0";"0";"0";"0";"0";"0";"0";"0";"0";"0";"0";"0";"0";"0";"0";"0";"0";"0";"0";"84.10.10.302.3003.1.506.44903900.00.0";"05";"Serviços Técnicos Profissionais";"01";"Gerenciamento";"39";"Outros Serviços de Terceiros - Pessoa Jurídica";"0"
"339601";"11680";"2019";"22";"Secretaria Municipal de Infraestrutura Urbana e Obras";"10";"Gabinete do Secretário";"2";"Termo de Contrato - Serviços";"7";"Art. 24 - Inciso I Lei Federal  8.666/93";"6";"Dispensa de Licitação";"20/05/2019 00:00:00";"18/06/2019 00:00:00";"18/06/2019 00:00:00";"0";"0";"30";"18142,42";"0";"18142,42";"0";"E";"9";"umental";"-1";"-1";"";"";"";"";"41";"SEM REAJUSTE";"";"";"";"25/04/2019 00:00:00";"26/04/2019 00:00:00";"22";"";"";"";"DL";"6022201900004735";"S";"";"";"";"Dispensa de licitação - Prestação de serviços técnico-profissionais para desenvolvimento do projeto executivo de implantação para construção da UPA Jabaquara.";"";"22";"Secretaria Municipal de Infraestrutura Urbana e Obras";"10";"Gabinete do Secretário";"18142,42";"0";"30";"0";"0";"18142,42";"18142,42";"0";"18142,42";"0";"0";"0";"18142,42";"18142,42";"0";"18142,42";"0";"18142,42";"0";"0";"0";"18142,42";"18142,42";"0";"0";"0";"0";"0";"0";"0";"0";"0";"0";"0";"0";"0";"0";"0";"0";"0";"0";"0";"0";"84.10.10.302.3003.9.204.44905100.02.0";"89";"Obras em Andamento - Uso Comum do Povo";"01";"Hospitais e Similares";"51";"Obras e Instalações";"0"
"339603";"11682";"2019";"22";"Secretaria Municipal de Infraestrutura Urbana e Obras";"10";"Gabinete do Secretário";"2";"Termo de Contrato - Serviços";"7";"Art. 24 - Inciso I Lei Federal  8.666/93";"6";"Dispensa de Licitação";"20/05/2019 00:00:00";"18/06/2019 00:00:00";"18/06/2019 00:00:00";"0";"0";"30";"15621";"0";"15621";"0";"E";"9";"umental";"-1";"-1";"";"";"";"";"41";"SEM REAJUSTE";"";"";"";"25/04/2019 00:00:00";"26/04/2019 00:00:00";"23";"";"";"";"DL";"6022201900004794";"S";"";"";"";"Dispensa de licitação - Prestação de serviços técnico-profissionais para desenvolvimento do projeto executivo de implantação para construção da UPA Mooca.";"";"22";"Secretaria Municipal de Infraestrutura Urbana e Obras";"10";"Gabinete do Secretário";"15621";"0";"30";"0";"0";"15621";"15621";"0";"15621";"0";"0";"0";"15621";"15621";"0";"15621";"0";"15621";"0";"0";"0";"15621";"15621";"0";"0";"0";"0";"0";"0";"0";"0";"0";"0";"0";"0";"0";"0";"0";"0";"0";"0";"0";"0";"84.10.10.302.3003.9.204.44905100.02.0";"89";"Obras em Andamento - Uso Comum do Povo";"01";"Hospitais e Similares";"51";"Obras e Instalações";"0"
"339606";"11685";"2019";"22";"Secretaria Municipal de Infraestrutura Urbana e Obras";"10";"Gabinete do Secretário";"2";"Termo de Contrato - Serviços";"7";"Art. 24 - Inciso I Lei Federal  8.666/93";"6";"Dispensa de Licitação";"20/05/2019 00:00:00";"18/06/2019 00:00:00";"18/06/2019 00:00:00";"0";"0";"30";"17373,68";"0";"17373,68";"0";"E";"9";"umental";"-1";"-1";"";"";"";"";"41";"SEM REAJUSTE";"";"";"";"25/04/2019 00:00:00";"26/04/2019 00:00:00";"22";"";"";"";"DL";"6022201900004760";"S";"";"";"";"Dispensa de licitação - Prestação de serviços técnico-profissionais para desenvolvimento do projeto executivo de implantação para construção da UPA Cidade Tiradentes.";"";"22";"Secretaria Municipal de Infraestrutura Urbana e Obras";"10";"Gabinete do Secretário";"17373,68";"0";"30";"0";"0";"17373,68";"17373,68";"0";"17373,68";"0";"0";"0";"17373,68";"17373,68";"0";"17373,68";"0";"17373,68";"0";"0";"0";"17373,68";"17373,68";"0";"0";"0";"0";"0";"0";"0";"0";"0";"0";"0";"0";"0";"0";"0";"0";"0";"0";"0";"0";"84.10.10.302.3003.9.204.44905100.02.0";"89";"Obras em Andamento - Uso Comum do Povo";"01";"Hospitais e Similares";"51";"Obras e Instalações";"0"
"339594";"11673";"2019";"22";"Secretaria Municipal de Infraestrutura Urbana e Obras";"10";"Gabinete do Secretário";"2";"Termo de Contrato - Serviços";"7";"Art. 24 - Inciso I Lei Federal  8.666/93";"6";"Dispensa de Licitação";"20/05/2019 00:00:00";"18/06/2019 00:00:00";"18/06/2019 00:00:00";"0";"0";"30";"17681,34";"0";"17681,34";"0";"E";"9";"umental";"-1";"-1";"";"";"";"";"41";"SEM REAJUSTE";"";"";"";"25/04/2019 00:00:00";"26/04/2019 00:00:00";"22";"";"";"";"DL";"6022201900004727";"S";"";"";"";"Dispensa de licitação - Prestação de serviços técnico-profissionais para desenvolvimento do projeto executivo de implantação para construção da UPA City Jaraguá.";"";"22";"Secretaria Municipal de Infraestrutura Urbana e Obras";"10";"Gabinete do Secretário";"17681,34";"0";"30";"0";"0";"17681,34";"17681,34";"0";"17681,34";"0";"0";"0";"17681,34";"17681,34";"0";"17681,34";"0";"17681,34";"0";"0";"0";"17681,34";"17681,34";"0";"0";"0";"0";"0";"0";"0";"0";"0";"0";"0";"0";"0";"0";"0";"0";"0";"0";"0";"0";"84.10.10.302.3003.9.204.44905100.02.0";"89";"Obras em Andamento - Uso Comum do Povo";"01";"Hospitais e Similares";"51";"Obras e Instalações";"0"
"356201";"24982";"2019";"22";"Secretaria Municipal de Infraestrutura Urbana e Obras";"10";"Gabinete do Secretário";"5";"Nota de Empenho Fornecimento de Bens de Consumo e/ou Permanente";"8";"Art. 24 Inciso II da lei Federal 8.666/93";"6";"Dispensa de Licitação";"18/10/2019 00:00:00";"18/10/2019 00:00:00";"18/10/2019 00:00:00";"0";"0";"1";"468238,27";"0";"468238,27";"0";"A";"1";"";"-1";"-1";"";"";"";"";"41";"SEM REAJUSTE";"";"";"";"16/10/2019 00:00:00";"18/10/2019 00:00:00";"42";"";"";"";"";"201600532590";"P";"";"";"";"Desapropriação: Requalificação da Av. Santo Amaro - Boulevard Santo Amaro.";"";"22";"Secretaria Municipal de Infraestrutura Urbana e Obras";"10";"Gabinete do Secretário";"468238,27";"0";"1";"0";"0";"468238,27";"468238,27";"0";"468238,27";"0";"0";"0";"468238,27";"468238,27";"0";"468238,27";"0";"468238,27";"0";"0";"0";"468238,27";"468238,27";"0";"0";"0";"0";"0";"0";"0";"0";"0";"0";"0";"0";"0";"0";"0";"0";"0";"0";"0";"0";"37.50.15.451.3022.3.350.44906100.08.0";"99";"Outras Aquisições de Bens Imóveis";"01";"Desapropriações";"61";"Aquisição de Imóveis";"0"
"356212";"24992";"2019";"22";"Secretaria Municipal de Infraestrutura Urbana e Obras";"10";"Gabinete do Secretário";"5";"Nota de Empenho Fornecimento de Bens de Consumo e/ou Permanente";"8";"Art. 24 Inciso II da lei Federal 8.666/93";"6";"Dispensa de Licitação";"18/10/2019 00:00:00";"18/10/2019 00:00:00";"18/10/2019 00:00:00";"0";"0";"1";"458350,20";"0";"458350,20";"0";"A";"1";"";"-1";"-1";"";"";"";"";"41";"SEM REAJUSTE";"";"";"";"16/10/2019 00:00:00";"18/10/2019 00:00:00";"42";"";"";"";"";"201600826373";"P";"";"";"";"Desapropriação: Requalificação da Av. Santo Amaro - Boulevard Santo Amaro.";"";"22";"Secretaria Municipal de Infraestrutura Urbana e Obras";"10";"Gabinete do Secretário";"458350,20";"0";"1";"0";"0";"458350,20";"458350,20";"0";"458350,20";"0";"0";"0";"458350,20";"458350,20";"0";"458350,20";"0";"458350,20";"0";"0";"0";"458350,20";"458350,20";"0";"0";"0";"0";"0";"0";"0";"0";"0";"0";"0";"0";"0";"0";"0";"0";"0";"0";"0";"0";"37.50.15.451.3022.3.350.44906100.08.0";"99";"Outras Aquisições de Bens Imóveis";"01";"Desapropriações";"61";"Aquisição de Imóveis";"0"
"356168";"24952";"2019";"22";"Secretaria Municipal de Infraestrutura Urbana e Obras";"10";"Gabinete do Secretário";"5";"Nota de Empenho Fornecimento de Bens de Consumo e/ou Permanente";"8";"Art. 24 Inciso II da lei Federal 8.666/93";"6";"Dispensa de Licitação";"18/10/2019 00:00:00";"18/10/2019 00:00:00";"18/10/2019 00:00:00";"0";"0";"1";"198047,31";"0";"198047,31";"0";"A";"1";"";"-1";"-1";"";"";"";"";"41";"SEM REAJUSTE";"";"";"";"16/10/2019 00:00:00";"18/10/2019 00:00:00";"42";"";"";"";"";"201600451809";"P";"";"";"";"Desapropriação: Requalificação da Av. Santo Amaro - Boulevard Santo Amaro.";"";"22";"Secretaria Municipal de Infraestrutura Urbana e Obras";"10";"Gabinete do Secretário";"198047,31";"0";"1";"0";"0";"198047,31";"198047,31";"0";"198047,31";"0";"0";"0";"198047,31";"198047,31";"0";"198047,31";"0";"198047,31";"0";"0";"0";"198047,31";"198047,31";"0";"0";"0";"0";"0";"0";"0";"0";"0";"0";"0";"0";"0";"0";"0";"0";"0";"0";"0";"0";"37.50.15.451.3022.3.350.44906100.08.0";"99";"Outras Aquisições de Bens Imóveis";"01";"Desapropriações";"61";"Aquisição de Imóveis";"0"
"356128";"24917";"2019";"98";"Fundo de Desenvolvimento Urbano";"22";"FUNDURB - Secretaria Municipal de Infraestrutura Urbana e Obras";"5";"Nota de Empenho Fornecimento de Bens de Consumo e/ou Permanente";"8";"Art. 24 Inciso II da lei Federal 8.666/93";"6";"Dispensa de Licitação";"18/10/2019 00:00:00";"18/10/2019 00:00:00";"18/10/2019 00:00:00";"0";"0";"1";"363919,15";"0";"363919,15";"0";"E";"1";"";"-1";"-1";"";"";"";"";"41";"SEM REAJUSTE";"";"";"";"25/09/2019 00:00:00";"27/09/2019 00:00:00";"36";"";"";"";"";"7910201900004212";"S";"";"";"";"Desapropriação - Melhoramento: Ligação Viária Pirituba-Lapa";"";"98";"Fundo de Desenvolvimento Urbano";"22";"FUNDURB - Secretaria Municipal de Infraestrutura Urbana e Obras";"363919,15";"0";"1";"0";"0";"363919,15";"363919,15";"0";"363919,15";"0";"0";"0";"363919,15";"363919,15";"0";"363919,15";"0";"363919,15";"0";"0";"0";"363919,15";"363919,15";"0";"0";"0";"0";"0";"0";"0";"0";"0";"0";"0";"0";"0";"0";"0";"0";"0";"0";"0";"0";"98.22.15.451.3009.5.100.44906100.08.0";"99";"Outras Aquisições de Bens Imóveis";"01";"Desapropriações";"61";"Aquisição de Imóveis";"0"
"356115";"24906";"2019";"98";"Fundo de Desenvolvimento Urbano";"22";"FUNDURB - Secretaria Municipal de Infraestrutura Urbana e Obras";"5";"Nota de Empenho Fornecimento de Bens de Consumo e/ou Permanente";"8";"Art. 24 Inciso II da lei Federal 8.666/93";"6";"Dispensa de Licitação";"18/10/2019 00:00:00";"18/10/2019 00:00:00";"18/10/2019 00:00:00";"0";"0";"1";"362912,86";"0";"362912,86";"0";"E";"1";"";"-1";"-1";"";"";"";"";"41";"SEM REAJUSTE";"";"";"";"25/09/2019 00:00:00";"27/09/2019 00:00:00";"36";"";"";"";"";"7910201900004204";"S";"";"";"";"Desapropriação - Melhoramento: Ligação Viária Pirituba-Lapa";"";"98";"Fundo de Desenvolvimento Urbano";"22";"FUNDURB - Secretaria Municipal de Infraestrutura Urbana e Obras";"362912,86";"0";"1";"0";"0";"362912,86";"362912,86";"0";"362912,86";"0";"0";"0";"362912,86";"362912,86";"0";"362912,86";"0";"362912,86";"0";"0";"0";"362912,86";"362912,86";"0";"0";"0";"0";"0";"0";"0";"0";"0";"0";"0";"0";"0";"0";"0";"0";"0";"0";"0";"0";"98.22.15.451.3009.5.100.44906100.08.0";"99";"Outras Aquisições de Bens Imóveis";"01";"Desapropriações";"61";"Aquisição de Imóveis";"0"
"361283";"29306";"2019";"86";"Fundo Municipal de Saneamento Ambiental e Infraestrutura";"22";"FMSAI - Secretaria Municipal de Serviços e Obras";"5";"Nota de Empenho Fornecimento de Bens de Consumo e/ou Permanente";"8";"Art. 24 Inciso II da lei Federal 8.666/93";"6";"Dispensa de Licitação";"04/12/2019 00:00:00";"18/12/2019 00:00:00";"18/12/2019 00:00:00";"0";"0";"15";"50000,18";"0";"50000,18";"0";"E";"1";"";"-1";"-1";"";"";"";"";"41";"SEM REAJUSTE";"";"";"";"02/12/2019 00:00:00";"04/12/2019 00:00:00";"40";"";"";"";"";"6022201900054880";"S";"";"";"";"Desapropriação - Melhoramento: Bacia do Córrego Paciência";"";"86";"Fundo Municipal de Saneamento Ambiental e Infraestrutura";"22";"FMSAI - Secretaria Municipal de Serviços e Obras";"50000,18";"0";"15";"0";"0";"50000,18";"50000,18";"0";"50000,18";"0";"0";"0";"50000,18";"50000,18";"0";"50000,18";"0";"50000,18";"0";"0";"0";"50000,18";"50000,18";"0";"0";"0";"0";"0";"0";"0";"0";"0";"0";"0";"0";"0";"0";"0";"0";"0";"0";"0";"0";"86.22.17.451.3005.5.013.44906100.03.0";"99";"Outras Aquisições de Bens Imóveis";"01";"Desapropriações";"61";"Aquisição de Imóveis";"0"
"361286";"29309";"2019";"86";"Fundo Municipal de Saneamento Ambiental e Infraestrutura";"22";"FMSAI - Secretaria Municipal de Serviços e Obras";"5";"Nota de Empenho Fornecimento de Bens de Consumo e/ou Permanente";"8";"Art. 24 Inciso II da lei Federal 8.666/93";"6";"Dispensa de Licitação";"04/12/2019 00:00:00";"18/12/2019 00:00:00";"18/12/2019 00:00:00";"0";"0";"15";"50227,03";"0";"50227,03";"0";"E";"1";"";"-1";"-1";"";"";"";"";"41";"SEM REAJUSTE";"";"";"";"02/12/2019 00:00:00";"04/12/2019 00:00:00";"40";"";"";"";"";"6022201900054864";"S";"";"";"";"Desapropriação - Melhoramento: Bacia do Córrego Paciência";"";"86";"Fundo Municipal de Saneamento Ambiental e Infraestrutura";"22";"FMSAI - Secretaria Municipal de Serviços e Obras";"50227,03";"0";"15";"0";"0";"50227,03";"50227,03";"0";"50227,03";"0";"0";"0";"50227,03";"50227,03";"0";"50227,03";"0";"50227,03";"0";"0";"0";"50227,03";"50227,03";"0";"0";"0";"0";"0";"0";"0";"0";"0";"0";"0";"0";"0";"0";"0";"0";"0";"0";"0";"0";"86.22.17.451.3005.5.013.44906100.03.0";"99";"Outras Aquisições de Bens Imóveis";"01";"Desapropriações";"61";"Aquisição de Imóveis";"0"
"361284";"29307";"2019";"86";"Fundo Municipal de Saneamento Ambiental e Infraestrutura";"22";"FMSAI - Secretaria Municipal de Serviços e Obras";"5";"Nota de Empenho Fornecimento de Bens de Consumo e/ou Permanente";"8";"Art. 24 Inciso II da lei Federal 8.666/93";"6";"Dispensa de Licitação";"04/12/2019 00:00:00";"18/12/2019 00:00:00";"18/12/2019 00:00:00";"0";"0";"15";"280915,30";"0";"280915,30";"0";"E";"1";"";"-1";"-1";"";"";"";"";"41";"SEM REAJUSTE";"";"";"";"02/12/2019 00:00:00";"04/12/2019 00:00:00";"40";"";"";"";"";"6022201900054872";"S";"";"";"";"Melhoramento: Bacia do Córrego Paciência";"";"86";"Fundo Municipal de Saneamento Ambiental e Infraestrutura";"22";"FMSAI - Secretaria Municipal de Serviços e Obras";"280915,30";"0";"15";"0";"0";"280915,30";"280915,30";"0";"280915,30";"0";"0";"0";"280915,30";"280915,30";"0";"280915,30";"0";"280915,30";"0";"0";"0";"280915,30";"280915,30";"0";"0";"0";"0";"0";"0";"0";"0";"0";"0";"0";"0";"0";"0";"0";"0";"0";"0";"0";"0";"86.22.17.451.3005.5.013.44906100.03.0";"99";"Outras Aquisições de Bens Imóveis";"01";"Desapropriações";"61";"Aquisição de Imóveis";"0"
"361287";"29310";"2019";"86";"Fundo Municipal de Saneamento Ambiental e Infraestrutura";"22";"FMSAI - Secretaria Municipal de Serviços e Obras";"5";"Nota de Empenho Fornecimento de Bens de Consumo e/ou Permanente";"8";"Art. 24 Inciso II da lei Federal 8.666/93";"6";"Dispensa de Licitação";"04/12/2019 00:00:00";"18/12/2019 00:00:00";"18/12/2019 00:00:00";"0";"0";"15";"104706,72";"0";"104706,72";"0";"E";"1";"";"-1";"-1";"";"";"";"";"41";"SEM REAJUSTE";"";"";"";"02/12/2019 00:00:00";"04/12/2019 00:00:00";"40";"";"";"";"";"6022201900054856";"S";"";"";"";"Desapropriação - Melhoramento: Bacia do Córrego Paciência";"";"86";"Fundo Municipal de Saneamento Ambiental e Infraestrutura";"22";"FMSAI - Secretaria Municipal de Serviços e Obras";"104706,72";"0";"15";"0";"0";"104706,72";"104706,72";"0";"104706,72";"0";"0";"0";"104706,72";"104706,72";"0";"104706,72";"0";"104706,72";"0";"0";"0";"104706,72";"104706,72";"0";"0";"0";"0";"0";"0";"0";"0";"0";"0";"0";"0";"0";"0";"0";"0";"0";"0";"0";"0";"86.22.17.451.3005.5.013.44906100.03.0";"99";"Outras Aquisições de Bens Imóveis";"01";"Desapropriações";"61";"Aquisição de Imóveis";"0"
"361282";"29305";"2019";"86";"Fundo Municipal de Saneamento Ambiental e Infraestrutura";"22";"FMSAI - Secretaria Municipal de Serviços e Obras";"5";"Nota de Empenho Fornecimento de Bens de Consumo e/ou Permanente";"8";"Art. 24 Inciso II da lei Federal 8.666/93";"6";"Dispensa de Licitação";"04/12/2019 00:00:00";"18/12/2019 00:00:00";"18/12/2019 00:00:00";"0";"0";"15";"16051,23";"0";"16051,23";"0";"E";"1";"";"-1";"-1";"";"";"";"";"41";"SEM REAJUSTE";"";"";"";"02/12/2019 00:00:00";"04/12/2019 00:00:00";"40";"";"";"";"";"6022201900054902";"S";"";"";"";"Desapropriação - Melhoramento: Bacia do Córrego Paciência";"";"86";"Fundo Municipal de Saneamento Ambiental e Infraestrutura";"22";"FMSAI - Secretaria Municipal de Serviços e Obras";"16051,23";"0";"15";"0";"0";"16051,23";"16051,23";"0";"16051,23";"0";"0";"0";"16051,23";"16051,23";"0";"16051,23";"0";"16051,23";"0";"0";"0";"16051,23";"16051,23";"0";"0";"0";"0";"0";"0";"0";"0";"0";"0";"0";"0";"0";"0";"0";"0";"0";"0";"0";"0";"86.22.17.451.3005.5.013.44906100.03.0";"99";"Outras Aquisições de Bens Imóveis";"01";"Desapropriações";"61";"Aquisição de Imóveis";"0"
"342017";"13696";"2019";"22";"Secretaria Municipal de Infraestrutura Urbana e Obras";"10";"Gabinete do Secretário";"2";"Termo de Contrato - Serviços";"7";"Art. 24 - Inciso I Lei Federal  8.666/93";"6";"Dispensa de Licitação";"21/09/2019 00:00:00";"18/01/2020 00:00:00";"19/01/2020 00:00:00";"0";"0";"120";"31699,15";"0";"31699,15";"0";"E";"9";"umental";"-1";"-1";"";"";"";"";"41";"SEM REAJUSTE";"";"";"";"24/05/2019 00:00:00";"28/05/2019 00:00:00";"23";"";"";"";"DL";"6022201800061907";"S";"";"";"";"Dispensa de licitação - Prestação de serviços técnico-profissionais para elaboração do Levantamento cadastral, Projeto de Prevenção e combate a incêndio e aprovação junto ao Corpo de Bombeiros e Adequação das Instalações do Edifício Olido.";"";"22";"Secretaria Municipal de Infraestrutura Urbana e Obras";"10";"Gabinete do Secretário";"31700";"0";"120";"0";"0";"31700";"31700";"0";"31699,15";"0,85";"0";"0";"31699,15";"31699,15";"0,85";"31700";"0";"31699,15";"0,85";"0";"0";"31699,15";"31699,15";"0,85";"0";"0";"0";"0";"0";"0";"0";"0";"0";"0";"0";"0";"0";"0";"0";"0";"0";"0";"0";"22.10.15.122.3024.2.100.33903900.00.0";"05";"Serviços Técnicos Profissionais";"08";"Engenharia (exceto constr. estradas, pontes, prédios e obras assem.)";"39";"Outros Serviços de Terceiros - Pessoa Jurídica";"0"
"339343";"11452";"2019";"22";"Secretaria Municipal de Infraestrutura Urbana e Obras";"10";"Gabinete do Secretário";"5";"Nota de Empenho Fornecimento de Bens de Consumo e/ou Permanente";"36";"Art. 25 - Inciso I Lei Federal  8.666/93";"7";"Inexigibilidade";"17/04/2019 00:00:00";"19/04/2019 00:00:00";"19/04/2019 00:00:00";"0";"0";"2";"0";"0";"0";"0";"E";"6";"";"-1";"-1";"";"";"";"";"41";"SEM REAJUSTE";"";"";"25/03/2019 00:00:00";"24/04/2019 00:00:00";"26/04/2019 00:00:00";"22";"";"";"";"";"6022201900024604";"S";"";"";"";"aquisição da Licenças de Software para utilização na Manutenção do Suporte do SBS Smallworld Plug-in FME - Floating AD. - AMC e SBS Smallworld Plug-in FME - Floating - AMC AMC SBS Smallworld 2018 para suporte e manutenção do GeoConvias Sistema de Georreferenciado";"";"22";"Secretaria Municipal de Infraestrutura Urbana e Obras";"10";"Gabinete do Secretário";"24311,21";"0";"2";"0";"0";"24311,21";"24311,21";"0";"0";"24311,21";"0";"0";"0";"0";"24311,21";"24311,21";"0";"0";"24311,21";"0";"0";"0";"0";"24311,21";"0";"0";"0";"0";"0";"0";"0";"0";"0";"0";"0";"0";"0";"0";"0";"0";"0";"0";"0";"22.10.15.126.3011.2.818.33904000.00.0";"06";"Locação de Software";"01";"Locação de Software";"40";"Serviços de Tecnologia da Informação e Comunicação - Pessoa Jurídica";"0"
"339604";"11683";"2019";"22";"Secretaria Municipal de Infraestrutura Urbana e Obras";"10";"Gabinete do Secretário";"2";"Termo de Contrato - Serviços";"7";"Art. 24 - Inciso I Lei Federal  8.666/93";"6";"Dispensa de Licitação";"20/05/2019 00:00:00";"18/06/2019 00:00:00";"19/06/2019 00:00:00";"0";"0";"30";"15620,98";"0";"15620,98";"0";"E";"9";"umental";"-1";"-1";"";"";"";"";"41";"SEM REAJUSTE";"";"";"";"25/04/2019 00:00:00";"26/04/2019 00:00:00";"22";"";"";"";"dl";"6022201900004743";"S";"";"";"";"Dispensa de licitação - Prestação de serviços técnico-profissionais para desenvolvimento do projeto executivo de implantação para construção da UPA Parelheiros.";"";"22";"Secretaria Municipal de Infraestrutura Urbana e Obras";"10";"Gabinete do Secretário";"15621";"0";"30";"0";"0";"15621";"15621";"0";"15620,98";"0,02";"0";"0";"15620,98";"15620,98";"0,02";"15621";"0";"15620,98";"0,02";"0";"0";"15620,98";"15620,98";"0,02";"0";"0";"0";"0";"0";"0";"0";"0";"0";"0";"0";"0";"0";"0";"0";"0";"0";"0";"0";"84.10.10.302.3003.9.204.44905100.02.0";"89";"Obras em Andamento - Uso Comum do Povo";"01";"Hospitais e Similares";"51";"Obras e Instalações";"0"
"339605";"11684";"2019";"22";"Secretaria Municipal de Infraestrutura Urbana e Obras";"10";"Gabinete do Secretário";"2";"Termo de Contrato - Serviços";"7";"Art. 24 - Inciso I Lei Federal  8.666/93";"6";"Dispensa de Licitação";"20/05/2019 00:00:00";"18/06/2019 00:00:00";"19/06/2019 00:00:00";"0";"0";"30";"15620,98";"0";"15620,98";"0";"E";"9";"umental";"-1";"-1";"";"";"";"";"41";"SEM REAJUSTE";"";"";"";"25/04/2019 00:00:00";"26/04/2019 00:00:00";"22";"";"";"";"DL";"6022201900004719";"S";"";"";"";"Dispensa de licitação - Prestação de serviços técnico-profissionais para desenvolvimento do projeto executivo de implantação para construção da UPA Vila Mariana.";"";"22";"Secretaria Municipal de Infraestrutura Urbana e Obras";"10";"Gabinete do Secretário";"15621";"0";"30";"0";"0";"15621";"15621";"0";"15620,98";"0,02";"0";"0";"15620,98";"15620,98";"0,02";"15621";"0";"15620,98";"0,02";"0";"0";"15620,98";"15620,98";"0,02";"0";"0";"0";"0";"0";"0";"0";"0";"0";"0";"0";"0";"0";"0";"0";"0";"0";"0";"0";"84.10.10.302.3003.9.204.44905100.02.0";"89";"Obras em Andamento - Uso Comum do Povo";"01";"Hospitais e Similares";"51";"Obras e Instalações";"0"
"328391";"2243";"2019";"22";"Secretaria Municipal de Infraestrutura Urbana e Obras";"10";"Gabinete do Secretário";"2";"Termo de Contrato - Serviços";"1";"Art. 22 - Inciso I Lei Federal  8.666/93";"4";"Concorrência";"22/03/2019 00:00:00";"19/07/2019 00:00:00";"19/07/2019 00:00:00";"0";"0";"120";"47194,35";"5064,95";"42084,40";"5064,94";"A";"9";"umental";"-1";"-1";"";"";"";"";"26";"CONSULTORIA";"";"";"";"07/02/2019 00:00:00";"08/02/2019 00:00:00";"25";"";"";"";"";"201203395252";"P";"";"";"";"Ata de Registro de Preços n° 002/SMSO/2017 - Agrupamento II e IV - Registro de preço para prestação deserviços para elaboração de Material Técnico Necessário para instruir a Propositura de Ações deDesapropriação, Cessão de Móveis, Permutas e/ou Transferência de posse para imóveis necessários peloo Município de São Paulo, composto pelos cadastros individuais de propriedade e pelos Laudos deavaliação individual de Imóveis.";"";"22";"Secretaria Municipal de Infraestrutura Urbana e Obras";"10";"Gabinete do Secretário";"47194,35";"0";"120";"0";"5064,95";"52259,30";"52259,30";"0";"47149,34";"0";"5109,96";"0";"47149,34";"47149,34";"0,01";"47194,35";"0";"42084,40";"0";"5109,95";"0";"42084,40";"42084,40";"0";"5064,95";"0";"5064,94";"0";"0,01";"0";"5064,94";"5064,94";"0,01";"0";"0";"0";"0";"0";"0";"0";"0";"0";"0";"12.10.15.451.3022.1.170.44905100.00.0";"80";"Estudos e Projetos";"99";"Outros Estudos e Projetos";"51";"Obras e Instalações";"5109,96"
"346785";"17438";"2019";"22";"Secretaria Municipal de Infraestrutura Urbana e Obras";"10";"Gabinete do Secretário";"5";"Nota de Empenho Fornecimento de Bens de Consumo e/ou Permanente";"8";"Art. 24 Inciso II da lei Federal 8.666/93";"6";"Dispensa de Licitação";"19/07/2019 00:00:00";"19/07/2019 00:00:00";"19/07/2019 00:00:00";"0";"0";"1";"79017,14";"0";"79017,14";"0";"A";"1";"";"-1";"-1";"";"";"";"";"41";"SEM REAJUSTE";"";"";"";"17/07/2019 00:00:00";"19/07/2019 00:00:00";"27";"";"";"";"";"201302526398";"P";"";"";"";"Melhoramento: Prolongamento da Av. Dr. Chucri Zaidan até a Av. João Dias - Desap.";"";"22";"Secretaria Municipal de Infraestrutura Urbana e Obras";"10";"Gabinete do Secretário";"79017,14";"0";"1";"0";"0";"79017,14";"79017,14";"0";"79017,14";"0";"0";"0";"79017,14";"79017,14";"0";"79017,14";"0";"79017,14";"0";"0";"0";"79017,14";"79017,14";"0";"0";"0";"0";"0";"0";"0";"0";"0";"0";"0";"0";"0";"0";"0";"0";"0";"0";"0";"0";"37.30.15.451.3009.5.100.44906100.08.0";"99";"Outras Aquisições de Bens Imóveis";"01";"Desapropriações";"61";"Aquisição de Imóveis";"0"
"328384";"2236";"2019";"22";"Secretaria Municipal de Infraestrutura Urbana e Obras";"10";"Gabinete do Secretário";"2";"Termo de Contrato - Serviços";"1";"Art. 22 - Inciso I Lei Federal  8.666/93";"4";"Concorrência";"22/03/2019 00:00:00";"19/07/2019 00:00:00";"19/07/2019 00:00:00";"0";"0";"120";"11787,34";"1266,24";"10521,10";"1266,24";"A";"9";"umental";"-1";"-1";"";"";"";"";"26";"CONSULTORIA";"";"";"";"07/02/2019 00:00:00";"08/02/2019 00:00:00";"25";"";"";"";"";"201203395058";"P";"";"";"";"Ata de Registro de Preços  n° 002/SMSO/2017 - Agrupamento  II e IV - Registro de preço para prestação de serviços para elaboração de Material Técnico Necessário para instruir a Propositura de Ações de Desapropriação, Cessão de Móveis, Permutas e/ou Transferência de posse para imóveis necessários pelo o Município de São Paulo, composto pelos cadastros individuais de propriedade e pelos Laudos de avaliação individual de Imóveis.";"";"22";"Secretaria Municipal de Infraestrutura Urbana e Obras";"10";"Gabinete do Secretário";"11787,34";"0";"120";"0";"1266,24";"13053,58";"13053,58";"0";"11787,34";"0";"1266,24";"0";"11787,34";"11787,34";"0";"11787,34";"0";"10521,10";"0";"1266,24";"0";"10521,10";"10521,10";"0";"1266,24";"0";"1266,24";"0";"0";"0";"1266,24";"1266,24";"0";"0";"0";"0";"0";"0";"0";"0";"0";"0";"0";"12.10.15.451.3022.1.170.44905100.00.0";"80";"Estudos e Projetos";"99";"Outros Estudos e Projetos";"51";"Obras e Instalações";"1266,24"
"345665";"16521";"2019";"22";"Secretaria Municipal de Infraestrutura Urbana e Obras";"10";"Gabinete do Secretário";"2";"Termo de Contrato - Serviços";"7";"Art. 24 - Inciso I Lei Federal  8.666/93";"6";"Dispensa de Licitação";"05/08/2019 00:00:00";"19/08/2019 00:00:00";"19/08/2019 00:00:00";"0";"0";"14";"2348,83";"0";"2348,83";"0";"A";"9";"umental";"-1";"-1";"";"";"";"";"41";"SEM REAJUSTE";"076/SIURB/2019";"";"";"03/07/2019 00:00:00";"05/07/2019 00:00:00";"40";"";"";"";"DL";"6022201900030469";"S";"";"";"";"Prestação de Serviços Técnico-Profissionais de sondagem para desenvolvimento de projeto executivo da caixa d'agua da EMEF Vargem Grande.";"";"22";"Secretaria Municipal de Infraestrutura Urbana e Obras";"10";"Gabinete do Secretário";"2348,83";"0";"14";"0";"0";"2348,83";"2348,83";"0";"2348,83";"0";"0";"0";"2348,83";"2348,83";"0";"2348,83";"0";"2348,83";"0";"0";"0";"2348,83";"2348,83";"0";"0";"0";"0";"0";"0";"0";"0";"0";"0";"0";"0";"0";"0";"0";"0";"0";"0";"0";"0";"16.10.12.361.3010.3.366.44905100.00.0";"89";"Obras em Andamento - Uso Comum do Povo";"02";"Escolas e Similares";"51";"Obras e Instalações";"0"
"338375";"10620";"2019";"86";"Fundo Municipal de Saneamento Ambiental e Infraestrutura";"22";"FMSAI - Secretaria Municipal de Serviços e Obras";"2";"Termo de Contrato - Serviços";"1";"Art. 22 - Inciso I Lei Federal  8.666/93";"4";"Concorrência";"20/02/2018 00:00:00";"19/08/2019 00:00:00";"19/08/2019 00:00:00";"0";"0";"546";"3203683,20";"2891685,43";"3203683,20";"1915181,01";"S";"9";"umental";"-1";"-1";"";"";"";"";"2";"ESTRUTURA GERAL";"";"";"";"20/09/2010 00:00:00";"20/09/2010 00:00:00";"";"";"";"";"";"201000251442";"P";"";"";"";"CT - 173/SIURB/2010 - Córrego Mirassol";"";"86";"Fundo Municipal de Saneamento Ambiental e Infraestrutura";"22";"FMSAI - Secretaria Municipal de Serviços e Obras";"2135112,13";"0";"546";"1068571,07";"2891685,43";"6095368,63";"6095368,63";"0";"5118864,21";"0";"976504,42";"0";"5118864,21";"5118864,21";"1039778,72";"3203683,20";"0";"3203683,20";"0";"0";"0";"3203683,20";"3203683,20";"0";"2891685,43";"0";"1915181,01";"0";"976504,42";"0";"1915181,01";"1915181,01";"1039778,72";"0";"0";"50,05";"0";"0";"0";"0";"0";"0";"0";"86.22.17.451.3005.5.013.44905100.03.0";"89";"Obras em Andamento - Uso Comum do Povo";"22";"Canalização de Córregos";"51";"Obras e Instalações";"976504,42"
"336520";"8944";"2019";"22";"Secretaria Municipal de Infraestrutura Urbana e Obras";"10";"Gabinete do Secretário";"2";"Termo de Contrato - Serviços";"3";"Art. 22 - Inciso III Lei Federal  8.666/93";"2";"Convite";"21/05/2019 00:00:00";"18/08/2019 00:00:00";"19/08/2019 00:00:00";"0";"0";"90";"154357,95";"30827,67";"154357,95";"30827,67";"E";"9";"umental";"-1";"-1";"";"";"";"";"41";"SEM REAJUSTE";"";"";"";"14/11/2018 00:00:00";"15/11/2018 00:00:00";"157";"";"";"";"CONVITE Nº 007/18/SI";"6018201700112176";"S";"";"";"";"CONVITE Nº 007/18/SIURB - Prestação de serviços técnico-profissionais para elaboração do projeto executivo de arquitetura, estrutura, elétrica, hidráulica e ar condicionado para o CER CARRÃO.";"";"22";"Secretaria Municipal de Infraestrutura Urbana e Obras";"10";"Gabinete do Secretário";"185185,69";"0";"90";"0";"31000";"216185,69";"216185,69";"0";"185185,62";"31000,07";"0";"0";"185185,62";"185185,62";"302708,79";"185185,69";"0";"154357,95";"30827,74";"0";"0";"154357,95";"154357,95";"271881,12";"31000";"0";"30827,67";"172,33";"0";"0";"30827,67";"30827,67";"30827,67";"0";"0";"0";"0";"0";"0";"0";"0";"0";"0";"84.10.10.242.3003.1.505.44905100.02.0";"89";"Obras em Andamento - Uso Comum do Povo";"01";"Hospitais e Similares";"51";"Obras e Instalações";"0"
"352309";"21753";"2019";"22";"Secretaria Municipal de Infraestrutura Urbana e Obras";"10";"Gabinete do Secretário";"2";"Termo de Contrato - Serviços";"7";"Art. 24 - Inciso I Lei Federal  8.666/93";"6";"Dispensa de Licitação";"30/09/2019 00:00:00";"19/10/2019 00:00:00";"19/10/2019 00:00:00";"0";"0";"20";"6269,90";"0";"6269,90";"0";"E";"9";"umental";"-1";"-1";"";"";"";"";"41";"SEM REAJUSTE";"";"";"";"10/09/2019 00:00:00";"11/09/2019 00:00:00";"30";"";"";"";"DL";"6022201800049575";"S";"";"";"";"Dispensa de licitação - Prestação de Serviços Técnico-Profissionais de levantamento planialtimetrico para construção(substituição) da EMEF José Olimpio Ferreira Filho, situada na travessa Passareira, 200 - SP/CL.";"";"22";"Secretaria Municipal de Infraestrutura Urbana e Obras";"10";"Gabinete do Secretário";"6269,90";"0";"20";"0";"0";"6269,90";"6269,90";"0";"6269,90";"0";"0";"0";"6269,90";"6269,90";"0";"6269,90";"0";"6269,90";"0";"0";"0";"6269,90";"6269,90";"0";"0";"0";"0";"0";"0";"0";"0";"0";"0";"0";"0";"0";"0";"0";"0";"0";"0";"0";"0";"16.10.12.361.3010.3.365.44905100.00.0";"89";"Obras em Andamento - Uso Comum do Povo";"02";"Escolas e Similares";"51";"Obras e Instalações";"0"
"360872";"28954";"2019";"22";"Secretaria Municipal de Infra-Estrutura Urbana e Obras";"10";"Gabinete do Secretário";"2";"Termo de Contrato - Serviços";"1";"Art. 22 - Inciso I Lei Federal  8.666/93";"4";"Concorrência";"21/09/2015 00:00:00";"19/12/2015 00:00:00";"19/12/2015 00:00:00";"0";"0";"90";"10215,53";"0";"10215,53";"0";"A";"9";"umental";"2014";"9";"22";"Secretaria Municipal de Infra-Estrutura Urbana e Obras";"";"";"5";"EDIFICAÇÕES EM GERAL";"";"";"";"28/08/2015 00:00:00";"03/09/2015 00:00:00";"93";"";"";"";"007/14/SIURB";"201400212444";"P";"";"";"";"Execução de serviços gerais de manutenção previstos na ATA de RP n° 009 /SIURB/2014 - Agrupamento009 - Subprefeitura /Brasilândia - SP/FB, no EMEI Anita Garibaldi - SP/SP, referente a contratação nº 23773/15";"";"22";"Secretaria Municipal de Infra-Estrutura Urbana e Obras";"10";"Gabinete do Secretário";"10215,53";"0";"90";"0";"0";"10215,53";"10215,53";"0";"10215,53";"0";"0";"0";"10215,53";"10215,53";"0";"10215,53";"0";"10215,53";"0";"0";"0";"10215,53";"10215,53";"0";"0";"0";"0";"0";"0";"0";"0";"0";"0";"0";"0";"0";"0";"0";"0";"0";"0";"0";"0";"16.10.12.365.3010.2.878.33909200.00.0";"39";"Serviços de Terceiros - Pessoa Jurídica";"01";"Outros Serviços de Terceiros - Pessoa Jurídica - Tributável";"92";"Despesas de Exercícios Anteriores";"0"
"361402";"29423";"2019";"86";"Fundo Municipal de Saneamento Ambiental e Infraestrutura";"22";"FMSAI - Secretaria Municipal de Serviços e Obras";"5";"Nota de Empenho Fornecimento de Bens de Consumo e/ou Permanente";"8";"Art. 24 Inciso II da lei Federal 8.666/93";"6";"Dispensa de Licitação";"05/12/2019 00:00:00";"19/12/2019 00:00:00";"19/12/2019 00:00:00";"0";"0";"15";"87057,38";"0";"87057,38";"0";"E";"1";"";"-1";"-1";"";"";"";"";"41";"SEM REAJUSTE";"";"";"";"03/12/2019 00:00:00";"04/12/2019 00:00:00";"41";"";"";"";"";"6022201900057570";"S";"";"";"";"Melhoramento: Bacia do Córrego Paciência";"";"86";"Fundo Municipal de Saneamento Ambiental e Infraestrutura";"22";"FMSAI - Secretaria Municipal de Serviços e Obras";"87057,38";"0";"15";"0";"0";"87057,38";"87057,38";"0";"87057,38";"0";"0";"0";"87057,38";"87057,38";"0";"87057,38";"0";"87057,38";"0";"0";"0";"87057,38";"87057,38";"0";"0";"0";"0";"0";"0";"0";"0";"0";"0";"0";"0";"0";"0";"0";"0";"0";"0";"0";"0";"86.22.17.451.3005.5.013.44906100.03.0";"99";"Outras Aquisições de Bens Imóveis";"01";"Desapropriações";"61";"Aquisição de Imóveis";"0"
"361399";"29420";"2019";"86";"Fundo Municipal de Saneamento Ambiental e Infraestrutura";"22";"FMSAI - Secretaria Municipal de Serviços e Obras";"5";"Nota de Empenho Fornecimento de Bens de Consumo e/ou Permanente";"8";"Art. 24 Inciso II da lei Federal 8.666/93";"6";"Dispensa de Licitação";"05/12/2019 00:00:00";"19/12/2019 00:00:00";"19/12/2019 00:00:00";"0";"0";"15";"1685,65";"0";"1685,65";"0";"E";"1";"";"-1";"-1";"";"";"";"";"41";"SEM REAJUSTE";"";"";"";"03/12/2019 00:00:00";"04/12/2019 00:00:00";"41";"";"";"";"";"6022201900057510";"S";"";"";"";"Melhoramento: Bacia do Córrego Paciência";"";"86";"Fundo Municipal de Saneamento Ambiental e Infraestrutura";"22";"FMSAI - Secretaria Municipal de Serviços e Obras";"1685,65";"0";"15";"0";"0";"1685,65";"1685,65";"0";"1685,65";"0";"0";"0";"1685,65";"1685,65";"0";"1685,65";"0";"1685,65";"0";"0";"0";"1685,65";"1685,65";"0";"0";"0";"0";"0";"0";"0";"0";"0";"0";"0";"0";"0";"0";"0";"0";"0";"0";"0";"0";"86.22.17.451.3005.5.013.44906100.03.0";"99";"Outras Aquisições de Bens Imóveis";"01";"Desapropriações";"61";"Aquisição de Imóveis";"0"
"361396";"29417";"2019";"86";"Fundo Municipal de Saneamento Ambiental e Infraestrutura";"22";"FMSAI - Secretaria Municipal de Serviços e Obras";"5";"Nota de Empenho Fornecimento de Bens de Consumo e/ou Permanente";"8";"Art. 24 Inciso II da lei Federal 8.666/93";"6";"Dispensa de Licitação";"05/12/2019 00:00:00";"19/12/2019 00:00:00";"19/12/2019 00:00:00";"0";"0";"15";"24022,30";"0";"24022,30";"0";"E";"1";"";"-1";"-1";"";"";"";"";"41";"SEM REAJUSTE";"";"";"";"03/12/2019 00:00:00";"05/12/2019 00:00:00";"41";"";"";"";"";"6022201900057502";"S";"";"";"";"Melhoramento: Bacia do Córrego Paciência";"";"86";"Fundo Municipal de Saneamento Ambiental e Infraestrutura";"22";"FMSAI - Secretaria Municipal de Serviços e Obras";"24022,30";"0";"15";"0";"0";"24022,30";"24022,30";"0";"24022,30";"0";"0";"0";"24022,30";"24022,30";"0";"24022,30";"0";"24022,30";"0";"0";"0";"24022,30";"24022,30";"0";"0";"0";"0";"0";"0";"0";"0";"0";"0";"0";"0";"0";"0";"0";"0";"0";"0";"0";"0";"86.22.17.451.3005.5.013.44906100.03.0";"99";"Outras Aquisições de Bens Imóveis";"01";"Desapropriações";"61";"Aquisição de Imóveis";"0"
"361407";"29428";"2019";"86";"Fundo Municipal de Saneamento Ambiental e Infraestrutura";"22";"FMSAI - Secretaria Municipal de Serviços e Obras";"5";"Nota de Empenho Fornecimento de Bens de Consumo e/ou Permanente";"8";"Art. 24 Inciso II da lei Federal 8.666/93";"6";"Dispensa de Licitação";"05/12/2019 00:00:00";"19/12/2019 00:00:00";"19/12/2019 00:00:00";"0";"0";"15";"2854,28";"0";"2854,28";"0";"E";"1";"";"-1";"-1";"";"";"";"";"41";"SEM REAJUSTE";"";"";"";"03/12/2019 00:00:00";"05/12/2019 00:00:00";"41";"";"";"";"";"6022201900057561";"S";"";"";"";"Melhoramento: Bacia do Córrego Paciência";"";"86";"Fundo Municipal de Saneamento Ambiental e Infraestrutura";"22";"FMSAI - Secretaria Municipal de Serviços e Obras";"2854,28";"0";"15";"0";"0";"2854,28";"2854,28";"0";"2854,28";"0";"0";"0";"2854,28";"2854,28";"0";"2854,28";"0";"2854,28";"0";"0";"0";"2854,28";"2854,28";"0";"0";"0";"0";"0";"0";"0";"0";"0";"0";"0";"0";"0";"0";"0";"0";"0";"0";"0";"0";"86.22.17.451.3005.5.013.44906100.03.0";"99";"Outras Aquisições de Bens Imóveis";"01";"Desapropriações";"61";"Aquisição de Imóveis";"0"
"361393";"29414";"2019";"86";"Fundo Municipal de Saneamento Ambiental e Infraestrutura";"22";"FMSAI - Secretaria Municipal de Serviços e Obras";"5";"Nota de Empenho Fornecimento de Bens de Consumo e/ou Permanente";"8";"Art. 24 Inciso II da lei Federal 8.666/93";"6";"Dispensa de Licitação";"05/12/2019 00:00:00";"19/12/2019 00:00:00";"19/12/2019 00:00:00";"0";"0";"15";"742,10";"0";"742,10";"0";"E";"1";"";"-1";"-1";"";"";"";"";"41";"SEM REAJUSTE";"";"";"";"03/12/2019 00:00:00";"05/12/2019 00:00:00";"41";"";"";"";"";"6022201800059058";"S";"";"";"";"Desapropriação - Melhoramento: Bacia do Córrego Paciência";"";"86";"Fundo Municipal de Saneamento Ambiental e Infraestrutura";"22";"FMSAI - Secretaria Municipal de Serviços e Obras";"742,10";"0";"15";"0";"0";"742,10";"742,10";"0";"742,10";"0";"0";"0";"742,10";"742,10";"0";"742,10";"0";"742,10";"0";"0";"0";"742,10";"742,10";"0";"0";"0";"0";"0";"0";"0";"0";"0";"0";"0";"0";"0";"0";"0";"0";"0";"0";"0";"0";"86.22.17.451.3005.5.013.44906100.03.0";"99";"Outras Aquisições de Bens Imóveis";"01";"Desapropriações";"61";"Aquisição de Imóveis";"0"
"341353";"13153";"2019";"22";"Secretaria Municipal de Infraestrutura Urbana e Obras";"10";"Gabinete do Secretário";"5";"Nota de Empenho Fornecimento de Bens de Consumo e/ou Permanente";"8";"Art. 24 Inciso II da lei Federal 8.666/93";"6";"Dispensa de Licitação";"20/05/2019 00:00:00";"20/05/2019 00:00:00";"20/05/2019 00:00:00";"0";"0";"1";"93430,92";"0";"93430,92";"0";"A";"1";"";"-1";"-1";"";"";"";"";"41";"SEM REAJUSTE";"";"";"";"16/05/2019 00:00:00";"18/05/2019 00:00:00";"23";"";"";"";"";"201302274003";"P";"";"";"";"Melhoramento: Prolongamento da Av. Dr. Chucri Zaidan até a Av João Dias. Desap.";"";"22";"Secretaria Municipal de Infraestrutura Urbana e Obras";"10";"Gabinete do Secretário";"93430,92";"0";"1";"0";"0";"93430,92";"93430,92";"0";"93430,92";"0";"0";"0";"93430,92";"93430,92";"0";"93430,92";"0";"93430,92";"0";"0";"0";"93430,92";"93430,92";"0";"0";"0";"0";"0";"0";"0";"0";"0";"0";"0";"0";"0";"0";"0";"0";"0";"0";"0";"0";"37.30.15.451.3009.5.100.44906100.08.0";"99";"Outras Aquisições de Bens Imóveis";"01";"Desapropriações";"61";"Aquisição de Imóveis";"0"
"341348";"13149";"2019";"22";"Secretaria Municipal de Infraestrutura Urbana e Obras";"10";"Gabinete do Secretário";"5";"Nota de Empenho Fornecimento de Bens de Consumo e/ou Permanente";"8";"Art. 24 Inciso II da lei Federal 8.666/93";"6";"Dispensa de Licitação";"20/05/2019 00:00:00";"20/05/2019 00:00:00";"20/05/2019 00:00:00";"0";"0";"1";"68513,38";"0";"68513,38";"0";"A";"1";"";"-1";"-1";"";"";"";"";"41";"SEM REAJUSTE";"";"";"";"16/05/2019 00:00:00";"18/05/2019 00:00:00";"23";"";"";"";"";"201302902047";"P";"";"";"";"Melhoramento: Prolongamento da Av. Dr. Chucri Zaidan até a Av João Dias. - Desap.";"";"22";"Secretaria Municipal de Infraestrutura Urbana e Obras";"10";"Gabinete do Secretário";"68513,38";"0";"1";"0";"0";"68513,38";"68513,38";"0";"68513,38";"0";"0";"0";"68513,38";"68513,38";"0";"68513,38";"0";"68513,38";"0";"0";"0";"68513,38";"68513,38";"0";"0";"0";"0";"0";"0";"0";"0";"0";"0";"0";"0";"0";"0";"0";"0";"0";"0";"0";"0";"37.30.15.451.3009.5.100.44906100.08.0";"99";"Outras Aquisições de Bens Imóveis";"01";"Desapropriações";"61";"Aquisição de Imóveis";"0"
"363377";"31138";"2019";"98";"Fundo de Desenvolvimento Urbano";"22";"FUNDURB - Secretaria Municipal de Infra-Estrutura Urbana e Obras";"2";"Termo de Contrato - Serviços";"1";"Art. 22 - Inciso I Lei Federal  8.666/93";"4";"Concorrência";"22/06/2015 00:00:00";"20/06/2016 00:00:00";"20/06/2016 00:00:00";"0";"0";"365";"6000000";"7000000";"5998317,87";"3180000";"A";"9";"umental";"-1";"-1";"";"";"";"";"41";"SEM REAJUSTE";"";"";"";"22/04/2015 00:00:00";"25/04/2015 00:00:00";"16";"";"";"";"006/14/siurb/rdc";"201303074954";"P";"";"";"";"hospital de brasilândia";"";"98";"Fundo de Desenvolvimento Urbano";"22";"FUNDURB - Secretaria Municipal de Infra-Estrutura Urbana e Obras";"6000000";"0";"365";"0";"7000000";"13000000";"13000000";"0";"9178317,87";"0";"3821682,13";"0";"9178317,87";"9178317,87";"9820682,13";"6000000";"0";"5998317,87";"0";"1682,13";"0";"5998317,87";"5998317,87";"6001682,13";"7000000";"0";"3180000";"0";"3820000";"0";"3180000";"3180000";"3819000";"0";"0";"0";"0";"0";"0";"0";"0";"0";"0";"98.22.15.452.3022.5.088.44905100.08.0";"89";"Obras em Andamento - Uso Comum do Povo";"02";"Escolas e Similares";"51";"Obras e Instalações";"3821682,13"
"353218";"22472";"2019";"22";"Secretaria Municipal de Infraestrutura Urbana e Obras";"10";"Gabinete do Secretário";"5";"Nota de Empenho Fornecimento de Bens de Consumo e/ou Permanente";"8";"Art. 24 Inciso II da lei Federal 8.666/93";"6";"Dispensa de Licitação";"20/09/2019 00:00:00";"20/09/2019 00:00:00";"20/09/2019 00:00:00";"0";"0";"1";"12950,72";"0";"12950,72";"0";"A";"1";"";"-1";"-1";"";"";"";"";"41";"SEM REAJUSTE";"";"";"";"18/09/2019 00:00:00";"20/09/2019 00:00:00";"47";"";"";"";"";"201302526452";"P";"";"";"";"Melhoramento: Prolongamento da Av. Dr. Chucri Zaidan até a Av. João Dias - DESAP";"";"22";"Secretaria Municipal de Infraestrutura Urbana e Obras";"10";"Gabinete do Secretário";"12950,72";"0";"1";"0";"0";"12950,72";"12950,72";"0";"12950,72";"0";"0";"0";"12950,72";"12950,72";"0";"12950,72";"0";"12950,72";"0";"0";"0";"12950,72";"12950,72";"0";"0";"0";"0";"0";"0";"0";"0";"0";"0";"0";"0";"0";"0";"0";"0";"0";"0";"0";"0";"37.30.15.451.3009.5.100.44906100.08.0";"99";"Outras Aquisições de Bens Imóveis";"01";"Desapropriações";"61";"Aquisição de Imóveis";"0"
"360831";"28921";"2019";"22";"Secretaria Municipal de Infra-Estrutura Urbana e Obras";"10";"Gabinete do Secretário";"2";"Termo de Contrato - Serviços";"1";"Art. 22 - Inciso I Lei Federal  8.666/93";"4";"Concorrência";"21/09/2015 00:00:00";"20/10/2015 00:00:00";"20/10/2015 00:00:00";"0";"0";"30";"10521,36";"0";"10521,36";"0";"E";"9";"umental";"2014";"29";"22";"Secretaria Municipal de Infra-Estrutura Urbana e Obras";"";"";"5";"EDIFICAÇÕES EM GERAL";"";"";"";"31/08/2015 00:00:00";"03/09/2015 00:00:00";"94";"";"";"";"007/14/SIURB";"201500191147";"P";"";"";"";"Execução de serviços gerais de manutenção previstos na ATA de RP n° 029 /SIURB/2014 - Agrupamento - 029 - Subprefeitura Vila Maria/Vila Guilherme - SP/M, no EMEI Cidade Fernão Dias - SP/SP, Referente contratação 23776/2015";"";"22";"Secretaria Municipal de Infra-Estrutura Urbana e Obras";"10";"Gabinete do Secretário";"10521,36";"0";"30";"0";"0";"10521,36";"10521,36";"0";"10521,36";"0";"0";"0";"10521,36";"10521,36";"0";"10521,36";"0";"10521,36";"0";"0";"0";"10521,36";"10521,36";"0";"0";"0";"0";"0";"0";"0";"0";"0";"0";"0";"0";"0";"0";"0";"0";"0";"0";"0";"0";"16.10.12.365.3010.2.878.33909200.00.0";"39";"Serviços de Terceiros - Pessoa Jurídica";"01";"Outros Serviços de Terceiros - Pessoa Jurídica - Tributável";"92";"Despesas de Exercícios Anteriores";"0"
"357410";"25970";"2019";"22";"Secretaria Municipal de Infraestrutura Urbana e Obras";"10";"Gabinete do Secretário";"2";"Termo de Contrato - Serviços";"7";"Art. 24 - Inciso I Lei Federal  8.666/93";"6";"Dispensa de Licitação";"18/11/2019 00:00:00";"20/12/2019 00:00:00";"20/12/2019 00:00:00";"0";"0";"33";"11299,60";"0";"11299,60";"0";"E";"9";"umental";"-1";"-1";"";"";"";"";"41";"SEM REAJUSTE";"";"";"";"30/10/2019 00:00:00";"31/10/2019 00:00:00";"41";"";"";"";"DL";"6022201600000190";"S";"";"";"";"Dispensa de licitação - Contratação de serviços técnicos profissionais de levantamento planilatimétrico e cadastramento / inventário de vegetação arbórea para construção de EMEI no Setor 3008, em terreno localizado na rua Lajedo, na SP/CL.";"";"22";"Secretaria Municipal de Infraestrutura Urbana e Obras";"10";"Gabinete do Secretário";"11299,60";"0";"33";"0";"0";"11299,60";"11299,60";"0";"11299,60";"0";"0";"0";"11299,60";"11299,60";"0";"11299,60";"0";"11299,60";"0";"0";"0";"11299,60";"11299,60";"0";"0";"0";"0";"0";"0";"0";"0";"0";"0";"0";"0";"0";"0";"0";"0";"0";"0";"0";"0";"16.10.12.365.3010.3.361.44905100.00.0";"89";"Obras em Andamento - Uso Comum do Povo";"02";"Escolas e Similares";"51";"Obras e Instalações";"0"
"330308";"3690";"2019";"22";"Secretaria Municipal de Infraestrutura Urbana e Obras";"10";"Gabinete do Secretário";"30";"Nota de Empenho para Fornecimento de Serviços";"39";"Não Aplicável";"8";"Não Aplicável";"27/02/2019 00:00:00";"21/02/2020 00:00:00";"21/02/2020 00:00:00";"0";"0";"360";"110000";"0";"110000";"0";"E";"1";"";"-1";"-1";"";"";"";"";"41";"SEM REAJUSTE";"";"";"";"21/02/2019 00:00:00";"23/02/2019 00:00:00";"64";"";"";"";"";"6022201900009257";"S";"";"";"";"Pagamento de tarifas de reprogramação, publicação e reanálise da Caixa Econômica Federal, referente a adiantamentos e alterações nos termos de compromissos firmados entre essa Secretária Municipal de Infraestrutura Urbana e Obras, em conjunto com o Governo Federal representado pela Caixa Econômica Federal.";"";"22";"Secretaria Municipal de Infraestrutura Urbana e Obras";"10";"Gabinete do Secretário";"60000";"0";"360";"50000";"0";"110000";"110000";"0";"110000";"0";"0";"0";"110000";"110000";"0";"110000";"0";"110000";"0";"0";"0";"110000";"110000";"0";"0";"0";"0";"0";"0";"0";"0";"0";"0";"0";"0";"83,33";"0";"0";"0";"0";"0";"0";"0";"22.10.15.122.3024.2.100.33903900.00.0";"05";"Serviços Técnicos Profissionais";"01";"Gerenciamento";"39";"Outros Serviços de Terceiros - Pessoa Jurídica";"0"
"329381";"3046";"2019";"22";"Secretaria Municipal de Infraestrutura Urbana e Obras";"10";"Gabinete do Secretário";"5";"Nota de Empenho Fornecimento de Bens de Consumo e/ou Permanente";"36";"Art. 25 - Inciso I Lei Federal  8.666/93";"7";"Inexigibilidade";"22/02/2019 00:00:00";"21/02/2020 00:00:00";"21/02/2020 00:00:00";"0";"0";"365";"1099,28";"0";"1099,28";"0";"E";"83";"";"-1";"-1";"";"";"";"";"41";"SEM REAJUSTE";"";"Erika Tenório";"13/11/2018 00:00:00";"15/02/2019 00:00:00";"16/02/2019 00:00:00";"36";"";"";"";"";"6022201800060463";"S";"";"";"";"assinatura anual do Jornal O Estado de São Paulo, versão impressa + digital, pelo período de 12 (doze) meses";"";"22";"Secretaria Municipal de Infraestrutura Urbana e Obras";"10";"Gabinete do Secretário";"1099,28";"0";"365";"0";"0";"1099,28";"1099,28";"0";"1099,28";"0";"0";"0";"1099,28";"1099,28";"0";"1099,28";"0";"1099,28";"0";"0";"0";"1099,28";"1099,28";"0";"0";"0";"0";"0";"0";"0";"0";"0";"0";"0";"0";"0";"0";"0";"0";"0";"0";"0";"0";"22.10.15.122.3024.2.100.33903900.00.0";"01";"Assinatura de Periódicos e Anuidades";"01";"Assinatura de Jornais";"39";"Outros Serviços de Terceiros - Pessoa Jurídica";"0"
"341478";"13256";"2019";"86";"Fundo Municipal de Saneamento Ambiental e Infraestrutura";"22";"FMSAI - Secretaria Municipal de Serviços e Obras";"5";"Nota de Empenho Fornecimento de Bens de Consumo e/ou Permanente";"8";"Art. 24 Inciso II da lei Federal 8.666/93";"6";"Dispensa de Licitação";"21/05/2019 00:00:00";"21/05/2019 00:00:00";"21/05/2019 00:00:00";"0";"0";"1";"95658,57";"0";"95658,57";"0";"E";"1";"";"-1";"-1";"";"";"";"";"41";"SEM REAJUSTE";"";"";"";"17/05/2019 00:00:00";"18/05/2019 00:00:00";"22";"";"";"";"";"6022201900030752";"S";"";"";"";"Melhoramento: Canalização do Trecho 7 do Córrego Tremembé - Desap.";"";"86";"Fundo Municipal de Saneamento Ambiental e Infraestrutura";"22";"FMSAI - Secretaria Municipal de Serviços e Obras";"95658,57";"0";"1";"0";"0";"95658,57";"95658,57";"0";"95658,57";"0";"0";"0";"95658,57";"95658,57";"0";"95658,57";"0";"95658,57";"0";"0";"0";"95658,57";"95658,57";"0";"0";"0";"0";"0";"0";"0";"0";"0";"0";"0";"0";"0";"0";"0";"0";"0";"0";"0";"0";"86.22.17.451.3005.5.013.44906100.03.0";"99";"Outras Aquisições de Bens Imóveis";"01";"Desapropriações";"61";"Aquisição de Imóveis";"0"
"341482";"13260";"2019";"86";"Fundo Municipal de Saneamento Ambiental e Infraestrutura";"22";"FMSAI - Secretaria Municipal de Serviços e Obras";"5";"Nota de Empenho Fornecimento de Bens de Consumo e/ou Permanente";"8";"Art. 24 Inciso II da lei Federal 8.666/93";"6";"Dispensa de Licitação";"21/05/2019 00:00:00";"21/05/2019 00:00:00";"21/05/2019 00:00:00";"0";"0";"1";"385084,32";"0";"385084,32";"0";"E";"1";"";"-1";"-1";"";"";"";"";"41";"SEM REAJUSTE";"";"";"";"17/05/2019 00:00:00";"18/05/2019 00:00:00";"22";"";"";"";"";"6022201900031880";"S";"";"";"";"Melhoramento: Canalização do Trecho 7 do Córrego Tremembé - Desap.";"";"86";"Fundo Municipal de Saneamento Ambiental e Infraestrutura";"22";"FMSAI - Secretaria Municipal de Serviços e Obras";"385084,32";"0";"1";"0";"0";"385084,32";"385084,32";"0";"385084,32";"0";"0";"0";"385084,32";"385084,32";"0";"385084,32";"0";"385084,32";"0";"0";"0";"385084,32";"385084,32";"0";"0";"0";"0";"0";"0";"0";"0";"0";"0";"0";"0";"0";"0";"0";"0";"0";"0";"0";"0";"86.22.17.451.3005.5.013.44906100.03.0";"99";"Outras Aquisições de Bens Imóveis";"01";"Desapropriações";"61";"Aquisição de Imóveis";"0"
"341504";"13278";"2019";"22";"Secretaria Municipal de Infraestrutura Urbana e Obras";"10";"Gabinete do Secretário";"5";"Nota de Empenho Fornecimento de Bens de Consumo e/ou Permanente";"8";"Art. 24 Inciso II da lei Federal 8.666/93";"6";"Dispensa de Licitação";"21/05/2019 00:00:00";"21/05/2019 00:00:00";"21/05/2019 00:00:00";"0";"0";"1";"28410,43";"0";"28410,43";"0";"A";"1";"";"-1";"-1";"";"";"";"";"41";"SEM REAJUSTE";"";"";"";"20/05/2019 00:00:00";"21/05/2019 00:00:00";"31";"";"";"";"";"201300259600";"P";"";"";"";"Melhoramento: Prolongamento da Av. Jornalista Roberto Marinho - Pq. Linear.";"";"22";"Secretaria Municipal de Infraestrutura Urbana e Obras";"10";"Gabinete do Secretário";"28410,43";"0";"1";"0";"0";"28410,43";"28410,43";"0";"28410,43";"0";"0";"0";"28410,43";"28410,43";"0";"28410,43";"0";"28410,43";"0";"0";"0";"28410,43";"28410,43";"0";"0";"0";"0";"0";"0";"0";"0";"0";"0";"0";"0";"0";"0";"0";"0";"0";"0";"0";"0";"37.30.15.451.3009.5.100.44906100.08.0";"99";"Outras Aquisições de Bens Imóveis";"01";"Desapropriações";"61";"Aquisição de Imóveis";"0"
"341479";"13257";"2019";"86";"Fundo Municipal de Saneamento Ambiental e Infraestrutura";"22";"FMSAI - Secretaria Municipal de Serviços e Obras";"5";"Nota de Empenho Fornecimento de Bens de Consumo e/ou Permanente";"8";"Art. 24 Inciso II da lei Federal 8.666/93";"6";"Dispensa de Licitação";"21/05/2019 00:00:00";"21/05/2019 00:00:00";"21/05/2019 00:00:00";"0";"0";"1";"69193,08";"0";"69193,08";"0";"E";"1";"";"-1";"-1";"";"";"";"";"41";"SEM REAJUSTE";"";"";"";"17/05/2019 00:00:00";"18/05/2019 00:00:00";"22";"";"";"";"";"6022201900030825";"S";"";"";"";"Melhoramento: Canalização do Trecho 7 do Córrego Tremembé - Desap.";"";"86";"Fundo Municipal de Saneamento Ambiental e Infraestrutura";"22";"FMSAI - Secretaria Municipal de Serviços e Obras";"69193,08";"0";"1";"0";"0";"69193,08";"69193,08";"0";"69193,08";"0";"0";"0";"69193,08";"69193,08";"0";"69193,08";"0";"69193,08";"0";"0";"0";"69193,08";"69193,08";"0";"0";"0";"0";"0";"0";"0";"0";"0";"0";"0";"0";"0";"0";"0";"0";"0";"0";"0";"0";"86.22.17.451.3005.5.013.44906100.03.0";"99";"Outras Aquisições de Bens Imóveis";"01";"Desapropriações";"61";"Aquisição de Imóveis";"0"
"341484";"13262";"2019";"86";"Fundo Municipal de Saneamento Ambiental e Infraestrutura";"22";"FMSAI - Secretaria Municipal de Serviços e Obras";"5";"Nota de Empenho Fornecimento de Bens de Consumo e/ou Permanente";"8";"Art. 24 Inciso II da lei Federal 8.666/93";"6";"Dispensa de Licitação";"21/05/2019 00:00:00";"21/05/2019 00:00:00";"21/05/2019 00:00:00";"0";"0";"1";"87942,05";"0";"87942,05";"0";"E";"1";"";"-1";"-1";"";"";"";"";"41";"SEM REAJUSTE";"";"";"";"17/05/2019 00:00:00";"18/05/2019 00:00:00";"22";"";"";"";"";"6022201900031767";"S";"";"";"";"Melhoramento: Canalização do Trecho 7 do Córrego Tremembé - Desap.";"";"86";"Fundo Municipal de Saneamento Ambiental e Infraestrutura";"22";"FMSAI - Secretaria Municipal de Serviços e Obras";"87942,05";"0";"1";"0";"0";"87942,05";"87942,05";"0";"87942,05";"0";"0";"0";"87942,05";"87942,05";"0";"87942,05";"0";"87942,05";"0";"0";"0";"87942,05";"87942,05";"0";"0";"0";"0";"0";"0";"0";"0";"0";"0";"0";"0";"0";"0";"0";"0";"0";"0";"0";"0";"86.22.17.451.3005.5.013.44906100.03.0";"99";"Outras Aquisições de Bens Imóveis";"01";"Desapropriações";"61";"Aquisição de Imóveis";"0"
"341379";"13177";"2019";"86";"Fundo Municipal de Saneamento Ambiental e Infraestrutura";"22";"FMSAI - Secretaria Municipal de Serviços e Obras";"5";"Nota de Empenho Fornecimento de Bens de Consumo e/ou Permanente";"8";"Art. 24 Inciso II da lei Federal 8.666/93";"6";"Dispensa de Licitação";"20/05/2019 00:00:00";"20/05/2019 00:00:00";"21/05/2019 00:00:00";"0";"0";"1";"6317030,83";"0";"6317030,83";"0";"E";"1";"";"-1";"-1";"";"";"";"";"41";"SEM REAJUSTE";"";"";"";"17/05/2019 00:00:00";"18/05/2019 00:00:00";"22";"";"";"";"";"6022201900025406";"S";"";"";"";"Melhoramento: Canalização do Trecho 7 do Córrego Tremembé - Desap.";"";"86";"Fundo Municipal de Saneamento Ambiental e Infraestrutura";"22";"FMSAI - Secretaria Municipal de Serviços e Obras";"6320869,32";"0";"1";"0";"0";"6320869,32";"6320869,32";"0";"6317030,83";"3838,49";"0";"0";"6317030,83";"6317030,83";"189924,28";"6320869,32";"0";"6317030,83";"3838,49";"0";"0";"6317030,83";"6317030,83";"189924,28";"0";"0";"0";"0";"0";"0";"0";"0";"0";"0";"0";"0";"0";"0";"0";"0";"0";"0";"0";"86.22.17.451.3005.5.013.44906100.03.0";"99";"Outras Aquisições de Bens Imóveis";"01";"Desapropriações";"61";"Aquisição de Imóveis";"0"
"341490";"13267";"2019";"86";"Fundo Municipal de Saneamento Ambiental e Infraestrutura";"22";"FMSAI - Secretaria Municipal de Serviços e Obras";"5";"Nota de Empenho Fornecimento de Bens de Consumo e/ou Permanente";"8";"Art. 24 Inciso II da lei Federal 8.666/93";"6";"Dispensa de Licitação";"21/05/2019 00:00:00";"21/05/2019 00:00:00";"21/05/2019 00:00:00";"0";"0";"1";"14705,27";"0";"14705,27";"0";"E";"1";"";"-1";"-1";"";"";"";"";"41";"SEM REAJUSTE";"";"";"";"17/05/2019 00:00:00";"18/05/2019 00:00:00";"22";"";"";"";"";"6022201900031473";"S";"";"";"";"Melhoramento: Canalização do Trecho 7 do Córrego Tremembé - Desap.";"";"86";"Fundo Municipal de Saneamento Ambiental e Infraestrutura";"22";"FMSAI - Secretaria Municipal de Serviços e Obras";"14705,27";"0";"1";"0";"0";"14705,27";"14705,27";"0";"14705,27";"0";"0";"0";"14705,27";"14705,27";"0";"14705,27";"0";"14705,27";"0";"0";"0";"14705,27";"14705,27";"0";"0";"0";"0";"0";"0";"0";"0";"0";"0";"0";"0";"0";"0";"0";"0";"0";"0";"0";"0";"86.22.17.451.3005.5.013.44906100.03.0";"99";"Outras Aquisições de Bens Imóveis";"01";"Desapropriações";"61";"Aquisição de Imóveis";"0"
"341621";"13372";"2019";"22";"Secretaria Municipal de Infraestrutura Urbana e Obras";"10";"Gabinete do Secretário";"2";"Termo de Contrato - Serviços";"8";"Art. 24 Inciso II da lei Federal 8.666/93";"6";"Dispensa de Licitação";"23/01/2019 00:00:00";"21/07/2019 00:00:00";"21/07/2019 00:00:00";"0";"0";"180";"452152,81";"0";"452152,81";"0";"E";"9";"umental";"-1";"-1";"";"";"";"";"41";"SEM REAJUSTE";"";"";"";"22/05/2019 00:00:00";"22/05/2019 00:00:00";"";"";"";"";"";"6022201900012193";"S";"";"";"";"Formalização do Contrato de Emergência - Prestação de serviços de elaboração de inspeções especiais, vistorias, ensaios, laudos técnicos e verificação estrutural de obras da Ponte Dutra - Acesso Marginal, conforme detalhado no Termo de Referência do Chamamento Público nº 002/SIURB/2018.";"";"22";"Secretaria Municipal de Infraestrutura Urbana e Obras";"10";"Gabinete do Secretário";"452152,81";"0";"180";"0";"0";"452152,81";"452152,81";"0";"452152,81";"0";"0";"0";"452152,81";"452152,81";"0";"452152,81";"0";"452152,81";"0";"0";"0";"452152,81";"452152,81";"0";"0";"0";"0";"0";"0";"0";"0";"0";"0";"0";"0";"0";"0";"0";"0";"0";"0";"0";"0";"87.10.15.451.3009.5.187.44903900.08.0";"05";"Serviços Técnicos Profissionais";"01";"Gerenciamento";"39";"Outros Serviços de Terceiros - Pessoa Jurídica";"0"
"361702";"29687";"2019";"98";"Fundo de Desenvolvimento Urbano";"22";"FUNDURB - Secretaria Municipal de Infraestrutura Urbana e Obras";"2";"Termo de Contrato - Serviços";"10";"Art. 24 Inciso IV da lei Federal 8.666/93";"6";"Dispensa de Licitação";"23/01/2019 00:00:00";"21/07/2019 00:00:00";"21/07/2019 00:00:00";"0";"0";"180";"698871,28";"0";"597588,99";"0";"S";"9";"umental";"-1";"-1";"";"";"";"";"41";"SEM REAJUSTE";"";"";"";"22/05/2019 00:00:00";"22/05/2019 00:00:00";"";"";"";"";"";"6022201900012070";"S";"";"";"";"Obra Emergencial - Prestação de serviços de elaboração de inspeções especiais, vistorias, ensaios, laudos técnicos e verificação estrutural de obras da Ponte Jânio Quadros";"";"98";"Fundo de Desenvolvimento Urbano";"22";"FUNDURB - Secretaria Municipal de Infraestrutura Urbana e Obras";"698871,28";"0";"180";"0";"0";"698871,28";"698871,28";"0";"597588,99";"0";"101282,29";"0";"597588,99";"597588,99";"101282,29";"698871,28";"0";"597588,99";"0";"101282,29";"0";"597588,99";"597588,99";"101282,29";"0";"0";"0";"0";"0";"0";"0";"0";"0";"0";"0";"0";"0";"0";"0";"0";"0";"0";"0";"98.22.15.451.3009.5.187.44903900.08.0";"05";"Serviços Técnicos Profissionais";"01";"Gerenciamento";"39";"Outros Serviços de Terceiros - Pessoa Jurídica";"101282,29"
"341631";"13382";"2019";"22";"Secretaria Municipal de Infraestrutura Urbana e Obras";"10";"Gabinete do Secretário";"2";"Termo de Contrato - Serviços";"8";"Art. 24 Inciso II da lei Federal 8.666/93";"6";"Dispensa de Licitação";"23/01/2019 00:00:00";"21/07/2019 00:00:00";"21/07/2019 00:00:00";"0";"0";"180";"530324,39";"0";"530324,39";"0";"E";"9";"umental";"-1";"-1";"";"";"";"";"41";"SEM REAJUSTE";"";"";"";"22/05/2019 00:00:00";"22/05/2019 00:00:00";"";"";"";"";"";"6022201900012088";"S";"";"";"";"Formalização do Contrato de Emergência - Prestação de serviços de elaboração de inspeções especiais, vistorias, ensaios, laudos técnicos e verificação estrutural de obras da Ponte da Casa Verde, conforme detalhado no Termo de Referência do Chamamento Público nº 002/SIURB/2018.";"";"22";"Secretaria Municipal de Infraestrutura Urbana e Obras";"10";"Gabinete do Secretário";"530324,39";"0";"180";"0";"0";"530324,39";"530324,39";"0";"530324,39";"0";"0";"0";"530324,39";"530324,39";"0";"530324,39";"0";"530324,39";"0";"0";"0";"530324,39";"530324,39";"0";"0";"0";"0";"0";"0";"0";"0";"0";"0";"0";"0";"0";"0";"0";"0";"0";"0";"0";"0";"87.10.15.451.3009.5.187.44903900.08.0";"05";"Serviços Técnicos Profissionais";"01";"Gerenciamento";"39";"Outros Serviços de Terceiros - Pessoa Jurídica";"0"
"341638";"13389";"2019";"22";"Secretaria Municipal de Infraestrutura Urbana e Obras";"10";"Gabinete do Secretário";"2";"Termo de Contrato - Serviços";"8";"Art. 24 Inciso II da lei Federal 8.666/93";"6";"Dispensa de Licitação";"23/01/2019 00:00:00";"21/07/2019 00:00:00";"21/07/2019 00:00:00";"0";"0";"180";"578087,81";"0";"578087,81";"0";"E";"9";"umental";"-1";"-1";"";"";"";"";"41";"SEM REAJUSTE";"";"";"";"22/05/2019 00:00:00";"22/05/2019 00:00:00";"";"";"";"";"";"6022201900012266";"S";"";"";"";"Formalização do Contrato de Emergência - Prestação de serviços de elaboração de inspeções especiais, vistorias, ensaios, laudos técnicos e verificação estrutural de obras da Ponte das Bandeiras.";"";"22";"Secretaria Municipal de Infraestrutura Urbana e Obras";"10";"Gabinete do Secretário";"578087,81";"0";"180";"0";"0";"578087,81";"578087,81";"0";"578087,81";"0";"0";"0";"578087,81";"578087,81";"0";"578087,81";"0";"578087,81";"0";"0";"0";"578087,81";"578087,81";"0";"0";"0";"0";"0";"0";"0";"0";"0";"0";"0";"0";"0";"0";"0";"0";"0";"0";"0";"0";"87.10.15.451.3009.5.187.44903900.08.0";"05";"Serviços Técnicos Profissionais";"01";"Gerenciamento";"39";"Outros Serviços de Terceiros - Pessoa Jurídica";"0"
"350354";"20161";"2019";"98";"Fundo de Desenvolvimento Urbano";"22";"FUNDURB - Secretaria Municipal de Infraestrutura Urbana e Obras";"2";"Termo de Contrato - Serviços";"8";"Art. 24 Inciso II da lei Federal 8.666/93";"6";"Dispensa de Licitação";"22/02/2019 00:00:00";"21/08/2019 00:00:00";"21/08/2019 00:00:00";"0";"0";"180";"0";"0";"0";"0";"E";"9";"umental";"-1";"-1";"";"";"";"";"41";"SEM REAJUSTE";"";"";"";"16/08/2019 00:00:00";"20/08/2019 00:00:00";"";"";"";"";"";"6022201900014323";"S";"";"";"";"Formalização do Contrato de Emergência - Obra Emergencial de Contenção de Talude na Rua Maria Antonia Ladalard.";"";"98";"Fundo de Desenvolvimento Urbano";"22";"FUNDURB - Secretaria Municipal de Infraestrutura Urbana e Obras";"8011850,29";"0";"180";"0";"0";"8011850,29";"8011850,29";"0";"0";"8011850,29";"0";"0";"0";"0";"8011850,29";"8011850,29";"0";"0";"8011850,29";"0";"0";"0";"0";"8011850,29";"0";"0";"0";"0";"0";"0";"0";"0";"0";"0";"0";"0";"0";"0";"0";"0";"0";"0";"0";"98.22.15.451.3009.5.100.44905100.08.0";"89";"Obras em Andamento - Uso Comum do Povo";"19";"Sistemas Viários";"51";"Obras e Instalações";"0"
"350277";"20106";"2019";"22";"Secretaria Municipal de Infraestrutura Urbana e Obras";"10";"Gabinete do Secretário";"5";"Nota de Empenho Fornecimento de Bens de Consumo e/ou Permanente";"8";"Art. 24 Inciso II da lei Federal 8.666/93";"6";"Dispensa de Licitação";"21/08/2019 00:00:00";"21/08/2019 00:00:00";"21/08/2019 00:00:00";"0";"0";"1";"113815,65";"0";"113815,65";"0";"A";"1";"";"-1";"-1";"";"";"";"";"41";"SEM REAJUSTE";"";"";"";"19/08/2019 00:00:00";"21/08/2019 00:00:00";"37";"";"";"";"";"201602316941";"P";"";"";"";"Melhoramento: Requalificação da Av. Santo Amaro - Boulevard Santo Amaro.";"";"22";"Secretaria Municipal de Infraestrutura Urbana e Obras";"10";"Gabinete do Secretário";"113815,65";"0";"1";"0";"0";"113815,65";"113815,65";"0";"113815,65";"0";"0";"0";"113815,65";"113815,65";"0";"113815,65";"0";"113815,65";"0";"0";"0";"113815,65";"113815,65";"0";"0";"0";"0";"0";"0";"0";"0";"0";"0";"0";"0";"0";"0";"0";"0";"0";"0";"0";"0";"37.50.15.451.3022.3.350.44906100.08.0";"99";"Outras Aquisições de Bens Imóveis";"01";"Desapropriações";"61";"Aquisição de Imóveis";"0"
"350292";"20115";"2019";"22";"Secretaria Municipal de Infraestrutura Urbana e Obras";"10";"Gabinete do Secretário";"5";"Nota de Empenho Fornecimento de Bens de Consumo e/ou Permanente";"8";"Art. 24 Inciso II da lei Federal 8.666/93";"6";"Dispensa de Licitação";"21/08/2019 00:00:00";"21/08/2019 00:00:00";"21/08/2019 00:00:00";"0";"0";"1";"453533,56";"0";"453533,56";"0";"A";"1";"";"-1";"-1";"";"";"";"";"41";"SEM REAJUSTE";"";"";"";"19/08/2019 00:00:00";"21/08/2019 00:00:00";"37";"";"";"";"";"201600473705";"P";"";"";"";"Melhoramento: Requalificação da Av. Santo Amaro - Boulevard Santo Amaro";"";"22";"Secretaria Municipal de Infraestrutura Urbana e Obras";"10";"Gabinete do Secretário";"453533,56";"0";"1";"0";"0";"453533,56";"453533,56";"0";"453533,56";"0";"0";"0";"453533,56";"453533,56";"0";"453533,56";"0";"453533,56";"0";"0";"0";"453533,56";"453533,56";"0";"0";"0";"0";"0";"0";"0";"0";"0";"0";"0";"0";"0";"0";"0";"0";"0";"0";"0";"0";"37.50.15.451.3022.3.350.44906100.08.0";"99";"Outras Aquisições de Bens Imóveis";"01";"Desapropriações";"61";"Aquisição de Imóveis";"0"
"356320";"25081";"2019";"22";"Secretaria Municipal de Infraestrutura Urbana e Obras";"10";"Gabinete do Secretário";"5";"Nota de Empenho Fornecimento de Bens de Consumo e/ou Permanente";"8";"Art. 24 Inciso II da lei Federal 8.666/93";"6";"Dispensa de Licitação";"21/10/2019 00:00:00";"21/10/2019 00:00:00";"21/10/2019 00:00:00";"0";"0";"1";"59277,69";"0";"59277,69";"0";"A";"1";"";"-1";"-1";"";"";"";"";"41";"SEM REAJUSTE";"";"";"";"17/10/2019 00:00:00";"19/10/2019 00:00:00";"53";"";"";"";"";"201300329196";"P";"";"";"";"Desapropriação: Prolongamento da Av. Jornalista Roberto Marinho - Parque Linear.";"";"22";"Secretaria Municipal de Infraestrutura Urbana e Obras";"10";"Gabinete do Secretário";"59277,69";"0";"1";"0";"0";"59277,69";"59277,69";"0";"59277,69";"0";"0";"0";"59277,69";"59277,69";"0";"59277,69";"0";"59277,69";"0";"0";"0";"59277,69";"59277,69";"0";"0";"0";"0";"0";"0";"0";"0";"0";"0";"0";"0";"0";"0";"0";"0";"0";"0";"0";"0";"37.30.15.451.3009.5.100.44906100.08.0";"99";"Outras Aquisições de Bens Imóveis";"01";"Desapropriações";"61";"Aquisição de Imóveis";"0"
"341393";"13188";"2019";"22";"Secretaria Municipal de Infraestrutura Urbana e Obras";"10";"Gabinete do Secretário";"2";"Termo de Contrato - Serviços";"2";"Art. 22 - Inciso II Lei Federal  8.666/93";"3";"Tomada de Preços";"24/06/2019 00:00:00";"21/10/2019 00:00:00";"21/10/2019 00:00:00";"0";"0";"119";"509205,26";"0";"509199,52";"0";"E";"9";"umental";"-1";"-1";"";"";"";"";"41";"SEM REAJUSTE";"";"";"";"07/05/2019 00:00:00";"08/05/2019 00:00:00";"78";"";"";"";"015/2018";"6016201800526150";"S";"";"";"";"Tomada de Preços nº 015/18/SIURB - Execução de serviços e obras para cobertura metálica e substituição de piso da quadra poliesportiva da EMEF Rui Bloem.";"";"22";"Secretaria Municipal de Infraestrutura Urbana e Obras";"10";"Gabinete do Secretário";"509205,26";"0";"119";"0";"0";"509205,26";"509205,26";"0";"509199,52";"5,74";"0";"0";"509199,52";"509199,52";"5,74";"509205,26";"0";"509199,52";"5,74";"0";"0";"509199,52";"509199,52";"5,74";"0";"0";"0";"0";"0";"0";"0";"0";"0";"0";"0";"0";"0";"0";"0";"0";"0";"0";"0";"16.10.12.361.3010.3.366.44905100.00.0";"89";"Obras em Andamento - Uso Comum do Povo";"02";"Escolas e Similares";"51";"Obras e Instalações";"0"
"353129";"22394";"2019";"22";"Secretaria Municipal de Infraestrutura Urbana e Obras";"10";"Gabinete do Secretário";"2";"Termo de Contrato - Serviços";"7";"Art. 24 - Inciso I Lei Federal  8.666/93";"6";"Dispensa de Licitação";"07/10/2019 00:00:00";"21/10/2019 00:00:00";"21/10/2019 00:00:00";"0";"0";"15";"4864";"0";"4864";"0";"A";"9";"umental";"-1";"-1";"";"";"";"";"41";"SEM REAJUSTE";"";"";"";"13/09/2019 00:00:00";"18/09/2019 00:00:00";"26";"";"";"";"DL";"201501837881";"P";"";"";"";"Prestação de serviços  técnico-profissionais de levantamento planialtimétrico para construção da CEI Setor 7504";"";"22";"Secretaria Municipal de Infraestrutura Urbana e Obras";"10";"Gabinete do Secretário";"4864";"0";"15";"0";"0";"4864";"4864";"0";"4864";"0";"0";"0";"4864";"4864";"4864";"4864";"0";"4864";"0";"0";"0";"4864";"4864";"4864";"0";"0";"0";"0";"0";"0";"0";"0";"0";"0";"0";"0";"0";"0";"0";"0";"0";"0";"0";"16.10.12.365.3010.3.359.44905100.00.0";"89";"Obras em Andamento - Uso Comum do Povo";"02";"Escolas e Similares";"51";"Obras e Instalações";"0"
"356357";"25102";"2019";"22";"Secretaria Municipal de Infraestrutura Urbana e Obras";"10";"Gabinete do Secretário";"5";"Nota de Empenho Fornecimento de Bens de Consumo e/ou Permanente";"8";"Art. 24 Inciso II da lei Federal 8.666/93";"6";"Dispensa de Licitação";"21/10/2019 00:00:00";"21/10/2019 00:00:00";"21/10/2019 00:00:00";"0";"0";"1";"1481468,21";"0";"1481468,21";"0";"A";"1";"";"-1";"-1";"";"";"";"";"41";"SEM REAJUSTE";"";"";"";"17/10/2019 00:00:00";"19/10/2019 00:00:00";"53";"";"";"";"";"201600948339";"P";"";"";"";"Desapropriação: Requalificação da Avenida Santo Amaro - Boulevard Santo Amaro";"";"22";"Secretaria Municipal de Infraestrutura Urbana e Obras";"10";"Gabinete do Secretário";"1481468,21";"0";"1";"0";"0";"1481468,21";"1481468,21";"0";"1481468,21";"0";"0";"0";"1481468,21";"1481468,21";"0";"1481468,21";"0";"1481468,21";"0";"0";"0";"1481468,21";"1481468,21";"0";"0";"0";"0";"0";"0";"0";"0";"0";"0";"0";"0";"0";"0";"0";"0";"0";"0";"0";"0";"37.50.15.451.3022.3.350.44906100.08.0";"99";"Outras Aquisições de Bens Imóveis";"01";"Desapropriações";"61";"Aquisição de Imóveis";"0"
"356313";"25079";"2019";"98";"Fundo de Desenvolvimento Urbano";"22";"FUNDURB - Secretaria Municipal de Infraestrutura Urbana e Obras";"5";"Nota de Empenho Fornecimento de Bens de Consumo e/ou Permanente";"8";"Art. 24 Inciso II da lei Federal 8.666/93";"6";"Dispensa de Licitação";"21/10/2019 00:00:00";"21/10/2019 00:00:00";"21/10/2019 00:00:00";"0";"0";"1";"346500,73";"0";"346500,73";"0";"E";"1";"";"-1";"-1";"";"";"";"";"41";"SEM REAJUSTE";"";"";"";"25/09/2019 00:00:00";"27/09/2019 00:00:00";"36";"";"";"";"";"7910201900004166";"S";"";"";"";"Desapropriação - Melhoramento: Ligação Viária Pirituba-Lapa";"";"98";"Fundo de Desenvolvimento Urbano";"22";"FUNDURB - Secretaria Municipal de Infraestrutura Urbana e Obras";"346500,73";"0";"1";"0";"0";"346500,73";"346500,73";"0";"346500,73";"0";"0";"0";"346500,73";"346500,73";"0";"346500,73";"0";"346500,73";"0";"0";"0";"346500,73";"346500,73";"0";"0";"0";"0";"0";"0";"0";"0";"0";"0";"0";"0";"0";"0";"0";"0";"0";"0";"0";"0";"98.22.15.451.3009.5.100.44906100.08.0";"99";"Outras Aquisições de Bens Imóveis";"01";"Desapropriações";"61";"Aquisição de Imóveis";"0"
"356328";"25084";"2019";"22";"Secretaria Municipal de Infraestrutura Urbana e Obras";"10";"Gabinete do Secretário";"5";"Nota de Empenho Fornecimento de Bens de Consumo e/ou Permanente";"8";"Art. 24 Inciso II da lei Federal 8.666/93";"6";"Dispensa de Licitação";"21/10/2019 00:00:00";"21/10/2019 00:00:00";"21/10/2019 00:00:00";"0";"0";"1";"85584,33";"0";"85584,33";"0";"A";"1";"";"-1";"-1";"";"";"";"";"41";"SEM REAJUSTE";"";"";"";"17/10/2019 00:00:00";"19/10/2019 00:00:00";"53";"";"";"";"";"201600826039";"P";"";"";"";"Desapropriação: Requalificação da Avenida Santo Amaro - Boulevard Santo Amaro.";"";"22";"Secretaria Municipal de Infraestrutura Urbana e Obras";"10";"Gabinete do Secretário";"85584,33";"0";"1";"0";"0";"85584,33";"85584,33";"0";"85584,33";"0";"0";"0";"85584,33";"85584,33";"0";"85584,33";"0";"85584,33";"0";"0";"0";"85584,33";"85584,33";"0";"0";"0";"0";"0";"0";"0";"0";"0";"0";"0";"0";"0";"0";"0";"0";"0";"0";"0";"0";"37.50.15.451.3022.3.350.44906100.08.0";"99";"Outras Aquisições de Bens Imóveis";"01";"Desapropriações";"61";"Aquisição de Imóveis";"0"
"358176";"26604";"2019";"22";"Secretaria Municipal de Infraestrutura Urbana e Obras";"10";"Gabinete do Secretário";"5";"Nota de Empenho Fornecimento de Bens de Consumo e/ou Permanente";"8";"Art. 24 Inciso II da lei Federal 8.666/93";"6";"Dispensa de Licitação";"12/11/2019 00:00:00";"21/11/2019 00:00:00";"21/11/2019 00:00:00";"0";"0";"10";"3019";"0";"3019";"0";"E";"83";"";"-1";"-1";"";"";"";"";"41";"SEM REAJUSTE";"";"FELIPE DORATIOTTO DE SOUZA";"01/11/2019 00:00:00";"06/11/2019 00:00:00";"07/11/2019 00:00:00";"31";"";"";"";"";"6022201900050656";"S";"";"";"";"Aquisição de 01 (um) aparelho de ar condicionado Split Inverter Quente e Frio 12000 BTUs 220V e instalação";"";"22";"Secretaria Municipal de Infraestrutura Urbana e Obras";"10";"Gabinete do Secretário";"3019";"0";"10";"0";"0";"3019";"3019";"0";"3019";"0";"0";"0";"3019";"3019";"0";"3019";"0";"3019";"0";"0";"0";"3019";"3019";"0";"0";"0";"0";"0";"0";"0";"0";"0";"0";"0";"0";"0";"0";"0";"0";"0";"0";"0";"0";"22.10.15.122.3024.2.100.44905200.00.0";"34";"Máquinas, Utensílios e Equipamentos Diversos";"01";"Aparelho de Ar Condicionado";"52";"Equipamentos e Material Permanente";"0"
"360867";"28949";"2019";"22";"Secretaria Municipal de Infra-Estrutura Urbana e Obras";"10";"Gabinete do Secretário";"2";"Termo de Contrato - Serviços";"1";"Art. 22 - Inciso I Lei Federal  8.666/93";"4";"Concorrência";"23/09/2015 00:00:00";"21/12/2015 00:00:00";"21/12/2015 00:00:00";"0";"0";"90";"28918,18";"0";"28918,18";"0";"E";"9";"umental";"2014";"22";"22";"Secretaria Municipal de Infra-Estrutura Urbana e Obras";"";"";"5";"EDIFICAÇÕES EM GERAL";"";"";"";"31/08/2015 00:00:00";"03/09/2015 00:00:00";"94";"";"";"";"007/14/SIURB";"201500781653";"P";"";"";"";"Execução de serviços gerais de manutenção previstos na ATA de RP n° 022 /SIURB/2014 - Agrupamento022 - Subprefeitura Pirituba/Jaraguá - SP/PJ, na EMEF Mario Kosel Filho - SP/SP, referente a contratação nº 23782/15";"";"22";"Secretaria Municipal de Infra-Estrutura Urbana e Obras";"10";"Gabinete do Secretário";"28918,18";"0";"90";"0";"0";"28918,18";"28918,18";"0";"28918,18";"0";"0";"0";"28918,18";"28918,18";"0";"28918,18";"0";"28918,18";"0";"0";"0";"28918,18";"28918,18";"0";"0";"0";"0";"0";"0";"0";"0";"0";"0";"0";"0";"0";"0";"0";"0";"0";"0";"0";"0";"16.10.12.361.3010.2.879.33909200.00.0";"39";"Serviços de Terceiros - Pessoa Jurídica";"01";"Outros Serviços de Terceiros - Pessoa Jurídica - Tributável";"92";"Despesas de Exercícios Anteriores";"0"
"361302";"29325";"2019";"98";"Fundo de Desenvolvimento Urbano";"22";"FUNDURB - Secretaria Municipal de Infraestrutura Urbana e Obras";"2";"Termo de Contrato - Serviços";"8";"Art. 24 Inciso II da lei Federal 8.666/93";"6";"Dispensa de Licitação";"24/06/2019 00:00:00";"20/12/2019 00:00:00";"21/12/2019 00:00:00";"0";"0";"180";"7793534,41";"0";"7793534,41";"0";"E";"9";"umental";"-1";"-1";"";"";"";"";"41";"SEM REAJUSTE";"";"";"";"01/07/2019 00:00:00";"02/07/2019 00:00:00";"53";"";"";"";"";"7910201900004689";"S";"";"";"";"Intervenção imediata em caráter emergencial para elaboração de projeto estrutural e obra de recuperação da Ponte do Jaguaré";"";"98";"Fundo de Desenvolvimento Urbano";"22";"FUNDURB - Secretaria Municipal de Infraestrutura Urbana e Obras";"8457600,34";"0";"180";"0";"0";"8457600,34";"8457600,34";"0";"7793534,41";"664065,93";"0";"0";"7793534,41";"7793534,41";"664065,93";"8457600,34";"0";"7793534,41";"664065,93";"0";"0";"7793534,41";"7793534,41";"664065,93";"0";"0";"0";"0";"0";"0";"0";"0";"0";"0";"0";"0";"0";"0";"0";"0";"0";"0";"0";"98.22.15.451.3009.5.187.44905100.08.0";"89";"Obras em Andamento - Uso Comum do Povo";"15";"Pontes, Pontilhões e Viadutos";"51";"Obras e Instalações";"0"
"326620";"824";"2019";"22";"Secretaria Municipal de Infraestrutura Urbana e Obras";"10";"Gabinete do Secretário";"2";"Termo de Contrato - Serviços";"6";"Lei Federal 10.520/02";"12";"Pregão";"22/01/2019 00:00:00";"21/01/2020 00:00:00";"22/01/2020 00:00:00";"0";"0";"365";"9624,64";"0";"9624,64";"0";"E";"84";"te do gestor";"2017";"5";"13";"Secretaria Municipal de Gestão";"";"";"41";"SEM REAJUSTE";"";"Leandro Precaro Barankiewicz";"11/12/2017 00:00:00";"28/12/2018 00:00:00";"29/12/2018 00:00:00";"22";"";"";"";"002/2017";"6022201800063152";"S";"770660";"Raquel Alves Cabral Toledo";"";"contratação de empresa ou cooperativa especializada na intermediação ou agenciamento de serviços de Transporte individual remunerado de passageiros via aplicativo customizável WEB e MOBILE, com apoio operacional e tratamento de dados.";"";"22";"Secretaria Municipal de Infraestrutura Urbana e Obras";"10";"Gabinete do Secretário";"38707,20";"0";"365";"38707,20";"0";"77414,40";"77414,40";"0";"9624,64";"67789,76";"0";"0";"9624,64";"9624,64";"60662,64";"77414,40";"0";"9624,64";"67789,76";"0";"0";"9624,64";"9624,64";"60662,64";"0";"0";"0";"0";"0";"0";"0";"0";"0";"0";"0";"0";"0";"0";"0";"0";"0";"0";"366";"22.10.15.122.3024.2.100.33903300.00.0";"09";"Transporte de Servidores";"01";"Transporte Individual por Aplicativo";"33";"Passagens e Despesas com Locomoção";"0"
"363289";"31073";"2019";"22";"Secretaria Municipal de Infraestrutura Urbana e Obras";"10";"Gabinete do Secretário";"2";"Termo de Contrato - Serviços";"10";"Art. 24 Inciso IV da lei Federal 8.666/93";"6";"Dispensa de Licitação";"24/09/2019 00:00:00";"21/03/2020 00:00:00";"22/03/2020 00:00:00";"0";"0";"180";"4806659,09";"0";"4806659,09";"0";"E";"9";"umental";"-1";"-1";"";"";"";"";"41";"SEM REAJUSTE";"";"";"";"24/09/2019 00:00:00";"26/09/2019 00:00:00";"36";"";"";"";"";"7910201900006800";"S";"";"";"";"contratação em caráter emergencial para elaboração de projeto estrutural e obra de recuperação do Viaduto Alcântara Machado";"";"22";"Secretaria Municipal de Infraestrutura Urbana e Obras";"10";"Gabinete do Secretário";"5439708,45";"0";"180";"0";"0";"5439708,45";"5439708,45";"0";"4806659,09";"633049,36";"0";"0";"4806659,09";"4806659,09";"633049,36";"5439708,45";"0";"4806659,09";"633049,36";"0";"0";"4806659,09";"4806659,09";"633049,36";"0";"0";"0";"0";"0";"0";"0";"0";"0";"0";"0";"0";"0";"0";"0";"0";"0";"0";"0";"22.10.15.451.3009.5.187.44905100.00.0";"89";"Obras em Andamento - Uso Comum do Povo";"15";"Pontes, Pontilhões e Viadutos";"51";"Obras e Instalações";"0"
"364365";"31961";"2019";"86";"Fundo Municipal de Saneamento Ambiental e Infraestrutura";"22";"FMSAI - Secretaria Municipal de Infraestrutura Urbana e Obras";"2";"Termo de Contrato - Serviços";"3";"Art. 22 - Inciso III Lei Federal  8.666/93";"2";"Convite";"23/01/2020 00:00:00";"22/03/2020 00:00:00";"22/03/2020 00:00:00";"0";"0";"60";"230337,93";"0";"230337,93";"0";"E";"9";"umental";"-1";"-1";"";"";"";"";"41";"SEM REAJUSTE";"";"";"";"20/12/2019 00:00:00";"21/12/2019 00:00:00";"153";"";"";"";"CV 008/19/SIURB";"6022201900029185";"S";"";"";"";"CONTRATAÇÃO DE EMPRESA PARA A PRESTAÇÃO DOS SERVIÇOS AMBIENTAIS PARA OBTENÇÃO DA LICENÇA AMBIENTAL DE INSTALAÇÃO - LAI, PARA A IMPLANTAÇÃO DAS OBRAS DO SISTEMA DE CONTROLE DE ENCHENTES DA BACIA DO RIBEIRÃO PERUS¿";"";"86";"Fundo Municipal de Saneamento Ambiental e Infraestrutura";"22";"FMSAI - Secretaria Municipal de Infraestrutura Urbana e Obras";"190613,09";"0";"60";"39724,84";"0";"230337,93";"230337,93";"0";"230337,93";"0";"0";"0";"230337,93";"230337,93";"190613,09";"230337,93";"0";"230337,93";"0";"0";"0";"230337,93";"230337,93";"190613,09";"0";"0";"0";"0";"0";"0";"0";"0";"0";"0";"0";"20,84";"0";"0";"0";"0";"0";"0";"0";"86.22.17.451.3005.5.013.44903900.03.0";"05";"Serviços Técnicos Profissionais";"01";"Gerenciamento";"39";"Outros Serviços de Terceiros - Pessoa Jurídica";"0"
"363283";"31068";"2019";"98";"Fundo de Desenvolvimento Urbano";"22";"FUNDURB - Secretaria Municipal de Infraestrutura Urbana e Obras";"2";"Termo de Contrato - Serviços";"10";"Art. 24 Inciso IV da lei Federal 8.666/93";"6";"Dispensa de Licitação";"24/09/2019 00:00:00";"21/03/2020 00:00:00";"22/03/2020 00:00:00";"0";"0";"180";"0";"0";"0";"0";"E";"9";"umental";"-1";"-1";"";"";"";"";"41";"SEM REAJUSTE";"";"";"";"24/09/2019 00:00:00";"26/09/2019 00:00:00";"36";"";"";"";"";"7910201900006800";"S";"";"";"";"Contratação em caráter emergencial para elaboração de projeto estrutural e obra de recuperação do Viaduto Alcântara Machado";"";"98";"Fundo de Desenvolvimento Urbano";"22";"FUNDURB - Secretaria Municipal de Infraestrutura Urbana e Obras";"60291,55";"0";"180";"0";"0";"60291,55";"60291,55";"0";"0";"60291,55";"0";"0";"0";"0";"60291,55";"60291,55";"0";"0";"60291,55";"0";"0";"0";"0";"60291,55";"0";"0";"0";"0";"0";"0";"0";"0";"0";"0";"0";"0";"0";"0";"0";"0";"0";"0";"0";"98.22.15.451.3009.5.187.44905100.08.0";"89";"Obras em Andamento - Uso Comum do Povo";"15";"Pontes, Pontilhões e Viadutos";"51";"Obras e Instalações";"0"
"336833";"9235";"2019";"86";"Fundo Municipal de Saneamento Ambiental e Infraestrutura";"22";"FMSAI - Secretaria Municipal de Serviços e Obras";"2";"Termo de Contrato - Serviços";"1";"Art. 22 - Inciso I Lei Federal  8.666/93";"4";"Concorrência";"08/04/2019 00:00:00";"22/03/2022 00:00:00";"22/03/2022 00:00:00";"0";"0";"1079";"112050840,11";"7091560,79";"75410,68";"37906,30";"A";"9";"umental";"-1";"-1";"";"";"";"";"2";"ESTRUTURA GERAL";"";"";"";"06/07/2016 00:00:00";"07/07/2016 00:00:00";"86";"";"";"";"";"201501139343";"P";"";"";"";"RDC Presencial nº 006/15/SIURB - Elaboração de projeto, contemplando todos os documentos complementares, para o controle de cheias do Córrego Freitas, conforme detalhado no Projeto Básico que integra o edital e execução das obras.";"";"86";"Fundo Municipal de Saneamento Ambiental e Infraestrutura";"22";"FMSAI - Secretaria Municipal de Serviços e Obras";"112050840,11";"0";"1079";"0";"7091560,79";"119142400,90";"119142400,90";"0";"113316,98";"0";"119029083,92";"0";"113316,98";"113316,98";"35091099,84";"112050840,11";"0";"75410,68";"0";"111975429,43";"0";"75410,68";"75410,68";"19540250,94";"7091560,79";"0";"37906,30";"0";"7053654,49";"0";"37906,30";"37906,30";"15550848,90";"0";"0";"0";"0";"0";"0";"0";"0";"0";"0";"86.22.17.451.3005.5.013.44905100.03.0";"89";"Obras em Andamento - Uso Comum do Povo";"22";"Canalização de Córregos";"51";"Obras e Instalações";"119029083,92"
"338557";"10779";"2019";"22";"Secretaria Municipal de Infraestrutura Urbana e Obras";"10";"Gabinete do Secretário";"5";"Nota de Empenho Fornecimento de Bens de Consumo e/ou Permanente";"8";"Art. 24 Inciso II da lei Federal 8.666/93";"6";"Dispensa de Licitação";"22/04/2019 00:00:00";"22/04/2019 00:00:00";"22/04/2019 00:00:00";"0";"0";"1";"209480,15";"0";"209480,15";"0";"A";"1";"";"-1";"-1";"";"";"";"";"41";"SEM REAJUSTE";"";"";"22/04/2019 00:00:00";"17/04/2019 00:00:00";"19/04/2019 00:00:00";"28";"";"";"";"";"201601076092";"P";"";"";"";"Melhoramento: Conservação e Melhoramento de Logradouro Público - Faria Lima.";"";"22";"Secretaria Municipal de Infraestrutura Urbana e Obras";"10";"Gabinete do Secretário";"209480,15";"0";"1";"0";"0";"209480,15";"209480,15";"0";"209480,15";"0";"0";"0";"209480,15";"209480,15";"0";"209480,15";"0";"209480,15";"0";"0";"0";"209480,15";"209480,15";"0";"0";"0";"0";"0";"0";"0";"0";"0";"0";"0";"0";"0";"0";"0";"0";"0";"0";"0";"0";"37.50.15.451.3022.3.350.44906100.08.0";"99";"Outras Aquisições de Bens Imóveis";"01";"Desapropriações";"61";"Aquisição de Imóveis";"0"
"338966";"11129";"2019";"86";"Fundo Municipal de Saneamento Ambiental e Infraestrutura";"22";"FMSAI - Secretaria Municipal de Serviços e Obras";"30";"Nota de Empenho para Fornecimento de Serviços";"39";"Não Aplicável";"8";"Não Aplicável";"22/04/2019 00:00:00";"22/04/2019 00:00:00";"22/04/2019 00:00:00";"0";"0";"1";"180406,26";"0";"0";"0";"R";"1";"";"-1";"-1";"";"";"";"";"41";"SEM REAJUSTE";"";"Secretaria Municipal de Infraestrutura";"22/04/2019 00:00:00";"22/04/2019 00:00:00";"24/04/2019 00:00:00";"23";"";"";"";"";"6022201800057713";"S";"";"";"";"Desapropriação Melhoramento Sistema Viário Vilanova Artigas";"";"86";"Fundo Municipal de Saneamento Ambiental e Infraestrutura";"22";"FMSAI - Secretaria Municipal de Serviços e Obras";"180406,26";"0";"1";"0";"0";"180406,26";"180406,26";"0";"0";"0";"180406,26";"0";"0";"0";"0";"180406,26";"0";"0";"0";"180406,26";"0";"0";"0";"0";"0";"0";"0";"0";"0";"0";"0";"0";"0";"0";"0";"0";"0";"0";"0";"0";"0";"0";"0";"";"";"";"";"";"";"";"180406,26"
"341566";"13332";"2019";"22";"Secretaria Municipal de Infraestrutura Urbana e Obras";"10";"Gabinete do Secretário";"5";"Nota de Empenho Fornecimento de Bens de Consumo e/ou Permanente";"8";"Art. 24 Inciso II da lei Federal 8.666/93";"6";"Dispensa de Licitação";"22/05/2019 00:00:00";"22/05/2019 00:00:00";"22/05/2019 00:00:00";"0";"0";"1";"8220,12";"0";"8220,12";"0";"A";"1";"";"-1";"-1";"";"";"";"";"41";"SEM REAJUSTE";"";"";"";"17/05/2019 00:00:00";"22/05/2019 00:00:00";"21";"";"";"";"";"201102640421";"P";"";"";"";"Melhoramento: Núcleo Habitacional destinado a população de baixa renda - HIS área 13.";"";"22";"Secretaria Municipal de Infraestrutura Urbana e Obras";"10";"Gabinete do Secretário";"8220,12";"0";"1";"0";"0";"8220,12";"8220,12";"0";"8220,12";"0";"0";"0";"8220,12";"8220,12";"0";"8220,12";"0";"8220,12";"0";"0";"0";"8220,12";"8220,12";"0";"0";"0";"0";"0";"0";"0";"0";"0";"0";"0";"0";"0";"0";"0";"0";"0";"0";"0";"0";"37.30.16.451.3002.3.357.44906100.08.0";"99";"Outras Aquisições de Bens Imóveis";"01";"Desapropriações";"61";"Aquisição de Imóveis";"0"
"341626";"13377";"2019";"22";"Secretaria Municipal de Infraestrutura Urbana e Obras";"10";"Gabinete do Secretário";"2";"Termo de Contrato - Serviços";"10";"Art. 24 Inciso IV da lei Federal 8.666/93";"6";"Dispensa de Licitação";"23/01/2019 00:00:00";"21/07/2019 00:00:00";"22/07/2019 00:00:00";"0";"0";"180";"511060,09";"0";"511060,09";"0";"E";"9";"umental";"-1";"-1";"";"";"";"";"41";"SEM REAJUSTE";"";"";"";"22/05/2019 00:00:00";"22/05/2019 00:00:00";"";"";"";"";"";"6022201900012096";"S";"";"";"";"Emergência - Prestação de serviços de elaboração de inspeções especiais, vistorias, ensaios, laudos técnicos e verificação estrutural de obras da Ponte Cruzeiro do Sul";"";"22";"Secretaria Municipal de Infraestrutura Urbana e Obras";"10";"Gabinete do Secretário";"511060,10";"0";"180";"0";"0";"511060,10";"511060,10";"0";"511060,09";"0,01";"0";"0";"511060,09";"511060,09";"0,01";"511060,10";"0";"511060,09";"0,01";"0";"0";"511060,09";"511060,09";"0,01";"0";"0";"0";"0";"0";"0";"0";"0";"0";"0";"0";"0";"0";"0";"0";"0";"0";"0";"0";"87.10.15.451.3009.5.187.44903900.08.0";"05";"Serviços Técnicos Profissionais";"01";"Gerenciamento";"39";"Outros Serviços de Terceiros - Pessoa Jurídica";"0"
"341634";"13385";"2019";"22";"Secretaria Municipal de Infraestrutura Urbana e Obras";"10";"Gabinete do Secretário";"2";"Termo de Contrato - Serviços";"10";"Art. 24 Inciso IV da lei Federal 8.666/93";"6";"Dispensa de Licitação";"23/01/2019 00:00:00";"21/07/2019 00:00:00";"22/07/2019 00:00:00";"0";"0";"180";"717840,62";"0";"717840,62";"0";"E";"9";"umental";"-1";"-1";"";"";"";"";"41";"SEM REAJUSTE";"";"";"";"22/05/2019 00:00:00";"22/05/2019 00:00:00";"";"";"";"";"";"6022201900012207";"S";"";"";"";"Emergência - Prestação de serviços de elaboração de inspeções especiais, vistorias, ensaios, laudos técnicos e verificação estrutural de obras da Ponte Dutra";"";"22";"Secretaria Municipal de Infraestrutura Urbana e Obras";"10";"Gabinete do Secretário";"722036,50";"0";"180";"0";"0";"722036,50";"722036,50";"0";"717840,62";"4195,88";"0";"0";"717840,62";"717840,62";"4195,88";"722036,50";"0";"717840,62";"4195,88";"0";"0";"717840,62";"717840,62";"4195,88";"0";"0";"0";"0";"0";"0";"0";"0";"0";"0";"0";"0";"0";"0";"0";"0";"0";"0";"0";"87.10.15.451.3009.5.187.44903900.08.0";"05";"Serviços Técnicos Profissionais";"01";"Gerenciamento";"39";"Outros Serviços de Terceiros - Pessoa Jurídica";"0"
"341629";"13380";"2019";"22";"Secretaria Municipal de Infraestrutura Urbana e Obras";"10";"Gabinete do Secretário";"2";"Termo de Contrato - Serviços";"10";"Art. 24 Inciso IV da lei Federal 8.666/93";"6";"Dispensa de Licitação";"23/01/2019 00:00:00";"21/07/2019 00:00:00";"22/07/2019 00:00:00";"0";"0";"180";"494409,89";"0";"494409,89";"0";"E";"9";"umental";"-1";"-1";"";"";"";"";"41";"SEM REAJUSTE";"";"";"";"22/05/2019 00:00:00";"22/05/2019 00:00:00";"";"";"";"";"";"6022201900012118";"S";"";"";"";"Emergência - Prestação de serviços de elaboração de inspeções especiais, vistorias, ensaios, laudos técnicos e verificação estrutural de obras da Ponte Freguesia do Ó";"";"22";"Secretaria Municipal de Infraestrutura Urbana e Obras";"10";"Gabinete do Secretário";"534160,43";"0";"180";"0";"0";"534160,43";"534160,43";"0";"494409,89";"39750,54";"0";"0";"494409,89";"494409,89";"39750,54";"534160,43";"0";"494409,89";"39750,54";"0";"0";"494409,89";"494409,89";"39750,54";"0";"0";"0";"0";"0";"0";"0";"0";"0";"0";"0";"0";"0";"0";"0";"0";"0";"0";"0";"87.10.15.451.3009.5.187.44903900.08.0";"05";"Serviços Técnicos Profissionais";"01";"Gerenciamento";"39";"Outros Serviços de Terceiros - Pessoa Jurídica";"0"
"341632";"13383";"2019";"22";"Secretaria Municipal de Infraestrutura Urbana e Obras";"10";"Gabinete do Secretário";"2";"Termo de Contrato - Serviços";"8";"Art. 24 Inciso II da lei Federal 8.666/93";"6";"Dispensa de Licitação";"23/01/2019 00:00:00";"21/07/2019 00:00:00";"22/07/2019 00:00:00";"0";"0";"180";"821920,26";"0";"821920,26";"0";"E";"9";"umental";"-1";"-1";"";"";"";"";"41";"SEM REAJUSTE";"";"";"";"22/05/2019 00:00:00";"22/05/2019 00:00:00";"";"";"";"";"";"6022201900012223";"S";"";"";"";"Formalização do Contrato de Emergência - Prestação de serviços de elaboração de inspeções especiais, vistorias, ensaios, laudos técnicos e verificação estrutural de obras da Ponte do Tatuapé, conforme detalhado no Termo de Referência do Chamamento Público nº 002/SIURB/2018.";"";"22";"Secretaria Municipal de Infraestrutura Urbana e Obras";"10";"Gabinete do Secretário";"821920,30";"0";"180";"0";"0";"821920,30";"821920,30";"0";"821920,26";"0,04";"0";"0";"821920,26";"821920,26";"0,04";"821920,30";"0";"821920,26";"0,04";"0";"0";"821920,26";"821920,26";"0,04";"0";"0";"0";"0";"0";"0";"0";"0";"0";"0";"0";"0";"0";"0";"0";"0";"0";"0";"0";"87.10.15.451.3009.5.187.44903900.08.0";"05";"Serviços Técnicos Profissionais";"01";"Gerenciamento";"39";"Outros Serviços de Terceiros - Pessoa Jurídica";"0"
"345928";"16752";"2019";"86";"Fundo Municipal de Saneamento Ambiental e Infraestrutura";"22";"FMSAI - Secretaria Municipal de Serviços e Obras";"2";"Termo de Contrato - Serviços";"8";"Art. 24 Inciso II da lei Federal 8.666/93";"6";"Dispensa de Licitação";"23/01/2019 00:00:00";"21/07/2019 00:00:00";"22/07/2019 00:00:00";"0";"0";"180";"7190563,58";"0";"7190563,58";"0";"E";"9";"umental";"-1";"-1";"";"";"";"";"41";"SEM REAJUSTE";"";"";"";"05/07/2019 00:00:00";"06/07/2019 00:00:00";"";"";"";"";"";"6022201900004816";"S";"";"";"";"Obra Emergencial para Recomposição do Talude do Córrego Ipiranga - Avenida Ricardo Jafet.";"";"86";"Fundo Municipal de Saneamento Ambiental e Infraestrutura";"22";"FMSAI - Secretaria Municipal de Serviços e Obras";"7426158,88";"0";"180";"0";"0";"7426158,88";"7426158,88";"0";"7190563,58";"235595,30";"0";"0";"7190563,58";"7190563,58";"235595,30";"7426158,88";"0";"7190563,58";"235595,30";"0";"0";"7190563,58";"7190563,58";"235595,30";"0";"0";"0";"0";"0";"0";"0";"0";"0";"0";"0";"0";"0";"0";"0";"0";"0";"0";"0";"86.22.17.451.3005.5.013.44905100.03.0";"89";"Obras em Andamento - Uso Comum do Povo";"22";"Canalização de Córregos";"51";"Obras e Instalações";"0"
"336863";"9260";"2019";"86";"Fundo Municipal de Saneamento Ambiental e Infraestrutura";"22";"";"2";"Termo de Contrato - Serviços";"1";"Art. 22 - Inciso I Lei Federal  8.666/93";"4";"Concorrência";"01/04/2015 00:00:00";"22/07/2021 00:00:00";"22/07/2021 00:00:00";"0";"0";"2304";"1179087,26";"1737208,87";"78561,11";"20936,05";"A";"9";"umental";"-1";"-1";"";"";"";"";"2";"ESTRUTURA GERAL";"";"";"";"11/03/2015 00:00:00";"12/03/2015 00:00:00";"";"";"";"";"";"201402583024";"P";"";"";"";"Contratação de elaboração de projetos executivos e obras do sistema de drenagem e manejo de águas pluviais da Bacia do Córrego Zavuvus, no Município de São Paulo - Lote 1";"";"86";"Fundo Municipal de Saneamento Ambiental e Infraestrutura";"22";"";"1179087,26";"0";"2304";"0";"1737208,87";"2916296,13";"2916296,13";"0";"99497,16";"0";"2816798,97";"0";"99497,16";"99497,16";"2402517,78";"1179087,26";"0";"78561,11";"0";"1100526,15";"0";"78561,11";"78561,11";"1810948,83";"1737208,87";"0";"20936,05";"0";"1716272,82";"0";"20936,05";"20936,05";"591568,95";"0";"0";"0";"0";"0";"0";"0";"0";"0";"0";"86.22.17.451.3005.5.013.44905100.03.0";"89";"Obras em Andamento - Uso Comum do Povo";"22";"Canalização de Córregos";"51";"Obras e Instalações";"2816798,97"
"342740";"14269";"2019";"22";"Secretaria Municipal de Infraestrutura Urbana e Obras";"10";"Gabinete do Secretário";"2";"Termo de Contrato - Serviços";"7";"Art. 24 - Inciso I Lei Federal  8.666/93";"6";"Dispensa de Licitação";"24/06/2019 00:00:00";"22/08/2019 00:00:00";"22/08/2019 00:00:00";"0";"0";"60";"27556,62";"0";"27556,62";"0";"E";"9";"umental";"-1";"-1";"";"";"";"";"41";"SEM REAJUSTE";"";"";"";"24/05/2019 00:00:00";"28/05/2019 00:00:00";"24";"";"";"";"dl";"6022201800053394";"S";"";"";"";"Dispensa de licitação - Prestação de serviços técnico-profissionais para investigação confirmatória de contaminação de solo para construção do ACE - Ambulatório Cirúrgico De Especialidades - Carrão.";"";"22";"Secretaria Municipal de Infraestrutura Urbana e Obras";"10";"Gabinete do Secretário";"27556,62";"0";"60";"0";"0";"27556,62";"27556,62";"0";"27556,62";"0";"0";"0";"27556,62";"27556,62";"0";"27556,62";"0";"27556,62";"0";"0";"0";"27556,62";"27556,62";"0";"0";"0";"0";"0";"0";"0";"0";"0";"0";"0";"0";"0";"0";"0";"0";"0";"0";"0";"0";"84.10.10.302.3003.1.506.44903900.00.0";"05";"Serviços Técnicos Profissionais";"01";"Gerenciamento";"39";"Outros Serviços de Terceiros - Pessoa Jurídica";"0"
"350412";"20197";"2019";"22";"Secretaria Municipal de Infraestrutura Urbana e Obras";"10";"Gabinete do Secretário";"5";"Nota de Empenho Fornecimento de Bens de Consumo e/ou Permanente";"8";"Art. 24 Inciso II da lei Federal 8.666/93";"6";"Dispensa de Licitação";"22/08/2019 00:00:00";"22/08/2019 00:00:00";"22/08/2019 00:00:00";"0";"0";"1";"16037,93";"0";"16037,93";"0";"A";"1";"";"-1";"-1";"";"";"";"";"41";"SEM REAJUSTE";"";"";"";"20/08/2019 00:00:00";"22/08/2019 00:00:00";"37";"";"";"";"";"201302136956";"P";"";"";"";"Melhoramento: Prolongamento da Av. Dr. Chucri Zaidan até a Av. João Dias - Desap";"";"22";"Secretaria Municipal de Infraestrutura Urbana e Obras";"10";"Gabinete do Secretário";"16037,93";"0";"1";"0";"0";"16037,93";"16037,93";"0";"16037,93";"0";"0";"0";"16037,93";"16037,93";"0";"16037,93";"0";"16037,93";"0";"0";"0";"16037,93";"16037,93";"0";"0";"0";"0";"0";"0";"0";"0";"0";"0";"0";"0";"0";"0";"0";"0";"0";"0";"0";"0";"37.30.15.451.3009.5.100.44906100.08.0";"99";"Outras Aquisições de Bens Imóveis";"01";"Desapropriações";"61";"Aquisição de Imóveis";"0"
"346202";"16975";"2019";"22";"Secretaria Municipal de Infraestrutura Urbana e Obras";"10";"Gabinete do Secretário";"2";"Termo de Contrato - Serviços";"10";"Art. 24 Inciso IV da lei Federal 8.666/93";"6";"Dispensa de Licitação";"27/03/2019 00:00:00";"22/09/2019 00:00:00";"22/09/2019 00:00:00";"0";"0";"179";"1299751,83";"0";"1297081,80";"0";"E";"9";"umental";"-1";"-1";"";"";"";"";"41";"SEM REAJUSTE";"";"";"";"05/07/2019 00:00:00";"11/07/2019 00:00:00";"55";"";"";"";"DL";"6022201900020030";"S";"";"";"";"Formalização do Contrato de Emergência - Obras emergenciais de estabilização dos taludes e muro de arrimo na EMEF Mauro Faccio Gonçalves Zacarias - Av. Raquel Alves Moreira, nº 823 - Pq. Santo Antonio - M' Boi Mirim.";"";"22";"Secretaria Municipal de Infraestrutura Urbana e Obras";"10";"Gabinete do Secretário";"1299751,83";"0";"179";"0";"0";"1299751,83";"1299751,83";"0";"1297081,80";"2670,03";"0";"0";"1297081,80";"1297081,80";"2670,03";"1299751,83";"0";"1297081,80";"2670,03";"0";"0";"1297081,80";"1297081,80";"2670,03";"0";"0";"0";"0";"0";"0";"0";"0";"0";"0";"0";"0";"0";"0";"0";"0";"0";"0";"0";"16.10.12.361.3010.3.366.44905100.00.0";"89";"Obras em Andamento - Uso Comum do Povo";"02";"Escolas e Similares";"51";"Obras e Instalações";"0"
"339283";"11403";"2019";"98";"Fundo de Desenvolvimento Urbano";"22";"FUNDURB - Secretaria Municipal de Infra-Estrutura Urbana e Obras";"2";"Termo de Contrato - Serviços";"8";"Art. 24 Inciso II da lei Federal 8.666/93";"6";"Dispensa de Licitação";"27/09/2016 00:00:00";"22/09/2019 00:00:00";"22/09/2019 00:00:00";"0";"0";"1090";"12352691,21";"1089983,02";"12352691,21";"1089983,02";"E";"9";"umental";"-1";"-1";"";"";"";"";"26";"CONSULTORIA";"";"";"";"27/09/2016 00:00:00";"27/09/2016 00:00:00";"";"";"";"";"";"6022201600000963";"S";"";"";"";"CT - 049/SIURB/2016 - Gerenciamento SP Obras";"";"98";"Fundo de Desenvolvimento Urbano";"22";"FUNDURB - Secretaria Municipal de Infra-Estrutura Urbana e Obras";"3982356,50";"0";"1090";"21430818,55";"4439310,08";"29852485,13";"29852485,13";"0";"13442674,23";"16409810,90";"0";"0";"13442674,23";"13442674,23";"77723,51";"25413175,05";"0";"12352691,21";"13060483,84";"0";"0";"12352691,21";"12352691,21";"76960,84";"4439310,08";"0";"1089983,02";"3349327,06";"0";"0";"1089983,02";"1089983,02";"762,67";"0";"0";"83,07";"0";"0";"0";"0";"0";"730";"0";"98.22.26.453.3009.9.201.44903900.08.0";"05";"Serviços Técnicos Profissionais";"01";"Gerenciamento";"39";"Outros Serviços de Terceiros - Pessoa Jurídica";"0"
"350534";"20279";"2019";"22";"Secretaria Municipal de Infraestrutura Urbana e Obras";"10";"Gabinete do Secretário";"5";"Nota de Empenho Fornecimento de Bens de Consumo e/ou Permanente";"8";"Art. 24 Inciso II da lei Federal 8.666/93";"6";"Dispensa de Licitação";"23/08/2019 00:00:00";"23/08/2019 00:00:00";"23/08/2019 00:00:00";"0";"0";"1";"555522,82";"0";"555522,82";"0";"A";"1";"";"-1";"-1";"";"";"";"";"41";"SEM REAJUSTE";"";"";"";"21/08/2019 00:00:00";"23/08/2019 00:00:00";"26";"";"";"";"";"201102931736";"P";"";"";"";"Melhoramento: Núcleo Habitacional destinado a População de Baixa Renda - Área 14.";"";"22";"Secretaria Municipal de Infraestrutura Urbana e Obras";"10";"Gabinete do Secretário";"555522,82";"0";"1";"0";"0";"555522,82";"555522,82";"0";"555522,82";"0";"0";"0";"555522,82";"555522,82";"0";"555522,82";"0";"555522,82";"0";"0";"0";"555522,82";"555522,82";"0";"0";"0";"0";"0";"0";"0";"0";"0";"0";"0";"0";"0";"0";"0";"0";"0";"0";"0";"0";"37.30.16.451.3002.3.357.44906100.08.0";"99";"Outras Aquisições de Bens Imóveis";"01";"Desapropriações";"61";"Aquisição de Imóveis";"0"
"351236";"20880";"2019";"22";"Secretaria Municipal de Infraestrutura Urbana e Obras";"10";"Gabinete do Secretário";"5";"Nota de Empenho Fornecimento de Bens de Consumo e/ou Permanente";"8";"Art. 24 Inciso II da lei Federal 8.666/93";"6";"Dispensa de Licitação";"04/09/2019 00:00:00";"23/09/2019 00:00:00";"23/09/2019 00:00:00";"0";"0";"20";"15543";"0";"15543";"0";"E";"83";"";"-1";"-1";"";"";"";"";"41";"SEM REAJUSTE";"";"Barbara Soares de Oliveira";"01/08/2019 00:00:00";"21/08/2019 00:00:00";"23/08/2019 00:00:00";"26";"";"";"";"15/2019";"6022201900041487";"S";"";"";"";"Aquisição de 1.100 (mil e cem) resmas de papel para cópias, impressões a jato de tinta e laser, formato 210x297mm";"";"22";"Secretaria Municipal de Infraestrutura Urbana e Obras";"10";"Gabinete do Secretário";"15543";"0";"20";"0";"0";"15543";"15543";"0";"15543";"0";"0";"0";"15543";"15543";"0";"15543";"0";"15543";"0";"0";"0";"15543";"15543";"0";"0";"0";"0";"0";"0";"0";"0";"0";"0";"0";"0";"0";"0";"0";"0";"0";"0";"0";"0";"22.10.15.122.3024.2.100.33903000.00.0";"16";"Material de Expediente";"03";"Papel para Copiadora em Geral";"30";"Material de Consumo";"0"
"353364";"22609";"2019";"22";"Secretaria Municipal de Infraestrutura Urbana e Obras";"10";"Gabinete do Secretário";"5";"Nota de Empenho Fornecimento de Bens de Consumo e/ou Permanente";"8";"Art. 24 Inciso II da lei Federal 8.666/93";"6";"Dispensa de Licitação";"23/09/2019 00:00:00";"23/09/2019 00:00:00";"23/09/2019 00:00:00";"0";"0";"1";"6204,13";"0";"6204,13";"0";"A";"1";"";"-1";"-1";"";"";"";"";"41";"SEM REAJUSTE";"";"";"";"20/09/2019 00:00:00";"21/09/2019 00:00:00";"33";"";"";"";"";"201102500794";"P";"";"";"";"Melhoramento: Núcleo Habitacional destinado a população de baixa renda - Área 35 - Desap.";"";"22";"Secretaria Municipal de Infraestrutura Urbana e Obras";"10";"Gabinete do Secretário";"6204,13";"0";"1";"0";"0";"6204,13";"6204,13";"0";"6204,13";"0";"0";"0";"6204,13";"6204,13";"0";"6204,13";"0";"6204,13";"0";"0";"0";"6204,13";"6204,13";"0";"0";"0";"0";"0";"0";"0";"0";"0";"0";"0";"0";"0";"0";"0";"0";"0";"0";"0";"0";"37.30.16.451.3002.3.357.44906100.08.0";"99";"Outras Aquisições de Bens Imóveis";"01";"Desapropriações";"61";"Aquisição de Imóveis";"0"
"364476";"32064";"2019";"22";"Secretaria Municipal de Infra-Estrutura Urbana e Obras";"10";"Gabinete do Secretário";"2";"Termo de Contrato - Serviços";"1";"Art. 22 - Inciso I Lei Federal  8.666/93";"4";"Concorrência";"25/12/2015 00:00:00";"23/12/2016 00:00:00";"23/12/2016 00:00:00";"0";"0";"365";"4000";"0";"3132,02";"0";"A";"9";"umental";"2014";"26";"22";"Secretaria Municipal de Infra-Estrutura Urbana e Obras";"";"";"41";"SEM REAJUSTE";"";"";"";"26/10/2015 00:00:00";"23/01/2016 00:00:00";"119";"";"";"";"ATA";"201502464175";"P";"";"";"";"CENTRAL ABASTECIMENTO LESTE FASE 2";"";"22";"Secretaria Municipal de Infra-Estrutura Urbana e Obras";"10";"Gabinete do Secretário";"4000";"0";"365";"0";"0";"4000";"4000";"0";"3132,02";"0";"867,98";"0";"3132,02";"3132,02";"0";"4000";"0";"3132,02";"0";"867,98";"0";"3132,02";"3132,02";"0";"0";"0";"0";"0";"0";"0";"0";"0";"0";"0";"0";"0";"0";"0";"0";"0";"0";"0";"0";"30.10.08.605.3016.7.001.44909200.00.0";"51";"Obras e Instalações";"01";"Obras e Instalações - PMSP";"92";"Despesas de Exercícios Anteriores";"867,98"
"364481";"32068";"2019";"22";"Secretaria Municipal de Infra-Estrutura Urbana e Obras";"10";"Gabinete do Secretário";"2";"Termo de Contrato - Serviços";"1";"Art. 22 - Inciso I Lei Federal  8.666/93";"4";"Concorrência";"25/12/2015 00:00:00";"23/12/2016 00:00:00";"23/12/2016 00:00:00";"0";"0";"365";"5000";"0";"3073,52";"0";"A";"9";"umental";"2014";"26";"22";"Secretaria Municipal de Infra-Estrutura Urbana e Obras";"";"";"41";"SEM REAJUSTE";"";"";"";"26/10/2015 00:00:00";"23/01/2016 00:00:00";"119";"";"";"";"ATA";"201502437119";"P";"";"";"";"CENTRAL LESTE  DE ABASTECIMENTO";"";"22";"Secretaria Municipal de Infra-Estrutura Urbana e Obras";"10";"Gabinete do Secretário";"5000";"0";"365";"0";"0";"5000";"5000";"0";"3073,52";"0";"1926,48";"0";"3073,52";"3073,52";"0";"5000";"0";"3073,52";"0";"1926,48";"0";"3073,52";"3073,52";"0";"0";"0";"0";"0";"0";"0";"0";"0";"0";"0";"0";"0";"0";"0";"0";"0";"0";"0";"0";"30.10.08.605.3016.7.001.44909200.00.0";"51";"Obras e Instalações";"01";"Obras e Instalações - PMSP";"92";"Despesas de Exercícios Anteriores";"1926,48"
"335033";"7613";"2019";"22";"Secretaria Municipal de Infraestrutura Urbana e Obras";"10";"Gabinete do Secretário";"2";"Termo de Contrato - Serviços";"1";"Art. 22 - Inciso I Lei Federal  8.666/93";"4";"Concorrência";"01/05/2019 00:00:00";"24/02/2020 00:00:00";"24/02/2020 00:00:00";"0";"0";"299";"47976903,44";"812842,75";"43617625,75";"645498,94";"S";"9";"umental";"-1";"-1";"";"";"";"";"2";"ESTRUTURA GERAL";"017/SIURB/2019";"";"";"26/03/2019 00:00:00";"28/03/2019 00:00:00";"";"";"";"";"";"7910201900001132";"S";"";"";"";"RDC Presencial Nº 001/2018 - Contratação de empresa especializada em engenharia para execução de obras e serviços de reforma e adequação dos boxes e execução de Cobertura do Paddock e do Prédio de Apoio, junto à reta principal do AUTÓDROMO MUNICIPAL JOSÉ CARLOS PACE - INTERLAGOS.";"";"22";"Secretaria Municipal de Infraestrutura Urbana e Obras";"10";"Gabinete do Secretário";"38336557,69";"0";"299";"9640345,75";"812842,75";"48789746,19";"48789746,19";"0";"44263124,69";"0";"4526621,50";"0";"44263124,69";"44263124,69";"15205278,36";"47976903,44";"0";"43617625,75";"0";"4359277,69";"0";"43617625,75";"43617625,75";"15073997,78";"812842,75";"0";"645498,94";"0";"167343,81";"0";"645498,94";"645498,94";"131280,58";"11,22";"0";"13,93";"0";"0";"0";"0";"0";"0";"0";"22.10.27.813.3015.1.109.44905100.02.0";"80";"Estudos e Projetos";"99";"Outros Estudos e Projetos";"51";"Obras e Instalações";"4526621,50"
"338248";"10498";"2019";"86";"Fundo Municipal de Saneamento Ambiental e Infraestrutura";"22";"";"2";"Termo de Contrato - Serviços";"1";"Art. 22 - Inciso I Lei Federal  8.666/93";"4";"Concorrência";"10/04/2015 00:00:00";"24/03/2018 00:00:00";"24/03/2018 00:00:00";"0";"0";"1079";"6116676,37";"8947845,61";"1963977,91";"5006796,96";"A";"9";"umental";"-1";"-1";"";"";"";"";"2";"ESTRUTURA GERAL";"";"";"";"16/04/2019 00:00:00";"17/04/2019 00:00:00";"";"";"";"";"";"201402583024";"P";"";"";"";"CT - 010/SIURB/2015 - Zavuvus - Lote 3";"";"86";"Fundo Municipal de Saneamento Ambiental e Infraestrutura";"22";"";"281843";"0";"1079";"5834833,37";"8947845,61";"15064521,98";"15064521,98";"0";"6970774,87";"0";"8093747,11";"0";"6970774,87";"6970774,87";"13822023,82";"6116676,37";"0";"1963977,91";"0";"4152698,46";"0";"1963977,91";"1963977,91";"6057777,67";"8947845,61";"0";"5006796,96";"0";"3941048,65";"0";"5006796,96";"5006796,96";"7764246,15";"0";"0";"2070,24";"0";"0";"0";"0";"0";"0";"0";"86.22.17.451.3005.5.013.44905100.03.0";"89";"Obras em Andamento - Uso Comum do Povo";"22";"Canalização de Córregos";"51";"Obras e Instalações";"8093747,11"
"338214";"10470";"2019";"86";"Fundo Municipal de Saneamento Ambiental e Infraestrutura";"22";"";"2";"Termo de Contrato - Serviços";"1";"Art. 22 - Inciso I Lei Federal  8.666/93";"4";"Concorrência";"10/04/2015 00:00:00";"25/03/2021 00:00:00";"24/03/2024 00:00:00";"0";"0";"2176";"4169100,03";"2857806,36";"698244";"225904,34";"A";"9";"umental";"-1";"-1";"";"";"";"";"2";"ESTRUTURA GERAL";"009/SIURB/2015";"";"";"17/04/2019 00:00:00";"17/04/2019 00:00:00";"";"";"";"";"";"201500920084";"P";"";"";"";"CT - 009/SIURB/2015 - Zavuvus - Lote 2";"";"86";"Fundo Municipal de Saneamento Ambiental e Infraestrutura";"22";"";"1677502,98";"0";"2176";"2491597,05";"2857806,36";"7026906,39";"7026906,39";"0";"924148,34";"0";"6102758,05";"0";"924148,34";"924148,34";"10632350,38";"4169100,03";"0";"698244";"0";"3470856,03";"0";"698244";"698244";"6909833,77";"2857806,36";"0";"225904,34";"0";"2631902,02";"0";"225904,34";"225904,34";"3722516,61";"0";"0";"0";"0";"0";"0";"0";"0";"1095";"0";"86.22.17.451.3005.5.013.44905100.03.0";"89";"Obras em Andamento - Uso Comum do Povo";"22";"Canalização de Córregos";"51";"Obras e Instalações";"6102758,05"
"338939";"11103";"2019";"86";"Fundo Municipal de Saneamento Ambiental e Infraestrutura";"22";"FMSAI - Secretaria Municipal de Serviços e Obras";"5";"Nota de Empenho Fornecimento de Bens de Consumo e/ou Permanente";"39";"Não Aplicável";"8";"Não Aplicável";"24/04/2019 00:00:00";"24/04/2019 00:00:00";"24/04/2019 00:00:00";"0";"0";"1";"73425,86";"0";"0";"0";"S";"1";"";"-1";"-1";"";"";"";"";"41";"SEM REAJUSTE";"";"";"";"22/04/2019 00:00:00";"24/04/2019 00:00:00";"23";"";"";"";"";"6022201800057799";"S";"";"";"";"Melhoramento Sistema Viário Vilanova Artigas - Desapropriação.";"";"86";"Fundo Municipal de Saneamento Ambiental e Infraestrutura";"22";"FMSAI - Secretaria Municipal de Serviços e Obras";"73425,86";"0";"1";"0";"0";"73425,86";"73425,86";"0";"0";"0";"73425,86";"0";"0";"0";"73425,86";"73425,86";"0";"0";"0";"73425,86";"0";"0";"0";"73425,86";"0";"0";"0";"0";"0";"0";"0";"0";"0";"0";"0";"0";"0";"0";"0";"0";"0";"0";"0";"86.22.17.451.3005.5.013.44906100.03.0";"99";"Outras Aquisições de Bens Imóveis";"01";"Desapropriações";"61";"Aquisição de Imóveis";"73425,86"
"338869";"11038";"2019";"86";"Fundo Municipal de Saneamento Ambiental e Infraestrutura";"22";"FMSAI - Secretaria Municipal de Serviços e Obras";"5";"Nota de Empenho Fornecimento de Bens de Consumo e/ou Permanente";"39";"Não Aplicável";"8";"Não Aplicável";"24/04/2019 00:00:00";"24/04/2019 00:00:00";"24/04/2019 00:00:00";"0";"0";"1";"608,39";"0";"608,39";"0";"E";"1";"";"-1";"-1";"";"";"";"";"41";"SEM REAJUSTE";"";"";"";"22/04/2019 00:00:00";"24/04/2019 00:00:00";"23";"";"";"";"";"6022201800066402";"S";"";"";"";"Melhoramento Sistema Viário Vilanova Artigas - Desapropriação.";"";"86";"Fundo Municipal de Saneamento Ambiental e Infraestrutura";"22";"FMSAI - Secretaria Municipal de Serviços e Obras";"608,39";"0";"1";"0";"0";"608,39";"608,39";"0";"608,39";"0";"0";"0";"608,39";"608,39";"0";"608,39";"0";"608,39";"0";"0";"0";"608,39";"608,39";"0";"0";"0";"0";"0";"0";"0";"0";"0";"0";"0";"0";"0";"0";"0";"0";"0";"0";"0";"0";"86.22.17.451.3005.5.013.44906100.03.0";"99";"Outras Aquisições de Bens Imóveis";"01";"Desapropriações";"61";"Aquisição de Imóveis";"0"
"338936";"11100";"2019";"86";"Fundo Municipal de Saneamento Ambiental e Infraestrutura";"22";"FMSAI - Secretaria Municipal de Serviços e Obras";"5";"Nota de Empenho Fornecimento de Bens de Consumo e/ou Permanente";"39";"Não Aplicável";"8";"Não Aplicável";"24/04/2019 00:00:00";"24/04/2019 00:00:00";"24/04/2019 00:00:00";"0";"0";"1";"652731,17";"0";"652731,17";"0";"E";"1";"";"-1";"-1";"";"";"";"";"41";"SEM REAJUSTE";"";"";"";"22/04/2019 00:00:00";"24/04/2019 00:00:00";"23";"";"";"";"";"6022201800066380";"S";"";"";"";"Melhoramento Sistema Viário Vilanova Artigas - Desapropriação.";"";"86";"Fundo Municipal de Saneamento Ambiental e Infraestrutura";"22";"FMSAI - Secretaria Municipal de Serviços e Obras";"652731,17";"0";"1";"0";"0";"652731,17";"652731,17";"0";"652731,17";"0";"0";"0";"652731,17";"652731,17";"0";"652731,17";"0";"652731,17";"0";"0";"0";"652731,17";"652731,17";"0";"0";"0";"0";"0";"0";"0";"0";"0";"0";"0";"0";"0";"0";"0";"0";"0";"0";"0";"0";"86.22.17.451.3005.5.013.44906100.03.0";"99";"Outras Aquisições de Bens Imóveis";"01";"Desapropriações";"61";"Aquisição de Imóveis";"0"
"338878";"11047";"2019";"86";"Fundo Municipal de Saneamento Ambiental e Infraestrutura";"22";"FMSAI - Secretaria Municipal de Serviços e Obras";"5";"Nota de Empenho Fornecimento de Bens de Consumo e/ou Permanente";"39";"Não Aplicável";"8";"Não Aplicável";"24/04/2019 00:00:00";"24/04/2019 00:00:00";"24/04/2019 00:00:00";"0";"0";"1";"521,78";"0";"521,78";"0";"E";"1";"";"-1";"-1";"";"";"";"";"41";"SEM REAJUSTE";"";"";"";"22/04/2019 00:00:00";"24/04/2019 00:00:00";"23";"";"";"";"";"6022201800057730";"S";"";"";"";"Melhoramento Sistema Viário Vilanova Artigas - Desapropriação.";"";"86";"Fundo Municipal de Saneamento Ambiental e Infraestrutura";"22";"FMSAI - Secretaria Municipal de Serviços e Obras";"521,78";"0";"1";"0";"0";"521,78";"521,78";"0";"521,78";"0";"0";"0";"521,78";"521,78";"0";"521,78";"0";"521,78";"0";"0";"0";"521,78";"521,78";"0";"0";"0";"0";"0";"0";"0";"0";"0";"0";"0";"0";"0";"0";"0";"0";"0";"0";"0";"0";"86.22.17.451.3005.5.013.44906100.03.0";"99";"Outras Aquisições de Bens Imóveis";"01";"Desapropriações";"61";"Aquisição de Imóveis";"0"
"338862";"11035";"2019";"86";"Fundo Municipal de Saneamento Ambiental e Infraestrutura";"22";"FMSAI - Secretaria Municipal de Serviços e Obras";"5";"Nota de Empenho Fornecimento de Bens de Consumo e/ou Permanente";"39";"Não Aplicável";"8";"Não Aplicável";"24/04/2019 00:00:00";"24/04/2019 00:00:00";"24/04/2019 00:00:00";"0";"0";"1";"779230,54";"0";"779230,54";"0";"E";"1";"";"-1";"-1";"";"";"";"";"41";"SEM REAJUSTE";"";"";"";"22/04/2019 00:00:00";"24/04/2019 00:00:00";"23";"";"";"";"";"6022201800066437";"S";"";"";"";"Melhoramento Sistema Viário Vilanova Artigas - Desapropriação.";"";"86";"Fundo Municipal de Saneamento Ambiental e Infraestrutura";"22";"FMSAI - Secretaria Municipal de Serviços e Obras";"779230,54";"0";"1";"0";"0";"779230,54";"779230,54";"0";"779230,54";"0";"0";"0";"779230,54";"779230,54";"0";"779230,54";"0";"779230,54";"0";"0";"0";"779230,54";"779230,54";"0";"0";"0";"0";"0";"0";"0";"0";"0";"0";"0";"0";"0";"0";"0";"0";"0";"0";"0";"0";"86.22.17.451.3005.5.013.44906100.03.0";"99";"Outras Aquisições de Bens Imóveis";"01";"Desapropriações";"61";"Aquisição de Imóveis";"0"
"338872";"11041";"2019";"86";"Fundo Municipal de Saneamento Ambiental e Infraestrutura";"22";"FMSAI - Secretaria Municipal de Serviços e Obras";"5";"Nota de Empenho Fornecimento de Bens de Consumo e/ou Permanente";"39";"Não Aplicável";"8";"Não Aplicável";"24/04/2019 00:00:00";"24/04/2019 00:00:00";"24/04/2019 00:00:00";"0";"0";"1";"91630,22";"0";"91630,22";"0";"E";"1";"";"-1";"-1";"";"";"";"";"41";"SEM REAJUSTE";"";"";"";"22/04/2019 00:00:00";"24/04/2019 00:00:00";"23";"";"";"";"";"6022201800057829";"S";"";"";"";"Melhoramento Sistema Viário Vilanova Artigas - Desapropriação.";"";"86";"Fundo Municipal de Saneamento Ambiental e Infraestrutura";"22";"FMSAI - Secretaria Municipal de Serviços e Obras";"91630,22";"0";"1";"0";"0";"91630,22";"91630,22";"0";"91630,22";"0";"0";"0";"91630,22";"91630,22";"0";"91630,22";"0";"91630,22";"0";"0";"0";"91630,22";"91630,22";"0";"0";"0";"0";"0";"0";"0";"0";"0";"0";"0";"0";"0";"0";"0";"0";"0";"0";"0";"0";"86.22.17.451.3005.5.013.44906100.03.0";"99";"Outras Aquisições de Bens Imóveis";"01";"Desapropriações";"61";"Aquisição de Imóveis";"0"
"338901";"11069";"2019";"86";"Fundo Municipal de Saneamento Ambiental e Infraestrutura";"22";"FMSAI - Secretaria Municipal de Serviços e Obras";"5";"Nota de Empenho Fornecimento de Bens de Consumo e/ou Permanente";"39";"Não Aplicável";"8";"Não Aplicável";"24/04/2019 00:00:00";"24/04/2019 00:00:00";"24/04/2019 00:00:00";"0";"0";"1";"62250,74";"0";"0";"0";"S";"1";"";"-1";"-1";"";"";"";"";"41";"SEM REAJUSTE";"";"";"";"22/04/2019 00:00:00";"24/04/2019 00:00:00";"23";"";"";"";"";"6022201800057756";"S";"";"";"";"Melhoramento Sistema Viário Vilanova Artigas -  Desapropriação.";"";"86";"Fundo Municipal de Saneamento Ambiental e Infraestrutura";"22";"FMSAI - Secretaria Municipal de Serviços e Obras";"62250,74";"0";"1";"0";"0";"62250,74";"62250,74";"0";"0";"0";"62250,74";"0";"0";"0";"62250,74";"62250,74";"0";"0";"0";"62250,74";"0";"0";"0";"62250,74";"0";"0";"0";"0";"0";"0";"0";"0";"0";"0";"0";"0";"0";"0";"0";"0";"0";"0";"0";"86.22.17.451.3005.5.013.44906100.03.0";"99";"Outras Aquisições de Bens Imóveis";"01";"Desapropriações";"61";"Aquisição de Imóveis";"62250,74"
"336603";"9017";"2019";"22";"Secretaria Municipal de Infraestrutura Urbana e Obras";"10";"Gabinete do Secretário";"2";"Termo de Contrato - Serviços";"8";"Art. 24 Inciso II da lei Federal 8.666/93";"6";"Dispensa de Licitação";"10/04/2019 00:00:00";"24/04/2019 00:00:00";"24/04/2019 00:00:00";"0";"0";"15";"5124,60";"0";"5124,60";"0";"E";"83";"";"-1";"-1";"";"";"";"";"41";"SEM REAJUSTE";"";"";"";"01/04/2019 00:00:00";"04/04/2019 00:00:00";"28";"";"";"";"";"6022201900017110";"S";"";"";"";"aquisição de Serviços Gráficos";"";"22";"Secretaria Municipal de Infraestrutura Urbana e Obras";"10";"Gabinete do Secretário";"5124,60";"0";"15";"0";"0";"5124,60";"5124,60";"0";"5124,60";"0";"0";"0";"5124,60";"5124,60";"0";"5124,60";"0";"5124,60";"0";"0";"0";"5124,60";"5124,60";"0";"0";"0";"0";"0";"0";"0";"0";"0";"0";"0";"0";"0";"0";"0";"0";"0";"0";"0";"0";"22.10.15.122.3024.2.100.33903900.00.0";"63";"Serviços Gráficos e Editoriais";"99";"Outros Serviços Gráficos";"39";"Outros Serviços de Terceiros - Pessoa Jurídica";"0"
"338897";"11065";"2019";"86";"Fundo Municipal de Saneamento Ambiental e Infraestrutura";"22";"FMSAI - Secretaria Municipal de Serviços e Obras";"5";"Nota de Empenho Fornecimento de Bens de Consumo e/ou Permanente";"39";"Não Aplicável";"8";"Não Aplicável";"24/04/2019 00:00:00";"24/04/2019 00:00:00";"24/04/2019 00:00:00";"0";"0";"1";"211483,23";"0";"211483,23";"0";"E";"1";"";"-1";"-1";"";"";"";"";"41";"SEM REAJUSTE";"";"";"";"22/04/2019 00:00:00";"24/04/2019 00:00:00";"23";"";"";"";"";"6022201800066399";"S";"";"";"";"Melhoramento Sistema Viário Vilanova Artigas - Desapropriação.";"";"86";"Fundo Municipal de Saneamento Ambiental e Infraestrutura";"22";"FMSAI - Secretaria Municipal de Serviços e Obras";"211483,23";"0";"1";"0";"0";"211483,23";"211483,23";"0";"211483,23";"0";"0";"0";"211483,23";"211483,23";"0";"211483,23";"0";"211483,23";"0";"0";"0";"211483,23";"211483,23";"0";"0";"0";"0";"0";"0";"0";"0";"0";"0";"0";"0";"0";"0";"0";"0";"0";"0";"0";"0";"86.22.17.451.3005.5.013.44906100.03.0";"99";"Outras Aquisições de Bens Imóveis";"01";"Desapropriações";"61";"Aquisição de Imóveis";"0"
"338920";"11086";"2019";"86";"Fundo Municipal de Saneamento Ambiental e Infraestrutura";"22";"FMSAI - Secretaria Municipal de Serviços e Obras";"5";"Nota de Empenho Fornecimento de Bens de Consumo e/ou Permanente";"39";"Não Aplicável";"8";"Não Aplicável";"24/04/2019 00:00:00";"24/04/2019 00:00:00";"24/04/2019 00:00:00";"0";"0";"1";"91,60";"0";"0";"0";"S";"1";"";"-1";"-1";"";"";"";"";"41";"SEM REAJUSTE";"";"";"";"22/04/2019 00:00:00";"24/04/2019 00:00:00";"23";"";"";"";"";"6022201800057802";"S";"";"";"";"Melhoramento Sistema Viário Vilanova Artigas - Desapropriação.";"";"86";"Fundo Municipal de Saneamento Ambiental e Infraestrutura";"22";"FMSAI - Secretaria Municipal de Serviços e Obras";"91,60";"0";"1";"0";"0";"91,60";"91,60";"0";"0";"0";"91,60";"0";"0";"0";"91,60";"91,60";"0";"0";"0";"91,60";"0";"0";"0";"91,60";"0";"0";"0";"0";"0";"0";"0";"0";"0";"0";"0";"0";"0";"0";"0";"0";"0";"0";"0";"86.22.17.451.3005.5.013.44906100.03.0";"99";"Outras Aquisições de Bens Imóveis";"01";"Desapropriações";"61";"Aquisição de Imóveis";"91,60"
"338909";"11076";"2019";"86";"Fundo Municipal de Saneamento Ambiental e Infraestrutura";"22";"FMSAI - Secretaria Municipal de Serviços e Obras";"5";"Nota de Empenho Fornecimento de Bens de Consumo e/ou Permanente";"39";"Não Aplicável";"8";"Não Aplicável";"24/04/2019 00:00:00";"24/04/2019 00:00:00";"24/04/2019 00:00:00";"0";"0";"1";"7683,26";"0";"0";"0";"S";"1";"";"-1";"-1";"";"";"";"";"41";"SEM REAJUSTE";"";"";"";"22/04/2019 00:00:00";"24/04/2019 00:00:00";"23";"";"";"";"";"6022201800057780";"S";"";"";"";"Melhoramento Sistema Viário Vilanova Artigas - Desapropriação.";"";"86";"Fundo Municipal de Saneamento Ambiental e Infraestrutura";"22";"FMSAI - Secretaria Municipal de Serviços e Obras";"7683,26";"0";"1";"0";"0";"7683,26";"7683,26";"0";"0";"0";"7683,26";"0";"0";"0";"7683,26";"7683,26";"0";"0";"0";"7683,26";"0";"0";"0";"7683,26";"0";"0";"0";"0";"0";"0";"0";"0";"0";"0";"0";"0";"0";"0";"0";"0";"0";"0";"0";"86.22.17.451.3005.5.013.44906100.03.0";"99";"Outras Aquisições de Bens Imóveis";"01";"Desapropriações";"61";"Aquisição de Imóveis";"7683,26"
"362417";"30326";"2019";"22";"Secretaria Municipal de Infraestrutura Urbana e Obras";"10";"Gabinete do Secretário";"2";"Termo de Contrato - Serviços";"2";"Art. 22 - Inciso II Lei Federal  8.666/93";"3";"Tomada de Preços";"27/12/2019 00:00:00";"24/04/2020 00:00:00";"24/04/2020 00:00:00";"0";"0";"119";"1250973,62";"0";"1250831,90";"0";"E";"9";"umental";"-1";"-1";"";"";"";"";"41";"SEM REAJUSTE";"";"";"";"10/12/2019 00:00:00";"11/12/2019 00:00:00";"109";"";"";"";"003/19/SIURB";"6016201900017150";"S";"";"";"";"CONTRATAÇÃO DE RECONSTRUÇÃO DE MURO DE CONTENÇÃO  ENTRE  EMEF ÁLVARES DE AZEVEDO E EMEI BRENNO FERRAZ, SITUADO NA RUA ALCAÇUZ 130  - SUB- VP.";"";"22";"Secretaria Municipal de Infraestrutura Urbana e Obras";"10";"Gabinete do Secretário";"889338,71";"0";"119";"361634,91";"0";"1250973,62";"1250973,62";"0";"1250831,90";"141,72";"0";"0";"1250831,90";"1250831,90";"157,39";"1250973,62";"0";"1250831,90";"141,72";"0";"0";"1250831,90";"1250831,90";"157,39";"0";"0";"0";"0";"0";"0";"0";"0";"0";"0";"0";"40,66";"0";"0";"0";"0";"0";"0";"0";"16.10.12.365.3010.3.362.44905100.00.0";"89";"Obras em Andamento - Uso Comum do Povo";"02";"Escolas e Similares";"51";"Obras e Instalações";"0"
"336865";"9262";"2019";"86";"Fundo Municipal de Saneamento Ambiental e Infraestrutura";"22";"";"2";"Termo de Contrato - Serviços";"1";"Art. 22 - Inciso I Lei Federal  8.666/93";"4";"Concorrência";"17/04/2015 00:00:00";"27/06/2018 00:00:00";"24/05/2019 00:00:00";"0";"0";"1168";"5570149,64";"4015934,62";"3075205,69";"988731,04";"A";"9";"umental";"-1";"-1";"";"";"";"";"2";"ESTRUTURA GERAL";"";"";"";"12/03/2015 00:00:00";"13/03/2018 00:00:00";"75";"";"";"";"";"201502688715";"P";"";"";"";"CT - 012/SIURB/2015 - Córrego Aricanduva - Lote";"";"86";"Fundo Municipal de Saneamento Ambiental e Infraestrutura";"22";"";"3512990,15";"0";"1168";"2057159,49";"4015934,62";"9586084,26";"9586084,26";"0";"4063936,73";"0";"5522147,53";"0";"4063936,73";"4063936,73";"6046892,37";"5570149,64";"0";"3075205,69";"0";"2494943,95";"0";"3075205,69";"3075205,69";"3437289,28";"4015934,62";"0";"988731,04";"0";"3027203,58";"0";"988731,04";"988731,04";"2609603,09";"0";"0";"41,11";"0";"0";"0";"0";"0";"331";"0";"86.22.17.451.3005.5.013.44905100.03.0";"89";"Obras em Andamento - Uso Comum do Povo";"22";"Canalização de Córregos";"51";"Obras e Instalações";"5522147,53"
"343907";"15151";"2019";"22";"Secretaria Municipal de Infraestrutura Urbana e Obras";"10";"Gabinete do Secretário";"5";"Nota de Empenho Fornecimento de Bens de Consumo e/ou Permanente";"8";"Art. 24 Inciso II da lei Federal 8.666/93";"6";"Dispensa de Licitação";"24/06/2019 00:00:00";"24/06/2019 00:00:00";"24/06/2019 00:00:00";"0";"0";"1";"69796,86";"0";"69796,86";"0";"A";"1";"";"-1";"-1";"";"";"";"";"41";"SEM REAJUSTE";"";"";"";"18/06/2019 00:00:00";"20/06/2019 00:00:00";"27";"";"";"";"";"201600931762";"P";"";"";"";"Melhoramento: Requalificação da Av. Santo Amaro - Boulevard Santo Amaro.";"";"22";"Secretaria Municipal de Infraestrutura Urbana e Obras";"10";"Gabinete do Secretário";"69796,86";"0";"1";"0";"0";"69796,86";"69796,86";"0";"69796,86";"0";"0";"0";"69796,86";"69796,86";"0";"69796,86";"0";"69796,86";"0";"0";"0";"69796,86";"69796,86";"0";"0";"0";"0";"0";"0";"0";"0";"0";"0";"0";"0";"0";"0";"0";"0";"0";"0";"0";"0";"37.50.15.451.3022.3.350.44906100.08.0";"99";"Outras Aquisições de Bens Imóveis";"01";"Desapropriações";"61";"Aquisição de Imóveis";"0"
"343910";"15153";"2019";"22";"Secretaria Municipal de Infraestrutura Urbana e Obras";"10";"Gabinete do Secretário";"5";"Nota de Empenho Fornecimento de Bens de Consumo e/ou Permanente";"8";"Art. 24 Inciso II da lei Federal 8.666/93";"6";"Dispensa de Licitação";"24/06/2019 00:00:00";"24/06/2019 00:00:00";"24/06/2019 00:00:00";"0";"0";"1";"402942,33";"0";"402942,33";"0";"A";"1";"";"-1";"-1";"";"";"";"";"41";"SEM REAJUSTE";"";"";"";"18/06/2019 00:00:00";"20/06/2019 00:00:00";"27";"";"";"";"";"201600826349";"P";"";"";"";"Melhoramento: Requalificação da Av. Santo Amaro - Boulevard Santo Amaro.";"";"22";"Secretaria Municipal de Infraestrutura Urbana e Obras";"10";"Gabinete do Secretário";"402942,33";"0";"1";"0";"0";"402942,33";"402942,33";"0";"402942,33";"0";"0";"0";"402942,33";"402942,33";"0";"402942,33";"0";"402942,33";"0";"0";"0";"402942,33";"402942,33";"0";"0";"0";"0";"0";"0";"0";"0";"0";"0";"0";"0";"0";"0";"0";"0";"0";"0";"0";"0";"37.50.15.451.3022.3.350.44906100.08.0";"99";"Outras Aquisições de Bens Imóveis";"01";"Desapropriações";"61";"Aquisição de Imóveis";"0"
"343903";"15147";"2019";"22";"Secretaria Municipal de Infraestrutura Urbana e Obras";"10";"Gabinete do Secretário";"5";"Nota de Empenho Fornecimento de Bens de Consumo e/ou Permanente";"8";"Art. 24 Inciso II da lei Federal 8.666/93";"6";"Dispensa de Licitação";"24/06/2019 00:00:00";"24/06/2019 00:00:00";"24/06/2019 00:00:00";"0";"0";"1";"12742,79";"0";"12742,79";"0";"A";"1";"";"-1";"-1";"";"";"";"";"41";"SEM REAJUSTE";"";"";"";"18/06/2019 00:00:00";"20/06/2019 00:00:00";"27";"";"";"";"";"201302274178";"P";"";"";"";"Melhoramento: Prolongamento da Av. Dr. Chucri Zaidan até Av. João Dias. - Desap.";"";"22";"Secretaria Municipal de Infraestrutura Urbana e Obras";"10";"Gabinete do Secretário";"12742,79";"0";"1";"0";"0";"12742,79";"12742,79";"0";"12742,79";"0";"0";"0";"12742,79";"12742,79";"0";"12742,79";"0";"12742,79";"0";"0";"0";"12742,79";"12742,79";"0";"0";"0";"0";"0";"0";"0";"0";"0";"0";"0";"0";"0";"0";"0";"0";"0";"0";"0";"0";"37.30.15.451.3009.5.100.44906100.08.0";"99";"Outras Aquisições de Bens Imóveis";"01";"Desapropriações";"61";"Aquisição de Imóveis";"0"
"341083";"12927";"2019";"22";"Secretaria Municipal de Infraestrutura Urbana e Obras";"10";"Gabinete do Secretário";"2";"Termo de Contrato - Serviços";"10";"Art. 24 Inciso IV da lei Federal 8.666/93";"6";"Dispensa de Licitação";"25/01/2019 00:00:00";"23/07/2019 00:00:00";"24/07/2019 00:00:00";"0";"0";"180";"6581865,92";"0";"6581865,92";"0";"E";"9";"umental";"-1";"-1";"";"";"";"";"41";"SEM REAJUSTE";"";"";"";"14/05/2019 00:00:00";"15/05/2019 00:00:00";"31";"";"";"";"";"6022201900008498";"S";"";"";"";"Obra Emergencial para elaboração de projeto estrutural e obra de recuperação e reforço da viga transversal (lingueta) rompida, junto ao primeiro pilar antes do Rio Tietê (sentido Marginal - Dutra) da Ponte Dutra - Acesso Expressa.";"";"22";"Secretaria Municipal de Infraestrutura Urbana e Obras";"10";"Gabinete do Secretário";"7038563,39";"0";"180";"0";"0";"7038563,39";"7038563,39";"0";"6581865,92";"456697,47";"0";"0";"6581865,92";"6581865,92";"456697,47";"7038563,39";"0";"6581865,92";"456697,47";"0";"0";"6581865,92";"6581865,92";"456697,47";"0";"0";"0";"0";"0";"0";"0";"0";"0";"0";"0";"0";"0";"0";"0";"0";"0";"0";"0";"87.10.15.451.3009.5.187.44905100.08.0";"89";"Obras em Andamento - Uso Comum do Povo";"15";"Pontes, Pontilhões e Viadutos";"51";"Obras e Instalações";"0"
"361259";"29282";"2019";"86";"Fundo Municipal de Saneamento Ambiental e Infraestrutura";"22";"FMSAI - Secretaria Municipal de Serviços e Obras";"5";"Nota de Empenho Fornecimento de Bens de Consumo e/ou Permanente";"8";"Art. 24 Inciso II da lei Federal 8.666/93";"6";"Dispensa de Licitação";"04/12/2019 00:00:00";"04/12/2019 00:00:00";"24/07/2023 00:00:00";"0";"0";"0";"386248,77";"0";"386248,77";"0";"E";"1";"";"-1";"-1";"";"";"";"";"41";"SEM REAJUSTE";"";"";"04/12/2019 00:00:00";"02/12/2019 00:00:00";"04/12/2019 00:00:00";"41";"";"";"";"";"6022201900057774";"S";"d837819";"Eliseu Aparecido Netto";"Fiscal";"Desapropriação - Melhoramento: Bacia do Córrego Paciência";"";"86";"Fundo Municipal de Saneamento Ambiental e Infraestrutura";"22";"FMSAI - Secretaria Municipal de Serviços e Obras";"130185,48";"0";"0";"256063,29";"0";"386248,77";"386248,77";"0";"386248,77";"0";"0";"0";"386248,77";"386248,77";"0";"386248,77";"0";"386248,77";"0";"0";"0";"386248,77";"386248,77";"0";"0";"0";"0";"0";"0";"0";"0";"0";"0";"0";"0";"0";"0";"0";"0";"0";"0";"1328";"0";"86.22.17.451.3005.5.013.44906100.03.0";"99";"Outras Aquisições de Bens Imóveis";"01";"Desapropriações";"61";"Aquisição de Imóveis";"0"
"348157";"18434";"2019";"22";"Secretaria Municipal de Infraestrutura Urbana e Obras";"10";"Gabinete do Secretário";"2";"Termo de Contrato - Serviços";"8";"Art. 24 Inciso II da lei Federal 8.666/93";"6";"Dispensa de Licitação";"25/02/2019 00:00:00";"23/08/2019 00:00:00";"24/08/2019 00:00:00";"0";"0";"180";"2023128,27";"0";"2023128,27";"0";"E";"9";"umental";"-1";"-1";"";"";"";"";"41";"SEM REAJUSTE";"";"";"";"02/08/2019 00:00:00";"03/08/2019 00:00:00";"";"";"";"";"";"7910201900001353";"S";"";"";"";"Contratação em caráter emergencial para elaboração de projeto e obra de recuperação e reconstituição estrutural das vigas de sustentação da Ponte da Casa Verde.";"";"22";"Secretaria Municipal de Infraestrutura Urbana e Obras";"10";"Gabinete do Secretário";"2052936,76";"0";"180";"-15292,54";"0";"2037644,22";"2037644,22";"0";"2023128,27";"14515,95";"0";"0";"2023128,27";"2023128,27";"29808,49";"2037644,22";"0";"2023128,27";"14515,95";"0";"0";"2023128,27";"2023128,27";"29808,49";"0";"0";"0";"0";"0";"0";"0";"0";"0";"0";"0";"0";"0,74";"0";"0";"0";"0";"0";"0";"22.10.15.451.3009.5.187.44905100.00.0";"89";"Obras em Andamento - Uso Comum do Povo";"15";"Pontes, Pontilhões e Viadutos";"51";"Obras e Instalações";"0"
"344939";"15925";"2019";"22";"Secretaria Municipal de Infraestrutura Urbana e Obras";"10";"Gabinete do Secretário";"2";"Termo de Contrato - Serviços";"7";"Art. 24 - Inciso I Lei Federal  8.666/93";"6";"Dispensa de Licitação";"05/08/2019 00:00:00";"24/08/2019 00:00:00";"24/08/2019 00:00:00";"0";"0";"20";"13824";"0";"13824";"0";"E";"9";"umental";"-1";"-1";"";"";"";"";"41";"SEM REAJUSTE";"";"";"";"27/06/2019 00:00:00";"28/06/2019 00:00:00";"28";"";"";"";"DL";"6022201900031236";"S";"";"";"";"Contratação direta por dispensa de licitação, objetivando a contratação de Prestação de Serviços Técnicos- Profissionais  de  levantamento planialtimétrico para reforma do acesso à Emei Anísio Teixeira.";"";"22";"Secretaria Municipal de Infraestrutura Urbana e Obras";"10";"Gabinete do Secretário";"13824";"0";"20";"0";"0";"13824";"13824";"0";"13824";"0";"0";"0";"13824";"13824";"0";"13824";"0";"13824";"0";"0";"0";"13824";"13824";"0";"0";"0";"0";"0";"0";"0";"0";"0";"0";"0";"0";"0";"0";"0";"0";"0";"0";"0";"0";"16.10.12.365.3010.3.362.44905100.00.0";"89";"Obras em Andamento - Uso Comum do Povo";"02";"Escolas e Similares";"51";"Obras e Instalações";"0"
"353495";"22725";"2019";"22";"Secretaria Municipal de Infraestrutura Urbana e Obras";"10";"Gabinete do Secretário";"5";"Nota de Empenho Fornecimento de Bens de Consumo e/ou Permanente";"8";"Art. 24 Inciso II da lei Federal 8.666/93";"6";"Dispensa de Licitação";"24/09/2019 00:00:00";"24/09/2019 00:00:00";"24/09/2019 00:00:00";"0";"0";"1";"21352,43";"0";"21352,43";"0";"A";"1";"";"-1";"-1";"";"";"";"";"41";"SEM REAJUSTE";"";"";"";"20/09/2019 00:00:00";"24/09/2019 00:00:00";"31";"";"";"";"";"201302902594";"P";"";"";"";"Melhoramento: Prolongamento da Av. Dr. Chucri Zaidan até a Av. João Dias - DESAP";"";"22";"Secretaria Municipal de Infraestrutura Urbana e Obras";"10";"Gabinete do Secretário";"21352,43";"0";"1";"0";"0";"21352,43";"21352,43";"0";"21352,43";"0";"0";"0";"21352,43";"21352,43";"0";"21352,43";"0";"21352,43";"0";"0";"0";"21352,43";"21352,43";"0";"0";"0";"0";"0";"0";"0";"0";"0";"0";"0";"0";"0";"0";"0";"0";"0";"0";"0";"0";"37.30.15.451.3009.5.100.44906100.08.0";"99";"Outras Aquisições de Bens Imóveis";"01";"Desapropriações";"61";"Aquisição de Imóveis";"0"
"352313";"21757";"2019";"22";"Secretaria Municipal de Infraestrutura Urbana e Obras";"10";"Gabinete do Secretário";"2";"Termo de Contrato - Serviços";"7";"Art. 24 - Inciso I Lei Federal  8.666/93";"6";"Dispensa de Licitação";"30/09/2019 00:00:00";"24/10/2019 00:00:00";"24/10/2019 00:00:00";"0";"0";"25";"5374,20";"0";"5374,20";"0";"E";"9";"umental";"-1";"-1";"";"";"";"";"41";"SEM REAJUSTE";"";"";"";"10/09/2019 00:00:00";"11/09/2019 00:00:00";"30";"";"";"";"DL";"6022201700019950";"S";"";"";"";"Dispensa de licitação - Prestação de serviços técnico-profissionais de levantamento planialtimétrico para construção do CEI SETOR 7602 (JARDIM SINHÁ).";"";"22";"Secretaria Municipal de Infraestrutura Urbana e Obras";"10";"Gabinete do Secretário";"5374,20";"0";"25";"0";"0";"5374,20";"5374,20";"0";"5374,20";"0";"0";"0";"5374,20";"5374,20";"0";"5374,20";"0";"5374,20";"0";"0";"0";"5374,20";"5374,20";"0";"0";"0";"0";"0";"0";"0";"0";"0";"0";"0";"0";"0";"0";"0";"0";"0";"0";"0";"0";"16.10.12.365.3010.3.359.44905100.00.0";"89";"Obras em Andamento - Uso Comum do Povo";"02";"Escolas e Similares";"51";"Obras e Instalações";"0"
"338995";"11152";"2019";"86";"Fundo Municipal de Saneamento Ambiental e Infraestrutura";"22";"FMSAI - Secretaria Municipal de Serviços e Obras";"5";"Nota de Empenho Fornecimento de Bens de Consumo e/ou Permanente";"39";"Não Aplicável";"8";"Não Aplicável";"25/04/2019 00:00:00";"25/04/2019 00:00:00";"25/04/2019 00:00:00";"0";"0";"1";"15936,19";"0";"15936,19";"0";"E";"1";"";"-1";"-1";"";"";"";"";"41";"SEM REAJUSTE";"";"";"";"22/04/2019 00:00:00";"24/04/2019 00:00:00";"23";"";"";"";"";"6022201800057764";"S";"";"";"";"Melhoramento Sistema Viário Vilanova Artigas - Desapropriação.";"";"86";"Fundo Municipal de Saneamento Ambiental e Infraestrutura";"22";"FMSAI - Secretaria Municipal de Serviços e Obras";"15936,19";"0";"1";"0";"0";"15936,19";"15936,19";"0";"15936,19";"0";"0";"0";"15936,19";"15936,19";"0";"15936,19";"0";"15936,19";"0";"0";"0";"15936,19";"15936,19";"0";"0";"0";"0";"0";"0";"0";"0";"0";"0";"0";"0";"0";"0";"0";"0";"0";"0";"0";"0";"86.22.17.451.3005.5.013.44906100.03.0";"99";"Outras Aquisições de Bens Imóveis";"01";"Desapropriações";"61";"Aquisição de Imóveis";"0"
"339012";"11166";"2019";"22";"Secretaria Municipal de Infraestrutura Urbana e Obras";"10";"Gabinete do Secretário";"5";"Nota de Empenho Fornecimento de Bens de Consumo e/ou Permanente";"8";"Art. 24 Inciso II da lei Federal 8.666/93";"6";"Dispensa de Licitação";"25/04/2019 00:00:00";"25/04/2019 00:00:00";"25/04/2019 00:00:00";"0";"0";"1";"84268,94";"0";"84268,94";"0";"A";"1";"";"-1";"-1";"";"";"";"";"41";"SEM REAJUSTE";"";"";"";"23/04/2019 00:00:00";"24/04/2019 00:00:00";"24";"";"";"";"";"201302275042";"P";"";"";"";"Prolongamento da Av. Dr. Chucri Zaidan até a Av. João Dias.";"";"22";"Secretaria Municipal de Infraestrutura Urbana e Obras";"10";"Gabinete do Secretário";"84268,94";"0";"1";"0";"0";"84268,94";"84268,94";"0";"84268,94";"0";"0";"0";"84268,94";"84268,94";"0";"84268,94";"0";"84268,94";"0";"0";"0";"84268,94";"84268,94";"0";"0";"0";"0";"0";"0";"0";"0";"0";"0";"0";"0";"0";"0";"0";"0";"0";"0";"0";"0";"37.30.15.451.3009.5.100.44906100.08.0";"99";"Outras Aquisições de Bens Imóveis";"01";"Desapropriações";"61";"Aquisição de Imóveis";"0"
"338992";"11149";"2019";"86";"Fundo Municipal de Saneamento Ambiental e Infraestrutura";"22";"FMSAI - Secretaria Municipal de Serviços e Obras";"5";"Nota de Empenho Fornecimento de Bens de Consumo e/ou Permanente";"39";"Não Aplicável";"8";"Não Aplicável";"25/04/2019 00:00:00";"25/04/2019 00:00:00";"25/04/2019 00:00:00";"0";"0";"1";"180406,26";"0";"180406,26";"0";"E";"1";"";"-1";"-1";"";"";"";"";"41";"SEM REAJUSTE";"";"";"";"22/04/2019 00:00:00";"24/04/2019 00:00:00";"23";"";"";"";"";"6022201800057713";"S";"";"";"";"Melhoramento Sistema Viário Vilanova Artigas - Desapropriação.";"";"86";"Fundo Municipal de Saneamento Ambiental e Infraestrutura";"22";"FMSAI - Secretaria Municipal de Serviços e Obras";"180406,26";"0";"1";"0";"0";"180406,26";"180406,26";"0";"180406,26";"0";"0";"0";"180406,26";"180406,26";"0";"180406,26";"0";"180406,26";"0";"0";"0";"180406,26";"180406,26";"0";"0";"0";"0";"0";"0";"0";"0";"0";"0";"0";"0";"0";"0";"0";"0";"0";"0";"0";"0";"86.22.17.451.3005.5.013.44906100.03.0";"99";"Outras Aquisições de Bens Imóveis";"01";"Desapropriações";"61";"Aquisição de Imóveis";"0"
"336852";"9250";"2019";"86";"Fundo Municipal de Saneamento Ambiental e Infraestrutura";"22";"";"2";"Termo de Contrato - Serviços";"1";"Art. 22 - Inciso I Lei Federal  8.666/93";"4";"Concorrência";"09/11/2015 00:00:00";"25/07/2021 00:00:00";"25/07/2021 00:00:00";"0";"0";"2085";"1195905,05";"3315936,82";"860769,93";"2456124,22";"A";"9";"umental";"-1";"-1";"";"";"";"";"2";"ESTRUTURA GERAL";"";"";"";"24/09/2015 00:00:00";"25/09/2015 00:00:00";"88";"";"";"";"";"201403578407";"P";"";"";"";"Contratação de empresas ou consórcio de empresas pré-qualificadas no procedimento de pré-qualificaçao nº 005/2014/SIURB, à execução de obras ao controle de inundações da bacia hidrográfica do Córrego Paciência.";"";"86";"Fundo Municipal de Saneamento Ambiental e Infraestrutura";"22";"";"743435,01";"0";"2085";"452470,04";"3315936,82";"4511841,87";"4511841,87";"0";"3316894,15";"0";"1194947,72";"0";"3316894,15";"3316894,15";"1347302,94";"1195905,05";"0";"860769,93";"0";"335135,12";"0";"860769,93";"860769,93";"335135,12";"3315936,82";"0";"2456124,22";"0";"859812,60";"0";"2456124,22";"2456124,22";"1012167,82";"0";"0";"60,86";"0";"0";"0";"0";"0";"0";"0";"86.22.17.451.3005.5.013.44905100.03.0";"89";"Obras em Andamento - Uso Comum do Povo";"22";"Canalização de Córregos";"51";"Obras e Instalações";"1194947,72"
"346714";"17380";"2019";"86";"Fundo Municipal de Saneamento Ambiental e Infraestrutura";"22";"";"2";"Termo de Contrato - Serviços";"1";"Art. 22 - Inciso I Lei Federal  8.666/93";"4";"Concorrência";"09/11/2015 00:00:00";"25/07/2021 00:00:00";"25/07/2021 00:00:00";"0";"0";"2085";"9737170,70";"22544110,67";"5731938,84";"13431127,73";"A";"9";"umental";"-1";"-1";"";"";"";"";"2";"ESTRUTURA GERAL";"";"";"";"24/09/2015 00:00:00";"25/09/2015 00:00:00";"";"";"";"";"";"201403578407";"P";"";"";"";"CT - 077/SIURB/2015 - Córrego Paciência";"";"86";"Fundo Municipal de Saneamento Ambiental e Infraestrutura";"22";"";"995633,21";"0";"2085";"8741537,49";"22544110,67";"32281281,37";"32281281,37";"0";"19163066,57";"0";"13118214,80";"0";"19163066,57";"19163066,57";"17956852,95";"9737170,70";"0";"5731938,84";"0";"4005231,86";"0";"5731938,84";"5731938,84";"7635231,86";"22544110,67";"0";"13431127,73";"0";"9112982,94";"0";"13431127,73";"13431127,73";"10321621,09";"0";"0";"877,99";"0";"0";"0";"0";"0";"0";"0";"86.22.17.451.3005.5.013.44905100.03.0";"89";"Obras em Andamento - Uso Comum do Povo";"22";"Canalização de Córregos";"51";"Obras e Instalações";"13118214,80"
"354487";"23578";"2019";"22";"Secretaria Municipal de Infraestrutura Urbana e Obras";"10";"Gabinete do Secretário";"30";"Nota de Empenho para Fornecimento de Serviços";"39";"Não Aplicável";"8";"Não Aplicável";"21/10/2019 00:00:00";"25/10/2019 00:00:00";"25/10/2019 00:00:00";"0";"0";"5";"780";"0";"780";"0";"E";"9";"umental";"-1";"-1";"";"";"";"";"41";"SEM REAJUSTE";"";"";"";"01/10/2019 00:00:00";"03/10/2019 00:00:00";"35";"";"";"";"";"6022201900050010";"S";"";"";"";"Participação no 40º Congresso de Técnicos, Contabilistas eOrçamentistas Públicos, de 21 a 25 de outubro de 2019, em SerraNegra/SP";"";"22";"Secretaria Municipal de Infraestrutura Urbana e Obras";"10";"Gabinete do Secretário";"780";"0";"5";"0";"0";"780";"780";"0";"780";"0";"0";"0";"780";"780";"0";"780";"0";"780";"0";"0";"0";"780";"780";"0";"0";"0";"0";"0";"0";"0";"0";"0";"0";"0";"0";"0";"0";"0";"0";"0";"0";"0";"0";"22.10.15.122.3024.2.100.33903900.00.0";"22";"Exposições, Congressos, Conferências e Outros Eventos";"07";"Exposições,Congressos,Conferências, e Outros Ev.,Convênios, Seminários";"39";"Outros Serviços de Terceiros - Pessoa Jurídica";"0"
"360271";"28466";"2019";"86";"Fundo Municipal de Saneamento Ambiental e Infraestrutura";"22";"FMSAI - Secretaria Municipal de Serviços e Obras";"5";"Nota de Empenho Fornecimento de Bens de Consumo e/ou Permanente";"8";"Art. 24 Inciso II da lei Federal 8.666/93";"6";"Dispensa de Licitação";"25/11/2019 00:00:00";"25/11/2019 00:00:00";"25/11/2019 00:00:00";"0";"0";"1";"3205,02";"0";"3205,02";"0";"E";"1";"";"-1";"-1";"";"";"";"";"41";"SEM REAJUSTE";"";"";"";"21/11/2019 00:00:00";"23/11/2019 00:00:00";"35";"";"";"";"";"6022201800066402";"S";"";"";"";"Desapropriação - Implantação do melhoramento: Sistema Viário Vilanova Artigas";"";"86";"Fundo Municipal de Saneamento Ambiental e Infraestrutura";"22";"FMSAI - Secretaria Municipal de Serviços e Obras";"3205,02";"0";"1";"0";"0";"3205,02";"3205,02";"0";"3205,02";"0";"0";"0";"3205,02";"3205,02";"0";"3205,02";"0";"3205,02";"0";"0";"0";"3205,02";"3205,02";"0";"0";"0";"0";"0";"0";"0";"0";"0";"0";"0";"0";"0";"0";"0";"0";"0";"0";"0";"0";"86.22.17.451.3005.5.013.44906100.03.0";"99";"Outras Aquisições de Bens Imóveis";"01";"Desapropriações";"61";"Aquisição de Imóveis";"0"
"360290";"28484";"2019";"86";"Fundo Municipal de Saneamento Ambiental e Infraestrutura";"22";"FMSAI - Secretaria Municipal de Serviços e Obras";"5";"Nota de Empenho Fornecimento de Bens de Consumo e/ou Permanente";"8";"Art. 24 Inciso II da lei Federal 8.666/93";"6";"Dispensa de Licitação";"25/11/2019 00:00:00";"25/11/2019 00:00:00";"25/11/2019 00:00:00";"0";"0";"1";"6527,10";"0";"6527,10";"0";"E";"1";"";"-1";"-1";"";"";"";"";"41";"SEM REAJUSTE";"";"";"";"21/11/2019 00:00:00";"23/11/2019 00:00:00";"35";"";"";"";"";"6022201800057730";"S";"";"";"";"Desapropriação - Melhoramento: Sistema Viário Vilanova Artigas";"";"86";"Fundo Municipal de Saneamento Ambiental e Infraestrutura";"22";"FMSAI - Secretaria Municipal de Serviços e Obras";"6527,10";"0";"1";"0";"0";"6527,10";"6527,10";"0";"6527,10";"0";"0";"0";"6527,10";"6527,10";"0";"6527,10";"0";"6527,10";"0";"0";"0";"6527,10";"6527,10";"0";"0";"0";"0";"0";"0";"0";"0";"0";"0";"0";"0";"0";"0";"0";"0";"0";"0";"0";"0";"86.22.17.451.3005.5.013.44906100.03.0";"99";"Outras Aquisições de Bens Imóveis";"01";"Desapropriações";"61";"Aquisição de Imóveis";"0"
"360287";"28482";"2019";"86";"Fundo Municipal de Saneamento Ambiental e Infraestrutura";"22";"FMSAI - Secretaria Municipal de Serviços e Obras";"5";"Nota de Empenho Fornecimento de Bens de Consumo e/ou Permanente";"8";"Art. 24 Inciso II da lei Federal 8.666/93";"6";"Dispensa de Licitação";"25/11/2019 00:00:00";"25/11/2019 00:00:00";"25/11/2019 00:00:00";"0";"0";"1";"20880,74";"0";"20880,74";"0";"E";"1";"";"-1";"-1";"";"";"";"";"41";"SEM REAJUSTE";"";"";"";"21/11/2019 00:00:00";"23/11/2019 00:00:00";"35";"";"";"";"";"6022201800057764";"S";"";"";"";"Desapropriação - Implantação do melhoramento: Sistema Viário Vilanova Artigas";"";"86";"Fundo Municipal de Saneamento Ambiental e Infraestrutura";"22";"FMSAI - Secretaria Municipal de Serviços e Obras";"20880,74";"0";"1";"0";"0";"20880,74";"20880,74";"0";"20880,74";"0";"0";"0";"20880,74";"20880,74";"0";"20880,74";"0";"20880,74";"0";"0";"0";"20880,74";"20880,74";"0";"0";"0";"0";"0";"0";"0";"0";"0";"0";"0";"0";"0";"0";"0";"0";"0";"0";"0";"0";"86.22.17.451.3005.5.013.44906100.03.0";"99";"Outras Aquisições de Bens Imóveis";"01";"Desapropriações";"61";"Aquisição de Imóveis";"0"
"360273";"28468";"2019";"86";"Fundo Municipal de Saneamento Ambiental e Infraestrutura";"22";"FMSAI - Secretaria Municipal de Serviços e Obras";"5";"Nota de Empenho Fornecimento de Bens de Consumo e/ou Permanente";"8";"Art. 24 Inciso II da lei Federal 8.666/93";"6";"Dispensa de Licitação";"25/11/2019 00:00:00";"25/11/2019 00:00:00";"25/11/2019 00:00:00";"0";"0";"1";"79553,99";"0";"79553,99";"0";"E";"1";"";"-1";"-1";"";"";"";"";"41";"SEM REAJUSTE";"";"";"";"21/11/2019 00:00:00";"23/11/2019 00:00:00";"35";"";"";"";"";"6022201800066399";"S";"";"";"";"Desapropriação - Melhoramento: Sistema Viário Vilanova Artigas";"";"86";"Fundo Municipal de Saneamento Ambiental e Infraestrutura";"22";"FMSAI - Secretaria Municipal de Serviços e Obras";"79553,99";"0";"1";"0";"0";"79553,99";"79553,99";"0";"79553,99";"0";"0";"0";"79553,99";"79553,99";"0";"79553,99";"0";"79553,99";"0";"0";"0";"79553,99";"79553,99";"0";"0";"0";"0";"0";"0";"0";"0";"0";"0";"0";"0";"0";"0";"0";"0";"0";"0";"0";"0";"86.22.17.451.3005.5.013.44906100.03.0";"99";"Outras Aquisições de Bens Imóveis";"01";"Desapropriações";"61";"Aquisição de Imóveis";"0"
"360296";"28487";"2019";"86";"Fundo Municipal de Saneamento Ambiental e Infraestrutura";"22";"FMSAI - Secretaria Municipal de Serviços e Obras";"5";"Nota de Empenho Fornecimento de Bens de Consumo e/ou Permanente";"8";"Art. 24 Inciso II da lei Federal 8.666/93";"6";"Dispensa de Licitação";"25/11/2019 00:00:00";"25/11/2019 00:00:00";"25/11/2019 00:00:00";"0";"0";"1";"17681,51";"0";"17681,51";"0";"E";"1";"";"-1";"-1";"";"";"";"";"41";"SEM REAJUSTE";"";"";"";"21/11/2019 00:00:00";"23/11/2019 00:00:00";"35";"";"";"";"";"6022201800057713";"S";"";"";"";"Desapropriação - Melhoramento: Sistema Viário Vilanova Artigas";"";"86";"Fundo Municipal de Saneamento Ambiental e Infraestrutura";"22";"FMSAI - Secretaria Municipal de Serviços e Obras";"17681,51";"0";"1";"0";"0";"17681,51";"17681,51";"0";"17681,51";"0";"0";"0";"17681,51";"17681,51";"0";"17681,51";"0";"17681,51";"0";"0";"0";"17681,51";"17681,51";"0";"0";"0";"0";"0";"0";"0";"0";"0";"0";"0";"0";"0";"0";"0";"0";"0";"0";"0";"0";"86.22.17.451.3005.5.013.44906100.03.0";"99";"Outras Aquisições de Bens Imóveis";"01";"Desapropriações";"61";"Aquisição de Imóveis";"0"
"359533";"27818";"2019";"22";"Secretaria Municipal de Infraestrutura Urbana e Obras";"10";"Gabinete do Secretário";"2";"Termo de Contrato - Serviços";"6";"Lei Federal 10.520/02";"12";"Pregão";"25/11/2019 00:00:00";"23/11/2020 00:00:00";"25/11/2022 00:00:00";"0";"0";"364";"96839,58";"7613,81";"96205,41";"6804,92";"A";"84";"te do gestor";"-1";"-1";"";"";"";"";"41";"SEM REAJUSTE";"116/SIURB/2019";"Geisiane Mendes da Silva";"22/10/2019 00:00:00";"14/11/2019 00:00:00";"15/11/2019 00:00:00";"109";"25/11/2019 00:00:00";"03/12/2019 00:00:00";"78";"04/2019";"6022201800050581";"S";"770660";"Raquel Alves Cabral Toledo";"Assesora Técnica";"serviços de manutenção preventiva e corretiva predial dos equipamentos de bombeamento de água do edifício Domingos Fernandes Alonso - Galeria Olido";"";"22";"Secretaria Municipal de Infraestrutura Urbana e Obras";"10";"Gabinete do Secretário";"30000";"0";"364";"66839,58";"7613,81";"104453,39";"104453,39";"0";"103010,33";"0";"1443,06";"0";"103010,33";"92885,73";"503,96";"96839,58";"0";"96205,41";"0";"634,17";"0";"96205,41";"87167,42";"174,25";"7613,81";"0";"6804,92";"0";"808,89";"0";"6804,92";"5718,31";"329,71";"0";"0";"24,11";"0";"0";"0";"0";"0";"732";"0";"22.10.15.122.3024.2.100.33903900.00.0";"17";"Manut. e Conserv. de Máquinas e Equipamentos";"99";"Outras Máquinas e Equipamentos";"39";"Outros Serviços de Terceiros - Pessoa Jurídica";"1443,06"
"338988";"11145";"2019";"86";"Fundo Municipal de Saneamento Ambiental e Infraestrutura";"22";"FMSAI - Secretaria Municipal de Serviços e Obras";"5";"Nota de Empenho Fornecimento de Bens de Consumo e/ou Permanente";"39";"Não Aplicável";"8";"Não Aplicável";"25/04/2019 00:00:00";"25/04/2019 00:00:00";"26/04/2019 00:00:00";"0";"0";"1";"0";"0";"0";"0";"E";"1";"";"-1";"-1";"";"";"";"";"41";"SEM REAJUSTE";"";"";"";"22/04/2019 00:00:00";"24/04/2019 00:00:00";"23";"";"";"";"";"6022201800057772";"S";"";"";"";"Melhoramento Sistema Viário Vilanova Artigas - Desapropriação.";"";"86";"Fundo Municipal de Saneamento Ambiental e Infraestrutura";"22";"FMSAI - Secretaria Municipal de Serviços e Obras";"125122,22";"0";"1";"0";"0";"125122,22";"125122,22";"0";"0";"125122,22";"0";"0";"0";"0";"125122,22";"125122,22";"0";"0";"125122,22";"0";"0";"0";"0";"125122,22";"0";"0";"0";"0";"0";"0";"0";"0";"0";"0";"0";"0";"0";"0";"0";"0";"0";"0";"0";"86.22.17.451.3005.5.013.44906100.03.0";"99";"Outras Aquisições de Bens Imóveis";"01";"Desapropriações";"61";"Aquisição de Imóveis";"0"
"344188";"15381";"2019";"22";"Secretaria Municipal de Infraestrutura Urbana e Obras";"10";"Gabinete do Secretário";"5";"Nota de Empenho Fornecimento de Bens de Consumo e/ou Permanente";"8";"Art. 24 Inciso II da lei Federal 8.666/93";"6";"Dispensa de Licitação";"26/06/2019 00:00:00";"26/06/2019 00:00:00";"26/06/2019 00:00:00";"0";"0";"1";"279756,89";"0";"279756,89";"0";"A";"1";"";"-1";"-1";"";"";"";"";"41";"SEM REAJUSTE";"";"";"";"25/06/2019 00:00:00";"26/06/2019 00:00:00";"29";"";"";"";"";"201600473705";"P";"";"";"";"Melhoramento: Requalificação da Av. Santo Amaro - Boulevard Santo Amaro.";"";"22";"Secretaria Municipal de Infraestrutura Urbana e Obras";"10";"Gabinete do Secretário";"279756,89";"0";"1";"0";"0";"279756,89";"279756,89";"0";"279756,89";"0";"0";"0";"279756,89";"279756,89";"0";"279756,89";"0";"279756,89";"0";"0";"0";"279756,89";"279756,89";"0";"0";"0";"0";"0";"0";"0";"0";"0";"0";"0";"0";"0";"0";"0";"0";"0";"0";"0";"0";"37.50.15.451.3022.3.350.44906100.08.0";"99";"Outras Aquisições de Bens Imóveis";"01";"Desapropriações";"61";"Aquisição de Imóveis";"0"
"344195";"15385";"2019";"22";"Secretaria Municipal de Infraestrutura Urbana e Obras";"10";"Gabinete do Secretário";"5";"Nota de Empenho Fornecimento de Bens de Consumo e/ou Permanente";"8";"Art. 24 Inciso II da lei Federal 8.666/93";"6";"Dispensa de Licitação";"26/06/2019 00:00:00";"26/06/2019 00:00:00";"26/06/2019 00:00:00";"0";"0";"1";"147512,78";"0";"147512,78";"0";"A";"1";"";"-1";"-1";"";"";"";"";"41";"SEM REAJUSTE";"";"";"";"25/06/2019 00:00:00";"26/06/2019 00:00:00";"";"";"";"";"";"201600931541";"P";"";"";"";"Melhoramento: Requalificação da Av. Santo Amaro - Boulevard Santo Amaro.";"";"22";"Secretaria Municipal de Infraestrutura Urbana e Obras";"10";"Gabinete do Secretário";"147512,78";"0";"1";"0";"0";"147512,78";"147512,78";"0";"147512,78";"0";"0";"0";"147512,78";"147512,78";"0";"147512,78";"0";"147512,78";"0";"0";"0";"147512,78";"147512,78";"0";"0";"0";"0";"0";"0";"0";"0";"0";"0";"0";"0";"0";"0";"0";"0";"0";"0";"0";"0";"37.50.15.451.3022.3.350.44906100.08.0";"99";"Outras Aquisições de Bens Imóveis";"01";"Desapropriações";"61";"Aquisição de Imóveis";"0"
"339307";"11425";"2019";"98";"Fundo de Desenvolvimento Urbano";"22";"FUNDURB - Secretaria Municipal de Infra-Estrutura Urbana e Obras";"2";"Termo de Contrato - Serviços";"1";"Art. 22 - Inciso I Lei Federal  8.666/93";"4";"Concorrência";"01/07/2016 00:00:00";"26/07/2020 00:00:00";"26/07/2020 00:00:00";"0";"0";"1486";"1362029,17";"137970,83";"1362029,17";"137970,83";"E";"9";"umental";"-1";"-1";"";"";"";"";"2";"ESTRUTURA GERAL";"013/SIURB/2016";"";"";"03/06/2016 00:00:00";"04/06/2016 00:00:00";"";"";"";"";"";"7910201700004316";"S";"";"";"";"Execução das obras de ligação Pirituba-Lapa - Melhoramento Viário Av. Raimundo Pereira de Magalhães e Rua John Harrison, inclusive implantaçao das pontes sobre o Rio Tietê e Passagem sob a Linha 8 - Diamante da CPTM, próximo ao cruzamento da Av. Raimundo Pereira de Magalhães com a Rua Gago Coutinho.";"";"98";"Fundo de Desenvolvimento Urbano";"22";"FUNDURB - Secretaria Municipal de Infra-Estrutura Urbana e Obras";"1362029,17";"0";"1486";"0";"137970,83";"1500000";"1500000";"0";"1500000";"0";"0";"0";"1500000";"1500000";"0";"1362029,17";"0";"1362029,17";"0";"0";"0";"1362029,17";"1362029,17";"0";"137970,83";"0";"137970,83";"0";"0";"0";"137970,83";"137970,83";"0";"0";"0";"0";"0";"0";"0";"0";"0";"0";"0";"98.22.15.451.3009.5.100.44905100.08.0";"89";"Obras em Andamento - Uso Comum do Povo";"19";"Sistemas Viários";"51";"Obras e Instalações";"0"
"351002";"20684";"2019";"86";"Fundo Municipal de Saneamento Ambiental e Infraestrutura";"22";"FMSAI - Secretaria Municipal de Serviços e Obras";"5";"Nota de Empenho Fornecimento de Bens de Consumo e/ou Permanente";"39";"Não Aplicável";"8";"Não Aplicável";"28/08/2018 00:00:00";"26/09/2018 00:00:00";"26/09/2018 00:00:00";"0";"0";"30";"127882,90";"0";"127882,90";"0";"E";"1";"";"-1";"-1";"";"";"";"";"41";"SEM REAJUSTE";"";"";"";"21/08/2019 00:00:00";"23/08/2019 00:00:00";"26";"";"";"";"";"6022201800059171";"S";"";"";"";"Melhoramento: Bacia do Córrego Paciência - Desap.";"";"86";"Fundo Municipal de Saneamento Ambiental e Infraestrutura";"22";"FMSAI - Secretaria Municipal de Serviços e Obras";"127882,90";"0";"30";"0";"0";"127882,90";"127882,90";"0";"127882,90";"0";"0";"0";"127882,90";"127882,90";"0";"127882,90";"0";"127882,90";"0";"0";"0";"127882,90";"127882,90";"0";"0";"0";"0";"0";"0";"0";"0";"0";"0";"0";"0";"0";"0";"0";"0";"0";"0";"0";"0";"86.22.17.451.3005.5.013.44906100.03.0";"99";"Outras Aquisições de Bens Imóveis";"01";"Desapropriações";"61";"Aquisição de Imóveis";"0"
"350990";"20673";"2019";"86";"Fundo Municipal de Saneamento Ambiental e Infraestrutura";"22";"FMSAI - Secretaria Municipal de Serviços e Obras";"5";"Nota de Empenho Fornecimento de Bens de Consumo e/ou Permanente";"39";"Não Aplicável";"8";"Não Aplicável";"28/08/2019 00:00:00";"26/09/2019 00:00:00";"26/09/2019 00:00:00";"0";"0";"30";"44411,29";"0";"44411,29";"0";"E";"1";"";"-1";"-1";"";"";"";"";"41";"SEM REAJUSTE";"";"";"";"26/08/2019 00:00:00";"28/08/2019 00:00:00";"27";"";"";"";"";"6022201900031856";"S";"";"";"";"Desapropriação - Melhoramento: Córrego Tremembé - Trecho 7";"";"86";"Fundo Municipal de Saneamento Ambiental e Infraestrutura";"22";"FMSAI - Secretaria Municipal de Serviços e Obras";"44411,29";"0";"30";"0";"0";"44411,29";"44411,29";"0";"44411,29";"0";"0";"0";"44411,29";"44411,29";"0";"44411,29";"0";"44411,29";"0";"0";"0";"44411,29";"44411,29";"0";"0";"0";"0";"0";"0";"0";"0";"0";"0";"0";"0";"0";"0";"0";"0";"0";"0";"0";"0";"86.22.17.451.3005.5.013.44906100.03.0";"99";"Outras Aquisições de Bens Imóveis";"01";"Desapropriações";"61";"Aquisição de Imóveis";"0"
"350998";"20680";"2019";"86";"Fundo Municipal de Saneamento Ambiental e Infraestrutura";"22";"FMSAI - Secretaria Municipal de Serviços e Obras";"5";"Nota de Empenho Fornecimento de Bens de Consumo e/ou Permanente";"39";"Não Aplicável";"8";"Não Aplicável";"28/08/2019 00:00:00";"26/09/2019 00:00:00";"26/09/2019 00:00:00";"0";"0";"30";"103695,59";"0";"103695,59";"0";"E";"1";"";"-1";"-1";"";"";"";"";"41";"SEM REAJUSTE";"";"";"";"30/05/2019 00:00:00";"31/05/2019 00:00:00";"66";"";"";"";"";"6022201800059180";"S";"";"";"";": Melhoramento: Bacia do Córrego Paciência - Desap.";"";"86";"Fundo Municipal de Saneamento Ambiental e Infraestrutura";"22";"FMSAI - Secretaria Municipal de Serviços e Obras";"103695,59";"0";"30";"0";"0";"103695,59";"103695,59";"0";"103695,59";"0";"0";"0";"103695,59";"103695,59";"0";"103695,59";"0";"103695,59";"0";"0";"0";"103695,59";"103695,59";"0";"0";"0";"0";"0";"0";"0";"0";"0";"0";"0";"0";"0";"0";"0";"0";"0";"0";"0";"0";"86.22.17.451.3005.5.013.44906100.03.0";"99";"Outras Aquisições de Bens Imóveis";"01";"Desapropriações";"61";"Aquisição de Imóveis";"0"
"360131";"28349";"2019";"22";"Secretaria Municipal de Infraestrutura Urbana e Obras";"10";"Gabinete do Secretário";"30";"Nota de Empenho para Fornecimento de Serviços";"36";"Art. 25 - Inciso I Lei Federal  8.666/93";"7";"Inexigibilidade";"28/11/2019 00:00:00";"26/11/2020 00:00:00";"26/11/2020 00:00:00";"0";"0";"365";"358,80";"0";"358,80";"0";"E";"84";"te do gestor";"-1";"-1";"";"";"";"";"41";"SEM REAJUSTE";"";"Edna Dallecrode Martins";"11/11/2019 00:00:00";"19/11/2019 00:00:00";"22/11/2019 00:00:00";"45";"";"";"";"";"6022201900055550";"S";"";"";"";"assinatura anual do jornal Folha de São Paulo, versão digital diária";"";"22";"Secretaria Municipal de Infraestrutura Urbana e Obras";"10";"Gabinete do Secretário";"358,80";"0";"365";"0";"0";"358,80";"358,80";"0";"358,80";"0";"0";"0";"358,80";"358,80";"0";"358,80";"0";"358,80";"0";"0";"0";"358,80";"358,80";"0";"0";"0";"0";"0";"0";"0";"0";"0";"0";"0";"0";"0";"0";"0";"0";"0";"0";"0";"0";"22.10.15.122.3024.2.100.33903900.00.0";"01";"Assinatura de Periódicos e Anuidades";"01";"Assinatura de Jornais";"39";"Outros Serviços de Terceiros - Pessoa Jurídica";"0"
"348997";"19134";"2019";"86";"Fundo Municipal de Saneamento Ambiental e Infraestrutura";"22";"FMSAI - Secretaria Municipal de Serviços e Obras";"5";"Nota de Empenho Fornecimento de Bens de Consumo e/ou Permanente";"8";"Art. 24 Inciso II da lei Federal 8.666/93";"6";"Dispensa de Licitação";"29/01/2019 00:00:00";"27/02/2019 00:00:00";"27/02/2019 00:00:00";"0";"0";"30";"73374,27";"0";"73374,27";"0";"E";"1";"";"-1";"-1";"";"";"";"";"41";"SEM REAJUSTE";"";"";"";"07/08/2019 00:00:00";"08/08/2019 00:00:00";"";"";"";"";"";"6022201800004822";"S";"";"";"";"Serviços de remoção de posteamento - Rua Pedro Armani x Rua Antonia Andrelina - Pq. Linear - São Paulo";"";"86";"Fundo Municipal de Saneamento Ambiental e Infraestrutura";"22";"FMSAI - Secretaria Municipal de Serviços e Obras";"73374,27";"0";"30";"0";"0";"73374,27";"73374,27";"0";"73374,27";"0";"0";"0";"73374,27";"73374,27";"0";"73374,27";"0";"73374,27";"0";"0";"0";"73374,27";"73374,27";"0";"0";"0";"0";"0";"0";"0";"0";"0";"0";"0";"0";"0";"0";"0";"0";"0";"0";"0";"0";"86.22.17.451.3005.5.013.44905100.03.0";"99";"Outras Obras e Instalações";"04";"Remanejamento de Interferências";"51";"Obras e Instalações";"0"
"364279";"31877";"2019";"22";"Secretaria Municipal de Infraestrutura Urbana e Obras";"10";"Gabinete do Secretário";"2";"Termo de Contrato - Serviços";"7";"Art. 24 - Inciso I Lei Federal  8.666/93";"6";"Dispensa de Licitação";"31/10/2019 00:00:00";"27/02/2020 00:00:00";"27/02/2020 00:00:00";"0";"0";"120";"977357,67";"0";"977357,67";"0";"E";"9";"umental";"-1";"-1";"";"";"";"";"41";"SEM REAJUSTE";"";"";"";"01/11/2019 00:00:00";"02/11/2019 00:00:00";"37";"";"";"";"";"7910201900008064";"S";"";"";"";"Contratação em caráter emergencial para elaboração de projeto estrutural e obra de recuperação da Ponte Cidade Jardim";"";"22";"Secretaria Municipal de Infraestrutura Urbana e Obras";"10";"Gabinete do Secretário";"977357,67";"0";"120";"0";"0";"977357,67";"977357,67";"0";"977357,67";"0";"0";"0";"977357,67";"977357,67";"0";"977357,67";"0";"977357,67";"0";"0";"0";"977357,67";"977357,67";"0";"0";"0";"0";"0";"0";"0";"0";"0";"0";"0";"0";"0";"0";"0";"0";"0";"0";"0";"0";"22.10.15.451.3009.5.187.44905100.00.0";"89";"Obras em Andamento - Uso Comum do Povo";"15";"Pontes, Pontilhões e Viadutos";"51";"Obras e Instalações";"0"
"341884";"13588";"2019";"22";"Secretaria Municipal de Infraestrutura Urbana e Obras";"10";"Gabinete do Secretário";"5";"Nota de Empenho Fornecimento de Bens de Consumo e/ou Permanente";"8";"Art. 24 Inciso II da lei Federal 8.666/93";"6";"Dispensa de Licitação";"27/05/2019 00:00:00";"27/05/2019 00:00:00";"27/05/2019 00:00:00";"0";"0";"1";"879,95";"0";"879,95";"0";"A";"1";"";"-1";"-1";"";"";"";"";"41";"SEM REAJUSTE";"";"";"";"23/05/2019 00:00:00";"25/05/2019 00:00:00";"38";"";"";"";"";"201600368537";"P";"";"";"";"Melhoramento: Requalificação da Av. Santo Amaro - Boulevard Santo Amaro.";"";"22";"Secretaria Municipal de Infraestrutura Urbana e Obras";"10";"Gabinete do Secretário";"879,95";"0";"1";"0";"0";"879,95";"879,95";"0";"879,95";"0";"0";"0";"879,95";"879,95";"0";"879,95";"0";"879,95";"0";"0";"0";"879,95";"879,95";"0";"0";"0";"0";"0";"0";"0";"0";"0";"0";"0";"0";"0";"0";"0";"0";"0";"0";"0";"0";"37.50.15.451.3022.3.350.44906100.08.0";"99";"Outras Aquisições de Bens Imóveis";"01";"Desapropriações";"61";"Aquisição de Imóveis";"0"
"341892";"13593";"2019";"22";"Secretaria Municipal de Infraestrutura Urbana e Obras";"10";"Gabinete do Secretário";"5";"Nota de Empenho Fornecimento de Bens de Consumo e/ou Permanente";"8";"Art. 24 Inciso II da lei Federal 8.666/93";"6";"Dispensa de Licitação";"27/05/2019 00:00:00";"27/05/2019 00:00:00";"27/05/2019 00:00:00";"0";"0";"1";"166082,03";"0";"166082,03";"0";"A";"1";"";"-1";"-1";"";"";"";"";"41";"SEM REAJUSTE";"";"";"";"24/05/2019 00:00:00";"25/05/2019 00:00:00";"38";"";"";"";"";"201600451647";"P";"";"";"";"Melhoramento: Requalificação da Av. Santo Amaro - Boulevard Santo Amaro.";"";"22";"Secretaria Municipal de Infraestrutura Urbana e Obras";"10";"Gabinete do Secretário";"166082,03";"0";"1";"0";"0";"166082,03";"166082,03";"0";"166082,03";"0";"0";"0";"166082,03";"166082,03";"0";"166082,03";"0";"166082,03";"0";"0";"0";"166082,03";"166082,03";"0";"0";"0";"0";"0";"0";"0";"0";"0";"0";"0";"0";"0";"0";"0";"0";"0";"0";"0";"0";"37.50.15.451.3022.3.350.44906100.08.0";"99";"Outras Aquisições de Bens Imóveis";"01";"Desapropriações";"61";"Aquisição de Imóveis";"0"
"339135";"11268";"2019";"22";"Secretaria Municipal de Infraestrutura Urbana e Obras";"10";"Gabinete do Secretário";"2";"Termo de Contrato - Serviços";"10";"Art. 24 Inciso IV da lei Federal 8.666/93";"6";"Dispensa de Licitação";"29/11/2018 00:00:00";"27/05/2019 00:00:00";"27/05/2019 00:00:00";"0";"0";"179";"1571089,74";"0";"1122604,44";"0";"S";"9";"umental";"-1";"-1";"";"";"";"";"41";"SEM REAJUSTE";"066/SMSUB/COGEL/2018";"";"";"28/11/2018 00:00:00";"29/11/2018 00:00:00";"65";"";"";"";"";"6012201800035855";"S";"";"";"";"Execução de obras emergenciais para Recuperação estrutural e Funcional do Tabuleiro da PONTE DO LIMÃO no Lado Sul sobre a Pista Local da Marginal Tiête, Sentido Lapa/Penha";"";"22";"Secretaria Municipal de Infraestrutura Urbana e Obras";"10";"Gabinete do Secretário";"1571089,74";"0";"179";"0";"0";"1571089,74";"1571089,74";"0";"1122604,44";"0";"448485,30";"0";"1122604,44";"1122604,44";"179055,91";"1571089,74";"0";"1122604,44";"0";"448485,30";"0";"1122604,44";"1122604,44";"179055,91";"0";"0";"0";"0";"0";"0";"0";"0";"0";"0";"0";"0";"0";"0";"0";"0";"0";"0";"0";"87.10.15.451.3009.5.187.44905100.08.0";"89";"Obras em Andamento - Uso Comum do Povo";"15";"Pontes, Pontilhões e Viadutos";"51";"Obras e Instalações";"448485,30"
"341888";"13592";"2019";"22";"Secretaria Municipal de Infraestrutura Urbana e Obras";"10";"Gabinete do Secretário";"5";"Nota de Empenho Fornecimento de Bens de Consumo e/ou Permanente";"8";"Art. 24 Inciso II da lei Federal 8.666/93";"6";"Dispensa de Licitação";"27/05/2019 00:00:00";"27/05/2019 00:00:00";"27/05/2019 00:00:00";"0";"0";"1";"100470,01";"0";"100470,01";"0";"A";"1";"";"-1";"-1";"";"";"";"";"41";"SEM REAJUSTE";"";"";"";"23/05/2019 00:00:00";"25/05/2019 00:00:00";"38";"";"";"";"";"201600482895";"P";"";"";"";"Melhoramento: Requalificação da Av. Santo Amaro - Boulevard Santo Amaro.";"";"22";"Secretaria Municipal de Infraestrutura Urbana e Obras";"10";"Gabinete do Secretário";"100470,01";"0";"1";"0";"0";"100470,01";"100470,01";"0";"100470,01";"0";"0";"0";"100470,01";"100470,01";"0";"100470,01";"0";"100470,01";"0";"0";"0";"100470,01";"100470,01";"0";"0";"0";"0";"0";"0";"0";"0";"0";"0";"0";"0";"0";"0";"0";"0";"0";"0";"0";"0";"37.50.15.451.3022.3.350.44906100.08.0";"99";"Outras Aquisições de Bens Imóveis";"01";"Desapropriações";"61";"Aquisição de Imóveis";"0"
"361639";"29629";"2019";"98";"Fundo de Desenvolvimento Urbano";"22";"FUNDURB - Secretaria Municipal de Infraestrutura Urbana e Obras";"2";"Termo de Contrato - Serviços";"8";"Art. 24 Inciso II da lei Federal 8.666/93";"6";"Dispensa de Licitação";"29/11/2018 00:00:00";"27/05/2019 00:00:00";"27/05/2019 00:00:00";"0";"0";"179";"0";"0";"0";"0";"E";"9";"umental";"-1";"-1";"";"";"";"";"41";"SEM REAJUSTE";"066/SMSUB/COGEL/2018";"";"";"28/11/2018 00:00:00";"29/11/2018 00:00:00";"65";"";"";"";"";"6012201800035855";"S";"";"";"";"066/SMSUB/COGEL/2018 - Execução de Obras Emergenciais para recuperação estrutural e funcional do Tabuleiro da Ponte do limão";"";"98";"Fundo de Desenvolvimento Urbano";"22";"FUNDURB - Secretaria Municipal de Infraestrutura Urbana e Obras";"179055,91";"0";"179";"0";"0";"179055,91";"179055,91";"0";"0";"179055,91";"0";"0";"0";"0";"179055,91";"179055,91";"0";"0";"179055,91";"0";"0";"0";"0";"179055,91";"0";"0";"0";"0";"0";"0";"0";"0";"0";"0";"0";"0";"0";"0";"0";"0";"0";"0";"0";"98.22.15.451.3009.5.187.44905100.08.0";"89";"Obras em Andamento - Uso Comum do Povo";"15";"Pontes, Pontilhões e Viadutos";"51";"Obras e Instalações";"0"
"353577";"22777";"2019";"22";"Secretaria Municipal de Infraestrutura Urbana e Obras";"10";"Gabinete do Secretário";"2";"Termo de Contrato - Serviços";"2";"Art. 22 - Inciso II Lei Federal  8.666/93";"3";"Tomada de Preços";"01/10/2019 00:00:00";"27/05/2020 00:00:00";"27/05/2020 00:00:00";"0";"0";"239";"1213556,71";"0";"1189034,47";"0";"A";"9";"umental";"-1";"-1";"";"";"";"";"26";"CONSULTORIA";"";"";"";"29/08/2019 00:00:00";"31/08/2019 00:00:00";"86";"";"";"";"";"201701746146";"P";"";"";"";"CT - 096/SIURB/2019 -Mooca";"";"22";"Secretaria Municipal de Infraestrutura Urbana e Obras";"10";"Gabinete do Secretário";"515600,37";"0";"239";"697956,34";"0";"1213556,71";"1213556,71";"0";"1189034,47";"0";"24522,24";"0";"1189034,47";"1189034,47";"503275,28";"1213556,71";"0";"1189034,47";"0";"24522,24";"0";"1189034,47";"1189034,47";"503275,28";"0";"0";"0";"0";"0";"0";"0";"0";"0";"0";"0";"135,37";"0";"0";"0";"0";"0";"0";"0";"22.10.17.451.3005.5.013.44903900.01.0";"05";"Serviços Técnicos Profissionais";"01";"Gerenciamento";"39";"Outros Serviços de Terceiros - Pessoa Jurídica";"24522,24"
"351324";"20945";"2019";"86";"Fundo Municipal de Saneamento Ambiental e Infraestrutura";"22";"FMSAI - Secretaria Municipal de Serviços e Obras";"2";"Termo de Contrato - Serviços";"2";"Art. 22 - Inciso II Lei Federal  8.666/93";"3";"Tomada de Preços";"01/10/2019 00:00:00";"27/05/2020 00:00:00";"27/05/2020 00:00:00";"0";"0";"240";"1277875,27";"0";"63018,83";"0";"A";"9";"umental";"-1";"-1";"";"";"";"";"26";"CONSULTORIA";"";"";"";"28/08/2019 00:00:00";"29/08/2019 00:00:00";"";"";"";"";"";"201701746146";"P";"";"";"";"Contratação do Projeto executivo do reservatório de contenção de cheias do Córrego da Mooca - Reservatório Mooca 02.";"";"86";"Fundo Municipal de Saneamento Ambiental e Infraestrutura";"22";"FMSAI - Secretaria Municipal de Serviços e Obras";"1277875,27";"0";"240";"0";"0";"1277875,27";"1277875,27";"0";"63018,83";"0";"1214856,44";"0";"63018,83";"63018,83";"654909,97";"1277875,27";"0";"63018,83";"0";"1214856,44";"0";"63018,83";"63018,83";"654909,97";"0";"0";"0";"0";"0";"0";"0";"0";"0";"0";"0";"0";"0";"0";"0";"0";"0";"0";"0";"86.22.17.451.3005.5.013.44903900.03.0";"05";"Serviços Técnicos Profissionais";"01";"Gerenciamento";"39";"Outros Serviços de Terceiros - Pessoa Jurídica";"1214856,44"
"328380";"2234";"2019";"22";"Secretaria Municipal de Infraestrutura Urbana e Obras";"10";"Gabinete do Secretário";"2";"Termo de Contrato - Serviços";"1";"Art. 22 - Inciso I Lei Federal  8.666/93";"4";"Concorrência";"28/02/2019 00:00:00";"27/06/2019 00:00:00";"27/06/2019 00:00:00";"0";"0";"120";"66589,35";"8014,17";"66589,26";"8014,17";"A";"9";"umental";"-1";"-1";"";"";"";"";"26";"CONSULTORIA";"";"";"";"07/02/2019 00:00:00";"08/02/2019 00:00:00";"";"";"";"";"";"201203395333";"P";"";"";"";"Ata de Registro de Preços nº 001/SMSO/2017 - Agrupamento I e III - Material expropriatório - Circuito de Compras";"";"22";"Secretaria Municipal de Infraestrutura Urbana e Obras";"10";"Gabinete do Secretário";"66589,35";"0";"120";"0";"8014,17";"74603,52";"74603,52";"0";"74603,43";"0";"0,09";"0";"74603,43";"74603,43";"0,09";"66589,35";"0";"66589,26";"0";"0,09";"0";"66589,26";"66589,26";"0,09";"8014,17";"0";"8014,17";"0";"0";"0";"8014,17";"8014,17";"0";"0";"0";"0";"0";"0";"0";"0";"0";"0";"0";"12.10.15.451.3022.1.170.44905100.00.0";"80";"Estudos e Projetos";"99";"Outros Estudos e Projetos";"51";"Obras e Instalações";"0,09"
"354011";"23152";"2019";"98";"Fundo de Desenvolvimento Urbano";"22";"FUNDURB - Secretaria Municipal de Infraestrutura Urbana e Obras";"5";"Nota de Empenho Fornecimento de Bens de Consumo e/ou Permanente";"8";"Art. 24 Inciso II da lei Federal 8.666/93";"6";"Dispensa de Licitação";"27/09/2019 00:00:00";"27/09/2019 00:00:00";"27/09/2019 00:00:00";"0";"0";"1";"44125,81";"0";"44125,81";"0";"E";"1";"";"-1";"-1";"";"";"";"";"41";"SEM REAJUSTE";"";"";"";"25/09/2019 00:00:00";"27/09/2019 00:00:00";"36";"";"";"";"";"7910201900004271";"S";"";"";"";"Desapropriação - Melhoramento: Ligação Viária Pirituba-Lapa";"";"98";"Fundo de Desenvolvimento Urbano";"22";"FUNDURB - Secretaria Municipal de Infraestrutura Urbana e Obras";"44125,81";"0";"1";"0";"0";"44125,81";"44125,81";"0";"44125,81";"0";"0";"0";"44125,81";"44125,81";"0";"44125,81";"0";"44125,81";"0";"0";"0";"44125,81";"44125,81";"0";"0";"0";"0";"0";"0";"0";"0";"0";"0";"0";"0";"0";"0";"0";"0";"0";"0";"0";"0";"98.22.15.451.3009.5.100.44906100.08.0";"99";"Outras Aquisições de Bens Imóveis";"01";"Desapropriações";"61";"Aquisição de Imóveis";"0"
"354012";"23153";"2019";"98";"Fundo de Desenvolvimento Urbano";"22";"FUNDURB - Secretaria Municipal de Infraestrutura Urbana e Obras";"5";"Nota de Empenho Fornecimento de Bens de Consumo e/ou Permanente";"8";"Art. 24 Inciso II da lei Federal 8.666/93";"6";"Dispensa de Licitação";"27/09/2019 00:00:00";"27/09/2019 00:00:00";"27/09/2019 00:00:00";"0";"0";"1";"571856,50";"0";"571856,50";"0";"E";"1";"";"-1";"-1";"";"";"";"";"41";"SEM REAJUSTE";"";"";"";"25/09/2019 00:00:00";"27/09/2019 00:00:00";"36";"";"";"";"";"7910201900004255";"S";"";"";"";"Melhoramento: Ligação Viária Pirituba-Lapa";"";"98";"Fundo de Desenvolvimento Urbano";"22";"FUNDURB - Secretaria Municipal de Infraestrutura Urbana e Obras";"571856,50";"0";"1";"0";"0";"571856,50";"571856,50";"0";"571856,50";"0";"0";"0";"571856,50";"571856,50";"0";"571856,50";"0";"571856,50";"0";"0";"0";"571856,50";"571856,50";"0";"0";"0";"0";"0";"0";"0";"0";"0";"0";"0";"0";"0";"0";"0";"0";"0";"0";"0";"0";"98.22.15.451.3009.5.100.44906100.08.0";"99";"Outras Aquisições de Bens Imóveis";"01";"Desapropriações";"61";"Aquisição de Imóveis";"0"
"354007";"23150";"2019";"98";"Fundo de Desenvolvimento Urbano";"22";"FUNDURB - Secretaria Municipal de Infraestrutura Urbana e Obras";"5";"Nota de Empenho Fornecimento de Bens de Consumo e/ou Permanente";"8";"Art. 24 Inciso II da lei Federal 8.666/93";"6";"Dispensa de Licitação";"27/09/2019 00:00:00";"27/09/2019 00:00:00";"27/09/2019 00:00:00";"0";"0";"1";"209503,43";"0";"209503,43";"0";"E";"1";"";"-1";"-1";"";"";"";"";"41";"SEM REAJUSTE";"";"";"";"25/09/2019 00:00:00";"27/09/2019 00:00:00";"36";"";"";"";"";"7910201900004247";"S";"";"";"";"Melhoramento: Ligação Viária Pirituba-Lapa";"";"98";"Fundo de Desenvolvimento Urbano";"22";"FUNDURB - Secretaria Municipal de Infraestrutura Urbana e Obras";"209503,43";"0";"1";"0";"0";"209503,43";"209503,43";"0";"209503,43";"0";"0";"0";"209503,43";"209503,43";"0";"209503,43";"0";"209503,43";"0";"0";"0";"209503,43";"209503,43";"0";"0";"0";"0";"0";"0";"0";"0";"0";"0";"0";"0";"0";"0";"0";"0";"0";"0";"0";"0";"98.22.15.451.3009.5.100.44906100.08.0";"99";"Outras Aquisições de Bens Imóveis";"01";"Desapropriações";"61";"Aquisição de Imóveis";"0"
"353978";"23124";"2019";"98";"Fundo de Desenvolvimento Urbano";"22";"FUNDURB - Secretaria Municipal de Infraestrutura Urbana e Obras";"5";"Nota de Empenho Fornecimento de Bens de Consumo e/ou Permanente";"8";"Art. 24 Inciso II da lei Federal 8.666/93";"6";"Dispensa de Licitação";"27/09/2019 00:00:00";"27/09/2019 00:00:00";"27/09/2019 00:00:00";"0";"0";"1";"370472,01";"0";"370472,01";"0";"E";"1";"";"-1";"-1";"";"";"";"";"41";"SEM REAJUSTE";"";"";"";"25/09/2019 00:00:00";"27/09/2019 00:00:00";"36";"";"";"";"";"7910201900004042";"S";"";"";"";"Melhoramento: Ligação Viária Pirituba-Lapa - DESAP";"";"98";"Fundo de Desenvolvimento Urbano";"22";"FUNDURB - Secretaria Municipal de Infraestrutura Urbana e Obras";"370472,01";"0";"1";"0";"0";"370472,01";"370472,01";"0";"370472,01";"0";"0";"0";"370472,01";"370472,01";"0";"370472,01";"0";"370472,01";"0";"0";"0";"370472,01";"370472,01";"0";"0";"0";"0";"0";"0";"0";"0";"0";"0";"0";"0";"0";"0";"0";"0";"0";"0";"0";"0";"98.22.15.451.3009.5.100.44906100.08.0";"99";"Outras Aquisições de Bens Imóveis";"01";"Desapropriações";"61";"Aquisição de Imóveis";"0"
"353984";"23130";"2019";"98";"Fundo de Desenvolvimento Urbano";"22";"FUNDURB - Secretaria Municipal de Infraestrutura Urbana e Obras";"5";"Nota de Empenho Fornecimento de Bens de Consumo e/ou Permanente";"8";"Art. 24 Inciso II da lei Federal 8.666/93";"6";"Dispensa de Licitação";"27/09/2019 00:00:00";"27/09/2019 00:00:00";"27/09/2019 00:00:00";"0";"0";"1";"339354,83";"0";"339354,83";"0";"E";"1";"";"-1";"-1";"";"";"";"";"41";"SEM REAJUSTE";"";"";"";"25/09/2019 00:00:00";"27/09/2019 00:00:00";"36";"";"";"";"";"7910201900004220";"S";"";"";"";"Melhoramento: Ligação Viária Pirituba-Lapa - DESAP";"";"98";"Fundo de Desenvolvimento Urbano";"22";"FUNDURB - Secretaria Municipal de Infraestrutura Urbana e Obras";"339354,83";"0";"1";"0";"0";"339354,83";"339354,83";"0";"339354,83";"0";"0";"0";"339354,83";"339354,83";"0";"339354,83";"0";"339354,83";"0";"0";"0";"339354,83";"339354,83";"0";"0";"0";"0";"0";"0";"0";"0";"0";"0";"0";"0";"0";"0";"0";"0";"0";"0";"0";"0";"98.22.15.451.3009.5.100.44906100.08.0";"99";"Outras Aquisições de Bens Imóveis";"01";"Desapropriações";"61";"Aquisição de Imóveis";"0"
"354009";"23151";"2019";"98";"Fundo de Desenvolvimento Urbano";"22";"FUNDURB - Secretaria Municipal de Infraestrutura Urbana e Obras";"5";"Nota de Empenho Fornecimento de Bens de Consumo e/ou Permanente";"8";"Art. 24 Inciso II da lei Federal 8.666/93";"6";"Dispensa de Licitação";"27/09/2019 00:00:00";"27/09/2019 00:00:00";"27/09/2019 00:00:00";"0";"0";"1";"443601,28";"0";"443601,28";"0";"E";"1";"";"-1";"-1";"";"";"";"";"41";"SEM REAJUSTE";"";"";"";"25/09/2019 00:00:00";"27/09/2019 00:00:00";"36";"";"";"";"";"7910201900004034";"S";"";"";"";"Melhoramento: Ligação Viária Pirituba-Lapa";"";"98";"Fundo de Desenvolvimento Urbano";"22";"FUNDURB - Secretaria Municipal de Infraestrutura Urbana e Obras";"255398,95";"0";"1";"188202,33";"0";"443601,28";"443601,28";"0";"443601,28";"0";"0";"0";"443601,28";"443601,28";"255398,95";"443601,28";"0";"443601,28";"0";"0";"0";"443601,28";"443601,28";"255398,95";"0";"0";"0";"0";"0";"0";"0";"0";"0";"0";"0";"73,69";"0";"0";"0";"0";"0";"0";"0";"98.22.15.451.3009.5.100.44906100.08.0";"99";"Outras Aquisições de Bens Imóveis";"01";"Desapropriações";"61";"Aquisição de Imóveis";"0"
"353988";"23134";"2019";"98";"Fundo de Desenvolvimento Urbano";"22";"FUNDURB - Secretaria Municipal de Infraestrutura Urbana e Obras";"5";"Nota de Empenho Fornecimento de Bens de Consumo e/ou Permanente";"8";"Art. 24 Inciso II da lei Federal 8.666/93";"6";"Dispensa de Licitação";"27/09/2019 00:00:00";"27/09/2019 00:00:00";"27/09/2019 00:00:00";"0";"0";"1";"332161,07";"0";"332161,07";"0";"E";"1";"";"-1";"-1";"";"";"";"";"41";"SEM REAJUSTE";"";"";"";"25/09/2019 00:00:00";"27/09/2019 00:00:00";"36";"";"";"";"";"7910201900004239";"S";"";"";"";"Melhoramento: Ligação Viária Pirituba-Lapa - DESAP";"";"98";"Fundo de Desenvolvimento Urbano";"22";"FUNDURB - Secretaria Municipal de Infraestrutura Urbana e Obras";"332161,07";"0";"1";"0";"0";"332161,07";"332161,07";"0";"332161,07";"0";"0";"0";"332161,07";"332161,07";"0";"332161,07";"0";"332161,07";"0";"0";"0";"332161,07";"332161,07";"0";"0";"0";"0";"0";"0";"0";"0";"0";"0";"0";"0";"0";"0";"0";"0";"0";"0";"0";"0";"98.22.15.451.3009.5.100.44906100.08.0";"99";"Outras Aquisições de Bens Imóveis";"01";"Desapropriações";"61";"Aquisição de Imóveis";"0"
"357732";"26233";"2019";"22";"Secretaria Municipal de Infraestrutura Urbana e Obras";"10";"Gabinete do Secretário";"2";"Termo de Contrato - Serviços";"1";"Art. 22 - Inciso I Lei Federal  8.666/93";"4";"Concorrência";"01/03/2020 00:00:00";"27/10/2020 00:00:00";"27/10/2020 00:00:00";"0";"0";"240";"1503359,32";"1540000";"1320940,27";"224323,77";"S";"9";"umental";"-1";"-1";"";"";"";"";"2";"ESTRUTURA GERAL";"114/SIURB/2019";"Fares Eduardo Assali";"01/02/2019 00:00:00";"29/10/2019 00:00:00";"01/11/2019 00:00:00";"96";"08/11/2019 00:00:00";"12/11/2019 00:00:00";"131";"CON171180120/SPOBRAS";"7910201900001752";"S";"SP-OBRAS";"Marcelo Bruçó";"Conforme SEI 071576555.";"CONCORRÊNCIA Nº 171180120/SP-OBRAS - Contratação de empresa ou consórcio de empresas especializadas para a elaboração de projeto executivo e estudos ambientais da ciclopassarela BERNARDO GOLDFARB - PINHEIROS/BUTANTÃ.";"";"22";"Secretaria Municipal de Infraestrutura Urbana e Obras";"10";"Gabinete do Secretário";"1224654,64";"0";"240";"278704,68";"1540000";"3043359,32";"3043359,32";"0";"1545264,04";"0";"1498095,28";"0";"1545264,04";"1545264,04";"2185421,76";"1503359,32";"0";"1320940,27";"0";"182419,05";"0";"1320940,27";"1320940,27";"2119719,82";"1540000";"0";"224323,77";"0";"1315676,23";"0";"224323,77";"224323,77";"65701,94";"0";"0";"22,76";"0";"0";"0";"0";"0";"0";"0";"37.50.15.451.3022.3.350.44903900.08.0";"05";"Serviços Técnicos Profissionais";"01";"Gerenciamento";"39";"Outros Serviços de Terceiros - Pessoa Jurídica";"1498095,28"
"360537";"28673";"2019";"98";"Fundo de Desenvolvimento Urbano";"22";"FUNDURB - Secretaria Municipal de Infraestrutura Urbana e Obras";"5";"Nota de Empenho Fornecimento de Bens de Consumo e/ou Permanente";"8";"Art. 24 Inciso II da lei Federal 8.666/93";"6";"Dispensa de Licitação";"27/11/2019 00:00:00";"27/11/2019 00:00:00";"27/11/2019 00:00:00";"0";"0";"1";"97779,40";"0";"0";"0";"S";"1";"";"-1";"-1";"";"";"";"";"41";"SEM REAJUSTE";"";"";"";"25/11/2019 00:00:00";"27/11/2019 00:00:00";"35";"";"";"";"";"7910201900008412";"S";"";"";"";"Desapropriação - Melhoramento: Ligação Viária Pirituba-Lapa.";"";"98";"Fundo de Desenvolvimento Urbano";"22";"FUNDURB - Secretaria Municipal de Infraestrutura Urbana e Obras";"97779,40";"0";"1";"0";"0";"97779,40";"97779,40";"0";"0";"0";"97779,40";"0";"0";"0";"97779,40";"97779,40";"0";"0";"0";"97779,40";"0";"0";"0";"97779,40";"0";"0";"0";"0";"0";"0";"0";"0";"0";"0";"0";"0";"0";"0";"0";"0";"0";"0";"0";"98.22.15.451.3009.5.100.44906100.08.0";"99";"Outras Aquisições de Bens Imóveis";"01";"Desapropriações";"61";"Aquisição de Imóveis";"97779,40"
"361152";"29197";"2019";"98";"Fundo de Desenvolvimento Urbano";"22";"FUNDURB - Secretaria Municipal de Infraestrutura Urbana e Obras";"2";"Termo de Contrato - Serviços";"8";"Art. 24 Inciso II da lei Federal 8.666/93";"6";"Dispensa de Licitação";"31/05/2019 00:00:00";"26/11/2019 00:00:00";"27/11/2019 00:00:00";"0";"0";"180";"2485559,17";"0";"2485559,17";"0";"E";"9";"umental";"-1";"-1";"";"";"";"";"41";"SEM REAJUSTE";"";"";"";"26/11/2019 00:00:00";"28/11/2019 00:00:00";"35";"";"";"";"";"7910201900003771";"S";"";"";"";"Contratação em caráter emergencial para elaboração de projeto e obra de recuperação e reconstituição estrutural das vigas de sustentação da Ponte Jânio Quadros";"";"98";"Fundo de Desenvolvimento Urbano";"22";"FUNDURB - Secretaria Municipal de Infraestrutura Urbana e Obras";"2544282,33";"0";"180";"0";"0";"2544282,33";"2544282,33";"0";"2485559,17";"58723,16";"0";"0";"2485559,17";"2485559,17";"58723,16";"2544282,33";"0";"2485559,17";"58723,16";"0";"0";"2485559,17";"2485559,17";"58723,16";"0";"0";"0";"0";"0";"0";"0";"0";"0";"0";"0";"0";"0";"0";"0";"0";"0";"0";"0";"98.22.15.451.3009.5.187.44905100.08.0";"89";"Obras em Andamento - Uso Comum do Povo";"15";"Pontes, Pontilhões e Viadutos";"51";"Obras e Instalações";"0"
"360704";"28813";"2019";"86";"Fundo Municipal de Saneamento Ambiental e Infraestrutura";"22";"FMSAI - Secretaria Municipal de Serviços e Obras";"5";"Nota de Empenho Fornecimento de Bens de Consumo e/ou Permanente";"8";"Art. 24 Inciso II da lei Federal 8.666/93";"6";"Dispensa de Licitação";"28/11/2019 00:00:00";"27/12/2019 00:00:00";"27/12/2019 00:00:00";"0";"0";"30";"240834,11";"0";"240834,11";"0";"E";"1";"";"-1";"-1";"";"";"";"";"41";"SEM REAJUSTE";"";"";"";"27/11/2019 00:00:00";"28/11/2019 00:00:00";"35";"";"";"";"";"6022201900055950";"S";"";"";"";"Desapropriação: Melhoramento - Bacia do Córrego Paciência";"";"86";"Fundo Municipal de Saneamento Ambiental e Infraestrutura";"22";"FMSAI - Secretaria Municipal de Serviços e Obras";"240834,11";"0";"30";"0";"0";"240834,11";"240834,11";"0";"240834,11";"0";"0";"0";"240834,11";"240834,11";"0";"240834,11";"0";"240834,11";"0";"0";"0";"240834,11";"240834,11";"0";"0";"0";"0";"0";"0";"0";"0";"0";"0";"0";"0";"0";"0";"0";"0";"0";"0";"0";"0";"86.22.17.451.3005.5.013.44906100.03.0";"99";"Outras Aquisições de Bens Imóveis";"01";"Desapropriações";"61";"Aquisição de Imóveis";"0"
"335047";"7621";"2019";"22";"Secretaria Municipal de Infraestrutura Urbana e Obras";"10";"Gabinete do Secretário";"30";"Nota de Empenho para Fornecimento de Serviços";"39";"Não Aplicável";"8";"Não Aplicável";"01/01/2019 00:00:00";"26/12/2019 00:00:00";"27/12/2019 00:00:00";"0";"0";"360";"2073644,47";"0";"2073644,47";"0";"E";"9";"umental";"-1";"-1";"";"";"";"";"26";"CONSULTORIA";"";"";"";"26/03/2019 00:00:00";"28/03/2019 00:00:00";"64";"";"";"";"";"7910201900001825";"S";"";"";"";"Reembolso de serviços de vigilância das obras de intervenções viárias da OUCAE.";"";"22";"Secretaria Municipal de Infraestrutura Urbana e Obras";"10";"Gabinete do Secretário";"2136000";"0";"360";"0";"0";"2136000";"2136000";"0";"2073644,47";"62355,53";"0";"0";"2073644,47";"2073644,47";"62355,53";"2136000";"0";"2073644,47";"62355,53";"0";"0";"2073644,47";"2073644,47";"62355,53";"0";"0";"0";"0";"0";"0";"0";"0";"0";"0";"0";"0";"0";"0";"0";"0";"0";"0";"0";"37.30.15.451.3009.5.100.44903900.08.0";"05";"Serviços Técnicos Profissionais";"01";"Gerenciamento";"39";"Outros Serviços de Terceiros - Pessoa Jurídica";"0"
"340942";"12831";"2019";"86";"Fundo Municipal de Saneamento Ambiental e Infraestrutura";"22";"FMSAI - Secretaria Municipal de Serviços e Obras";"2";"Termo de Contrato - Serviços";"24";"Art. 24 Inciso XVIII da lei Federal 8.666/93";"6";"Dispensa de Licitação";"03/06/2019 00:00:00";"28/01/2020 00:00:00";"28/01/2020 00:00:00";"0";"0";"240";"811157,82";"0";"811157,82";"0";"E";"9";"umental";"-1";"-1";"";"";"";"";"41";"SEM REAJUSTE";"";"";"";"13/05/2019 00:00:00";"14/05/2019 00:00:00";"101";"";"";"";"";"6022201800052991";"S";"";"";"";"Elaboração de adequação dos projetos executivos das obras de controle de enchentes da bacia do Ribeirão Perus";"";"22";"Secretaria Municipal de Infraestrutura Urbana e Obras";"10";"Gabinete do Secretário";"811157,82";"0";"240";"0";"0";"811157,82";"811157,82";"0";"811157,82";"0";"0";"0";"811157,82";"811157,82";"854584,13";"811157,82";"0";"811157,82";"0";"0";"0";"811157,82";"811157,82";"854584,13";"0";"0";"0";"0";"0";"0";"0";"0";"0";"0";"0";"0";"0";"0";"0";"0";"0";"0";"0";"22.10.17.451.3005.5.013.44903900.01.0";"05";"Serviços Técnicos Profissionais";"01";"Gerenciamento";"39";"Outros Serviços de Terceiros - Pessoa Jurídica";"0"
"348418";"18684";"2019";"22";"Secretaria Municipal de Infraestrutura Urbana e Obras";"10";"Gabinete do Secretário";"2";"Termo de Contrato - Serviços";"2";"Art. 22 - Inciso II Lei Federal  8.666/93";"3";"Tomada de Preços";"01/10/2019 00:00:00";"27/02/2020 00:00:00";"28/02/2020 00:00:00";"0";"0";"150";"2263433,05";"0";"2263433,05";"0";"E";"9";"umental";"-1";"-1";"";"";"";"";"2";"ESTRUTURA GERAL";"";"";"";"05/08/2019 00:00:00";"06/08/2019 00:00:00";"";"";"";"";"";"7910201900002813";"S";"";"";"";"Tomada de Preços Nº 001/2019 - Contratação de empresa especializada em engenharia e arquitetura para execução das obras de reforma para implantação do DESCOMPLICA SP - UNIDADE CAPELA DO SOCORRO - Adjudicação e Contratação.";"";"22";"Secretaria Municipal de Infraestrutura Urbana e Obras";"10";"Gabinete do Secretário";"1751847,20";"0";"150";"513302,20";"0";"2265149,40";"2265149,40";"0";"2263433,05";"1716,35";"0";"0";"2263433,05";"2263433,05";"489372,79";"2265149,40";"0";"2263433,05";"1716,35";"0";"0";"2263433,05";"2263433,05";"489372,79";"0";"0";"0";"0";"0";"0";"0";"0";"0";"0";"0";"29,41";"0";"0";"0";"0";"0";"90";"0";"23.10.04.126.3011.1.358.44905100.00.0";"92";"Instalações";"99";"Outras Instalações";"51";"Obras e Instalações";"0"
"358996";"27354";"2019";"98";"Fundo de Desenvolvimento Urbano";"22";"FUNDURB - Secretaria Municipal de Infraestrutura Urbana e Obras";"5";"Nota de Empenho Fornecimento de Bens de Consumo e/ou Permanente";"8";"Art. 24 Inciso II da lei Federal 8.666/93";"6";"Dispensa de Licitação";"01/11/2019 00:00:00";"28/02/2020 00:00:00";"28/02/2020 00:00:00";"0";"0";"120";"7091,97";"0";"7091,97";"0";"E";"1";"";"-1";"-1";"";"";"";"";"41";"SEM REAJUSTE";"";"";"";"26/08/2019 00:00:00";"28/08/2019 00:00:00";"";"";"";"";"";"7910201900005979";"S";"";"";"";"Execução de serviços de remoção de rede aérea que atravessa a Marginal e Rio Tietê e respectivo posteamento.";"";"98";"Fundo de Desenvolvimento Urbano";"22";"FUNDURB - Secretaria Municipal de Infraestrutura Urbana e Obras";"7091,97";"0";"120";"0";"0";"7091,97";"7091,97";"0";"7091,97";"0";"0";"0";"7091,97";"7091,97";"0";"7091,97";"0";"7091,97";"0";"0";"0";"7091,97";"7091,97";"0";"0";"0";"0";"0";"0";"0";"0";"0";"0";"0";"0";"0";"0";"0";"0";"0";"0";"0";"0";"98.22.15.451.3009.5.100.44905100.08.0";"99";"Outras Obras e Instalações";"04";"Remanejamento de Interferências";"51";"Obras e Instalações";"0"
"360091";"28312";"2019";"22";"Secretaria Municipal de Infraestrutura Urbana e Obras";"10";"Gabinete do Secretário";"2";"Termo de Contrato - Serviços";"6";"Lei Federal 10.520/02";"12";"Pregão";"30/12/2019 00:00:00";"28/02/2020 00:00:00";"28/02/2020 00:00:00";"0";"0";"60";"27809";"0";"0";"0";"S";"9";"umental";"-1";"-1";"";"";"";"";"41";"SEM REAJUSTE";"125/SIURB/2019";"";"";"21/11/2019 00:00:00";"22/11/2019 00:00:00";"108";"";"";"";"005/19/SIURB";"6075201900000275";"S";"";"";"";"Objeto: Fornecimento e instalação de toldo na fachada do Forum Regional do Jabaquara.";"";"22";"Secretaria Municipal de Infraestrutura Urbana e Obras";"10";"Gabinete do Secretário";"27809";"0";"60";"0";"0";"27809";"27809";"0";"0";"0";"27809";"0";"0";"0";"27809";"27809";"0";"0";"0";"27809";"0";"0";"0";"27809";"0";"0";"0";"0";"0";"0";"0";"0";"0";"0";"0";"0";"0";"0";"0";"0";"0";"0";"0";"26.10.04.122.3024.2.100.33903900.00.0";"16";"Manutenção e Conservação de Bens Imóveis";"17";"Manutenção e Conservação de Bens Imóveis";"39";"Outros Serviços de Terceiros - Pessoa Jurídica";"27809"
"361949";"29911";"2019";"22";"Secretaria Municipal de Infraestrutura Urbana e Obras";"10";"Gabinete do Secretário";"2";"Termo de Contrato - Serviços";"4";"Art. 22 - Inciso IV Lei Federal  8.666/93";"1";"Concurso";"30/12/2019 00:00:00";"28/03/2020 00:00:00";"28/03/2020 00:00:00";"0";"0";"89";"197538,24";"0";"197495,67";"0";"E";"9";"umental";"-1";"-1";"";"";"";"";"41";"SEM REAJUSTE";"";"";"";"09/12/2019 00:00:00";"10/12/2019 00:00:00";"86";"";"";"";"007/19/SIURB";"6010201900010373";"S";"";"";"";"SERVIÇOS DE REFORMA E MELHORIAS NA QUADRA DE ESPORTES DA EMEF DOM PAULO ROLIM LOUREIRO, RUA JOÃO NICARIO ELEUTERIO, Nº 374 - CIDADE NOVA SÃO MIGUEL. DRE MP - EMENDA PARLAMENTAR";"";"22";"Secretaria Municipal de Infraestrutura Urbana e Obras";"10";"Gabinete do Secretário";"197538,24";"0";"89";"0";"0";"197538,24";"197538,24";"0";"197495,67";"42,57";"0";"0";"197495,67";"197495,67";"42,57";"197538,24";"0";"197495,67";"42,57";"0";"0";"197495,67";"197495,67";"42,57";"0";"0";"0";"0";"0";"0";"0";"0";"0";"0";"0";"0";"0";"0";"0";"0";"0";"0";"0";"16.10.12.361.3010.2.879.33903900.00.0";"16";"Manutenção e Conservação de Bens Imóveis";"14";"Pequenas Reformas - Escolas de Ensino Fundamental";"39";"Outros Serviços de Terceiros - Pessoa Jurídica";"0"
"364094";"31718";"2019";"98";"Fundo de Desenvolvimento Urbano";"22";"FUNDURB - Secretaria Municipal de Infraestrutura Urbana e Obras";"2";"Termo de Contrato - Serviços";"7";"Art. 24 - Inciso I Lei Federal  8.666/93";"6";"Dispensa de Licitação";"31/10/2019 00:00:00";"27/04/2020 00:00:00";"28/04/2020 00:00:00";"0";"0";"180";"2516385,77";"0";"2516385,77";"0";"E";"9";"umental";"-1";"-1";"";"";"";"";"41";"SEM REAJUSTE";"";"";"";"01/11/2019 00:00:00";"02/11/2019 00:00:00";"37";"";"";"";"DL";"7910201900008064";"S";"";"";"";"Contratação em caráter emergencial para elaboração de projeto estrutural e obra de recuperação da PonteCidade Jardim";"";"98";"Fundo de Desenvolvimento Urbano";"22";"FUNDURB - Secretaria Municipal de Infraestrutura Urbana e Obras";"4722257,36";"0";"180";"0";"0";"4722257,36";"4722257,36";"0";"2516385,77";"2205871,59";"0";"0";"2516385,77";"2516385,77";"182293,06";"4722257,36";"0";"2516385,77";"2205871,59";"0";"0";"2516385,77";"2516385,77";"182293,06";"0";"0";"0";"0";"0";"0";"0";"0";"0";"0";"0";"0";"0";"0";"0";"0";"0";"0";"0";"98.22.15.451.3009.5.187.44905100.08.0";"89";"Obras em Andamento - Uso Comum do Povo";"15";"Pontes, Pontilhões e Viadutos";"51";"Obras e Instalações";"0"
"364085";"31712";"2019";"22";"Secretaria Municipal de Infraestrutura Urbana e Obras";"10";"Gabinete do Secretário";"2";"Termo de Contrato - Serviços";"7";"Art. 24 - Inciso I Lei Federal  8.666/93";"6";"Dispensa de Licitação";"31/10/2019 00:00:00";"28/04/2020 00:00:00";"28/04/2020 00:00:00";"0";"0";"180";"0";"0";"0";"0";"E";"9";"umental";"-1";"-1";"";"";"";"";"41";"SEM REAJUSTE";"";"";"";"01/11/2019 00:00:00";"02/11/2019 00:00:00";"37";"";"";"";"DL";"7910201900008064";"S";"";"";"";"Contratação em caráter emergencial para elaboração de projeto estrutural e obra de recuperação da Ponte Cidade Jardim.";"";"22";"Secretaria Municipal de Infraestrutura Urbana e Obras";"10";"Gabinete do Secretário";"4722257,36";"0";"180";"0";"0";"4722257,36";"4722257,36";"0";"0";"4722257,36";"0";"0";"0";"0";"0";"4722257,36";"0";"0";"4722257,36";"0";"0";"0";"0";"0";"0";"0";"0";"0";"0";"0";"0";"0";"0";"0";"0";"0";"0";"0";"0";"0";"0";"0";"0";"";"";"";"";"";"";"";"0"
"335113";"7677";"2019";"22";"Secretaria Municipal de Infraestrutura Urbana e Obras";"10";"Gabinete do Secretário";"2";"Termo de Contrato - Serviços";"7";"Art. 24 - Inciso I Lei Federal  8.666/93";"6";"Dispensa de Licitação";"30/04/2019 00:00:00";"28/06/2019 00:00:00";"28/06/2019 00:00:00";"0";"0";"60";"24826,80";"0";"24826,80";"0";"E";"9";"umental";"-1";"-1";"";"";"";"";"41";"SEM REAJUSTE";"";"";"";"26/03/2019 00:00:00";"28/03/2019 00:00:00";"27";"";"";"";"DL";"6064201800006964";"S";"";"";"";"Dispensa de licitação - Prestação de serviços técnicos-profissionais para elaboração de projeto executivo de modernização do Banco de Alimentos.";"";"22";"Secretaria Municipal de Infraestrutura Urbana e Obras";"10";"Gabinete do Secretário";"24826,80";"0";"60";"0";"0";"24826,80";"24826,80";"0";"24826,80";"0";"0";"0";"24826,80";"24826,80";"0";"24826,80";"0";"24826,80";"0";"0";"0";"24826,80";"24826,80";"0";"0";"0";"0";"0";"0";"0";"0";"0";"0";"0";"0";"0";"0";"0";"0";"0";"0";"0";"0";"30.10.08.605.3016.4.301.33903900.00.0";"05";"Serviços Técnicos Profissionais";"26";"Elaboração de Projetos";"39";"Outros Serviços de Terceiros - Pessoa Jurídica";"0"
"345678";"16533";"2019";"22";"Secretaria Municipal de Infraestrutura Urbana e Obras";"10";"Gabinete do Secretário";"2";"Termo de Contrato - Serviços";"7";"Art. 24 - Inciso I Lei Federal  8.666/93";"6";"Dispensa de Licitação";"30/07/2019 00:00:00";"28/08/2019 00:00:00";"28/08/2019 00:00:00";"0";"0";"30";"18284,26";"0";"18284,26";"0";"E";"9";"umental";"-1";"-1";"";"";"";"";"41";"SEM REAJUSTE";"";"";"";"02/07/2019 00:00:00";"05/07/2019 00:00:00";"40";"";"";"";"DL";"6022201900030310";"S";"";"";"";"Prestação de Serviços Técnico-Profissionais de Levantamento planialtimétrico e sondagem para desenvolvimento de Projeto Executivo de muro de Contenção da EMEF Joaquim Nabuco.";"";"22";"Secretaria Municipal de Infraestrutura Urbana e Obras";"10";"Gabinete do Secretário";"18284,26";"0";"30";"0";"0";"18284,26";"18284,26";"0";"18284,26";"0";"0";"0";"18284,26";"18284,26";"0";"18284,26";"0";"18284,26";"0";"0";"0";"18284,26";"18284,26";"0";"0";"0";"0";"0";"0";"0";"0";"0";"0";"0";"0";"0";"0";"0";"0";"0";"0";"0";"0";"16.10.12.361.3010.3.366.44905100.00.0";"89";"Obras em Andamento - Uso Comum do Povo";"02";"Escolas e Similares";"51";"Obras e Instalações";"0"
"351006";"20688";"2019";"86";"Fundo Municipal de Saneamento Ambiental e Infraestrutura";"22";"FMSAI - Secretaria Municipal de Serviços e Obras";"5";"Nota de Empenho Fornecimento de Bens de Consumo e/ou Permanente";"8";"Art. 24 Inciso II da lei Federal 8.666/93";"6";"Dispensa de Licitação";"28/08/2019 00:00:00";"28/08/2019 00:00:00";"28/08/2019 00:00:00";"0";"0";"1";"1069,40";"0";"0";"0";"R";"1";"";"-1";"-1";"";"";"";"";"41";"SEM REAJUSTE";"";"";"";"21/08/2019 00:00:00";"23/08/2019 00:00:00";"26";"";"";"";"";"6022201800059163";"S";"";"";"";"Melhoramento: Bacia do Córrego Paciência";"";"86";"Fundo Municipal de Saneamento Ambiental e Infraestrutura";"22";"FMSAI - Secretaria Municipal de Serviços e Obras";"1069,40";"0";"1";"0";"0";"1069,40";"1069,40";"0";"0";"0";"1069,40";"0";"0";"0";"0";"1069,40";"0";"0";"0";"1069,40";"0";"0";"0";"0";"0";"0";"0";"0";"0";"0";"0";"0";"0";"0";"0";"0";"0";"0";"0";"0";"0";"0";"0";"";"";"";"";"";"";"";"1069,40"
"351016";"20698";"2019";"86";"Fundo Municipal de Saneamento Ambiental e Infraestrutura";"22";"FMSAI - Secretaria Municipal de Serviços e Obras";"5";"Nota de Empenho Fornecimento de Bens de Consumo e/ou Permanente";"8";"Art. 24 Inciso II da lei Federal 8.666/93";"6";"Dispensa de Licitação";"28/08/2019 00:00:00";"28/08/2019 00:00:00";"28/08/2019 00:00:00";"0";"0";"1";"179439,78";"0";"179439,78";"0";"E";"1";"";"-1";"-1";"";"";"";"";"41";"SEM REAJUSTE";"";"";"";"21/08/2019 00:00:00";"23/08/2019 00:00:00";"26";"";"";"";"";"6022201800059155";"S";"";"";"";"Melhoramento: Bacia do Córrego Paciência";"";"86";"Fundo Municipal de Saneamento Ambiental e Infraestrutura";"22";"FMSAI - Secretaria Municipal de Serviços e Obras";"179439,78";"0";"1";"0";"0";"179439,78";"179439,78";"0";"179439,78";"0";"0";"0";"179439,78";"179439,78";"0";"179439,78";"0";"179439,78";"0";"0";"0";"179439,78";"179439,78";"0";"0";"0";"0";"0";"0";"0";"0";"0";"0";"0";"0";"0";"0";"0";"0";"0";"0";"0";"0";"86.22.17.451.3005.5.013.44906100.03.0";"99";"Outras Aquisições de Bens Imóveis";"01";"Desapropriações";"61";"Aquisição de Imóveis";"0"
"351021";"20701";"2019";"86";"Fundo Municipal de Saneamento Ambiental e Infraestrutura";"22";"FMSAI - Secretaria Municipal de Serviços e Obras";"5";"Nota de Empenho Fornecimento de Bens de Consumo e/ou Permanente";"8";"Art. 24 Inciso II da lei Federal 8.666/93";"6";"Dispensa de Licitação";"28/08/2019 00:00:00";"28/08/2019 00:00:00";"28/08/2019 00:00:00";"0";"0";"1";"4959690,33";"0";"4959690,33";"0";"A";"1";"";"-1";"-1";"";"";"";"";"41";"SEM REAJUSTE";"";"";"";"26/08/2019 00:00:00";"28/08/2019 00:00:00";"27";"";"";"";"";"201301525690";"P";"";"";"";"Melhoramento ao Longo do Córrego Ponte Baixa - Desap";"";"86";"Fundo Municipal de Saneamento Ambiental e Infraestrutura";"22";"FMSAI - Secretaria Municipal de Serviços e Obras";"4959690,33";"0";"1";"0";"0";"4959690,33";"4959690,33";"0";"4959690,33";"0";"0";"0";"4959690,33";"4959690,33";"0";"4959690,33";"0";"4959690,33";"0";"0";"0";"4959690,33";"4959690,33";"0";"0";"0";"0";"0";"0";"0";"0";"0";"0";"0";"0";"0";"0";"0";"0";"0";"0";"0";"0";"86.22.17.451.3005.5.013.44906100.03.0";"99";"Outras Aquisições de Bens Imóveis";"01";"Desapropriações";"61";"Aquisição de Imóveis";"0"
"351012";"20694";"2019";"86";"Fundo Municipal de Saneamento Ambiental e Infraestrutura";"22";"FMSAI - Secretaria Municipal de Serviços e Obras";"5";"Nota de Empenho Fornecimento de Bens de Consumo e/ou Permanente";"8";"Art. 24 Inciso II da lei Federal 8.666/93";"6";"Dispensa de Licitação";"28/08/2019 00:00:00";"28/08/2019 00:00:00";"28/08/2019 00:00:00";"0";"0";"1";"1069,40";"0";"1069,40";"0";"E";"1";"";"-1";"-1";"";"";"";"";"41";"SEM REAJUSTE";"";"";"";"21/08/2019 00:00:00";"23/08/2019 00:00:00";"26";"";"";"";"";"6022201800059163";"S";"";"";"";"Melhoramento: Bacia do Córrego Paciência";"";"86";"Fundo Municipal de Saneamento Ambiental e Infraestrutura";"22";"FMSAI - Secretaria Municipal de Serviços e Obras";"1069,40";"0";"1";"0";"0";"1069,40";"1069,40";"0";"1069,40";"0";"0";"0";"1069,40";"1069,40";"0";"1069,40";"0";"1069,40";"0";"0";"0";"1069,40";"1069,40";"0";"0";"0";"0";"0";"0";"0";"0";"0";"0";"0";"0";"0";"0";"0";"0";"0";"0";"0";"0";"86.22.17.451.3005.5.013.44906100.03.0";"99";"Outras Aquisições de Bens Imóveis";"01";"Desapropriações";"61";"Aquisição de Imóveis";"0"
"350999";"20681";"2019";"86";"Fundo Municipal de Saneamento Ambiental e Infraestrutura";"22";"FMSAI - Secretaria Municipal de Serviços e Obras";"5";"Nota de Empenho Fornecimento de Bens de Consumo e/ou Permanente";"8";"Art. 24 Inciso II da lei Federal 8.666/93";"6";"Dispensa de Licitação";"28/08/2019 00:00:00";"28/08/2019 00:00:00";"28/08/2019 00:00:00";"0";"0";"1";"87677,90";"0";"87677,90";"0";"E";"1";"";"-1";"-1";"";"";"";"";"41";"SEM REAJUSTE";"";"";"";"21/08/2019 00:00:00";"23/08/2019 00:00:00";"26";"";"";"";"";"6022201800059198";"S";"";"";"";"Desapropriação - Melhoramento: Bacia do Córrego Paciência";"";"86";"Fundo Municipal de Saneamento Ambiental e Infraestrutura";"22";"FMSAI - Secretaria Municipal de Serviços e Obras";"87677,90";"0";"1";"0";"0";"87677,90";"87677,90";"0";"87677,90";"0";"0";"0";"87677,90";"87677,90";"0";"87677,90";"0";"87677,90";"0";"0";"0";"87677,90";"87677,90";"0";"0";"0";"0";"0";"0";"0";"0";"0";"0";"0";"0";"0";"0";"0";"0";"0";"0";"0";"0";"86.22.17.451.3005.5.013.44906100.03.0";"99";"Outras Aquisições de Bens Imóveis";"01";"Desapropriações";"61";"Aquisição de Imóveis";"0"
"351004";"20686";"2019";"86";"Fundo Municipal de Saneamento Ambiental e Infraestrutura";"22";"FMSAI - Secretaria Municipal de Serviços e Obras";"5";"Nota de Empenho Fornecimento de Bens de Consumo e/ou Permanente";"8";"Art. 24 Inciso II da lei Federal 8.666/93";"6";"Dispensa de Licitação";"28/08/2019 00:00:00";"28/08/2019 00:00:00";"28/08/2019 00:00:00";"0";"0";"1";"98506,79";"0";"98506,79";"0";"E";"1";"";"-1";"-1";"";"";"";"";"41";"SEM REAJUSTE";"";"";"";"14/08/2019 00:00:00";"16/08/2019 00:00:00";"30";"";"";"";"";"6022201900031864";"S";"";"";"";"Melhoramento: Córrego Tremembé - Trecho 7";"";"86";"Fundo Municipal de Saneamento Ambiental e Infraestrutura";"22";"FMSAI - Secretaria Municipal de Serviços e Obras";"98506,79";"0";"1";"0";"0";"98506,79";"98506,79";"0";"98506,79";"0";"0";"0";"98506,79";"98506,79";"0";"98506,79";"0";"98506,79";"0";"0";"0";"98506,79";"98506,79";"0";"0";"0";"0";"0";"0";"0";"0";"0";"0";"0";"0";"0";"0";"0";"0";"0";"0";"0";"0";"86.22.17.451.3005.5.013.44906100.03.0";"99";"Outras Aquisições de Bens Imóveis";"01";"Desapropriações";"61";"Aquisição de Imóveis";"0"
"350970";"20656";"2019";"86";"Fundo Municipal de Saneamento Ambiental e Infraestrutura";"22";"FMSAI - Secretaria Municipal de Serviços e Obras";"5";"Nota de Empenho Fornecimento de Bens de Consumo e/ou Permanente";"8";"Art. 24 Inciso II da lei Federal 8.666/93";"6";"Dispensa de Licitação";"28/08/2019 00:00:00";"28/08/2019 00:00:00";"28/08/2019 00:00:00";"0";"0";"1";"64925,39";"0";"64925,39";"0";"E";"1";"";"-1";"-1";"";"";"";"";"41";"SEM REAJUSTE";"";"";"";"21/08/2019 00:00:00";"23/08/2019 00:00:00";"26";"";"";"";"";"6022201800059147";"S";"";"";"";"Desapropriação - Melhoramento: Bacia do Córrego Paciência";"";"86";"Fundo Municipal de Saneamento Ambiental e Infraestrutura";"22";"FMSAI - Secretaria Municipal de Serviços e Obras";"64925,39";"0";"1";"0";"0";"64925,39";"64925,39";"0";"64925,39";"0";"0";"0";"64925,39";"64925,39";"0";"64925,39";"0";"64925,39";"0";"0";"0";"64925,39";"64925,39";"0";"0";"0";"0";"0";"0";"0";"0";"0";"0";"0";"0";"0";"0";"0";"0";"0";"0";"0";"0";"86.22.17.451.3005.5.013.44906100.03.0";"99";"Outras Aquisições de Bens Imóveis";"01";"Desapropriações";"61";"Aquisição de Imóveis";"0"
"349042";"19173";"2019";"22";"Secretaria Municipal de Infraestrutura Urbana e Obras";"10";"Gabinete do Secretário";"2";"Termo de Contrato - Serviços";"8";"Art. 24 Inciso II da lei Federal 8.666/93";"6";"Dispensa de Licitação";"01/03/2019 00:00:00";"27/08/2019 00:00:00";"28/08/2019 00:00:00";"0";"0";"180";"1002861,94";"0";"1002861,94";"0";"E";"9";"umental";"-1";"-1";"";"";"";"";"41";"SEM REAJUSTE";"";"";"";"09/08/2019 00:00:00";"10/08/2019 00:00:00";"";"";"";"";"";"6022201900016008";"S";"";"";"";"Formalização do Contrato de Emergência - Contratação em caráter emergencial para elaboração de projeto estrutural e obra de recuperação do Pontilhão Itaim Paulista.";"";"22";"Secretaria Municipal de Infraestrutura Urbana e Obras";"10";"Gabinete do Secretário";"1005335,03";"0";"180";"0";"0";"1005335,03";"1005335,03";"0";"1002861,94";"2473,09";"0";"0";"1002861,94";"1002861,94";"2473,09";"1005335,03";"0";"1002861,94";"2473,09";"0";"0";"1002861,94";"1002861,94";"2473,09";"0";"0";"0";"0";"0";"0";"0";"0";"0";"0";"0";"0";"0";"0";"0";"0";"0";"0";"0";"22.10.15.451.3009.5.187.44905100.00.0";"89";"Obras em Andamento - Uso Comum do Povo";"15";"Pontes, Pontilhões e Viadutos";"51";"Obras e Instalações";"0"
"342530";"14091";"2019";"98";"Fundo de Desenvolvimento Urbano";"22";"FUNDURB - Secretaria Municipal de Infra-Estrutura Urbana e Obras";"2";"Termo de Contrato - Serviços";"1";"Art. 22 - Inciso I Lei Federal  8.666/93";"4";"Concorrência";"14/12/2010 00:00:00";"28/09/2015 00:00:00";"28/09/2015 00:00:00";"0";"0";"1750";"2901308,32";"1635141,68";"898415,99";"512057,31";"A";"9";"umental";"-1";"-1";"";"";"";"";"2";"ESTRUTURA GERAL";"";"";"";"14/12/2010 00:00:00";"14/12/2010 00:00:00";"75";"";"";"";"SIURB/2010";"201003239729";"P";"";"";"";"EXEC. DE PROJ. EXECUT. E OBRAS DE IMPLANTAÇÃO DO EMPREENDIMENTO FÁBRICA DOS SONHOS - OFICINA ESCOLA DE PRODUÇÃO DO CARNAVAL";"";"98";"Fundo de Desenvolvimento Urbano";"22";"FUNDURB - Secretaria Municipal de Infra-Estrutura Urbana e Obras";"2901308,32";"0";"1750";"0";"1635141,68";"4536450";"4536450";"0";"1410473,30";"0";"3125976,70";"0";"1410473,30";"1410473,30";"3125976,70";"2901308,32";"0";"898415,99";"0";"2002892,33";"0";"898415,99";"898415,99";"2002892,33";"1635141,68";"0";"512057,31";"0";"1123084,37";"0";"512057,31";"512057,31";"1123084,37";"0";"0";"0";"0";"0";"0";"0";"0";"0";"0";"98.22.15.452.3022.5.088.44905100.08.0";"89";"Obras em Andamento - Uso Comum do Povo";"26";"Centros de Convivência e Similares";"51";"Obras e Instalações";"3125976,70"
"348163";"18440";"2019";"22";"Secretaria Municipal de Infraestrutura Urbana e Obras";"10";"Gabinete do Secretário";"2";"Termo de Contrato - Serviços";"8";"Art. 24 Inciso II da lei Federal 8.666/93";"6";"Dispensa de Licitação";"01/04/2019 00:00:00";"27/09/2019 00:00:00";"28/09/2019 00:00:00";"0";"0";"180";"2401304,21";"0";"2401304,21";"0";"E";"9";"umental";"-1";"-1";"";"";"";"";"41";"SEM REAJUSTE";"";"";"";"02/08/2019 00:00:00";"03/08/2019 00:00:00";"";"";"";"";"";"7910201900001558";"S";"";"";"";"Obra Emergencial para elaboração de projeto estrutural e obra de recuperação e reconstituição estrutural das vigas de sustentação da Ponte Freguesia do Ó.";"";"22";"Secretaria Municipal de Infraestrutura Urbana e Obras";"10";"Gabinete do Secretário";"2464958,12";"0";"180";"0";"0";"2464958,12";"2464958,12";"0";"2401304,21";"63653,91";"0";"0";"2401304,21";"2401304,21";"63653,91";"2464958,12";"0";"2401304,21";"63653,91";"0";"0";"2401304,21";"2401304,21";"63653,91";"0";"0";"0";"0";"0";"0";"0";"0";"0";"0";"0";"0";"0";"0";"0";"0";"0";"0";"0";"22.10.15.451.3009.5.187.44905100.00.0";"89";"Obras em Andamento - Uso Comum do Povo";"15";"Pontes, Pontilhões e Viadutos";"51";"Obras e Instalações";"0"
"353234";"22487";"2019";"22";"Secretaria Municipal de Infraestrutura Urbana e Obras";"10";"Gabinete do Secretário";"2";"Termo de Contrato - Serviços";"7";"Art. 24 - Inciso I Lei Federal  8.666/93";"6";"Dispensa de Licitação";"14/10/2019 00:00:00";"28/10/2019 00:00:00";"28/10/2019 00:00:00";"0";"0";"14";"19407,69";"0";"15726,08";"0";"S";"9";"umental";"-1";"-1";"";"";"";"";"41";"SEM REAJUSTE";"106/SIURB/2019";"";"";"17/09/2019 00:00:00";"20/09/2019 00:00:00";"20";"";"";"";"DL";"6022201900030361";"S";"";"";"";"Dispensa de licitação - Prestação de Serviços Técnico-Profissionais de levantamento planialtimétrico e sondagem para desenvolvimento de projeto executivo de muro de contenção da CEI Jardim Guarani.";"";"22";"Secretaria Municipal de Infraestrutura Urbana e Obras";"10";"Gabinete do Secretário";"19407,69";"0";"14";"0";"0";"19407,69";"19407,69";"0";"15726,08";"0";"3681,61";"0";"15726,08";"15726,08";"3681,61";"19407,69";"0";"15726,08";"0";"3681,61";"0";"15726,08";"15726,08";"3681,61";"0";"0";"0";"0";"0";"0";"0";"0";"0";"0";"0";"0";"0";"0";"0";"0";"0";"0";"0";"16.10.12.365.3010.3.360.44905100.00.0";"89";"Obras em Andamento - Uso Comum do Povo";"02";"Escolas e Similares";"51";"Obras e Instalações";"3681,61"
"346154";"16937";"2019";"22";"Secretaria Municipal de Infraestrutura Urbana e Obras";"10";"Gabinete do Secretário";"2";"Termo de Contrato - Serviços";"10";"Art. 24 Inciso IV da lei Federal 8.666/93";"6";"Dispensa de Licitação";"02/05/2019 00:00:00";"28/10/2019 00:00:00";"28/10/2019 00:00:00";"0";"0";"179";"1974762,16";"0";"1973940,68";"0";"E";"9";"umental";"-1";"-1";"";"";"";"";"41";"SEM REAJUSTE";"";"";"";"11/07/2019 00:00:00";"13/07/2019 00:00:00";"25";"";"";"";"DL";"6022201900029096";"S";"";"";"";"Formalização do Contrato de Emergência - Execução de Serviços e Obras no CEI Yvone Maluhy Sabga";"";"22";"Secretaria Municipal de Infraestrutura Urbana e Obras";"10";"Gabinete do Secretário";"1974762,16";"0";"179";"0";"0";"1974762,16";"1974762,16";"0";"1973940,68";"821,48";"0";"0";"1973940,68";"1973940,68";"821,48";"1974762,16";"0";"1973940,68";"821,48";"0";"0";"1973940,68";"1973940,68";"821,48";"0";"0";"0";"0";"0";"0";"0";"0";"0";"0";"0";"0";"0";"0";"0";"0";"0";"0";"0";"16.10.12.365.3010.3.360.44905100.00.0";"89";"Obras em Andamento - Uso Comum do Povo";"02";"Escolas e Similares";"51";"Obras e Instalações";"0"
"356586";"25287";"2019";"22";"Secretaria Municipal de Infraestrutura Urbana e Obras";"10";"Gabinete do Secretário";"2";"Termo de Contrato - Serviços";"6";"Lei Federal 10.520/02";"12";"Pregão";"30/10/2019 00:00:00";"28/10/2020 00:00:00";"28/10/2020 00:00:00";"0";"0";"364";"324439,07";"8705,15";"324439,07";"8705,15";"E";"84";"te do gestor";"-1";"-1";"";"";"";"";"41";"SEM REAJUSTE";"";"Wagner Diniz Goulart";"18/10/2019 00:00:00";"22/10/2019 00:00:00";"23/10/2019 00:00:00";"22";"";"";"";"";"6022201900037714";"S";"8049483";"Adriana Gonzaga da Silva";"";"Contratação de empresa especializada  na prestação de serviços de manutenção preventiva e corretiva com substituição de peças, dos 06 (seis) elevadores da marca Otis, instalados no Edifício Domingos Fernandes Alonso (GALERIA OLIDO";"";"22";"Secretaria Municipal de Infraestrutura Urbana e Obras";"10";"Gabinete do Secretário";"163200";"0";"364";"162133,06";"8773,56";"334106,62";"334106,62";"0";"333144,22";"962,40";"0";"0";"333144,22";"333144,22";"63839,88";"325333,06";"0";"324439,07";"893,99";"0";"0";"324439,07";"324439,07";"63818,20";"8773,56";"0";"8705,15";"68,41";"0";"0";"8705,15";"8705,15";"21,68";"0";"0";"0";"0";"0";"0";"0";"0";"367";"0";"22.10.15.122.3024.2.100.33903900.00.0";"17";"Manut. e Conserv. de Máquinas e Equipamentos";"04";"Elevadores";"39";"Outros Serviços de Terceiros - Pessoa Jurídica";"0"
"360726";"28832";"2019";"86";"Fundo Municipal de Saneamento Ambiental e Infraestrutura";"22";"FMSAI - Secretaria Municipal de Serviços e Obras";"5";"Nota de Empenho Fornecimento de Bens de Consumo e/ou Permanente";"8";"Art. 24 Inciso II da lei Federal 8.666/93";"6";"Dispensa de Licitação";"28/11/2019 00:00:00";"28/11/2019 00:00:00";"28/11/2019 00:00:00";"0";"0";"1";"4803222,38";"0";"4803222,38";"0";"E";"1";"";"-1";"-1";"";"";"";"";"41";"SEM REAJUSTE";"";"";"";"27/11/2019 00:00:00";"28/11/2019 00:00:00";"35";"";"";"";"";"6022201900055968";"S";"";"";"";"Desapropriação - Melhoramento: Bacia do Córrego Paciência";"";"86";"Fundo Municipal de Saneamento Ambiental e Infraestrutura";"22";"FMSAI - Secretaria Municipal de Serviços e Obras";"4803222,38";"0";"1";"0";"0";"4803222,38";"4803222,38";"0";"4803222,38";"0";"0";"0";"4803222,38";"4803222,38";"0";"4803222,38";"0";"4803222,38";"0";"0";"0";"4803222,38";"4803222,38";"0";"0";"0";"0";"0";"0";"0";"0";"0";"0";"0";"0";"0";"0";"0";"0";"0";"0";"0";"0";"86.22.17.451.3005.5.013.44906100.03.0";"99";"Outras Aquisições de Bens Imóveis";"01";"Desapropriações";"61";"Aquisição de Imóveis";"0"
"360692";"28802";"2019";"86";"Fundo Municipal de Saneamento Ambiental e Infraestrutura";"22";"FMSAI - Secretaria Municipal de Serviços e Obras";"5";"Nota de Empenho Fornecimento de Bens de Consumo e/ou Permanente";"8";"Art. 24 Inciso II da lei Federal 8.666/93";"6";"Dispensa de Licitação";"28/11/2019 00:00:00";"28/11/2019 00:00:00";"28/11/2019 00:00:00";"0";"0";"1";"272692,46";"0";"272692,46";"0";"E";"1";"";"-1";"-1";"";"";"";"";"41";"SEM REAJUSTE";"";"";"";"27/11/2019 00:00:00";"28/11/2019 00:00:00";"35";"";"";"";"";"6022201900055879";"S";"";"";"";"Desapropriação - Melhoramento: Bacia do Córrego Paciência";"";"86";"Fundo Municipal de Saneamento Ambiental e Infraestrutura";"22";"FMSAI - Secretaria Municipal de Serviços e Obras";"272692,46";"0";"1";"0";"0";"272692,46";"272692,46";"0";"272692,46";"0";"0";"0";"272692,46";"272692,46";"0";"272692,46";"0";"272692,46";"0";"0";"0";"272692,46";"272692,46";"0";"0";"0";"0";"0";"0";"0";"0";"0";"0";"0";"0";"0";"0";"0";"0";"0";"0";"0";"0";"86.22.17.451.3005.5.013.44906100.03.0";"99";"Outras Aquisições de Bens Imóveis";"01";"Desapropriações";"61";"Aquisição de Imóveis";"0"
"360695";"28805";"2019";"86";"Fundo Municipal de Saneamento Ambiental e Infraestrutura";"22";"FMSAI - Secretaria Municipal de Serviços e Obras";"5";"Nota de Empenho Fornecimento de Bens de Consumo e/ou Permanente";"8";"Art. 24 Inciso II da lei Federal 8.666/93";"6";"Dispensa de Licitação";"28/11/2019 00:00:00";"28/11/2019 00:00:00";"28/11/2019 00:00:00";"0";"0";"1";"63929,03";"0";"63929,03";"0";"E";"1";"";"-1";"-1";"";"";"";"";"41";"SEM REAJUSTE";"";"";"";"27/11/2019 00:00:00";"28/11/2019 00:00:00";"35";"";"";"";"";"6022201900056107";"S";"";"";"";"Desapropriação - Melhoramento: Bacia do Córrego Paciência";"";"86";"Fundo Municipal de Saneamento Ambiental e Infraestrutura";"22";"FMSAI - Secretaria Municipal de Serviços e Obras";"63929,03";"0";"1";"0";"0";"63929,03";"63929,03";"0";"63929,03";"0";"0";"0";"63929,03";"63929,03";"0";"63929,03";"0";"63929,03";"0";"0";"0";"63929,03";"63929,03";"0";"0";"0";"0";"0";"0";"0";"0";"0";"0";"0";"0";"0";"0";"0";"0";"0";"0";"0";"0";"86.22.17.451.3005.5.013.44906100.03.0";"99";"Outras Aquisições de Bens Imóveis";"01";"Desapropriações";"61";"Aquisição de Imóveis";"0"
"360721";"28828";"2019";"86";"Fundo Municipal de Saneamento Ambiental e Infraestrutura";"22";"FMSAI - Secretaria Municipal de Serviços e Obras";"5";"Nota de Empenho Fornecimento de Bens de Consumo e/ou Permanente";"8";"Art. 24 Inciso II da lei Federal 8.666/93";"6";"Dispensa de Licitação";"28/11/2019 00:00:00";"28/11/2019 00:00:00";"28/11/2019 00:00:00";"0";"0";"1";"83754,95";"0";"83754,95";"0";"E";"1";"";"-1";"-1";"";"";"";"";"41";"SEM REAJUSTE";"";"";"";"27/11/2019 00:00:00";"28/11/2019 00:00:00";"35";"";"";"";"";"6022201900055984";"S";"";"";"";"Desapropriação - Melhoramento: Bacia do Córrego Paciência";"";"86";"Fundo Municipal de Saneamento Ambiental e Infraestrutura";"22";"FMSAI - Secretaria Municipal de Serviços e Obras";"83754,95";"0";"1";"0";"0";"83754,95";"83754,95";"0";"83754,95";"0";"0";"0";"83754,95";"83754,95";"0";"83754,95";"0";"83754,95";"0";"0";"0";"83754,95";"83754,95";"0";"0";"0";"0";"0";"0";"0";"0";"0";"0";"0";"0";"0";"0";"0";"0";"0";"0";"0";"0";"86.22.17.451.3005.5.013.44906100.03.0";"99";"Outras Aquisições de Bens Imóveis";"01";"Desapropriações";"61";"Aquisição de Imóveis";"0"
"360693";"28803";"2019";"86";"Fundo Municipal de Saneamento Ambiental e Infraestrutura";"22";"FMSAI - Secretaria Municipal de Serviços e Obras";"5";"Nota de Empenho Fornecimento de Bens de Consumo e/ou Permanente";"8";"Art. 24 Inciso II da lei Federal 8.666/93";"6";"Dispensa de Licitação";"28/11/2019 00:00:00";"28/11/2019 00:00:00";"28/11/2019 00:00:00";"0";"0";"1";"247897,22";"0";"247897,22";"0";"E";"1";"";"-1";"-1";"";"";"";"";"41";"SEM REAJUSTE";"";"";"";"27/11/2019 00:00:00";"28/11/2019 00:00:00";"35";"";"";"";"";"6022201900055917";"S";"";"";"";"Desapropriação - Melhoramento: Bacia do Córrego Paciência";"";"86";"Fundo Municipal de Saneamento Ambiental e Infraestrutura";"22";"FMSAI - Secretaria Municipal de Serviços e Obras";"247897,22";"0";"1";"0";"0";"247897,22";"247897,22";"0";"247897,22";"0";"0";"0";"247897,22";"247897,22";"0";"247897,22";"0";"247897,22";"0";"0";"0";"247897,22";"247897,22";"0";"0";"0";"0";"0";"0";"0";"0";"0";"0";"0";"0";"0";"0";"0";"0";"0";"0";"0";"0";"86.22.17.451.3005.5.013.44906100.03.0";"99";"Outras Aquisições de Bens Imóveis";"01";"Desapropriações";"61";"Aquisição de Imóveis";"0"
"329367";"3035";"2019";"22";"Secretaria Municipal de Infraestrutura Urbana e Obras";"10";"Gabinete do Secretário";"5";"Nota de Empenho Fornecimento de Bens de Consumo e/ou Permanente";"36";"Art. 25 - Inciso I Lei Federal  8.666/93";"7";"Inexigibilidade";"28/11/2018 00:00:00";"28/11/2019 00:00:00";"28/11/2019 00:00:00";"0";"0";"365";"0";"0";"0";"0";"E";"83";"";"-1";"-1";"";"";"";"";"41";"SEM REAJUSTE";"";"";"13/11/2018 00:00:00";"15/02/2019 00:00:00";"16/02/2019 00:00:00";"36";"";"";"";"";"6022201800058442";"S";"";"";"";"assinatura anual do Jornal Valor Econômico, versão impressa + digital, pelo período de 12 (doze) meses";"";"22";"Secretaria Municipal de Infraestrutura Urbana e Obras";"10";"Gabinete do Secretário";"1030,80";"0";"365";"0";"0";"1030,80";"1030,80";"0";"0";"1030,80";"0";"0";"0";"0";"1030,80";"1030,80";"0";"0";"1030,80";"0";"0";"0";"0";"1030,80";"0";"0";"0";"0";"0";"0";"0";"0";"0";"0";"0";"0";"0";"0";"0";"0";"0";"0";"0";"22.10.15.122.3024.2.100.33903900.00.0";"01";"Assinatura de Periódicos e Anuidades";"01";"Assinatura de Jornais";"39";"Outros Serviços de Terceiros - Pessoa Jurídica";"0"
"360723";"28830";"2019";"86";"Fundo Municipal de Saneamento Ambiental e Infraestrutura";"22";"FMSAI - Secretaria Municipal de Serviços e Obras";"5";"Nota de Empenho Fornecimento de Bens de Consumo e/ou Permanente";"8";"Art. 24 Inciso II da lei Federal 8.666/93";"6";"Dispensa de Licitação";"28/11/2019 00:00:00";"28/11/2019 00:00:00";"28/11/2019 00:00:00";"0";"0";"1";"92766,92";"0";"92766,92";"0";"E";"1";"";"-1";"-1";"";"";"";"";"41";"SEM REAJUSTE";"";"";"";"27/11/2019 00:00:00";"28/11/2019 00:00:00";"35";"";"";"";"";"6022201900055976";"S";"";"";"";"Desapropriação - Melhoramento: Bacia do Córrego Paciência";"";"86";"Fundo Municipal de Saneamento Ambiental e Infraestrutura";"22";"FMSAI - Secretaria Municipal de Serviços e Obras";"92766,92";"0";"1";"0";"0";"92766,92";"92766,92";"0";"92766,92";"0";"0";"0";"92766,92";"92766,92";"0";"92766,92";"0";"92766,92";"0";"0";"0";"92766,92";"92766,92";"0";"0";"0";"0";"0";"0";"0";"0";"0";"0";"0";"0";"0";"0";"0";"0";"0";"0";"0";"0";"86.22.17.451.3005.5.013.44906100.03.0";"99";"Outras Aquisições de Bens Imóveis";"01";"Desapropriações";"61";"Aquisição de Imóveis";"0"
"359908";"28159";"2019";"22";"Secretaria Municipal de Infraestrutura Urbana e Obras";"10";"Gabinete do Secretário";"2";"Termo de Contrato - Serviços";"7";"Art. 24 - Inciso I Lei Federal  8.666/93";"6";"Dispensa de Licitação";"16/12/2019 00:00:00";"29/01/2020 00:00:00";"29/01/2020 00:00:00";"0";"0";"44";"18677,14";"0";"18677,14";"0";"A";"9";"umental";"-1";"-1";"";"";"";"";"41";"SEM REAJUSTE";"118/SIURB/2019";"";"";"11/11/2019 00:00:00";"13/11/2019 00:00:00";"36";"";"";"";"DL";"6022201900048686";"S";"";"";"";"Dispensa de licitação - Prestação de Serviços Técnico-Profissionais para elaboração de projeto executivo de muro de contenção da EMEF Profª  Drª  Irene Garcia Costa de Souza.";"";"22";"Secretaria Municipal de Infraestrutura Urbana e Obras";"10";"Gabinete do Secretário";"18677,14";"0";"44";"0";"0";"18677,14";"18677,14";"0";"18677,14";"0";"0";"0";"18677,14";"18677,14";"0";"18677,14";"0";"18677,14";"0";"0";"0";"18677,14";"18677,14";"0";"0";"0";"0";"0";"0";"0";"0";"0";"0";"0";"0";"0";"0";"0";"0";"0";"0";"0";"0";"16.10.12.361.3010.3.366.44905100.00.0";"89";"Obras em Andamento - Uso Comum do Povo";"02";"Escolas e Similares";"51";"Obras e Instalações";"0"
"363819";"31517";"2019";"22";"Secretaria Municipal de Infraestrutura Urbana e Obras";"10";"Gabinete do Secretário";"2";"Termo de Contrato - Serviços";"2";"Art. 22 - Inciso II Lei Federal  8.666/93";"3";"Tomada de Preços";"30/12/2019 00:00:00";"28/03/2020 00:00:00";"29/03/2020 00:00:00";"0";"0";"90";"477231,99";"0";"477231,99";"0";"E";"9";"umental";"-1";"-1";"";"";"";"";"41";"SEM REAJUSTE";"";"";"";"18/12/2019 00:00:00";"19/12/2019 00:00:00";"105";"";"";"";"002/19/SIURB";"6016201900107353";"S";"";"";"";"CONTRATAÇÃO DE SERVIÇOS E OBRAS PARA CONSTRUÇÃO DE MURO DA EMEF MANOEL DE ABREU, SITUADA NA RUA GAL. RENATO VARANDAS DE AZEVEDO, 377 - SP/CS..";"";"22";"Secretaria Municipal de Infraestrutura Urbana e Obras";"10";"Gabinete do Secretário";"399523,72";"0";"90";"78219,20";"0";"477742,92";"477742,92";"0";"477231,99";"510,93";"0";"0";"477231,99";"477231,99";"677,69";"477742,92";"0";"477231,99";"510,93";"0";"0";"477231,99";"477231,99";"677,69";"0";"0";"0";"0";"0";"0";"0";"0";"0";"0";"0";"19,58";"0";"0";"0";"0";"0";"0";"0";"16.10.12.361.3010.3.366.44905100.00.0";"89";"Obras em Andamento - Uso Comum do Povo";"02";"Escolas e Similares";"51";"Obras e Instalações";"0"
"339338";"11449";"2019";"22";"Secretaria Municipal de Infraestrutura Urbana e Obras";"10";"Gabinete do Secretário";"5";"Nota de Empenho Fornecimento de Bens de Consumo e/ou Permanente";"8";"Art. 24 Inciso II da lei Federal 8.666/93";"6";"Dispensa de Licitação";"29/04/2019 00:00:00";"29/04/2019 00:00:00";"29/04/2019 00:00:00";"0";"0";"1";"211485,22";"0";"211485,22";"0";"A";"1";"";"-1";"-1";"";"";"";"";"41";"SEM REAJUSTE";"";"";"";"25/04/2019 00:00:00";"27/04/2019 00:00:00";"29";"";"";"";"";"201602316941";"P";"";"";"";"Melhoramento: Requalificação da Av. Santo Amaro - Boulevard Santo Amaro - Desapropriação.";"";"22";"Secretaria Municipal de Infraestrutura Urbana e Obras";"10";"Gabinete do Secretário";"211485,22";"0";"1";"0";"0";"211485,22";"211485,22";"0";"211485,22";"0";"0";"0";"211485,22";"211485,22";"0";"211485,22";"0";"211485,22";"0";"0";"0";"211485,22";"211485,22";"0";"0";"0";"0";"0";"0";"0";"0";"0";"0";"0";"0";"0";"0";"0";"0";"0";"0";"0";"0";"37.50.15.451.3022.3.350.44906100.08.0";"99";"Outras Aquisições de Bens Imóveis";"01";"Desapropriações";"61";"Aquisição de Imóveis";"0"
"339310";"11427";"2019";"22";"Secretaria Municipal de Infraestrutura Urbana e Obras";"10";"Gabinete do Secretário";"5";"Nota de Empenho Fornecimento de Bens de Consumo e/ou Permanente";"8";"Art. 24 Inciso II da lei Federal 8.666/93";"6";"Dispensa de Licitação";"29/04/2019 00:00:00";"29/04/2019 00:00:00";"29/04/2019 00:00:00";"0";"0";"1";"623598,33";"0";"623598,33";"0";"A";"1";"";"-1";"-1";"";"";"";"";"41";"SEM REAJUSTE";"";"";"";"25/04/2019 00:00:00";"27/04/2019 00:00:00";"29";"";"";"";"";"201602317026";"P";"";"";"";"Melhoramento: Requalificação da Av. Santo Amaro - Boulevard Santo Amaro. - Desapropriação.";"";"22";"Secretaria Municipal de Infraestrutura Urbana e Obras";"10";"Gabinete do Secretário";"623598,33";"0";"1";"0";"0";"623598,33";"623598,33";"0";"623598,33";"0";"0";"0";"623598,33";"623598,33";"0";"623598,33";"0";"623598,33";"0";"0";"0";"623598,33";"623598,33";"0";"0";"0";"0";"0";"0";"0";"0";"0";"0";"0";"0";"0";"0";"0";"0";"0";"0";"0";"0";"37.50.15.451.3022.3.350.44906100.08.0";"99";"Outras Aquisições de Bens Imóveis";"01";"Desapropriações";"61";"Aquisição de Imóveis";"0"
"339366";"11467";"2019";"22";"Secretaria Municipal de Infraestrutura Urbana e Obras";"10";"Gabinete do Secretário";"5";"Nota de Empenho Fornecimento de Bens de Consumo e/ou Permanente";"8";"Art. 24 Inciso II da lei Federal 8.666/93";"6";"Dispensa de Licitação";"29/04/2019 00:00:00";"29/04/2019 00:00:00";"29/04/2019 00:00:00";"0";"0";"1";"2069465,91";"0";"2069465,91";"0";"A";"1";"";"-1";"-1";"";"";"";"";"41";"SEM REAJUSTE";"";"";"";"25/04/2019 00:00:00";"27/04/2019 00:00:00";"29";"";"";"";"";"201600870887";"P";"";"";"";"Melhoramento: Requalificação da Av. Santo Amaro - Boulevard Santo Amaro - Desapropriação.";"";"22";"Secretaria Municipal de Infraestrutura Urbana e Obras";"10";"Gabinete do Secretário";"2069465,91";"0";"1";"0";"0";"2069465,91";"2069465,91";"0";"2069465,91";"0";"0";"0";"2069465,91";"2069465,91";"0";"2069465,91";"0";"2069465,91";"0";"0";"0";"2069465,91";"2069465,91";"0";"0";"0";"0";"0";"0";"0";"0";"0";"0";"0";"0";"0";"0";"0";"0";"0";"0";"0";"0";"37.50.15.451.3022.3.350.44906100.08.0";"99";"Outras Aquisições de Bens Imóveis";"01";"Desapropriações";"61";"Aquisição de Imóveis";"0"
"339388";"11486";"2019";"22";"Secretaria Municipal de Infraestrutura Urbana e Obras";"10";"Gabinete do Secretário";"5";"Nota de Empenho Fornecimento de Bens de Consumo e/ou Permanente";"8";"Art. 24 Inciso II da lei Federal 8.666/93";"6";"Dispensa de Licitação";"29/04/2019 00:00:00";"29/04/2019 00:00:00";"29/04/2019 00:00:00";"0";"0";"1";"1248352,08";"0";"1248352,08";"0";"A";"1";"";"-1";"-1";"";"";"";"";"41";"SEM REAJUSTE";"";"";"";"25/04/2019 00:00:00";"27/04/2019 00:00:00";"29";"";"";"";"";"200902913650";"P";"";"";"";"Melhoramento: Núcleo Habitacional destinado a população de baixa renda - Área 01 - Desapropriação.";"";"22";"Secretaria Municipal de Infraestrutura Urbana e Obras";"10";"Gabinete do Secretário";"1248352,08";"0";"1";"0";"0";"1248352,08";"1248352,08";"0";"1248352,08";"0";"0";"0";"1248352,08";"1248352,08";"0";"1248352,08";"0";"1248352,08";"0";"0";"0";"1248352,08";"1248352,08";"0";"0";"0";"0";"0";"0";"0";"0";"0";"0";"0";"0";"0";"0";"0";"0";"0";"0";"0";"0";"37.30.16.451.3002.3.357.44906100.08.0";"99";"Outras Aquisições de Bens Imóveis";"01";"Desapropriações";"61";"Aquisição de Imóveis";"0"
"339351";"11459";"2019";"22";"Secretaria Municipal de Infraestrutura Urbana e Obras";"10";"Gabinete do Secretário";"5";"Nota de Empenho Fornecimento de Bens de Consumo e/ou Permanente";"8";"Art. 24 Inciso II da lei Federal 8.666/93";"6";"Dispensa de Licitação";"29/04/2019 00:00:00";"29/04/2019 00:00:00";"29/04/2019 00:00:00";"0";"0";"1";"409659,55";"0";"409659,55";"0";"A";"1";"";"-1";"-1";"";"";"";"";"41";"SEM REAJUSTE";"";"";"";"25/04/2019 00:00:00";"27/04/2019 00:00:00";"29";"";"";"";"";"201602316879";"P";"";"";"";"Melhoramento: Requalificação da Av. Santo Amaro - Boulevard Santo Amaro - Desapropriação.";"";"22";"Secretaria Municipal de Infraestrutura Urbana e Obras";"10";"Gabinete do Secretário";"409659,55";"0";"1";"0";"0";"409659,55";"409659,55";"0";"409659,55";"0";"0";"0";"409659,55";"409659,55";"0";"409659,55";"0";"409659,55";"0";"0";"0";"409659,55";"409659,55";"0";"0";"0";"0";"0";"0";"0";"0";"0";"0";"0";"0";"0";"0";"0";"0";"0";"0";"0";"0";"37.50.15.451.3022.3.350.44906100.08.0";"99";"Outras Aquisições de Bens Imóveis";"01";"Desapropriações";"61";"Aquisição de Imóveis";"0"
"339304";"11422";"2019";"22";"Secretaria Municipal de Infraestrutura Urbana e Obras";"10";"Gabinete do Secretário";"5";"Nota de Empenho Fornecimento de Bens de Consumo e/ou Permanente";"8";"Art. 24 Inciso II da lei Federal 8.666/93";"6";"Dispensa de Licitação";"29/04/2019 00:00:00";"29/04/2019 00:00:00";"29/04/2019 00:00:00";"0";"0";"1";"338293,48";"0";"338293,48";"0";"A";"1";"";"-1";"-1";"";"";"";"";"41";"SEM REAJUSTE";"";"";"";"25/04/2019 00:00:00";"27/04/2019 00:00:00";"29";"";"";"";"";"201602317050";"P";"";"";"";"Melhoramento: Requalificação da Av. Santo Amaro - Boulevard Santo Amaro - Desapropriação.";"";"22";"Secretaria Municipal de Infraestrutura Urbana e Obras";"10";"Gabinete do Secretário";"338293,48";"0";"1";"0";"0";"338293,48";"338293,48";"0";"338293,48";"0";"0";"0";"338293,48";"338293,48";"0";"338293,48";"0";"338293,48";"0";"0";"0";"338293,48";"338293,48";"0";"0";"0";"0";"0";"0";"0";"0";"0";"0";"0";"0";"0";"0";"0";"0";"0";"0";"0";"0";"37.50.15.451.3022.3.350.44906100.08.0";"99";"Outras Aquisições de Bens Imóveis";"01";"Desapropriações";"61";"Aquisição de Imóveis";"0"
"339296";"11415";"2019";"22";"Secretaria Municipal de Infraestrutura Urbana e Obras";"10";"Gabinete do Secretário";"5";"Nota de Empenho Fornecimento de Bens de Consumo e/ou Permanente";"8";"Art. 24 Inciso II da lei Federal 8.666/93";"6";"Dispensa de Licitação";"29/04/2019 00:00:00";"29/04/2019 00:00:00";"29/04/2019 00:00:00";"0";"0";"1";"451075,09";"0";"451075,09";"0";"A";"1";"";"-1";"-1";"";"";"";"";"41";"SEM REAJUSTE";"";"";"";"25/04/2019 00:00:00";"27/04/2019 00:00:00";"29";"";"";"";"";"201602317093";"P";"";"";"";"Melhoramento: Requalificação da Av. Santo Amaro - Boulevard Santo Amaro - Desapropriação.";"";"22";"Secretaria Municipal de Infraestrutura Urbana e Obras";"10";"Gabinete do Secretário";"451075,09";"0";"1";"0";"0";"451075,09";"451075,09";"0";"451075,09";"0";"0";"0";"451075,09";"451075,09";"0";"451075,09";"0";"451075,09";"0";"0";"0";"451075,09";"451075,09";"0";"0";"0";"0";"0";"0";"0";"0";"0";"0";"0";"0";"0";"0";"0";"0";"0";"0";"0";"0";"37.50.15.451.3022.3.350.44906100.08.0";"99";"Outras Aquisições de Bens Imóveis";"01";"Desapropriações";"61";"Aquisição de Imóveis";"0"
"339384";"11482";"2019";"22";"Secretaria Municipal de Infraestrutura Urbana e Obras";"10";"Gabinete do Secretário";"5";"Nota de Empenho Fornecimento de Bens de Consumo e/ou Permanente";"8";"Art. 24 Inciso II da lei Federal 8.666/93";"6";"Dispensa de Licitação";"29/04/2019 00:00:00";"29/04/2019 00:00:00";"29/04/2019 00:00:00";"0";"0";"1";"1248352,08";"0";"0";"0";"A";"1";"";"-1";"-1";"";"";"";"";"41";"SEM REAJUSTE";"";"";"";"25/04/2019 00:00:00";"27/04/2019 00:00:00";"29";"";"";"";"";"200902913650";"P";"";"";"";"Melhoramento: Núcleo Habitacional destinado a população de baixa renda - Área 01.";"";"22";"Secretaria Municipal de Infraestrutura Urbana e Obras";"10";"Gabinete do Secretário";"1248352,08";"0";"1";"0";"0";"1248352,08";"1248352,08";"0";"0";"0";"1248352,08";"0";"0";"0";"0";"1248352,08";"0";"0";"0";"1248352,08";"0";"0";"0";"0";"0";"0";"0";"0";"0";"0";"0";"0";"0";"0";"0";"0";"0";"0";"0";"0";"0";"0";"0";"";"";"";"";"";"";"";"1248352,08"
"339331";"11444";"2019";"22";"Secretaria Municipal de Infraestrutura Urbana e Obras";"10";"Gabinete do Secretário";"5";"Nota de Empenho Fornecimento de Bens de Consumo e/ou Permanente";"8";"Art. 24 Inciso II da lei Federal 8.666/93";"6";"Dispensa de Licitação";"29/04/2019 00:00:00";"29/04/2019 00:00:00";"29/04/2019 00:00:00";"0";"0";"1";"388092,69";"0";"388092,69";"0";"A";"1";"";"-1";"-1";"";"";"";"";"41";"SEM REAJUSTE";"";"";"";"25/04/2019 00:00:00";"27/04/2019 00:00:00";"29";"";"";"";"";"201602316950";"P";"";"";"";"Melhoramento: Requalificação da Av. Santo Amaro - Boulevard Santo Amaro - Desapropriação.";"";"22";"Secretaria Municipal de Infraestrutura Urbana e Obras";"10";"Gabinete do Secretário";"388092,69";"0";"1";"0";"0";"388092,69";"388092,69";"0";"388092,69";"0";"0";"0";"388092,69";"388092,69";"0";"388092,69";"0";"388092,69";"0";"0";"0";"388092,69";"388092,69";"0";"0";"0";"0";"0";"0";"0";"0";"0";"0";"0";"0";"0";"0";"0";"0";"0";"0";"0";"0";"37.50.15.451.3022.3.350.44906100.08.0";"99";"Outras Aquisições de Bens Imóveis";"01";"Desapropriações";"61";"Aquisição de Imóveis";"0"
"339349";"11457";"2019";"22";"Secretaria Municipal de Infraestrutura Urbana e Obras";"10";"Gabinete do Secretário";"5";"Nota de Empenho Fornecimento de Bens de Consumo e/ou Permanente";"8";"Art. 24 Inciso II da lei Federal 8.666/93";"6";"Dispensa de Licitação";"29/04/2019 00:00:00";"29/04/2019 00:00:00";"29/04/2019 00:00:00";"0";"0";"1";"520080,80";"0";"520080,80";"0";"A";"1";"";"-1";"-1";"";"";"";"";"41";"SEM REAJUSTE";"";"";"";"25/04/2019 00:00:00";"27/04/2019 00:00:00";"29";"";"";"";"";"201602316917";"P";"";"";"";"Melhoramento: Requalificação da Av. Santo Amaro - Boulevard Santo Amaro - Desapropriação.";"";"22";"Secretaria Municipal de Infraestrutura Urbana e Obras";"10";"Gabinete do Secretário";"520080,80";"0";"1";"0";"0";"520080,80";"520080,80";"0";"520080,80";"0";"0";"0";"520080,80";"520080,80";"0";"520080,80";"0";"520080,80";"0";"0";"0";"520080,80";"520080,80";"0";"0";"0";"0";"0";"0";"0";"0";"0";"0";"0";"0";"0";"0";"0";"0";"0";"0";"0";"0";"37.50.15.451.3022.3.350.44906100.08.0";"99";"Outras Aquisições de Bens Imóveis";"01";"Desapropriações";"61";"Aquisição de Imóveis";"0"
"339325";"11438";"2019";"22";"Secretaria Municipal de Infraestrutura Urbana e Obras";"10";"Gabinete do Secretário";"5";"Nota de Empenho Fornecimento de Bens de Consumo e/ou Permanente";"8";"Art. 24 Inciso II da lei Federal 8.666/93";"6";"Dispensa de Licitação";"29/04/2019 00:00:00";"29/04/2019 00:00:00";"29/04/2019 00:00:00";"0";"0";"1";"644545,49";"0";"644545,49";"0";"A";"1";"";"-1";"-1";"";"";"";"";"41";"SEM REAJUSTE";"";"";"";"25/04/2019 00:00:00";"27/04/2019 00:00:00";"29";"";"";"";"";"201602316992";"P";"";"";"";"Melhoramento: Requalificação da AV. Santo Amaro - Boulevard Santo Amaro - Desapropriação.";"";"22";"Secretaria Municipal de Infraestrutura Urbana e Obras";"10";"Gabinete do Secretário";"644545,49";"0";"1";"0";"0";"644545,49";"644545,49";"0";"644545,49";"0";"0";"0";"644545,49";"644545,49";"0";"644545,49";"0";"644545,49";"0";"0";"0";"644545,49";"644545,49";"0";"0";"0";"0";"0";"0";"0";"0";"0";"0";"0";"0";"0";"0";"0";"0";"0";"0";"0";"0";"37.50.15.451.3022.3.350.44906100.08.0";"99";"Outras Aquisições de Bens Imóveis";"01";"Desapropriações";"61";"Aquisição de Imóveis";"0"
"339360";"11463";"2019";"22";"Secretaria Municipal de Infraestrutura Urbana e Obras";"10";"Gabinete do Secretário";"5";"Nota de Empenho Fornecimento de Bens de Consumo e/ou Permanente";"8";"Art. 24 Inciso II da lei Federal 8.666/93";"6";"Dispensa de Licitação";"29/04/2019 00:00:00";"29/04/2019 00:00:00";"29/04/2019 00:00:00";"0";"0";"1";"371534,87";"0";"371534,87";"0";"A";"1";"";"-1";"-1";"";"";"";"";"41";"SEM REAJUSTE";"";"";"";"25/04/2019 00:00:00";"27/04/2019 00:00:00";"29";"";"";"";"";"201602316771";"P";"";"";"";"Melhoramento: Requalificação da Av. Santo Amaro - Boulevard Santo Amaro - Desapropriação.";"";"22";"Secretaria Municipal de Infraestrutura Urbana e Obras";"10";"Gabinete do Secretário";"371534,87";"0";"1";"0";"0";"371534,87";"371534,87";"0";"371534,87";"0";"0";"0";"371534,87";"371534,87";"0";"371534,87";"0";"371534,87";"0";"0";"0";"371534,87";"371534,87";"0";"0";"0";"0";"0";"0";"0";"0";"0";"0";"0";"0";"0";"0";"0";"0";"0";"0";"0";"0";"37.50.15.451.3022.3.350.44906100.08.0";"99";"Outras Aquisições de Bens Imóveis";"01";"Desapropriações";"61";"Aquisição de Imóveis";"0"
"339373";"11473";"2019";"22";"Secretaria Municipal de Infraestrutura Urbana e Obras";"10";"Gabinete do Secretário";"5";"Nota de Empenho Fornecimento de Bens de Consumo e/ou Permanente";"8";"Art. 24 Inciso II da lei Federal 8.666/93";"6";"Dispensa de Licitação";"29/04/2019 00:00:00";"29/04/2019 00:00:00";"29/04/2019 00:00:00";"0";"0";"1";"1331653,92";"0";"1331653,92";"0";"A";"1";"";"-1";"-1";"";"";"";"";"41";"SEM REAJUSTE";"";"";"";"25/04/2019 00:00:00";"27/04/2019 00:00:00";"29";"";"";"";"";"201600451850";"P";"";"";"";"Melhoramento: Requalificação da Av. Santo Amaro - Boulevard Santo Amaro - Desapropriação.";"";"22";"Secretaria Municipal de Infraestrutura Urbana e Obras";"10";"Gabinete do Secretário";"1331653,92";"0";"1";"0";"0";"1331653,92";"1331653,92";"0";"1331653,92";"0";"0";"0";"1331653,92";"1331653,92";"0";"1331653,92";"0";"1331653,92";"0";"0";"0";"1331653,92";"1331653,92";"0";"0";"0";"0";"0";"0";"0";"0";"0";"0";"0";"0";"0";"0";"0";"0";"0";"0";"0";"0";"37.50.15.451.3022.3.350.44906100.08.0";"99";"Outras Aquisições de Bens Imóveis";"01";"Desapropriações";"61";"Aquisição de Imóveis";"0"
"342133";"13783";"2019";"22";"Secretaria Municipal de Infraestrutura Urbana e Obras";"10";"Gabinete do Secretário";"2";"Termo de Contrato - Serviços";"8";"Art. 24 Inciso II da lei Federal 8.666/93";"6";"Dispensa de Licitação";"30/01/2019 00:00:00";"29/05/2019 00:00:00";"29/05/2019 00:00:00";"0";"0";"120";"567980,20";"0";"567980,20";"0";"E";"9";"umental";"-1";"-1";"";"";"";"";"41";"SEM REAJUSTE";"";"";"";"28/05/2019 00:00:00";"29/05/2019 00:00:00";"1";"";"";"";"";"6022201900008064";"S";"";"";"";"Formalização do Contrato de Emergência - Prestação de serviços de elaboração de inspeções especiais, vistorias, ensaios, laudos técnicos e verificação estrutural de obras da Ponte Cidade Jardim.";"";"22";"Secretaria Municipal de Infraestrutura Urbana e Obras";"10";"Gabinete do Secretário";"567980,20";"0";"120";"0";"0";"567980,20";"567980,20";"0";"567980,20";"0";"0";"0";"567980,20";"567980,20";"0";"567980,20";"0";"567980,20";"0";"0";"0";"567980,20";"567980,20";"0";"0";"0";"0";"0";"0";"0";"0";"0";"0";"0";"0";"0";"0";"0";"0";"0";"0";"0";"0";"87.10.15.451.3009.5.187.44903900.08.0";"05";"Serviços Técnicos Profissionais";"01";"Gerenciamento";"39";"Outros Serviços de Terceiros - Pessoa Jurídica";"0"
"342098";"13765";"2019";"22";"Secretaria Municipal de Infraestrutura Urbana e Obras";"10";"Gabinete do Secretário";"5";"Nota de Empenho Fornecimento de Bens de Consumo e/ou Permanente";"8";"Art. 24 Inciso II da lei Federal 8.666/93";"6";"Dispensa de Licitação";"29/05/2019 00:00:00";"29/05/2019 00:00:00";"29/05/2019 00:00:00";"0";"0";"1";"48675,13";"0";"48675,13";"0";"A";"1";"";"-1";"-1";"";"";"";"";"41";"SEM REAJUSTE";"";"";"";"28/05/2019 00:00:00";"29/05/2019 00:00:00";"25";"";"";"";"";"201102460911";"P";"";"";"";"Melhoramento: Núcleo Habitacional destinado a população de baixa renda - HIS Área 40.";"";"22";"Secretaria Municipal de Infraestrutura Urbana e Obras";"10";"Gabinete do Secretário";"48675,13";"0";"1";"0";"0";"48675,13";"48675,13";"0";"48675,13";"0";"0";"0";"48675,13";"48675,13";"0";"48675,13";"0";"48675,13";"0";"0";"0";"48675,13";"48675,13";"0";"0";"0";"0";"0";"0";"0";"0";"0";"0";"0";"0";"0";"0";"0";"0";"0";"0";"0";"0";"37.30.16.451.3002.3.357.44906100.08.0";"99";"Outras Aquisições de Bens Imóveis";"01";"Desapropriações";"61";"Aquisição de Imóveis";"0"
"342140";"13787";"2019";"22";"Secretaria Municipal de Infraestrutura Urbana e Obras";"10";"Gabinete do Secretário";"2";"Termo de Contrato - Serviços";"1";"Art. 22 - Inciso I Lei Federal  8.666/93";"4";"Concorrência";"30/01/2019 00:00:00";"29/05/2019 00:00:00";"29/05/2019 00:00:00";"0";"0";"120";"450656,64";"0";"450656,64";"0";"E";"9";"umental";"-1";"-1";"";"";"";"";"26";"CONSULTORIA";"";"";"";"28/05/2019 00:00:00";"29/05/2019 00:00:00";"25";"";"";"";"";"6022201900008048";"S";"";"";"";"Prestação de serviços de elaboração de inspeções especiais, vistorias, ensaios, laudos técnicos e verificação estrutural de obras do Viaduto Gazeta do Ipiranga";"";"22";"Secretaria Municipal de Infraestrutura Urbana e Obras";"10";"Gabinete do Secretário";"450656,64";"0";"120";"0";"0";"450656,64";"450656,64";"0";"450656,64";"0";"0";"0";"450656,64";"450656,64";"0";"450656,64";"0";"450656,64";"0";"0";"0";"450656,64";"450656,64";"0";"0";"0";"0";"0";"0";"0";"0";"0";"0";"0";"0";"0";"0";"0";"0";"0";"0";"0";"0";"87.10.15.451.3009.5.187.44903900.08.0";"05";"Serviços Técnicos Profissionais";"01";"Gerenciamento";"39";"Outros Serviços de Terceiros - Pessoa Jurídica";"0"
"328336";"2200";"2019";"86";"Fundo Municipal de Saneamento Ambiental e Infraestrutura";"22";"FMSAI - Secretaria Municipal de Serviços e Obras";"2";"Termo de Contrato - Serviços";"1";"Art. 22 - Inciso I Lei Federal  8.666/93";"4";"Concorrência";"01/03/2019 00:00:00";"28/06/2019 00:00:00";"29/06/2019 00:00:00";"0";"0";"120";"473019,04";"56928,82";"473019,04";"56928,82";"E";"9";"umental";"-1";"-1";"";"";"";"";"26";"CONSULTORIA";"";"";"";"22/01/2019 00:00:00";"23/01/2019 00:00:00";"";"";"";"";"";"6022201900003984";"S";"";"";"";"Ata de Registro de Preços 001/SIURB/17- Agrupamento I e III - Registro de Preços para Prestação de Serviços para Elaboração de Material Técnico Necessário para Instruir a Propositura de Ações de Desapropriação, Cessão de Móveis, Permutas E/OU Transferência de Posse para Imóveis Necessários pelo Município de São Paulo, Composto Pelos Cadastros Individuais de Propriedade e Pelos Laudos de Avaliação Individual de Imóveis.";"";"86";"Fundo Municipal de Saneamento Ambiental e Infraestrutura";"22";"FMSAI - Secretaria Municipal de Serviços e Obras";"473020,09";"0";"120";"0";"56928,96";"529949,05";"529949,05";"0";"529947,86";"1,19";"0";"0";"529947,86";"529947,86";"1,19";"473020,09";"0";"473019,04";"1,05";"0";"0";"473019,04";"473019,04";"1,05";"56928,96";"0";"56928,82";"0,14";"0";"0";"56928,82";"56928,82";"0,14";"0";"0";"0";"0";"0";"0";"0";"0";"0";"0";"86.22.17.451.3005.5.013.44903900.03.0";"05";"Serviços Técnicos Profissionais";"01";"Gerenciamento";"39";"Outros Serviços de Terceiros - Pessoa Jurídica";"0"
"328347";"2209";"2019";"86";"Fundo Municipal de Saneamento Ambiental e Infraestrutura";"22";"FMSAI - Secretaria Municipal de Serviços e Obras";"2";"Termo de Contrato - Serviços";"1";"Art. 22 - Inciso I Lei Federal  8.666/93";"4";"Concorrência";"01/03/2019 00:00:00";"28/06/2019 00:00:00";"29/06/2019 00:00:00";"0";"0";"120";"1861871,28";"224080,12";"1861871,28";"224080,12";"E";"9";"umental";"-1";"-1";"";"";"";"";"26";"CONSULTORIA";"";"";"";"22/01/2019 00:00:00";"23/01/2019 00:00:00";"63";"";"";"";"";"6022201900003976";"S";"";"";"";"Elaboração de material expropriatório para a implantação do Melhoramento Reservatório Córrego Paciência, Trecho 3 e 4";"";"86";"Fundo Municipal de Saneamento Ambiental e Infraestrutura";"22";"FMSAI - Secretaria Municipal de Serviços e Obras";"2085951,40";"0";"120";"0";"240080,10";"2326031,50";"2326031,50";"0";"2085951,40";"240080,10";"0";"0";"2085951,40";"2085951,40";"860000";"2085951,40";"0";"1861871,28";"224080,12";"0";"0";"1861871,28";"1861871,28";"767615,90";"240080,10";"0";"224080,12";"15999,98";"0";"0";"224080,12";"224080,12";"92384,10";"0";"0";"0";"0";"0";"0";"0";"0";"0";"0";"86.22.17.451.3005.5.013.44903900.03.0";"05";"Serviços Técnicos Profissionais";"01";"Gerenciamento";"39";"Outros Serviços de Terceiros - Pessoa Jurídica";"0"
"328161";"2059";"2019";"22";"Secretaria Municipal de Infraestrutura Urbana e Obras";"10";"Gabinete do Secretário";"2";"Termo de Contrato - Serviços";"1";"Art. 22 - Inciso I Lei Federal  8.666/93";"4";"Concorrência";"01/03/2019 00:00:00";"28/06/2019 00:00:00";"29/06/2019 00:00:00";"0";"0";"120";"310739,50";"37398,08";"310739,50";"37398,08";"E";"9";"umental";"-1";"-1";"";"";"";"";"26";"CONSULTORIA";"";"";"";"17/12/2018 00:00:00";"18/12/2018 00:00:00";"";"";"";"";"";"6022201800039170";"S";"";"";"";"Ata de Registro de Preços nº 002/SIURB/2017 - Agrupamento II e IV - Registro de Preços para Prestação de Serviços para Elaboração de Material Técnico Necessário para Instruir a Propositura de Ações de Desapropriação, Cessão de Móveis, Permutas E/OU Transferência de Posse para Imóveis Necessários pelo Município de São Paulo, Composto Pelos Cadastros Individuais de Propriedade e Pelos Laudos de Avaliação Individual de Imóveis.";"";"22";"Secretaria Municipal de Infraestrutura Urbana e Obras";"10";"Gabinete do Secretário";"310739,55";"0";"120";"0";"37398,15";"348137,70";"348137,70";"0";"348137,58";"0,12";"0";"0";"348137,58";"348137,58";"0,12";"310739,55";"0";"310739,50";"0,05";"0";"0";"310739,50";"310739,50";"0,05";"37398,15";"0";"37398,08";"0,07";"0";"0";"37398,08";"37398,08";"0,07";"0";"0";"0";"0";"0";"0";"0";"0";"0";"0";"87.10.15.451.3009.5.100.44903900.08.0";"05";"Serviços Técnicos Profissionais";"01";"Gerenciamento";"39";"Outros Serviços de Terceiros - Pessoa Jurídica";"0"
"341276";"13084";"2019";"22";"Secretaria Municipal de Infraestrutura Urbana e Obras";"10";"Gabinete do Secretário";"2";"Termo de Contrato - Serviços";"39";"Não Aplicável";"8";"Não Aplicável";"01/07/2019 00:00:00";"29/06/2020 00:00:00";"29/06/2020 00:00:00";"0";"0";"364";"50459,82";"0";"50459,82";"0";"E";"84";"te do gestor";"2018";"7";"13";"Secretaria Municipal de Gestão";"";"";"41";"SEM REAJUSTE";"044/SIURB/2019";"Maria Amélia Carvalho Gomes";"17/10/2018 00:00:00";"15/05/2019 00:00:00";"17/05/2019 00:00:00";"27";"26/06/2019 00:00:00";"27/06/2019 00:00:00";"98";"20/COBES/2018";"6022201900027786";"S";"839.248-0";"Isabela Lemos Santana";"Conforme doc. sei! 089426929.";"Ata de RP nº 007/SG-COBES/2018 - Contratação de empresa especializada para prestação de serviços de agenciamento de passagens aéreas.";"";"22";"Secretaria Municipal de Infraestrutura Urbana e Obras";"10";"Gabinete do Secretário";"60000";"0";"364";"300000";"0";"360000";"360000";"0";"50459,82";"309540,18";"0";"0";"50459,82";"50459,82";"319703,45";"360000";"0";"50459,82";"309540,18";"0";"0";"50459,82";"50459,82";"319703,45";"0";"0";"0";"0";"0";"0";"0";"0";"0";"0";"0";"0";"0";"0";"0";"0";"0";"1826";"0";"22.10.15.122.3024.2.100.33903300.00.0";"01";"Passagens para o País";"04";"Passagens Aéreas";"33";"Passagens e Despesas com Locomoção";"0"
"341044";"12894";"2019";"22";"Secretaria Municipal de Infraestrutura Urbana e Obras";"10";"Gabinete do Secretário";"30";"Nota de Empenho para Fornecimento de Serviços";"36";"Art. 25 - Inciso I Lei Federal  8.666/93";"7";"Inexigibilidade";"01/07/2019 00:00:00";"29/06/2020 00:00:00";"29/06/2020 00:00:00";"0";"0";"365";"1030,80";"0";"1030,80";"0";"E";"83";"";"-1";"-1";"";"";"";"";"41";"SEM REAJUSTE";"";"";"";"14/05/2019 00:00:00";"15/05/2019 00:00:00";"31";"";"";"";"";"6022201800058442";"S";"";"";"";"assinatura anual do Jornal Valor Econômico, versão impressa + digital, pelo período de 12 (doze) meses";"";"22";"Secretaria Municipal de Infraestrutura Urbana e Obras";"10";"Gabinete do Secretário";"1030,80";"0";"365";"0";"0";"1030,80";"1030,80";"0";"1030,80";"0";"0";"0";"1030,80";"1030,80";"0";"1030,80";"0";"1030,80";"0";"0";"0";"1030,80";"1030,80";"0";"0";"0";"0";"0";"0";"0";"0";"0";"0";"0";"0";"0";"0";"0";"0";"0";"0";"0";"0";"22.10.15.122.3024.2.100.33903900.00.0";"01";"Assinatura de Periódicos e Anuidades";"01";"Assinatura de Jornais";"39";"Outros Serviços de Terceiros - Pessoa Jurídica";"0"
"328386";"2238";"2019";"22";"Secretaria Municipal de Infraestrutura Urbana e Obras";"10";"Gabinete do Secretário";"2";"Termo de Contrato - Serviços";"1";"Art. 22 - Inciso I Lei Federal  8.666/93";"4";"Concorrência";"01/04/2019 00:00:00";"29/07/2019 00:00:00";"29/07/2019 00:00:00";"0";"0";"120";"13317,87";"1602,83";"13317,86";"1602,83";"A";"9";"umental";"-1";"-1";"";"";"";"";"26";"CONSULTORIA";"";"";"";"07/02/2019 00:00:00";"08/02/2019 00:00:00";"25";"";"";"";"";"201303074202";"P";"";"";"";"Ata de Registro de Preços nº 001/SMSO/2017 - Agrupamento I e III - Material Expropriatório - Circuito de Compras";"";"22";"Secretaria Municipal de Infraestrutura Urbana e Obras";"10";"Gabinete do Secretário";"13317,87";"0";"120";"0";"1602,83";"14920,70";"14920,70";"0";"14920,69";"0";"0,01";"0";"14920,69";"14920,69";"0,01";"13317,87";"0";"13317,86";"0";"0,01";"0";"13317,86";"13317,86";"0,01";"1602,83";"0";"1602,83";"0";"0";"0";"1602,83";"1602,83";"0";"0";"0";"0";"0";"0";"0";"0";"0";"0";"0";"12.10.15.451.3022.1.170.44905100.00.0";"80";"Estudos e Projetos";"99";"Outros Estudos e Projetos";"51";"Obras e Instalações";"0,01"
"337582";"9902";"2019";"22";"Secretaria Municipal de Infraestrutura Urbana e Obras";"10";"Gabinete do Secretário";"2";"Termo de Contrato - Serviços";"2";"Art. 22 - Inciso II Lei Federal  8.666/93";"3";"Tomada de Preços";"30/05/2019 00:00:00";"28/07/2019 00:00:00";"29/07/2019 00:00:00";"0";"0";"60";"1182061,27";"0";"1182061,27";"0";"E";"9";"umental";"-1";"-1";"";"";"";"";"41";"SEM REAJUSTE";"";"";"";"04/12/2018 00:00:00";"05/12/2018 00:00:00";"102";"";"";"";"TP - 009/18/SIURB";"6022201800033229";"S";"";"";"";"OBJETO: CONTRATAÇÃO DE EMPRESA PARA CONSTRUÇÃO DO CENTRO DE CONTROLE POPULACIONAL ANIMAL, SITUADO NA AVENIDA PROFESSOR VICENTE RAO X AVENIDA VEREADOR JOSÉ DINIZ - PR/SA.";"";"22";"Secretaria Municipal de Infraestrutura Urbana e Obras";"10";"Gabinete do Secretário";"1014000,05";"0";"60";"170452,21";"0";"1184452,26";"1184452,26";"0";"1182061,27";"2390,99";"0";"0";"1182061,27";"1182061,27";"28510,31";"1184452,26";"0";"1182061,27";"2390,99";"0";"0";"1182061,27";"1182061,27";"28510,31";"0";"0";"0";"0";"0";"0";"0";"0";"0";"0";"0";"16,81";"0";"0";"0";"0";"0";"0";"0";"22.10.15.451.3022.5.085.44905100.00.0";"89";"Obras em Andamento - Uso Comum do Povo";"26";"Centros de Convivência e Similares";"51";"Obras e Instalações";"0"
"347474";"17913";"2019";"22";"Secretaria Municipal de Infraestrutura Urbana e Obras";"10";"Gabinete do Secretário";"5";"Nota de Empenho Fornecimento de Bens de Consumo e/ou Permanente";"8";"Art. 24 Inciso II da lei Federal 8.666/93";"6";"Dispensa de Licitação";"29/07/2019 00:00:00";"29/07/2019 00:00:00";"29/07/2019 00:00:00";"0";"0";"1";"6295736,17";"0";"6295736,17";"0";"A";"1";"";"-1";"-1";"";"";"";"";"41";"SEM REAJUSTE";"";"";"";"29/07/2019 00:00:00";"29/07/2019 00:00:00";"";"";"";"";"";"201303124609";"P";"";"";"";"Melhoramento Prolongamento da Av. Dr. Chucri Zaidan até a Av. João Dias";"";"22";"Secretaria Municipal de Infraestrutura Urbana e Obras";"10";"Gabinete do Secretário";"6295736,17";"0";"1";"0";"0";"6295736,17";"6295736,17";"0";"6295736,17";"0";"0";"0";"6295736,17";"6295736,17";"0";"6295736,17";"0";"6295736,17";"0";"0";"0";"6295736,17";"6295736,17";"0";"0";"0";"0";"0";"0";"0";"0";"0";"0";"0";"0";"0";"0";"0";"0";"0";"0";"0";"0";"37.30.15.451.3009.5.100.44906100.08.0";"99";"Outras Aquisições de Bens Imóveis";"01";"Desapropriações";"61";"Aquisição de Imóveis";"0"
"351080";"20749";"2019";"22";"Secretaria Municipal de Infraestrutura Urbana e Obras";"10";"Gabinete do Secretário";"5";"Nota de Empenho Fornecimento de Bens de Consumo e/ou Permanente";"8";"Art. 24 Inciso II da lei Federal 8.666/93";"6";"Dispensa de Licitação";"29/08/2019 00:00:00";"29/08/2019 00:00:00";"29/08/2019 00:00:00";"0";"0";"1";"94039,66";"0";"94039,66";"0";"A";"1";"";"-1";"-1";"";"";"";"";"41";"SEM REAJUSTE";"";"";"";"27/08/2019 00:00:00";"29/08/2019 00:00:00";"38";"";"";"";"";"201303124609";"P";"";"";"";"Melhoramento: Prolongamento da Av. Dr. Chucri Zaidan até a Av. João Dias - Desap";"";"22";"Secretaria Municipal de Infraestrutura Urbana e Obras";"10";"Gabinete do Secretário";"94039,66";"0";"1";"0";"0";"94039,66";"94039,66";"0";"94039,66";"0";"0";"0";"94039,66";"94039,66";"0";"94039,66";"0";"94039,66";"0";"0";"0";"94039,66";"94039,66";"0";"0";"0";"0";"0";"0";"0";"0";"0";"0";"0";"0";"0";"0";"0";"0";"0";"0";"0";"0";"37.30.15.451.3009.5.100.44906100.08.0";"99";"Outras Aquisições de Bens Imóveis";"01";"Desapropriações";"61";"Aquisição de Imóveis";"0"
"338549";"10773";"2019";"86";"Fundo Municipal de Saneamento Ambiental e Infraestrutura";"22";"";"2";"Termo de Contrato - Serviços";"1";"Art. 22 - Inciso I Lei Federal  8.666/93";"4";"Concorrência";"25/09/2015 00:00:00";"31/05/2019 00:00:00";"29/08/2019 00:00:00";"0";"0";"1345";"3547558,78";"2593296,10";"1141493,77";"919846,74";"A";"9";"umental";"-1";"-1";"";"";"";"";"2";"ESTRUTURA GERAL";"";"";"";"25/09/2015 00:00:00";"25/09/2015 00:00:00";"";"";"";"";"";"201602306989";"P";"";"";"";"CT - 072/SIURB/2015 - PRA LOTE B";"";"86";"Fundo Municipal de Saneamento Ambiental e Infraestrutura";"22";"";"2732963,20";"0";"1345";"814595,58";"2593296,10";"6140854,88";"6140854,88";"0";"2061340,51";"0";"4079514,37";"0";"2061340,51";"2061340,51";"7515427,88";"3547558,78";"0";"1141493,77";"0";"2406065,01";"0";"1141493,77";"1141493,77";"4522498,52";"2593296,10";"0";"919846,74";"0";"1673449,36";"0";"919846,74";"919846,74";"2992929,36";"0";"0";"29,81";"0";"0";"0";"0";"0";"90";"0";"86.22.17.451.3005.5.013.44905100.03.0";"89";"Obras em Andamento - Uso Comum do Povo";"22";"Canalização de Córregos";"51";"Obras e Instalações";"4079514,37"
"346172";"16951";"2019";"22";"Secretaria Municipal de Infraestrutura Urbana e Obras";"10";"Gabinete do Secretário";"2";"Termo de Contrato - Serviços";"7";"Art. 24 - Inciso I Lei Federal  8.666/93";"6";"Dispensa de Licitação";"30/07/2019 00:00:00";"28/08/2019 00:00:00";"29/08/2019 00:00:00";"0";"0";"30";"13020,73";"0";"13020,73";"0";"E";"9";"umental";"-1";"-1";"";"";"";"";"41";"SEM REAJUSTE";"";"";"";"12/07/2019 00:00:00";"13/07/2019 00:00:00";"25";"";"";"";"DL";"6022201900030183";"S";"";"";"";"Prestação de Serviços Técnico-Profissionais de Levantamento planialtimétrico e sondagem para desenvolvimento de Projeto Executivo da EMEI Taufik Daud Kurban";"";"22";"Secretaria Municipal de Infraestrutura Urbana e Obras";"10";"Gabinete do Secretário";"13620,74";"0";"30";"0";"0";"13620,74";"13620,74";"0";"13020,73";"600,01";"0";"0";"13020,73";"13020,73";"600,01";"13620,74";"0";"13020,73";"600,01";"0";"0";"13020,73";"13020,73";"600,01";"0";"0";"0";"0";"0";"0";"0";"0";"0";"0";"0";"0";"0";"0";"0";"0";"0";"0";"0";"16.10.12.365.3010.3.362.44905100.00.0";"89";"Obras em Andamento - Uso Comum do Povo";"02";"Escolas e Similares";"51";"Obras e Instalações";"0"
"345863";"16708";"2019";"22";"Secretaria Municipal de Infraestrutura Urbana e Obras";"10";"Gabinete do Secretário";"2";"Termo de Contrato - Serviços";"7";"Art. 24 - Inciso I Lei Federal  8.666/93";"6";"Dispensa de Licitação";"30/07/2019 00:00:00";"28/08/2019 00:00:00";"29/08/2019 00:00:00";"0";"0";"30";"13455,51";"0";"13455,51";"0";"E";"9";"umental";"-1";"-1";"";"";"";"";"41";"SEM REAJUSTE";"";"";"";"02/07/2019 00:00:00";"04/07/2019 00:00:00";"36";"";"";"";"DL";"6022201900030159";"S";"";"";"";"Prestação de Serviços Técnico-Profissionais de Levantamento planialtimétrico e sondagem para desenvolvimento de Projeto Executivo de muro de Contenção da EMEF Marcos Melega.";"";"22";"Secretaria Municipal de Infraestrutura Urbana e Obras";"10";"Gabinete do Secretário";"17868,71";"0";"30";"0";"0";"17868,71";"17868,71";"0";"13455,51";"4413,20";"0";"0";"13455,51";"13455,51";"4413,20";"17868,71";"0";"13455,51";"4413,20";"0";"0";"13455,51";"13455,51";"4413,20";"0";"0";"0";"0";"0";"0";"0";"0";"0";"0";"0";"0";"0";"0";"0";"0";"0";"0";"0";"16.10.12.361.3010.3.366.44905100.00.0";"89";"Obras em Andamento - Uso Comum do Povo";"02";"Escolas e Similares";"51";"Obras e Instalações";"0"
"351699";"21260";"2019";"22";"Secretaria Municipal de Infraestrutura Urbana e Obras";"10";"Gabinete do Secretário";"2";"Termo de Contrato - Serviços";"7";"Art. 24 - Inciso I Lei Federal  8.666/93";"6";"Dispensa de Licitação";"30/09/2019 00:00:00";"29/10/2019 00:00:00";"29/10/2019 00:00:00";"0";"0";"29";"22700,77";"0";"22700,77";"0";"A";"9";"umental";"-1";"-1";"";"";"";"";"41";"SEM REAJUSTE";"097/SIURB/2019";"";"";"03/09/2019 00:00:00";"05/09/2019 00:00:00";"26";"";"";"";"DL";"6022201900030329";"S";"";"";"";"Dispensa de Licitação - Prestação de Serviços Técnico-Profissionais de levantamento planialtimétrico e sondagem para desenvolvimento de Projeto Executivo de muro de Contenção da EMEI Prof. Eliza Mara Torres.";"";"22";"Secretaria Municipal de Infraestrutura Urbana e Obras";"10";"Gabinete do Secretário";"22700,77";"0";"29";"0";"0";"22700,77";"22700,77";"0";"22700,77";"0";"0";"0";"22700,77";"22700,77";"0";"22700,77";"0";"22700,77";"0";"0";"0";"22700,77";"22700,77";"0";"0";"0";"0";"0";"0";"0";"0";"0";"0";"0";"0";"0";"0";"0";"0";"0";"0";"0";"0";"16.10.12.365.3010.3.362.44905100.00.0";"89";"Obras em Andamento - Uso Comum do Povo";"02";"Escolas e Similares";"51";"Obras e Instalações";"0"
"352209";"21664";"2019";"22";"Secretaria Municipal de Infraestrutura Urbana e Obras";"10";"Gabinete do Secretário";"2";"Termo de Contrato - Serviços";"7";"Art. 24 - Inciso I Lei Federal  8.666/93";"6";"Dispensa de Licitação";"01/10/2019 00:00:00";"29/11/2019 00:00:00";"29/11/2019 00:00:00";"0";"0";"59";"27563,53";"0";"27563,53";"0";"E";"9";"umental";"-1";"-1";"";"";"";"";"41";"SEM REAJUSTE";"";"";"";"09/09/2019 00:00:00";"10/09/2019 00:00:00";"30";"";"";"";"DL";"6023201900022429";"S";"";"";"";"Contratação de serviços técnicos de adaptação/reforma do banheiro do 34º andar da Secretaria Municipal de Inovação e Tecnologia, para adequação às normas vigentes de acessibilidade (PNE), localizado à Rua Líbero Badaró, 425, Centro, São Paulo.";"";"22";"Secretaria Municipal de Infraestrutura Urbana e Obras";"10";"Gabinete do Secretário";"27563,53";"0";"59";"0";"0";"27563,53";"27563,53";"0";"27563,53";"0";"0";"0";"27563,53";"27563,53";"0";"27563,53";"0";"27563,53";"0";"0";"0";"27563,53";"27563,53";"0";"0";"0";"0";"0";"0";"0";"0";"0";"0";"0";"0";"0";"0";"0";"0";"0";"0";"0";"0";"23.10.15.122.3024.2.100.44905100.00.0";"92";"Instalações";"99";"Outras Instalações";"51";"Obras e Instalações";"0"
"350325";"20135";"2019";"22";"Secretaria Municipal de Infraestrutura Urbana e Obras";"10";"Gabinete do Secretário";"2";"Termo de Contrato - Serviços";"2";"Art. 22 - Inciso II Lei Federal  8.666/93";"3";"Tomada de Preços";"02/09/2019 00:00:00";"29/01/2020 00:00:00";"30/01/2020 00:00:00";"0";"0";"150";"1371357,17";"0";"1371357,17";"0";"E";"9";"umental";"-1";"-1";"";"";"";"";"2";"ESTRUTURA GERAL";"";"";"";"19/08/2019 00:00:00";"20/08/2019 00:00:00";"";"";"";"";"";"7910201900003810";"S";"";"";"";"Tomada de Preços Nº 003/2019 - Contratação de empresa especializada em engenharia e arquitetura para execução das obras de reforma para implantação do DESCOMPLICA SP - UNIDADE JABAQUARA.";"";"22";"Secretaria Municipal de Infraestrutura Urbana e Obras";"10";"Gabinete do Secretário";"1324848,47";"0";"150";"148953,04";"0";"1473801,51";"1473801,51";"0";"1371357,17";"102444,34";"0";"0";"1371357,17";"1371357,17";"102444,34";"1473801,51";"0";"1371357,17";"102444,34";"0";"0";"1371357,17";"1371357,17";"102444,34";"0";"0";"0";"0";"0";"0";"0";"0";"0";"0";"0";"0";"0";"0";"0";"0";"0";"62";"0";"23.10.04.126.3011.1.358.44905100.00.0";"92";"Instalações";"99";"Outras Instalações";"51";"Obras e Instalações";"0"
"361053";"29113";"2019";"22";"Secretaria Municipal de Infraestrutura Urbana e Obras";"10";"Gabinete do Secretário";"2";"Termo de Contrato - Serviços";"3";"Art. 22 - Inciso III Lei Federal  8.666/93";"2";"Convite";"17/12/2019 00:00:00";"30/01/2020 00:00:00";"30/01/2020 00:00:00";"0";"0";"44";"37852,96";"0";"34109,81";"0";"S";"9";"umental";"-1";"-1";"";"";"";"";"41";"SEM REAJUSTE";"122/SIURB/2019";"";"";"26/11/2019 00:00:00";"28/11/2019 00:00:00";"99";"";"";"";"convite 010/19/SIURB";"6022201800035299";"S";"";"";"";"CONTRATAÇÃO DE SERVIÇOS TÉCNICOS PROFISSIONAIS PARA DESENVOLVIMENTO DE PROJETO EXECUTIVO DE MURO DE CONTENÇÃO E SONDAGEM / TOPOGRAFIA ENTRE EMEI/ CEI PARQUE DAS NAÇÕES II";"";"22";"Secretaria Municipal de Infraestrutura Urbana e Obras";"10";"Gabinete do Secretário";"37852,96";"0";"44";"0";"0";"37852,96";"37852,96";"0";"34109,81";"0";"3743,15";"0";"34109,81";"34109,81";"3743,15";"37852,96";"0";"34109,81";"0";"3743,15";"0";"34109,81";"34109,81";"3743,15";"0";"0";"0";"0";"0";"0";"0";"0";"0";"0";"0";"0";"0";"0";"0";"0";"0";"0";"0";"16.10.12.365.3010.3.360.44905100.00.0";"89";"Obras em Andamento - Uso Comum do Povo";"02";"Escolas e Similares";"51";"Obras e Instalações";"3743,15"
"336684";"9096";"2019";"22";"Secretaria Municipal de Infraestrutura Urbana e Obras";"10";"Gabinete do Secretário";"2";"Termo de Contrato - Serviços";"1";"Art. 22 - Inciso I Lei Federal  8.666/93";"4";"Concorrência";"01/12/2018 00:00:00";"30/03/2019 00:00:00";"30/03/2019 00:00:00";"0";"0";"119";"801095,71";"0";"700553,08";"0";"E";"9";"umental";"2017";"4";"22";"Secretaria Municipal de Infraestrutura Urbana e Obras";"";"";"41";"SEM REAJUSTE";"";"";"";"05/12/2018 00:00:00";"06/12/2018 00:00:00";"85";"";"";"";"002/SMSO/17";"6018201800297682";"S";"";"";"";"Execução de serviços gerais de manutenção previstos na ATA DE REGISTRO DE PREÇOS nº 004/SMSO/2017 - AGRUPAMENTO  27  -  Subprefeitura  SÉ - PR/SE,  com fornecimento de materiais de primeira linha e mão-de-obra especializada para execução de serviços gerais de manutenção preventiva, corretiva, reparações, adaptações e modificações, no (a) COORDENADORIA REGIONAL DE SAÚDE CENTRO - 5º AO 9º ANDAR, situada na Rua Líbero Badaró, nº 282 - São Paulo/SP";"";"22";"Secretaria Municipal de Infraestrutura Urbana e Obras";"10";"Gabinete do Secretário";"801095,71";"0";"119";"0";"0";"801095,71";"801095,71";"0";"700553,08";"100542,63";"0";"0";"700553,08";"700553,08";"405,67";"801095,71";"0";"700553,08";"100542,63";"0";"0";"700553,08";"700553,08";"405,67";"0";"0";"0";"0";"0";"0";"0";"0";"0";"0";"0";"0";"0";"0";"0";"0";"0";"0";"0";"84.10.10.301.3003.1.509.44905100.00.0";"89";"Obras em Andamento - Uso Comum do Povo";"01";"Hospitais e Similares";"51";"Obras e Instalações";"0"
"332963";"6056";"2019";"22";"Secretaria Municipal de Infraestrutura Urbana e Obras";"10";"Gabinete do Secretário";"5";"Nota de Empenho Fornecimento de Bens de Consumo e/ou Permanente";"8";"Art. 24 Inciso II da lei Federal 8.666/93";"6";"Dispensa de Licitação";"21/03/2019 00:00:00";"30/03/2019 00:00:00";"30/03/2019 00:00:00";"0";"0";"10";"3799,92";"0";"3799,92";"0";"E";"83";"";"-1";"-1";"";"";"";"";"41";"SEM REAJUSTE";"";"Maitê Siqueira Rodrigues";"18/12/2018 00:00:00";"20/12/2018 00:00:00";"27/12/2018 00:00:00";"32";"";"";"";"";"6022201800055680";"S";"";"";"";"Aquisição de  extintores de CO2 6kg";"";"22";"Secretaria Municipal de Infraestrutura Urbana e Obras";"10";"Gabinete do Secretário";"3799,92";"0";"10";"0";"0";"3799,92";"3799,92";"0";"3799,92";"0";"0";"0";"3799,92";"3799,92";"0";"3799,92";"0";"3799,92";"0";"0";"0";"3799,92";"3799,92";"0";"0";"0";"0";"0";"0";"0";"0";"0";"0";"0";"0";"0";"0";"0";"0";"0";"0";"0";"0";"22.10.15.122.3024.2.100.44905200.00.0";"24";"Equipamento de Proteção, Segurança e Socorro";"01";"Extintor de Incêndio";"52";"Equipamentos e Material Permanente";"0"
"361784";"29762";"2019";"22";"Secretaria Municipal de Infraestrutura Urbana e Obras";"10";"Gabinete do Secretário";"2";"Termo de Contrato - Serviços";"7";"Art. 24 - Inciso I Lei Federal  8.666/93";"6";"Dispensa de Licitação";"16/03/2020 00:00:00";"30/04/2020 00:00:00";"30/04/2020 00:00:00";"0";"0";"45";"8876,69";"0";"8876,69";"0";"E";"9";"umental";"-1";"-1";"";"";"";"";"41";"SEM REAJUSTE";"";"";"";"26/11/2019 00:00:00";"28/11/2019 00:00:00";"35";"";"";"";"DL";"6022201900025295";"S";"";"";"";"Dispensa de licitação - Prestação de Serviços Técnico-Profissionais para Desenvolvimento de projeto executivo de muro de contenção da EMEF Joaquim Nabuco.";"";"22";"Secretaria Municipal de Infraestrutura Urbana e Obras";"10";"Gabinete do Secretário";"8876,89";"0";"45";"0";"0";"8876,89";"8876,89";"0";"8876,69";"0,20";"0";"0";"8876,69";"8876,69";"8876,89";"8876,89";"0";"8876,69";"0,20";"0";"0";"8876,69";"8876,69";"8876,89";"0";"0";"0";"0";"0";"0";"0";"0";"0";"0";"0";"0";"0";"0";"0";"0";"0";"0";"0";"16.10.12.361.3010.3.366.44905100.00.0";"89";"Obras em Andamento - Uso Comum do Povo";"02";"Escolas e Similares";"51";"Obras e Instalações";"0"
"338155";"10418";"2019";"22";"Secretaria Municipal de Infraestrutura Urbana e Obras";"10";"Gabinete do Secretário";"2";"Termo de Contrato - Serviços";"4";"Art. 22 - Inciso IV Lei Federal  8.666/93";"1";"Concurso";"31/01/2019 00:00:00";"30/05/2019 00:00:00";"30/05/2019 00:00:00";"0";"0";"120";"522374,56";"0";"522374,55";"0";"E";"9";"umental";"-1";"-1";"";"";"";"";"41";"SEM REAJUSTE";"";"";"";"16/04/2019 00:00:00";"17/04/2019 00:00:00";"28";"";"";"";"emergência";"201900069500";"P";"";"";"";"Reconstrução da área de entrada da Unidade no CEI Vila Chuca - Rua André Basili,  nº 245.";"";"22";"Secretaria Municipal de Infraestrutura Urbana e Obras";"10";"Gabinete do Secretário";"522374,56";"0";"120";"0";"0";"522374,56";"522374,56";"0";"522374,55";"0,01";"0";"0";"522374,55";"522374,55";"0,01";"522374,56";"0";"522374,55";"0,01";"0";"0";"522374,55";"522374,55";"0,01";"0";"0";"0";"0";"0";"0";"0";"0";"0";"0";"0";"0";"0";"0";"0";"0";"0";"0";"0";"16.10.12.365.3010.3.360.44905100.00.0";"89";"Obras em Andamento - Uso Comum do Povo";"02";"Escolas e Similares";"51";"Obras e Instalações";"0"
"342125";"13779";"2019";"22";"Secretaria Municipal de Infraestrutura Urbana e Obras";"10";"Gabinete do Secretário";"2";"Termo de Contrato - Serviços";"1";"Art. 22 - Inciso I Lei Federal  8.666/93";"4";"Concorrência";"30/01/2019 00:00:00";"29/05/2019 00:00:00";"30/05/2019 00:00:00";"0";"0";"120";"1282962,97";"0";"1282962,97";"0";"E";"9";"umental";"-1";"-1";"";"";"";"";"26";"CONSULTORIA";"";"";"";"28/05/2019 00:00:00";"29/05/2019 00:00:00";"25";"";"";"";"";"6022201900008030";"S";"";"";"";"Prestação de serviços de elaboração de inspeções especiais, vistorias, ensaios, laudos técnicos e verificação estrutural de obras do Viaduto Grande São Paulo";"";"22";"Secretaria Municipal de Infraestrutura Urbana e Obras";"10";"Gabinete do Secretário";"1289494,32";"0";"120";"0";"0";"1289494,32";"1289494,32";"0";"1282962,97";"6531,35";"0";"0";"1282962,97";"1282962,97";"6531,35";"1289494,32";"0";"1282962,97";"6531,35";"0";"0";"1282962,97";"1282962,97";"6531,35";"0";"0";"0";"0";"0";"0";"0";"0";"0";"0";"0";"0";"0";"0";"0";"0";"0";"0";"0";"87.10.15.451.3009.5.187.44903900.08.0";"05";"Serviços Técnicos Profissionais";"01";"Gerenciamento";"39";"Outros Serviços de Terceiros - Pessoa Jurídica";"0"
"339367";"11468";"2019";"86";"Fundo Municipal de Saneamento Ambiental e Infraestrutura";"22";"";"2";"Termo de Contrato - Serviços";"1";"Art. 22 - Inciso I Lei Federal  8.666/93";"4";"Concorrência";"01/08/2013 00:00:00";"30/05/2019 00:00:00";"30/05/2019 00:00:00";"0";"0";"2128";"5149275";"11688248,49";"3955721,99";"2565806,90";"A";"9";"umental";"-1";"-1";"";"";"";"";"2";"ESTRUTURA GERAL";"041/SIURB/2013";"Jose Francisco Ribeiro Galasso";"31/01/2014 00:00:00";"28/05/2018 00:00:00";"28/05/2018 00:00:00";"";"28/05/2018 00:00:00";"28/05/2018 00:00:00";"";"pra lote 4";"201302114731";"P";"0";"TOMAS MOTEO DE PAULA";"064608169";"CT - 041/SIURB/2013 - Lote 4";"";"86";"Fundo Municipal de Saneamento Ambiental e Infraestrutura";"22";"";"5149275";"0";"2128";"0";"11688248,49";"16837523,49";"16837523,49";"0";"6521528,89";"0";"10315994,60";"0";"6521528,89";"6521528,89";"15510563,49";"5149275";"0";"3955721,99";"0";"1193553,01";"0";"3955721,99";"3955721,99";"4884837,06";"11688248,49";"0";"2565806,90";"0";"9122441,59";"0";"2565806,90";"2565806,90";"10625726,43";"0";"0";"0";"0";"0";"0";"0";"0";"0";"0";"86.22.17.451.3005.5.013.44905100.03.0";"89";"Obras em Andamento - Uso Comum do Povo";"22";"Canalização de Córregos";"51";"Obras e Instalações";"10315994,60"
"342116";"13772";"2019";"22";"Secretaria Municipal de Infraestrutura Urbana e Obras";"10";"Gabinete do Secretário";"2";"Termo de Contrato - Serviços";"8";"Art. 24 Inciso II da lei Federal 8.666/93";"6";"Dispensa de Licitação";"30/01/2019 00:00:00";"29/05/2019 00:00:00";"30/05/2019 00:00:00";"0";"0";"120";"572737,63";"0";"572737,63";"0";"E";"9";"umental";"-1";"-1";"";"";"";"";"41";"SEM REAJUSTE";"";"";"";"28/05/2019 00:00:00";"29/05/2019 00:00:00";"25";"";"";"";"";"6022201900008056";"S";"";"";"";"Formalização do Contrato de Emergência - Prestação de serviços de elaboração de inspeções especiais, vistorias, ensaios, laudos técnicos e verificação estrutural de obras da Ponte Eusébio Matoso, conforme detalhado no Termo de Referência do Chamamento Público nº 002/SIURB/2018.";"";"22";"Secretaria Municipal de Infraestrutura Urbana e Obras";"10";"Gabinete do Secretário";"586675,22";"0";"120";"0";"0";"586675,22";"586675,22";"0";"572737,63";"13937,59";"0";"0";"572737,63";"572737,63";"13937,59";"586675,22";"0";"572737,63";"13937,59";"0";"0";"572737,63";"572737,63";"13937,59";"0";"0";"0";"0";"0";"0";"0";"0";"0";"0";"0";"0";"0";"0";"0";"0";"0";"0";"0";"87.10.15.451.3009.5.187.44903900.08.0";"05";"Serviços Técnicos Profissionais";"01";"Gerenciamento";"39";"Outros Serviços de Terceiros - Pessoa Jurídica";"0"
"342129";"13780";"2019";"22";"Secretaria Municipal de Infraestrutura Urbana e Obras";"10";"Gabinete do Secretário";"2";"Termo de Contrato - Serviços";"8";"Art. 24 Inciso II da lei Federal 8.666/93";"6";"Dispensa de Licitação";"30/01/2019 00:00:00";"29/05/2019 00:00:00";"30/05/2019 00:00:00";"0";"0";"120";"148191,63";"0";"148191,63";"0";"E";"9";"umental";"-1";"-1";"";"";"";"";"41";"SEM REAJUSTE";"";"";"";"28/05/2019 00:00:00";"29/05/2019 00:00:00";"25";"";"";"";"";"6022201900008021";"S";"";"";"";"Formalização do Contrato de Emergência - Prestação de serviços de elaboração de inspeções especiais, vistorias, ensaios, laudos técnicos e verificação estrutural de obras do Viaduto General Olímpio da Silveira";"";"22";"Secretaria Municipal de Infraestrutura Urbana e Obras";"10";"Gabinete do Secretário";"157561,28";"0";"120";"0";"0";"157561,28";"157561,28";"0";"148191,63";"9369,65";"0";"0";"148191,63";"148191,63";"9369,65";"157561,28";"0";"148191,63";"9369,65";"0";"0";"148191,63";"148191,63";"9369,65";"0";"0";"0";"0";"0";"0";"0";"0";"0";"0";"0";"0";"0";"0";"0";"0";"0";"0";"0";"87.10.15.451.3009.5.187.44903900.08.0";"05";"Serviços Técnicos Profissionais";"01";"Gerenciamento";"39";"Outros Serviços de Terceiros - Pessoa Jurídica";"0"
"363569";"31309";"2019";"22";"Secretaria Municipal de Infraestrutura Urbana e Obras";"10";"Gabinete do Secretário";"2";"Termo de Contrato - Serviços";"1";"Art. 22 - Inciso I Lei Federal  8.666/93";"4";"Concorrência";"11/03/2020 00:00:00";"09/06/2020 00:00:00";"30/06/2023 00:00:00";"0";"0";"90";"215705,22";"25243,50";"48735";"0";"S";"9";"umental";"-1";"-1";"";"";"";"";"41";"SEM REAJUSTE";"143/SIURB/2019";"";"";"20/12/2019 00:00:00";"21/12/2019 00:00:00";"41";"";"";"";"";"7910201900009516";"S";"";"";"";"Ata de RP nº 002/COHAB/2019 -  Contratação de empresa para execução de avaliação ambiental preliminar e investigação confirmatória em imóveis na Av. Santo Amaro  nº nº 1860, 1862 e 1865, 1994, 2093, 2116 e 2437";"";"22";"Secretaria Municipal de Infraestrutura Urbana e Obras";"10";"Gabinete do Secretário";"215705,22";"0";"90";"0";"25243,50";"240948,72";"240948,72";"0";"48735";"0";"192213,72";"0";"48735";"48735";"571089,94";"215705,22";"0";"48735";"0";"166970,22";"0";"48735";"48735";"545846,44";"25243,50";"0";"0";"0";"25243,50";"0";"0";"0";"25243,50";"0";"0";"0";"0";"0";"0";"0";"0";"1116";"0";"37.50.15.451.3022.3.350.44903900.08.0";"05";"Serviços Técnicos Profissionais";"01";"Gerenciamento";"39";"Outros Serviços de Terceiros - Pessoa Jurídica";"192213,72"
"354105";"23242";"2019";"98";"Fundo de Desenvolvimento Urbano";"22";"FUNDURB - Secretaria Municipal de Infraestrutura Urbana e Obras";"5";"Nota de Empenho Fornecimento de Bens de Consumo e/ou Permanente";"8";"Art. 24 Inciso II da lei Federal 8.666/93";"6";"Dispensa de Licitação";"30/09/2019 00:00:00";"30/09/2019 00:00:00";"30/09/2019 00:00:00";"0";"0";"1";"436628,24";"0";"436628,24";"0";"E";"1";"";"-1";"-1";"";"";"";"";"41";"SEM REAJUSTE";"";"";"";"26/09/2019 00:00:00";"28/09/2019 00:00:00";"40";"";"";"";"";"7910201900004069";"S";"";"";"";"Desapropriação - Melhoramento: Ligação Viária Pirituba-Lapa.";"";"98";"Fundo de Desenvolvimento Urbano";"22";"FUNDURB - Secretaria Municipal de Infraestrutura Urbana e Obras";"436628,24";"0";"1";"0";"0";"436628,24";"436628,24";"0";"436628,24";"0";"0";"0";"436628,24";"436628,24";"0";"436628,24";"0";"436628,24";"0";"0";"0";"436628,24";"436628,24";"0";"0";"0";"0";"0";"0";"0";"0";"0";"0";"0";"0";"0";"0";"0";"0";"0";"0";"0";"0";"98.22.15.451.3009.5.100.44906100.08.0";"99";"Outras Aquisições de Bens Imóveis";"01";"Desapropriações";"61";"Aquisição de Imóveis";"0"
"354159";"23291";"2019";"98";"Fundo de Desenvolvimento Urbano";"22";"FUNDURB - Secretaria Municipal de Infraestrutura Urbana e Obras";"5";"Nota de Empenho Fornecimento de Bens de Consumo e/ou Permanente";"8";"Art. 24 Inciso II da lei Federal 8.666/93";"6";"Dispensa de Licitação";"30/09/2019 00:00:00";"30/09/2019 00:00:00";"30/09/2019 00:00:00";"0";"0";"1";"204806,31";"0";"204806,31";"0";"E";"1";"";"-1";"-1";"";"";"";"";"41";"SEM REAJUSTE";"";"";"";"26/09/2019 00:00:00";"28/09/2019 00:00:00";"40";"";"";"";"";"7910201900004123";"S";"";"";"";"Desapropriação - Melhoramento: Ligação Viária Pirituba-Lapa";"";"98";"Fundo de Desenvolvimento Urbano";"22";"FUNDURB - Secretaria Municipal de Infraestrutura Urbana e Obras";"204806,31";"0";"1";"0";"0";"204806,31";"204806,31";"0";"204806,31";"0";"0";"0";"204806,31";"204806,31";"0";"204806,31";"0";"204806,31";"0";"0";"0";"204806,31";"204806,31";"0";"0";"0";"0";"0";"0";"0";"0";"0";"0";"0";"0";"0";"0";"0";"0";"0";"0";"0";"0";"98.22.15.451.3009.5.100.44906100.08.0";"99";"Outras Aquisições de Bens Imóveis";"01";"Desapropriações";"61";"Aquisição de Imóveis";"0"
"354147";"23282";"2019";"98";"Fundo de Desenvolvimento Urbano";"22";"FUNDURB - Secretaria Municipal de Infraestrutura Urbana e Obras";"5";"Nota de Empenho Fornecimento de Bens de Consumo e/ou Permanente";"8";"Art. 24 Inciso II da lei Federal 8.666/93";"6";"Dispensa de Licitação";"30/09/2019 00:00:00";"30/09/2019 00:00:00";"30/09/2019 00:00:00";"0";"0";"1";"342430,75";"0";"342430,75";"0";"E";"1";"";"-1";"-1";"";"";"";"";"41";"SEM REAJUSTE";"";"";"";"26/09/2019 00:00:00";"28/09/2019 00:00:00";"40";"";"";"";"";"7910201900004140";"S";"";"";"";"Desapropriação - Melhoramento: Ligação Viária Pirituba-Lapa";"";"98";"Fundo de Desenvolvimento Urbano";"22";"FUNDURB - Secretaria Municipal de Infraestrutura Urbana e Obras";"342430,75";"0";"1";"0";"0";"342430,75";"342430,75";"0";"342430,75";"0";"0";"0";"342430,75";"342430,75";"0";"342430,75";"0";"342430,75";"0";"0";"0";"342430,75";"342430,75";"0";"0";"0";"0";"0";"0";"0";"0";"0";"0";"0";"0";"0";"0";"0";"0";"0";"0";"0";"0";"98.22.15.451.3009.5.100.44906100.08.0";"99";"Outras Aquisições de Bens Imóveis";"01";"Desapropriações";"61";"Aquisição de Imóveis";"0"
"354124";"23259";"2019";"98";"Fundo de Desenvolvimento Urbano";"22";"FUNDURB - Secretaria Municipal de Infraestrutura Urbana e Obras";"5";"Nota de Empenho Fornecimento de Bens de Consumo e/ou Permanente";"8";"Art. 24 Inciso II da lei Federal 8.666/93";"6";"Dispensa de Licitação";"30/09/2019 00:00:00";"30/09/2019 00:00:00";"30/09/2019 00:00:00";"0";"0";"1";"332902,27";"0";"332902,27";"0";"E";"1";"";"-1";"-1";"";"";"";"";"41";"SEM REAJUSTE";"";"";"";"26/09/2019 00:00:00";"28/09/2019 00:00:00";"40";"";"";"";"";"7910201900004115";"S";"";"";"";"Desapropriação - Melhoramento: Ligação Viária Pirituba-Lapa.";"";"98";"Fundo de Desenvolvimento Urbano";"22";"FUNDURB - Secretaria Municipal de Infraestrutura Urbana e Obras";"332902,27";"0";"1";"0";"0";"332902,27";"332902,27";"0";"332902,27";"0";"0";"0";"332902,27";"332902,27";"0";"332902,27";"0";"332902,27";"0";"0";"0";"332902,27";"332902,27";"0";"0";"0";"0";"0";"0";"0";"0";"0";"0";"0";"0";"0";"0";"0";"0";"0";"0";"0";"0";"98.22.15.451.3009.5.100.44906100.08.0";"99";"Outras Aquisições de Bens Imóveis";"01";"Desapropriações";"61";"Aquisição de Imóveis";"0"
"354110";"23247";"2019";"98";"Fundo de Desenvolvimento Urbano";"22";"FUNDURB - Secretaria Municipal de Infraestrutura Urbana e Obras";"5";"Nota de Empenho Fornecimento de Bens de Consumo e/ou Permanente";"8";"Art. 24 Inciso II da lei Federal 8.666/93";"6";"Dispensa de Licitação";"30/09/2019 00:00:00";"30/09/2019 00:00:00";"30/09/2019 00:00:00";"0";"0";"1";"204222,82";"0";"204222,82";"0";"E";"1";"";"-1";"-1";"";"";"";"";"41";"SEM REAJUSTE";"";"";"";"26/09/2019 00:00:00";"28/09/2019 00:00:00";"40";"";"";"";"";"7910201900004093";"S";"";"";"";"Desapropriação - Melhoramento: Ligação Viária Pirituba-Lapa";"";"98";"Fundo de Desenvolvimento Urbano";"22";"FUNDURB - Secretaria Municipal de Infraestrutura Urbana e Obras";"204222,82";"0";"1";"0";"0";"204222,82";"204222,82";"0";"204222,82";"0";"0";"0";"204222,82";"204222,82";"0";"204222,82";"0";"204222,82";"0";"0";"0";"204222,82";"204222,82";"0";"0";"0";"0";"0";"0";"0";"0";"0";"0";"0";"0";"0";"0";"0";"0";"0";"0";"0";"0";"98.22.15.451.3009.5.100.44906100.08.0";"99";"Outras Aquisições de Bens Imóveis";"01";"Desapropriações";"61";"Aquisição de Imóveis";"0"
"354161";"23293";"2019";"98";"Fundo de Desenvolvimento Urbano";"22";"FUNDURB - Secretaria Municipal de Infraestrutura Urbana e Obras";"5";"Nota de Empenho Fornecimento de Bens de Consumo e/ou Permanente";"8";"Art. 24 Inciso II da lei Federal 8.666/93";"6";"Dispensa de Licitação";"30/09/2019 00:00:00";"30/09/2019 00:00:00";"30/09/2019 00:00:00";"0";"0";"1";"327876,71";"0";"327876,71";"0";"E";"1";"";"-1";"-1";"";"";"";"";"41";"SEM REAJUSTE";"";"";"";"26/09/2019 00:00:00";"28/09/2019 00:00:00";"40";"";"";"";"";"7910201900004131";"S";"";"";"";"Desapropriação - Melhoramento: Ligação Viária Pirituba-Lapa";"";"98";"Fundo de Desenvolvimento Urbano";"22";"FUNDURB - Secretaria Municipal de Infraestrutura Urbana e Obras";"327876,71";"0";"1";"0";"0";"327876,71";"327876,71";"0";"327876,71";"0";"0";"0";"327876,71";"327876,71";"0";"327876,71";"0";"327876,71";"0";"0";"0";"327876,71";"327876,71";"0";"0";"0";"0";"0";"0";"0";"0";"0";"0";"0";"0";"0";"0";"0";"0";"0";"0";"0";"0";"98.22.15.451.3009.5.100.44906100.08.0";"99";"Outras Aquisições de Bens Imóveis";"01";"Desapropriações";"61";"Aquisição de Imóveis";"0"
"354113";"23250";"2019";"98";"Fundo de Desenvolvimento Urbano";"22";"FUNDURB - Secretaria Municipal de Infraestrutura Urbana e Obras";"5";"Nota de Empenho Fornecimento de Bens de Consumo e/ou Permanente";"8";"Art. 24 Inciso II da lei Federal 8.666/93";"6";"Dispensa de Licitação";"30/09/2019 00:00:00";"30/09/2019 00:00:00";"30/09/2019 00:00:00";"0";"0";"1";"204222,82";"0";"204222,82";"0";"E";"1";"";"-1";"-1";"";"";"";"";"41";"SEM REAJUSTE";"";"";"";"26/09/2019 00:00:00";"28/09/2019 00:00:00";"40";"";"";"";"";"7910201900004107";"S";"";"";"";"Desapropriação - Melhoramento: Ligação Viária Pirituba-Lapa";"";"98";"Fundo de Desenvolvimento Urbano";"22";"FUNDURB - Secretaria Municipal de Infraestrutura Urbana e Obras";"204222,82";"0";"1";"0";"0";"204222,82";"204222,82";"0";"204222,82";"0";"0";"0";"204222,82";"204222,82";"0";"204222,82";"0";"204222,82";"0";"0";"0";"204222,82";"204222,82";"0";"0";"0";"0";"0";"0";"0";"0";"0";"0";"0";"0";"0";"0";"0";"0";"0";"0";"0";"0";"98.22.15.451.3009.5.100.44906100.08.0";"99";"Outras Aquisições de Bens Imóveis";"01";"Desapropriações";"61";"Aquisição de Imóveis";"0"
"354102";"23239";"2019";"98";"Fundo de Desenvolvimento Urbano";"22";"FUNDURB - Secretaria Municipal de Infraestrutura Urbana e Obras";"5";"Nota de Empenho Fornecimento de Bens de Consumo e/ou Permanente";"8";"Art. 24 Inciso II da lei Federal 8.666/93";"6";"Dispensa de Licitação";"30/09/2019 00:00:00";"30/09/2019 00:00:00";"30/09/2019 00:00:00";"0";"0";"1";"611535,72";"0";"611535,72";"0";"E";"1";"";"-1";"-1";"";"";"";"";"41";"SEM REAJUSTE";"";"";"";"26/09/2019 00:00:00";"28/09/2019 00:00:00";"40";"";"";"";"";"7910201900004050";"S";"";"";"";"Desapropriação - Melhoramento: Ligação Viária Pirituba-Lapa";"";"98";"Fundo de Desenvolvimento Urbano";"22";"FUNDURB - Secretaria Municipal de Infraestrutura Urbana e Obras";"611535,72";"0";"1";"0";"0";"611535,72";"611535,72";"0";"611535,72";"0";"0";"0";"611535,72";"611535,72";"0";"611535,72";"0";"611535,72";"0";"0";"0";"611535,72";"611535,72";"0";"0";"0";"0";"0";"0";"0";"0";"0";"0";"0";"0";"0";"0";"0";"0";"0";"0";"0";"0";"98.22.15.451.3009.5.100.44906100.08.0";"99";"Outras Aquisições de Bens Imóveis";"01";"Desapropriações";"61";"Aquisição de Imóveis";"0"
"354109";"23246";"2019";"98";"Fundo de Desenvolvimento Urbano";"22";"FUNDURB - Secretaria Municipal de Infraestrutura Urbana e Obras";"5";"Nota de Empenho Fornecimento de Bens de Consumo e/ou Permanente";"8";"Art. 24 Inciso II da lei Federal 8.666/93";"6";"Dispensa de Licitação";"30/09/2019 00:00:00";"30/09/2019 00:00:00";"30/09/2019 00:00:00";"0";"0";"1";"15709858,62";"0";"15709858,62";"0";"E";"1";"";"-1";"-1";"";"";"";"";"41";"SEM REAJUSTE";"";"";"";"26/09/2019 00:00:00";"28/09/2019 00:00:00";"40";"";"";"";"";"7910201900004085";"S";"";"";"";"Desapropriação - Melhoramento: Ligação Viária Pirituba-Lapa";"";"98";"Fundo de Desenvolvimento Urbano";"22";"FUNDURB - Secretaria Municipal de Infraestrutura Urbana e Obras";"15709858,62";"0";"1";"0";"0";"15709858,62";"15709858,62";"0";"15709858,62";"0";"0";"0";"15709858,62";"15709858,62";"0";"15709858,62";"0";"15709858,62";"0";"0";"0";"15709858,62";"15709858,62";"0";"0";"0";"0";"0";"0";"0";"0";"0";"0";"0";"0";"0";"0";"0";"0";"0";"0";"0";"0";"98.22.15.451.3009.5.100.44906100.08.0";"99";"Outras Aquisições de Bens Imóveis";"01";"Desapropriações";"61";"Aquisição de Imóveis";"0"
"354131";"23266";"2019";"98";"Fundo de Desenvolvimento Urbano";"22";"FUNDURB - Secretaria Municipal de Infraestrutura Urbana e Obras";"5";"Nota de Empenho Fornecimento de Bens de Consumo e/ou Permanente";"8";"Art. 24 Inciso II da lei Federal 8.666/93";"6";"Dispensa de Licitação";"30/09/2019 00:00:00";"30/09/2019 00:00:00";"30/09/2019 00:00:00";"0";"0";"1";"338468,48";"0";"338468,48";"0";"E";"1";"";"-1";"-1";"";"";"";"";"41";"SEM REAJUSTE";"";"";"";"26/09/2019 00:00:00";"28/09/2019 00:00:00";"40";"";"";"";"";"7910201900004158";"S";"";"";"";"Desapropriação - Melhoramento: Ligação Viária Pirituba-Lapa";"";"98";"Fundo de Desenvolvimento Urbano";"22";"FUNDURB - Secretaria Municipal de Infraestrutura Urbana e Obras";"338468,48";"0";"1";"0";"0";"338468,48";"338468,48";"0";"338468,48";"0";"0";"0";"338468,48";"338468,48";"0";"338468,48";"0";"338468,48";"0";"0";"0";"338468,48";"338468,48";"0";"0";"0";"0";"0";"0";"0";"0";"0";"0";"0";"0";"0";"0";"0";"0";"0";"0";"0";"0";"98.22.15.451.3009.5.100.44906100.08.0";"99";"Outras Aquisições de Bens Imóveis";"01";"Desapropriações";"61";"Aquisição de Imóveis";"0"
"353853";"23018";"2019";"22";"Secretaria Municipal de Infraestrutura Urbana e Obras";"10";"Gabinete do Secretário";"30";"Nota de Empenho para Fornecimento de Serviços";"36";"Art. 25 - Inciso I Lei Federal  8.666/93";"7";"Inexigibilidade";"02/10/2019 00:00:00";"30/09/2020 00:00:00";"30/09/2020 00:00:00";"0";"0";"365";"9960";"0";"9960";"0";"E";"83";"";"-1";"-1";"";"";"";"";"41";"SEM REAJUSTE";"";"Marco Costola";"20/08/2019 00:00:00";"24/09/2019 00:00:00";"26/09/2019 00:00:00";"36";"";"";"";"";"6022201900048619";"S";"";"";"";"Aquisição da licença para manutenção do Software Scriptcase,";"";"22";"Secretaria Municipal de Infraestrutura Urbana e Obras";"10";"Gabinete do Secretário";"9960";"0";"365";"0";"0";"9960";"9960";"0";"9960";"0";"0";"0";"9960";"9960";"0";"9960";"0";"9960";"0";"0";"0";"9960";"9960";"0";"0";"0";"0";"0";"0";"0";"0";"0";"0";"0";"0";"0";"0";"0";"0";"0";"0";"0";"0";"22.10.15.126.3011.2.818.33904000.00.0";"07";"Manutenção de Software";"01";"Manutenção de Softwares";"40";"Serviços de Tecnologia da Informação e Comunicação - Pessoa Jurídica";"0"
"347061";"17628";"2019";"22";"Secretaria Municipal de Infraestrutura Urbana e Obras";"10";"Gabinete do Secretário";"2";"Termo de Contrato - Serviços";"1";"Art. 22 - Inciso I Lei Federal  8.666/93";"4";"Concorrência";"01/10/2019 00:00:00";"24/09/2020 00:00:00";"30/09/2023 00:00:00";"0";"0";"359";"19705921,25";"3167879,38";"1655302,88";"155313,10";"S";"9";"umental";"-1";"-1";"";"";"";"";"2";"ESTRUTURA GERAL";"082/SIURB/2019";"Reinaldo Rodrigues Marins";"14/08/2019 00:00:00";"22/07/2019 00:00:00";"23/07/2019 00:00:00";"";"09/08/2019 00:00:00";"13/08/2019 00:00:00";"";"038180120";"7910201900004786";"S";"5043204";"José Donizete Venâncio";"Fiscal";"Concorrência nº 038180120 - Adjudicação e Homologação - Contratação de empresa para a execução de obras e serviços complementares para adequações geométricas do viário, melhorias de drenagem, acessibilidade e sinalização viária da Rua Eugênio de Medeiros, Rua Butantã, Rua Costa Carvalho, Rua Pascoal Bianco e Rua Amaro Cavalheiro.";"";"22";"Secretaria Municipal de Infraestrutura Urbana e Obras";"10";"Gabinete do Secretário";"19490297,73";"0";"359";"215623,52";"3167879,38";"22873800,63";"22873800,63";"0";"1810615,98";"0";"21063184,65";"0";"1810615,98";"1810615,98";"33021756,31";"19705921,25";"0";"1655302,88";"0";"18050618,37";"0";"1655302,88";"1655302,88";"31694372,79";"3167879,38";"0";"155313,10";"0";"3012566,28";"0";"155313,10";"155313,10";"1327383,52";"0";"0";"1,11";"0";"0";"0";"0";"0";"1101";"0";"37.50.15.451.3022.3.350.44905100.08.0";"89";"Obras em Andamento - Uso Comum do Povo";"11";"Pavimentação de Ruas e Avenidas";"51";"Obras e Instalações";"21063184,65"
"357513";"26053";"2019";"22";"Secretaria Municipal de Infraestrutura Urbana e Obras";"10";"Gabinete do Secretário";"2";"Termo de Contrato - Serviços";"22";"Art. 24 Inciso XVI da lei Federal 8.666/93";"6";"Dispensa de Licitação";"01/11/2019 00:00:00";"30/10/2020 00:00:00";"30/10/2020 00:00:00";"0";"0";"364";"6002864,76";"138725,40";"6002864,76";"138725,40";"E";"84";"te do gestor";"-1";"-1";"";"";"";"";"41";"SEM REAJUSTE";"";"Fernando J. Vieira do Nascimento";"23/10/2019 00:00:00";"31/10/2019 00:00:00";"01/11/2019 00:00:00";"31";"";"";"";"";"6022201900053230";"S";"";"";"";"Serviços técnicos especializados de Tecnologia da Informação para a sustentação e melhorias do TIC compatíveis";"";"22";"Secretaria Municipal de Infraestrutura Urbana e Obras";"10";"Gabinete do Secretário";"3753934,22";"0";"364";"3514747,72";"190183,15";"7458865,09";"7458865,09";"0";"6141590,16";"1317274,93";"0";"0";"6141590,16";"6141590,16";"1260637,89";"7268681,94";"0";"6002864,76";"1265817,18";"0";"0";"6002864,76";"6002864,76";"1210135,01";"190183,15";"0";"138725,40";"51457,75";"0";"0";"138725,40";"138725,40";"50502,88";"0";"0";"1,28";"0";"0";"0";"0";"0";"365";"0";"22.10.15.126.3024.2.171.33904000.00.0";"21";"Serviços Técnicos Profissionais de TIC";"01";"Serviços de Processamento de Dados";"40";"Serviços de Tecnologia da Informação e Comunicação - Pessoa Jurídica";"0"
"356629";"25322";"2019";"22";"Secretaria Municipal de Infraestrutura Urbana e Obras";"10";"Gabinete do Secretário";"2";"Termo de Contrato - Serviços";"39";"Não Aplicável";"8";"Não Aplicável";"01/11/2019 00:00:00";"30/10/2020 00:00:00";"30/10/2020 00:00:00";"0";"0";"364";"20776,50";"0";"20776,50";"0";"E";"90";"ocumento equivalente";"2019";"3";"13";"Secretaria Municipal de Gestão";"";"";"41";"SEM REAJUSTE";"";"Carla Suyane";"15/08/2019 00:00:00";"21/10/2019 00:00:00";"23/10/2019 00:00:00";"22";"";"";"";"";"6022201900045849";"S";"";"";"";"ATA de RP 003/SG-COBES/2019, para a prestação de serviços de motofrete para as unidades da PMSP, com entrega e coleta de pequenas cargas, por meio de motocicletas";"";"22";"Secretaria Municipal de Infraestrutura Urbana e Obras";"10";"Gabinete do Secretário";"36521,04";"0";"364";"36521,04";"0";"73042,08";"73042,08";"0";"20776,50";"52265,58";"0";"0";"20776,50";"20776,50";"52265,58";"73042,08";"0";"20776,50";"52265,58";"0";"0";"20776,50";"20776,50";"52265,58";"0";"0";"0";"0";"0";"0";"0";"0";"0";"0";"0";"0";"0";"0";"0";"0";"0";"365";"0";"22.10.15.122.3024.2.100.33903900.00.0";"14";"Locação de Bens Móveis de Outra Natureza e Intangíveis";"04";"Veículos Leves com Motorista";"39";"Outros Serviços de Terceiros - Pessoa Jurídica";"0"
"364430";"32019";"2019";"22";"Secretaria Municipal de Infraestrutura Urbana e Obras";"10";"Gabinete do Secretário";"5";"Nota de Empenho Fornecimento de Bens de Consumo e/ou Permanente";"8";"Art. 24 Inciso II da lei Federal 8.666/93";"6";"Dispensa de Licitação";"30/12/2019 00:00:00";"30/12/2019 00:00:00";"30/12/2019 00:00:00";"0";"0";"1";"1060355,17";"0";"1060355,17";"0";"A";"1";"";"-1";"-1";"";"";"";"";"41";"SEM REAJUSTE";"";"";"";"27/12/2019 00:00:00";"27/12/2019 00:00:00";"";"";"";"";"";"201102640618";"P";"";"";"";"Melhoramento: Núcleo destinado a população de baixa renda - Área 13 - OUACE";"";"22";"Secretaria Municipal de Infraestrutura Urbana e Obras";"10";"Gabinete do Secretário";"1060355,17";"0";"1";"0";"0";"1060355,17";"1060355,17";"0";"1060355,17";"0";"0";"0";"1060355,17";"1060355,17";"0";"1060355,17";"0";"1060355,17";"0";"0";"0";"1060355,17";"1060355,17";"0";"0";"0";"0";"0";"0";"0";"0";"0";"0";"0";"0";"0";"0";"0";"0";"0";"0";"0";"0";"37.30.16.451.3002.3.357.44906100.08.0";"99";"Outras Aquisições de Bens Imóveis";"01";"Desapropriações";"61";"Aquisição de Imóveis";"0"
"364440";"32029";"2019";"22";"Secretaria Municipal de Infraestrutura Urbana e Obras";"10";"Gabinete do Secretário";"5";"Nota de Empenho Fornecimento de Bens de Consumo e/ou Permanente";"8";"Art. 24 Inciso II da lei Federal 8.666/93";"6";"Dispensa de Licitação";"30/12/2019 00:00:00";"30/12/2019 00:00:00";"30/12/2019 00:00:00";"0";"0";"1";"279167,40";"0";"279167,40";"0";"A";"1";"";"-1";"-1";"";"";"";"";"41";"SEM REAJUSTE";"";"";"";"27/12/2019 00:00:00";"27/12/2019 00:00:00";"";"";"";"";"";"201102464550";"P";"";"";"";"Desapropriação - Prolongamento da av. Chucri Zaidan até av. Jõao Dias";"";"22";"Secretaria Municipal de Infraestrutura Urbana e Obras";"10";"Gabinete do Secretário";"279167,40";"0";"1";"0";"0";"279167,40";"279167,40";"0";"279167,40";"0";"0";"0";"279167,40";"279167,40";"0";"279167,40";"0";"279167,40";"0";"0";"0";"279167,40";"279167,40";"0";"0";"0";"0";"0";"0";"0";"0";"0";"0";"0";"0";"0";"0";"0";"0";"0";"0";"0";"0";"37.30.16.451.3002.3.357.44906100.08.0";"99";"Outras Aquisições de Bens Imóveis";"01";"Desapropriações";"61";"Aquisição de Imóveis";"0"
"364435";"32024";"2019";"22";"Secretaria Municipal de Infraestrutura Urbana e Obras";"10";"Gabinete do Secretário";"5";"Nota de Empenho Fornecimento de Bens de Consumo e/ou Permanente";"8";"Art. 24 Inciso II da lei Federal 8.666/93";"6";"Dispensa de Licitação";"30/12/2019 00:00:00";"30/12/2019 00:00:00";"30/12/2019 00:00:00";"0";"0";"1";"65139,71";"0";"65139,71";"0";"A";"1";"";"-1";"-1";"";"";"";"";"41";"SEM REAJUSTE";"";"";"";"27/12/2019 00:00:00";"27/12/2019 00:00:00";"";"";"";"";"";"201302114367";"P";"";"";"";"Desapropriação - Prolongamento da av. Chucri Zaidan até av. Jõao Dias";"";"22";"Secretaria Municipal de Infraestrutura Urbana e Obras";"10";"Gabinete do Secretário";"65139,71";"0";"1";"0";"0";"65139,71";"65139,71";"0";"65139,71";"0";"0";"0";"65139,71";"65139,71";"0";"65139,71";"0";"65139,71";"0";"0";"0";"65139,71";"65139,71";"0";"0";"0";"0";"0";"0";"0";"0";"0";"0";"0";"0";"0";"0";"0";"0";"0";"0";"0";"0";"37.30.15.451.3009.5.100.44906100.08.0";"99";"Outras Aquisições de Bens Imóveis";"01";"Desapropriações";"61";"Aquisição de Imóveis";"0"
"364438";"32027";"2019";"22";"Secretaria Municipal de Infraestrutura Urbana e Obras";"10";"Gabinete do Secretário";"5";"Nota de Empenho Fornecimento de Bens de Consumo e/ou Permanente";"8";"Art. 24 Inciso II da lei Federal 8.666/93";"6";"Dispensa de Licitação";"30/12/2019 00:00:00";"30/12/2019 00:00:00";"30/12/2019 00:00:00";"0";"0";"1";"38178,13";"0";"38178,13";"0";"A";"1";"";"-1";"-1";"";"";"";"";"41";"SEM REAJUSTE";"";"";"";"27/12/2019 00:00:00";"27/12/2019 00:00:00";"";"";"";"";"";"201302681610";"P";"";"";"";"Desapropriação - Prolongamento da av. Chucri Zaidan até av. Jõao Dias";"";"22";"Secretaria Municipal de Infraestrutura Urbana e Obras";"10";"Gabinete do Secretário";"38178,13";"0";"1";"0";"0";"38178,13";"38178,13";"0";"38178,13";"0";"0";"0";"38178,13";"38178,13";"38178,13";"38178,13";"0";"38178,13";"0";"0";"0";"38178,13";"38178,13";"38178,13";"0";"0";"0";"0";"0";"0";"0";"0";"0";"0";"0";"0";"0";"0";"0";"0";"0";"0";"0";"37.30.15.451.3009.5.100.44906100.08.0";"99";"Outras Aquisições de Bens Imóveis";"01";"Desapropriações";"61";"Aquisição de Imóveis";"0"
"364517";"32102";"2019";"86";"Fundo Municipal de Saneamento Ambiental e Infraestrutura";"22";"FMSAI - Secretaria Municipal de Serviços e Obras";"5";"Nota de Empenho Fornecimento de Bens de Consumo e/ou Permanente";"8";"Art. 24 Inciso II da lei Federal 8.666/93";"6";"Dispensa de Licitação";"30/12/2019 00:00:00";"30/12/2019 00:00:00";"30/12/2019 00:00:00";"0";"0";"1";"103691,68";"0";"103691,68";"0";"E";"1";"";"-1";"-1";"";"";"";"";"41";"SEM REAJUSTE";"";"";"";"30/12/2019 00:00:00";"";"";"";"";"";"";"6022201800059120";"S";"";"";"";"Melhoramento: Bacia do Córrego Paciência";"";"86";"Fundo Municipal de Saneamento Ambiental e Infraestrutura";"22";"FMSAI - Secretaria Municipal de Serviços e Obras";"103691,68";"0";"1";"0";"0";"103691,68";"103691,68";"0";"103691,68";"0";"0";"0";"103691,68";"103691,68";"0";"103691,68";"0";"103691,68";"0";"0";"0";"103691,68";"103691,68";"0";"0";"0";"0";"0";"0";"0";"0";"0";"0";"0";"0";"0";"0";"0";"0";"0";"0";"0";"0";"86.22.17.451.3005.5.013.44906100.03.0";"99";"Outras Aquisições de Bens Imóveis";"01";"Desapropriações";"61";"Aquisição de Imóveis";"0"
"364375";"31969";"2019";"86";"Fundo Municipal de Saneamento Ambiental e Infraestrutura";"22";"FMSAI - Secretaria Municipal de Serviços e Obras";"5";"Nota de Empenho Fornecimento de Bens de Consumo e/ou Permanente";"8";"Art. 24 Inciso II da lei Federal 8.666/93";"6";"Dispensa de Licitação";"30/12/2019 00:00:00";"30/12/2019 00:00:00";"30/12/2019 00:00:00";"0";"0";"1";"7352601,27";"0";"7347111,56";"0";"S";"1";"";"-1";"-1";"";"";"";"";"41";"SEM REAJUSTE";"";"";"";"30/12/2019 00:00:00";"";"";"";"";"";"";"6022201800059120";"S";"";"";"";"Melhoramento: Bacia do Córrego Paciência";"";"86";"Fundo Municipal de Saneamento Ambiental e Infraestrutura";"22";"FMSAI - Secretaria Municipal de Serviços e Obras";"7352601,27";"0";"1";"0";"0";"7352601,27";"7352601,27";"0";"7347111,56";"0";"5489,71";"0";"7347111,56";"7347111,56";"0";"7352601,27";"0";"7347111,56";"0";"5489,71";"0";"7347111,56";"7347111,56";"0";"0";"0";"0";"0";"0";"0";"0";"0";"0";"0";"0";"0";"0";"0";"0";"0";"0";"0";"0";"86.22.17.451.3005.5.013.44906100.03.0";"99";"Outras Aquisições de Bens Imóveis";"01";"Desapropriações";"61";"Aquisição de Imóveis";"5489,71"
"364306";"31904";"2019";"86";"Fundo Municipal de Saneamento Ambiental e Infraestrutura";"22";"FMSAI - Secretaria Municipal de Serviços e Obras";"5";"Nota de Empenho Fornecimento de Bens de Consumo e/ou Permanente";"8";"Art. 24 Inciso II da lei Federal 8.666/93";"6";"Dispensa de Licitação";"30/12/2019 00:00:00";"30/12/2019 00:00:00";"30/12/2019 00:00:00";"0";"0";"1";"4960923,73";"0";"3140999,01";"0";"S";"1";"";"-1";"-1";"";"";"";"";"41";"SEM REAJUSTE";"";"";"";"30/12/2019 00:00:00";"";"";"";"";"";"";"6022201900049364";"S";"";"";"";"Melhoramento: Reservatório 2 do Córrego Tremembé";"";"86";"Fundo Municipal de Saneamento Ambiental e Infraestrutura";"22";"FMSAI - Secretaria Municipal de Serviços e Obras";"4960923,73";"0";"1";"0";"0";"4960923,73";"4960923,73";"0";"3140999,01";"0";"1819924,72";"0";"3140999,01";"3140999,01";"2087982,75";"4960923,73";"0";"3140999,01";"0";"1819924,72";"0";"3140999,01";"3140999,01";"2087982,75";"0";"0";"0";"0";"0";"0";"0";"0";"0";"0";"0";"0";"0";"0";"0";"0";"0";"0";"0";"86.22.17.451.3005.5.013.44906100.03.0";"99";"Outras Aquisições de Bens Imóveis";"01";"Desapropriações";"61";"Aquisição de Imóveis";"1819924,72"
"364499";"32086";"2019";"86";"Fundo Municipal de Saneamento Ambiental e Infraestrutura";"22";"FMSAI - Secretaria Municipal de Serviços e Obras";"5";"Nota de Empenho Fornecimento de Bens de Consumo e/ou Permanente";"8";"Art. 24 Inciso II da lei Federal 8.666/93";"6";"Dispensa de Licitação";"30/12/2019 00:00:00";"30/12/2019 00:00:00";"30/12/2019 00:00:00";"0";"0";"1";"172308,62";"0";"172308,62";"0";"E";"1";"";"-1";"-1";"";"";"";"";"41";"SEM REAJUSTE";"";"";"";"30/12/2019 00:00:00";"";"";"";"";"";"";"6022201800059090";"S";"";"";"";"Melhoramento: Bacia do Córrego Paciência";"";"86";"Fundo Municipal de Saneamento Ambiental e Infraestrutura";"22";"FMSAI - Secretaria Municipal de Serviços e Obras";"172308,62";"0";"1";"0";"0";"172308,62";"172308,62";"0";"172308,62";"0";"0";"0";"172308,62";"172308,62";"0";"172308,62";"0";"172308,62";"0";"0";"0";"172308,62";"172308,62";"0";"0";"0";"0";"0";"0";"0";"0";"0";"0";"0";"0";"0";"0";"0";"0";"0";"0";"0";"0";"86.22.17.451.3005.5.013.44906100.03.0";"99";"Outras Aquisições de Bens Imóveis";"01";"Desapropriações";"61";"Aquisição de Imóveis";"0"
"364536";"32119";"2019";"86";"Fundo Municipal de Saneamento Ambiental e Infraestrutura";"22";"FMSAI - Secretaria Municipal de Serviços e Obras";"5";"Nota de Empenho Fornecimento de Bens de Consumo e/ou Permanente";"8";"Art. 24 Inciso II da lei Federal 8.666/93";"6";"Dispensa de Licitação";"30/12/2019 00:00:00";"30/12/2019 00:00:00";"30/12/2019 00:00:00";"0";"0";"1";"50757,80";"0";"50757,80";"0";"E";"1";"";"-1";"-1";"";"";"";"";"41";"SEM REAJUSTE";"";"";"";"30/12/2019 00:00:00";"";"";"";"";"";"";"6022201800058965";"S";"";"";"";"Melhoramento: Bacia do Córrego Paciência";"";"86";"Fundo Municipal de Saneamento Ambiental e Infraestrutura";"22";"FMSAI - Secretaria Municipal de Serviços e Obras";"50757,80";"0";"1";"0";"0";"50757,80";"50757,80";"0";"50757,80";"0";"0";"0";"50757,80";"50757,80";"0";"50757,80";"0";"50757,80";"0";"0";"0";"50757,80";"50757,80";"0";"0";"0";"0";"0";"0";"0";"0";"0";"0";"0";"0";"0";"0";"0";"0";"0";"0";"0";"0";"86.22.17.451.3005.5.013.44906100.03.0";"99";"Outras Aquisições de Bens Imóveis";"01";"Desapropriações";"61";"Aquisição de Imóveis";"0"
"360069";"28295";"2019";"22";"Secretaria Municipal de Infraestrutura Urbana e Obras";"10";"Gabinete do Secretário";"2";"Termo de Contrato - Serviços";"2";"Art. 22 - Inciso II Lei Federal  8.666/93";"3";"Tomada de Preços";"03/12/2019 00:00:00";"31/03/2020 00:00:00";"31/03/2020 00:00:00";"0";"0";"119";"944638,01";"0";"939014,29";"0";"E";"9";"umental";"-1";"-1";"";"";"";"";"41";"SEM REAJUSTE";"";"";"";"21/11/2019 00:00:00";"22/11/2019 00:00:00";"";"";"";"";"TP - 004/19/SIURB";"6016201900106764";"S";"";"";"";"EXECUÇÃO DE MANUTENÇÃO NO ANFITEATRO DO CEU PAZ, SITUADO NA RUA DANIEL CERRI, 1549 - SUB-FB.";"";"22";"Secretaria Municipal de Infraestrutura Urbana e Obras";"10";"Gabinete do Secretário";"944638,01";"0";"119";"0";"0";"944638,01";"944638,01";"0";"939014,29";"5623,72";"0";"0";"939014,29";"939014,29";"9190,20";"944638,01";"0";"939014,29";"5623,72";"0";"0";"939014,29";"939014,29";"9190,20";"0";"0";"0";"0";"0";"0";"0";"0";"0";"0";"0";"0";"0";"0";"0";"0";"0";"0";"0";"16.10.12.368.3010.2.830.33903900.00.0";"16";"Manutenção e Conservação de Bens Imóveis";"17";"Manutenção e Conservação de Bens Imóveis";"39";"Outros Serviços de Terceiros - Pessoa Jurídica";"0"
"342386";"13978";"2019";"86";"Fundo Municipal de Saneamento Ambiental e Infraestrutura";"22";"FMSAI - Secretaria Municipal de Serviços e Obras";"5";"Nota de Empenho Fornecimento de Bens de Consumo e/ou Permanente";"8";"Art. 24 Inciso II da lei Federal 8.666/93";"6";"Dispensa de Licitação";"31/05/2019 00:00:00";"31/05/2019 00:00:00";"31/05/2019 00:00:00";"0";"0";"1";"179439,78";"0";"0";"0";"N";"1";"";"-1";"-1";"";"";"";"";"41";"SEM REAJUSTE";"";"";"";"30/05/2019 00:00:00";"31/05/2019 00:00:00";"66";"";"";"";"";"6022201800059155";"S";"";"";"";"Melhoramento: Bacia do Córrego Paciência - Desap.";"";"86";"Fundo Municipal de Saneamento Ambiental e Infraestrutura";"22";"FMSAI - Secretaria Municipal de Serviços e Obras";"196544";"0";"1";"-17104,22";"0";"179439,78";"179439,78";"0";"0";"179439,78";"0";"0";"0";"0";"0";"179439,78";"0";"0";"179439,78";"0";"0";"0";"0";"0";"0";"0";"0";"0";"0";"0";"0";"0";"0";"0";"0";"0";"8,70";"0";"0";"0";"0";"0";"0";"";"";"";"";"";"";"";"0"
"342123";"13777";"2019";"22";"Secretaria Municipal de Infraestrutura Urbana e Obras";"10";"Gabinete do Secretário";"2";"Termo de Contrato - Serviços";"8";"Art. 24 Inciso II da lei Federal 8.666/93";"6";"Dispensa de Licitação";"01/02/2019 00:00:00";"31/05/2019 00:00:00";"31/05/2019 00:00:00";"0";"0";"120";"572988,18";"0";"572988,18";"0";"E";"9";"umental";"-1";"-1";"";"";"";"";"41";"SEM REAJUSTE";"";"";"";"28/05/2019 00:00:00";"29/05/2019 00:00:00";"25";"";"";"";"";"6022201900008072";"S";"";"";"";"Formalização do Contrato de Emergência - Prestação de serviços de elaboração de inspeções especiais, vistorias, ensaios, laudos técnicos e verificação estrutural de obras da Ponte Cidade Universitária, conforme detalhado no Termo de Referência do Chamamento Público nº 002/SIURB/2018.";"";"22";"Secretaria Municipal de Infraestrutura Urbana e Obras";"10";"Gabinete do Secretário";"572988,18";"0";"120";"0";"0";"572988,18";"572988,18";"0";"572988,18";"0";"0";"0";"572988,18";"572988,18";"0";"572988,18";"0";"572988,18";"0";"0";"0";"572988,18";"572988,18";"0";"0";"0";"0";"0";"0";"0";"0";"0";"0";"0";"0";"0";"0";"0";"0";"0";"0";"0";"0";"87.10.15.451.3009.5.187.44903900.08.0";"05";"Serviços Técnicos Profissionais";"01";"Gerenciamento";"39";"Outros Serviços de Terceiros - Pessoa Jurídica";"0"
"342376";"13969";"2019";"86";"Fundo Municipal de Saneamento Ambiental e Infraestrutura";"22";"FMSAI - Secretaria Municipal de Serviços e Obras";"5";"Nota de Empenho Fornecimento de Bens de Consumo e/ou Permanente";"8";"Art. 24 Inciso II da lei Federal 8.666/93";"6";"Dispensa de Licitação";"31/05/2019 00:00:00";"31/05/2019 00:00:00";"31/05/2019 00:00:00";"0";"0";"1";"103695,59";"0";"0";"0";"N";"1";"";"-1";"-1";"";"";"";"";"41";"SEM REAJUSTE";"";"";"";"30/05/2019 00:00:00";"31/05/2019 00:00:00";"66";"";"";"";"";"6022201800059180";"S";"";"";"";"Melhoramento: Bacia do Córrego Paciência - Desap.";"";"86";"Fundo Municipal de Saneamento Ambiental e Infraestrutura";"22";"FMSAI - Secretaria Municipal de Serviços e Obras";"63509,40";"0";"1";"40186,19";"0";"103695,59";"103695,59";"0";"0";"103695,59";"0";"0";"0";"0";"63509,40";"103695,59";"0";"0";"103695,59";"0";"0";"0";"0";"63509,40";"0";"0";"0";"0";"0";"0";"0";"0";"0";"0";"0";"63,28";"0";"0";"0";"0";"0";"0";"0";"86.22.17.451.3005.5.013.44906100.03.0";"99";"Outras Aquisições de Bens Imóveis";"01";"Desapropriações";"61";"Aquisição de Imóveis";"0"
"342379";"13971";"2019";"86";"Fundo Municipal de Saneamento Ambiental e Infraestrutura";"22";"FMSAI - Secretaria Municipal de Serviços e Obras";"5";"Nota de Empenho Fornecimento de Bens de Consumo e/ou Permanente";"8";"Art. 24 Inciso II da lei Federal 8.666/93";"6";"Dispensa de Licitação";"31/05/2019 00:00:00";"31/05/2019 00:00:00";"31/05/2019 00:00:00";"0";"0";"1";"127882,90";"0";"0";"0";"N";"1";"";"-1";"-1";"";"";"";"";"41";"SEM REAJUSTE";"";"";"";"30/05/2019 00:00:00";"31/05/2019 00:00:00";"66";"";"";"";"";"6022201800059171";"S";"";"";"";"Melhoramento: Bacia do Córrego Paciência - Desap.";"";"86";"Fundo Municipal de Saneamento Ambiental e Infraestrutura";"22";"FMSAI - Secretaria Municipal de Serviços e Obras";"124498,78";"0";"1";"3384,12";"0";"127882,90";"127882,90";"0";"0";"127882,90";"0";"0";"0";"0";"124498,78";"127882,90";"0";"0";"127882,90";"0";"0";"0";"0";"124498,78";"0";"0";"0";"0";"0";"0";"0";"0";"0";"0";"0";"2,72";"0";"0";"0";"0";"0";"0";"0";"86.22.17.451.3005.5.013.44906100.03.0";"99";"Outras Aquisições de Bens Imóveis";"01";"Desapropriações";"61";"Aquisição de Imóveis";"0"
"342374";"13967";"2019";"86";"Fundo Municipal de Saneamento Ambiental e Infraestrutura";"22";"FMSAI - Secretaria Municipal de Serviços e Obras";"5";"Nota de Empenho Fornecimento de Bens de Consumo e/ou Permanente";"8";"Art. 24 Inciso II da lei Federal 8.666/93";"6";"Dispensa de Licitação";"31/05/2019 00:00:00";"31/05/2019 00:00:00";"31/05/2019 00:00:00";"0";"0";"1";"87677,90";"0";"0";"0";"N";"1";"";"-1";"-1";"";"";"";"";"41";"SEM REAJUSTE";"";"";"";"30/05/2019 00:00:00";"31/05/2019 00:00:00";"66";"";"";"";"";"6022201800059198";"S";"";"";"";"Melhoramento:  Bacia do Córrego Paciência - Desap.";"";"86";"Fundo Municipal de Saneamento Ambiental e Infraestrutura";"22";"FMSAI - Secretaria Municipal de Serviços e Obras";"67468,62";"0";"1";"20209,28";"0";"87677,90";"87677,90";"0";"0";"87677,90";"0";"0";"0";"0";"155146,52";"87677,90";"0";"0";"87677,90";"0";"0";"0";"0";"155146,52";"0";"0";"0";"0";"0";"0";"0";"0";"0";"0";"0";"29,95";"0";"0";"0";"0";"0";"0";"0";"86.22.17.451.3005.5.013.44906100.03.0";"99";"Outras Aquisições de Bens Imóveis";"01";"Desapropriações";"61";"Aquisição de Imóveis";"0"
"342366";"13959";"2019";"86";"Fundo Municipal de Saneamento Ambiental e Infraestrutura";"22";"FMSAI - Secretaria Municipal de Serviços e Obras";"5";"Nota de Empenho Fornecimento de Bens de Consumo e/ou Permanente";"8";"Art. 24 Inciso II da lei Federal 8.666/93";"6";"Dispensa de Licitação";"31/05/2019 00:00:00";"31/05/2019 00:00:00";"31/05/2019 00:00:00";"0";"0";"1";"62307,39";"0";"0";"0";"N";"1";"";"-1";"-1";"";"";"";"";"41";"SEM REAJUSTE";"";"";"";"30/05/2019 00:00:00";"31/05/2019 00:00:00";"66";"";"";"";"";"6022201800059147";"S";"";"";"";"Melhoramento: Bacia do Córrego Paciência- Desap.";"";"86";"Fundo Municipal de Saneamento Ambiental e Infraestrutura";"22";"FMSAI - Secretaria Municipal de Serviços e Obras";"62307,39";"0";"1";"0";"0";"62307,39";"62307,39";"0";"0";"62307,39";"0";"0";"0";"0";"0";"62307,39";"0";"0";"62307,39";"0";"0";"0";"0";"0";"0";"0";"0";"0";"0";"0";"0";"0";"0";"0";"0";"0";"0";"0";"0";"0";"0";"0";"0";"";"";"";"";"";"";"";"0"
"342382";"13974";"2019";"86";"Fundo Municipal de Saneamento Ambiental e Infraestrutura";"22";"FMSAI - Secretaria Municipal de Serviços e Obras";"5";"Nota de Empenho Fornecimento de Bens de Consumo e/ou Permanente";"8";"Art. 24 Inciso II da lei Federal 8.666/93";"6";"Dispensa de Licitação";"31/05/2019 00:00:00";"31/05/2019 00:00:00";"31/05/2019 00:00:00";"0";"0";"1";"1069,40";"0";"0";"0";"N";"1";"";"-1";"-1";"";"";"";"";"41";"SEM REAJUSTE";"";"";"";"30/05/2019 00:00:00";"31/05/2019 00:00:00";"66";"";"";"";"";"6022201800059163";"S";"";"";"";"Melhoramento: Bacia do Córrego Paciência - Desap.";"";"86";"Fundo Municipal de Saneamento Ambiental e Infraestrutura";"22";"FMSAI - Secretaria Municipal de Serviços e Obras";"2698,89";"0";"1";"-1629,49";"0";"1069,40";"1069,40";"0";"0";"1069,40";"0";"0";"0";"0";"2698,89";"1069,40";"0";"0";"1069,40";"0";"0";"0";"0";"2698,89";"0";"0";"0";"0";"0";"0";"0";"0";"0";"0";"0";"0";"60,38";"0";"0";"0";"0";"0";"0";"86.22.17.451.3005.5.013.44906100.03.0";"99";"Outras Aquisições de Bens Imóveis";"01";"Desapropriações";"61";"Aquisição de Imóveis";"0"
"340932";"12822";"2019";"86";"Fundo Municipal de Saneamento Ambiental e Infraestrutura";"22";"FMSAI - Secretaria Municipal de Serviços e Obras";"2";"Termo de Contrato - Serviços";"12";"Art. 24 Inciso VI da lei Federal 8.666/93";"6";"Dispensa de Licitação";"03/06/2019 00:00:00";"31/08/2019 00:00:00";"31/08/2019 00:00:00";"0";"0";"90";"87012,51";"0";"87012,51";"0";"E";"9";"umental";"-1";"-1";"";"";"";"";"41";"SEM REAJUSTE";"";"";"";"13/05/2019 00:00:00";"14/05/2019 00:00:00";"101";"";"";"";"";"6027201700004992";"S";"";"";"";"Contratação de empresa para elaboração de projeto básico estrutural e de drenagem para proteção do muro de fechamento do Parque Vila do Rodeio.";"";"86";"Fundo Municipal de Saneamento Ambiental e Infraestrutura";"22";"FMSAI - Secretaria Municipal de Serviços e Obras";"87012,51";"0";"90";"0";"0";"87012,51";"87012,51";"0";"87012,51";"0";"0";"0";"87012,51";"87012,51";"0";"87012,51";"0";"87012,51";"0";"0";"0";"87012,51";"87012,51";"0";"0";"0";"0";"0";"0";"0";"0";"0";"0";"0";"0";"0";"0";"0";"0";"0";"0";"0";"0";"86.22.17.451.3005.5.013.44903900.03.0";"05";"Serviços Técnicos Profissionais";"01";"Gerenciamento";"39";"Outros Serviços de Terceiros - Pessoa Jurídica";"0"
"344936";"15922";"2019";"22";"Secretaria Municipal de Infraestrutura Urbana e Obras";"10";"Gabinete do Secretário";"2";"Termo de Contrato - Serviços";"7";"Art. 24 - Inciso I Lei Federal  8.666/93";"6";"Dispensa de Licitação";"02/08/2019 00:00:00";"31/08/2019 00:00:00";"31/08/2019 00:00:00";"0";"0";"30";"26366,51";"0";"26366,51";"0";"E";"9";"umental";"-1";"-1";"";"";"";"";"41";"SEM REAJUSTE";"";"";"";"25/06/2019 00:00:00";"26/06/2019 00:00:00";"30";"";"";"";"DL";"6022201900030701";"S";"";"";"";"Dispensa de licitação - Prestação de Serviços Técnico-Profissionais para readequação de projeto executivo de fundação, instalações elétricas e hidrossanitárias do CEI Padrão CRI-FDE.";"";"22";"Secretaria Municipal de Infraestrutura Urbana e Obras";"10";"Gabinete do Secretário";"26366,51";"0";"30";"0";"0";"26366,51";"26366,51";"0";"26366,51";"0";"0";"0";"26366,51";"26366,51";"0";"26366,51";"0";"26366,51";"0";"0";"0";"26366,51";"26366,51";"0";"0";"0";"0";"0";"0";"0";"0";"0";"0";"0";"0";"0";"0";"0";"0";"0";"0";"0";"0";"16.10.12.365.3010.3.359.44905100.00.0";"89";"Obras em Andamento - Uso Comum do Povo";"02";"Escolas e Similares";"51";"Obras e Instalações";"0"
"352198";"21654";"2019";"22";"Secretaria Municipal de Infraestrutura Urbana e Obras";"10";"Gabinete do Secretário";"2";"Termo de Contrato - Serviços";"7";"Art. 24 - Inciso I Lei Federal  8.666/93";"6";"Dispensa de Licitação";"07/10/2019 00:00:00";"31/10/2019 00:00:00";"31/10/2019 00:00:00";"0";"0";"24";"11779,93";"0";"11632,45";"0";"S";"9";"umental";"-1";"-1";"";"";"";"";"41";"SEM REAJUSTE";"101/SIURB/2019";"";"";"09/09/2019 00:00:00";"10/09/2019 00:00:00";"30";"";"";"";"DL";"6022201700003549";"S";"";"";"";"Dispensa de licitação - prestação de serviços técnico-profissionais de sondagem e parecer técnico de fundação para HM Rede Hora Certa Vila Carrão, situado na Av. Conselheiro Carrão x Rua Luis Pinto - SP/AF.";"";"22";"Secretaria Municipal de Infraestrutura Urbana e Obras";"10";"Gabinete do Secretário";"11779,93";"0";"24";"0";"0";"11779,93";"11779,93";"0";"11632,45";"0";"147,48";"0";"11632,45";"11632,45";"147,48";"11779,93";"0";"11632,45";"0";"147,48";"0";"11632,45";"11632,45";"147,48";"0";"0";"0";"0";"0";"0";"0";"0";"0";"0";"0";"0";"0";"0";"0";"0";"0";"0";"0";"84.10.10.302.3003.1.506.44903900.00.0";"16";"Manutenção e Conservação de Bens Imóveis";"17";"Manutenção e Reformas de Bens Imóveis";"39";"Outros Serviços de Terceiros - Pessoa Jurídica";"147,48"
"329385";"3049";"2019";"22";"Secretaria Municipal de Infraestrutura Urbana e Obras";"10";"Gabinete do Secretário";"34";"Locação de Imóvel - Despesas de IPTU";"39";"Não Aplicável";"8";"Não Aplicável";"01/01/2019 00:00:00";"31/12/2019 00:00:00";"31/12/2019 00:00:00";"0";"0";"365";"501329,28";"0";"0";"0";"R";"1";"";"-1";"-1";"";"";"";"";"41";"SEM REAJUSTE";"";"";"";"18/02/2019 00:00:00";"19/02/2019 00:00:00";"29";"";"";"";"";"6022201900003127";"S";"843884";"Aurelice Rocha dos Anjos";"Diretora";"despesa com IPTU do exercício 2019 do Edifício Domingos Fernandes Alonso (GALERIA OLIDO)";"";"22";"Secretaria Municipal de Infraestrutura Urbana e Obras";"10";"Gabinete do Secretário";"501329,28";"0";"365";"0";"0";"501329,28";"501329,28";"0";"0";"0";"501329,28";"0";"0";"0";"0";"501329,28";"0";"0";"0";"501329,28";"0";"0";"0";"0";"0";"0";"0";"0";"0";"0";"0";"0";"0";"0";"0";"0";"0";"0";"0";"0";"0";"0";"0";"";"";"";"";"";"";"";"501329,28"
"338530";"10756";"2019";"22";"Secretaria Municipal de Infraestrutura Urbana e Obras";"10";"Gabinete do Secretário";"5";"Nota de Empenho Fornecimento de Bens de Consumo e/ou Permanente";"39";"Não Aplicável";"8";"Não Aplicável";"01/01/2019 00:00:00";"31/12/2019 00:00:00";"31/12/2019 00:00:00";"0";"0";"365";"1139,81";"0";"1139,81";"0";"E";"1";"";"-1";"-1";"";"";"";"";"41";"SEM REAJUSTE";"";"";"";"18/04/2019 00:00:00";"19/04/2019 00:00:00";"28";"";"";"";"";"6022201900021770";"S";"";"";"";"Pagamento anual de despesa  com taxa de funcionamento dos elevadores do Edifício Domingos Fernandes Alonso (GALERIA OLIDO)";"";"22";"Secretaria Municipal de Infraestrutura Urbana e Obras";"10";"Gabinete do Secretário";"1139,81";"0";"365";"0";"0";"1139,81";"1139,81";"0";"1139,81";"0";"0";"0";"1139,81";"1139,81";"0";"1139,81";"0";"1139,81";"0";"0";"0";"1139,81";"1139,81";"0";"0";"0";"0";"0";"0";"0";"0";"0";"0";"0";"0";"0";"0";"0";"0";"0";"0";"0";"0";"22.10.15.122.3024.2.100.33903900.00.0";"79";"Serviço de Apoio Administrativo, Técnico e Operacional";"99";"Outros Serviços de Apoio Administrativo, Técnico e Operacional";"39";"Outros Serviços de Terceiros - Pessoa Jurídica";"0"
"345963";"16781";"2019";"22";"Secretaria Municipal de Infraestrutura Urbana e Obras";"10";"Gabinete do Secretário";"2";"Termo de Contrato - Serviços";"7";"Art. 24 - Inciso I Lei Federal  8.666/93";"6";"Dispensa de Licitação";"05/07/2019 00:00:00";"31/12/2019 00:00:00";"31/12/2019 00:00:00";"0";"0";"180";"1299751,83";"0";"0";"0";"N";"9";"umental";"-1";"-1";"";"";"";"";"41";"SEM REAJUSTE";"";"";"";"05/07/2019 00:00:00";"11/07/2019 00:00:00";"55";"";"";"";"DL";"6022201900020030";"S";"";"";"";"Formalização do Contrato de Emergência - Obras emergenciais de estabilização dos taludes e muro de arrimo na EMEF Mauro Faccio Gonçalves Zacarias - Av. Raquel Alves Moreira, nº 823 - Pq. Santo Antonio - M' Boi Mirim.";"";"22";"Secretaria Municipal de Infraestrutura Urbana e Obras";"10";"Gabinete do Secretário";"1299751,83";"0";"180";"0";"0";"1299751,83";"1299751,83";"0";"0";"1299751,83";"0";"0";"0";"0";"1299751,83";"1299751,83";"0";"0";"1299751,83";"0";"0";"0";"0";"1299751,83";"0";"0";"0";"0";"0";"0";"0";"0";"0";"0";"0";"0";"0";"0";"0";"0";"0";"0";"0";"16.10.12.361.3010.3.366.44905100.00.0";"89";"Obras em Andamento - Uso Comum do Povo";"02";"Escolas e Similares";"51";"Obras e Instalações";"0"
"364566";"32149";"2019";"86";"Fundo Municipal de Saneamento Ambiental e Infraestrutura";"22";"FMSAI - Secretaria Municipal de Serviços e Obras";"5";"Nota de Empenho Fornecimento de Bens de Consumo e/ou Permanente";"8";"Art. 24 Inciso II da lei Federal 8.666/93";"6";"Dispensa de Licitação";"30/12/2019 00:00:00";"30/12/2019 00:00:00";"31/12/2019 00:00:00";"0";"0";"1";"0";"0";"0";"0";"E";"1";"";"-1";"-1";"";"";"";"";"41";"SEM REAJUSTE";"";"";"";"30/12/2019 00:00:00";"";"";"";"";"";"";"6022201900057588";"S";"";"";"";"Melhoramento: Bacia do Córrego Paciência";"";"86";"Fundo Municipal de Saneamento Ambiental e Infraestrutura";"22";"FMSAI - Secretaria Municipal de Serviços e Obras";"194621,98";"0";"1";"0";"0";"194621,98";"194621,98";"0";"0";"194621,98";"0";"0";"0";"0";"0";"194621,98";"0";"0";"194621,98";"0";"0";"0";"0";"0";"0";"0";"0";"0";"0";"0";"0";"0";"0";"0";"0";"0";"0";"0";"0";"0";"0";"0";"0";"";"";"";"";"";"";"";"0"
"328378";"2232";"2019";"22";"Secretaria Municipal de Infraestrutura Urbana e Obras";"10";"Gabinete do Secretário";"2";"Termo de Contrato - Serviços";"1";"Art. 22 - Inciso I Lei Federal  8.666/93";"4";"Concorrência";"";"";"";"0";"0";"120";"66589,35";"0";"0";"0";"R";"9";"umental";"-1";"-1";"";"";"";"";"26";"CONSULTORIA";"";"";"";"07/02/2019 00:00:00";"08/02/2019 00:00:00";"25";"";"";"";"";"201203395333";"P";"";"";"";"Ata de Registro de Preços nº 001/SMSO/2017 - Agrupamento I e III - Material expropriatório - Circuito de Compras";"";"22";"Secretaria Municipal de Infraestrutura Urbana e Obras";"10";"Gabinete do Secretário";"66589,35";"0";"";"0";"0";"66589,35";"66589,35";"0";"0";"0";"66589,35";"0";"0";"0";"0";"66589,35";"0";"0";"0";"66589,35";"0";"0";"0";"0";"0";"0";"0";"0";"0";"0";"0";"0";"0";"0";"0";"0";"0";"0";"0";"0";"0";"0";"0";"";"";"";"";"";"";"";"66589,35"
"337317";"9654";"2019";"22";"Secretaria Municipal de Infraestrutura Urbana e Obras";"10";"Gabinete do Secretário";"2";"Termo de Contrato - Serviços";"7";"Art. 24 - Inciso I Lei Federal  8.666/93";"6";"Dispensa de Licitação";"";"";"";"0";"0";"30";"11484,58";"0";"0";"0";"A";"9";"umental";"-1";"-1";"";"";"";"";"41";"SEM REAJUSTE";"";"";"";"09/04/2019 00:00:00";"10/04/2019 00:00:00";"21";"";"";"";"DL";"201401736382";"P";"";"";"";"PRESTAÇÃO DE SERVIÇOS TÉCNICOS DE AVALIAÇÃO PRELIMINAR DE CONTAMINAÇÃO PARA CONSTRUÇÃO DA UPA TITO LOPES  - SP/MP";"";"22";"Secretaria Municipal de Infraestrutura Urbana e Obras";"10";"Gabinete do Secretário";"11484,58";"0";"";"0";"0";"11484,58";"11484,58";"0";"0";"0";"11484,58";"0";"0";"0";"11484,58";"11484,58";"0";"0";"0";"11484,58";"0";"0";"0";"11484,58";"0";"0";"0";"0";"0";"0";"0";"0";"0";"0";"0";"0";"0";"0";"0";"0";"0";"0";"0";"84.10.10.302.3003.1.512.44905100.00.0";"89";"Obras em Andamento - Uso Comum do Povo";"01";"Hospitais e Similares";"51";"Obras e Instalações";"11484,58"
"338141";"10405";"2019";"22";"Secretaria Municipal de Infraestrutura Urbana e Obras";"10";"Gabinete do Secretário";"2";"Termo de Contrato - Serviços";"4";"Art. 22 - Inciso IV Lei Federal  8.666/93";"1";"Concurso";"";"";"";"0";"0";"120";"522374,56";"0";"0";"0";"R";"9";"umental";"-1";"-1";"";"";"";"";"41";"SEM REAJUSTE";"";"";"";"16/04/2019 00:00:00";"17/04/2019 00:00:00";"28";"";"";"";"emergência";"201900069500";"P";"";"";"";"RECONSTRUÇÃO DA ÁREA DE ENTRADA DA UNIDADE CEI  VILA  CHUCA.";"";"22";"Secretaria Municipal de Infraestrutura Urbana e Obras";"10";"Gabinete do Secretário";"522374,56";"0";"";"0";"0";"522374,56";"522374,56";"0";"0";"0";"522374,56";"0";"0";"0";"0";"522374,56";"0";"0";"0";"522374,56";"0";"0";"0";"0";"0";"0";"0";"0";"0";"0";"0";"0";"0";"0";"0";"0";"0";"0";"0";"0";"0";"0";"0";"";"";"";"";"";"";"";"522374,56"
"342606";"14160";"2019";"22";"Secretaria Municipal de Infraestrutura Urbana e Obras";"10";"Gabinete do Secretário";"2";"Termo de Contrato - Serviços";"1";"Art. 22 - Inciso I Lei Federal  8.666/93";"4";"Concorrência";"";"";"";"0";"0";"120";"0";"0";"0";"0";"E";"9";"umental";"-1";"-1";"";"";"";"";"41";"SEM REAJUSTE";"060/SIURB/2019";"";"";"03/06/2019 00:00:00";"04/06/2019 00:00:00";"26";"";"";"";"";"6022201900009940";"S";"";"";"";"Prestação de serviços de elaboração de inspeções especiais, vistorias, ensaios, laudos técnicos e verificação estrutural de obras do Viaduto Miguel Mofarrej";"";"22";"Secretaria Municipal de Infraestrutura Urbana e Obras";"10";"Gabinete do Secretário";"948551,50";"0";"";"0";"0";"948551,50";"948551,50";"0";"0";"948551,50";"0";"0";"0";"0";"948551,50";"948551,50";"0";"0";"948551,50";"0";"0";"0";"0";"948551,50";"0";"0";"0";"0";"0";"0";"0";"0";"0";"0";"0";"0";"0";"0";"0";"0";"0";"0";"0";"87.10.15.451.3009.5.187.44903900.08.0";"05";"Serviços Técnicos Profissionais";"01";"Gerenciamento";"39";"Outros Serviços de Terceiros - Pessoa Jurídica";"0"
"341618";"13370";"2019";"22";"Secretaria Municipal de Infraestrutura Urbana e Obras";"10";"Gabinete do Secretário";"2";"Termo de Contrato - Serviços";"10";"Art. 24 Inciso IV da lei Federal 8.666/93";"6";"Dispensa de Licitação";"";"";"";"0";"0";"180";"0";"0";"0";"0";"E";"9";"umental";"-1";"-1";"";"";"";"";"41";"SEM REAJUSTE";"051/SIURB/2019";"";"";"22/05/2019 00:00:00";"22/05/2019 00:00:00";"";"";"";"";"";"6022201900012070";"S";"";"";"";"Obra Emergencial  - Prestação de serviços de elaboração de inspeções especiais, vistorias, ensaios, laudos técnicos e verificação estrutural de obras da Ponte Jânio Quadros";"";"22";"Secretaria Municipal de Infraestrutura Urbana e Obras";"10";"Gabinete do Secretário";"698871,28";"0";"";"0";"0";"698871,28";"698871,28";"0";"0";"698871,28";"0";"0";"0";"0";"698871,28";"698871,28";"0";"0";"698871,28";"0";"0";"0";"0";"698871,28";"0";"0";"0";"0";"0";"0";"0";"0";"0";"0";"0";"0";"0";"0";"0";"0";"0";"0";"0";"87.10.15.451.3009.5.187.44903900.08.0";"05";"Serviços Técnicos Profissionais";"01";"Gerenciamento";"39";"Outros Serviços de Terceiros - Pessoa Jurídica";"0"
"362740";"30606";"2019";"98";"Fundo de Desenvolvimento Urbano";"22";"FUNDURB - Secretaria Municipal de Infraestrutura Urbana e Obras";"30";"Nota de Empenho para Fornecimento de Serviços";"39";"Não Aplicável";"8";"Não Aplicável";"";"";"";"0";"0";"1";"1805000";"0";"0";"0";"S";"1";"";"-1";"-1";"";"";"";"";"41";"SEM REAJUSTE";"";"";"";"16/12/2019 00:00:00";"17/12/2019 00:00:00";"36";"";"";"";"";"7910201900007050";"S";"";"";"";"compensação ambiental no âmbito da intervenção Nova Ligação Viária Pirituba Lapa";"";"98";"Fundo de Desenvolvimento Urbano";"22";"FUNDURB - Secretaria Municipal de Infraestrutura Urbana e Obras";"1805000";"0";"";"0";"0";"1805000";"1805000";"0";"0";"0";"1805000";"0";"0";"0";"0";"1805000";"0";"0";"0";"1805000";"0";"0";"0";"0";"0";"0";"0";"0";"0";"0";"0";"0";"0";"0";"0";"0";"0";"0";"0";"0";"0";"0";"0";"";"";"";"";"";"";"";"1805000"
"360895";"28977";"2019";"22";"Secretaria Municipal de Infra-Estrutura Urbana e Obras";"10";"Gabinete do Secretário";"2";"Termo de Contrato - Serviços";"1";"Art. 22 - Inciso I Lei Federal  8.666/93";"4";"Concorrência";"";"";"";"0";"0";"90";"60588,41";"0";"0";"0";"R";"9";"umental";"2014";"19";"22";"Secretaria Municipal de Infra-Estrutura Urbana e Obras";"";"";"5";"EDIFICAÇÕES EM GERAL";"";"";"";"16/09/2015 00:00:00";"24/09/2015 00:00:00";"95";"";"";"";"";"201502287532";"P";"";"";"";"SP/PE - MANUTENÇÃO DA EMEF PREFEITO JOSÉ CARLOS DE FIGUEIREDO FERRAZ, referente a contratação nº 25542/15";"";"22";"Secretaria Municipal de Infra-Estrutura Urbana e Obras";"10";"Gabinete do Secretário";"60588,41";"0";"";"0";"0";"60588,41";"60588,41";"0";"0";"0";"60588,41";"0";"0";"0";"0";"60588,41";"0";"0";"0";"60588,41";"0";"0";"0";"0";"0";"0";"0";"0";"0";"0";"0";"0";"0";"0";"0";"0";"0";"0";"0";"0";"0";"0";"0";"";"";"";"";"";"";"";"60588,41"
"336889";"9285";"2019";"86";"Fundo Municipal de Saneamento Ambiental e Infraestrutura";"22";"FMSAI - Secretaria Municipal de Serviços e Obras";"2";"Termo de Contrato - Serviços";"8";"Art. 24 Inciso II da lei Federal 8.666/93";"6";"Dispensa de Licitação";"";"";"";"0";"0";"45";"32947,73";"0";"0";"0";"E";"9";"umental";"-1";"-1";"";"";"";"";"26";"CONSULTORIA";"";"";"";"05/04/2019 00:00:00";"06/04/2019 00:00:00";"43";"";"";"";"";"6022201900017322";"S";"";"";"";"Dispensa de licitação - Prestação de serviços técnicos profissionais para elaboração de projeto executivo estrutural de tunnel linner na Av. Celso Garcia, compreendido entre as estacas 100 a 100+10, conforme projeto executivo de drenagem existente.";"";"86";"Fundo Municipal de Saneamento Ambiental e Infraestrutura";"22";"FMSAI - Secretaria Municipal de Serviços e Obras";"32947,73";"0";"";"0";"0";"32947,73";"32947,73";"0";"0";"32947,73";"0";"0";"0";"0";"32947,73";"32947,73";"0";"0";"32947,73";"0";"0";"0";"0";"32947,73";"0";"0";"0";"0";"0";"0";"0";"0";"0";"0";"0";"0";"0";"0";"0";"0";"0";"0";"0";"86.22.17.451.3005.5.013.44903900.03.0";"05";"Serviços Técnicos Profissionais";"01";"Gerenciamento";"39";"Outros Serviços de Terceiros - Pessoa Jurídica";"0"
"338235";"10488";"2019";"86";"Fundo Municipal de Saneamento Ambiental e Infraestrutura";"22";"FMSAI - Secretaria Municipal de Serviços e Obras";"2";"Termo de Contrato - Serviços";"1";"Art. 22 - Inciso I Lei Federal  8.666/93";"4";"Concorrência";"";"";"";"0";"0";"1080";"281843";"0";"0";"0";"A";"9";"umental";"-1";"-1";"";"";"";"";"2";"ESTRUTURA GERAL";"";"";"";"16/04/2019 00:00:00";"17/04/2019 00:00:00";"";"";"";"";"";"201402583024";"P";"";"";"";"CT - 010/SIURB/2015 - Zavuvus - Lote 3";"";"86";"Fundo Municipal de Saneamento Ambiental e Infraestrutura";"22";"FMSAI - Secretaria Municipal de Serviços e Obras";"281843";"0";"";"0";"0";"281843";"281843";"0";"0";"0";"281843";"0";"0";"0";"0";"281843";"0";"0";"0";"281843";"0";"0";"0";"0";"0";"0";"0";"0";"0";"0";"0";"0";"0";"0";"0";"0";"0";"0";"0";"0";"0";"0";"0";"";"";"";"";"";"";"";"281843"
"338194";"10451";"2019";"86";"Fundo Municipal de Saneamento Ambiental e Infraestrutura";"22";"FMSAI - Secretaria Municipal de Serviços e Obras";"2";"Termo de Contrato - Serviços";"1";"Art. 22 - Inciso I Lei Federal  8.666/93";"4";"Concorrência";"";"";"";"0";"0";"1080";"50000";"0";"0";"0";"A";"9";"umental";"-1";"-1";"";"";"";"";"41";"SEM REAJUSTE";"";"";"";"17/04/2019 00:00:00";"17/04/2019 00:00:00";"";"";"";"";"";"201501830933";"P";"";"";"";"CT - 098/SIURB/2015 - Execução de projeto executivo e de bras de prolongamento da Av. Carlos Caldeira Filho";"";"86";"Fundo Municipal de Saneamento Ambiental e Infraestrutura";"22";"FMSAI - Secretaria Municipal de Serviços e Obras";"50000";"0";"";"0";"0";"50000";"50000";"0";"0";"0";"50000";"0";"0";"0";"51000";"50000";"0";"0";"0";"50000";"0";"0";"0";"51000";"0";"0";"0";"0";"0";"0";"0";"0";"0";"0";"0";"0";"0";"0";"0";"0";"0";"0";"0";"86.22.17.451.3005.5.013.44905100.03.0";"89";"Obras em Andamento - Uso Comum do Povo";"17";"Corredores de Ônibus";"51";"Obras e Instalações";"50000"
"345580";"16443";"2019";"22";"Secretaria Municipal de Infraestrutura Urbana e Obras";"10";"Gabinete do Secretário";"2";"Termo de Contrato - Serviços";"6";"Lei Federal 10.520/02";"12";"Pregão";"";"";"";"0";"0";"15";"0";"0";"0";"0";"E";"9";"umental";"-1";"-1";"";"";"";"";"41";"SEM REAJUSTE";"";"";"";"03/07/2019 00:00:00";"05/07/2019 00:00:00";"40";"";"";"";"DL";"6022201900030469";"S";"";"";"";"Prestação de Serviços Técnico-Profissionais de sondagem para desenvolvimento de projeto executivo da caixa d'agua da EMEF Vargem Grande.";"";"22";"Secretaria Municipal de Infraestrutura Urbana e Obras";"10";"Gabinete do Secretário";"2348,83";"0";"";"0";"0";"2348,83";"2348,83";"0";"0";"2348,83";"0";"0";"0";"0";"2348,83";"2348,83";"0";"0";"2348,83";"0";"0";"0";"0";"2348,83";"0";"0";"0";"0";"0";"0";"0";"0";"0";"0";"0";"0";"0";"0";"0";"0";"0";"0";"0";"16.10.12.361.3010.3.366.44905100.00.0";"89";"Obras em Andamento - Uso Comum do Povo";"02";"Escolas e Similares";"51";"Obras e Instalações";"0"
