"COD_IDT_COTC";"COD_COTC";"ANO_COTC";"COD_ORG_EMP";"TXT_ORG_EMP";"COD_UNID_ORCM_SOF";"TXT_UNID_ORCM";"COD_TIP_COTC";"TXT_TIP_COTC";"COD_FNDT_LEGA_DESP";"TXT_RESU_FNDT_LEGA";"COD_MODL_LICI_SOF";"TXT_MODL_LICI";"DT_INIC_VIG";"DT_FIM_VIG";"DT_FIM_VIG_ATU";"VAL_EPH_INFM_PRIN";"VAL_EPH_INFM_REAJ";"QTD_DIA_PRZO_ATUL";"VAL_TOT_MNTT_PRIN";"VAL_TOT_MNTT_REAJ";"VAL_TOT_EPH_PRIN";"VAL_TOT_EPH_REAJ";"COD_SITU_COTC_ATU";"COD_COND_PGTO";"TXT_COND_PGTO";"ANO_ATA_REG_PCO";"COD_ATA_REG_PCO";"RP_COD_ORG_EMP";"RP_TXT_ORG_EMP";"RP_COD_EMP_ORG_EXTR";"RP_TXT_EMP_ORG_EXTR";"COD_IND_REAJ_SOF";"TXT_IND_REAJ_SOF";"COD_ORGN_COTC";"NOM_PPST_COTT";"DT_ENVI_PPTA_COTC";"DT_ASSI_DPCH";"DT_PUBL_DPCH";"COD_NRO_PAG_DPCH";"DT_ASSI_COTC";"DT_PUBL_COTC";"COD_NRO_PAG_COTC";"COD_NRO_EDIT_COTC";"COD_NRO_PCSS_SOF";"COD_TIP_DOC";"COD_GSTR_COTC";"NOM_GSTR_COTC";"TXT_DOC_DESG_GSTR";"TXT_OBJE_COTC";"TXT_REAJ_OTRO";"COD_ORG_EMP_ATUAL";"TXT_ORG_EMP_ATUAL";"COD_UNID_ORCM_SOF_ATUAL";"TXT_UNID_ORCM_ATUAL";"VAL_PRIN_ACRE";"VAL_REAJ_ACRE";"QTD_DIA_PRZO_COTR";"VL_TOTAL_ADITAMENTO";"VL_TOTAL_REAJUSTES";"VL_TOTAL_ATUALIZADO";"VL_ATUAL_CONTR_GERAL";"VL_EMPENHADOS_ANTES_GERAL";"VL_EMPENHADOS_APOS_GERAL";"VL_ANULACOES_GERAL";"VL_SALDO_EMPENHAR_GERAL";"VL_SALDO_LIQUIDAR_GERAL";"VL_SALDO_PAGAR_GERAL";"VL_PAGOS_GERAL";"VL_EMPENHOS_CANCELADOS_GERAL";"VL_ATUAL_CONTR_PRINC";"VL_EMPENHADOS_ANTES_PRINC";"VL_EMPENHADOS_APOS_PRINC";"VL_ANULACOES_PRINC";"VL_SALDO_EMPENHAR_PRINC";"VL_SALDO_LIQUIDAR_PRINC";"VL_SALDO_PAGAR_PRINC";"VL_PAGOS_PRINC";"VL_EMPENHOS_CANCELADOS_PRINC";"VL_ATUAL_CONTR_REAJ";"VL_EMPENHADOS_ANTES_REAJ";"VL_EMPENHADOS_APOS_REAJ";"VL_ANULACOES_REAJ";"VL_SALDO_EMPENHAR_REAJ";"VL_SALDO_LIQUIDAR_REAJ";"VL_SALDO_PAGAR_REAJ";"VL_PAGOS_REAJ";"VL_EMPENHOS_CANCELADOS_REAJ";"PERC_ADIT_ACRESC_PATAMAR";"PERC_ADIT_SUPR_PATAMAR";"PERC_ADIT_ACRESC_OBJETO";"PERC_ADIT_SUPR_OBJETO";"QT_PRAZO_ATUAL_ACRESCIMO_OBJ";"QT_PRAZO_ATUAL_SUPRESSAO_OBJ";"QT_PRAZO_ATUAL_ACRESCIMO_PAT";"QT_PRAZO_ATUAL_SUPRESSAO_PAT";"QT_PRAZO_ATUAL_ACRESCIMO_PRO";"QT_PRAZO_ATUAL_SUPRESSAO_PRO";"DOTACAO";"COD_SUB_ELEM_DESP";"DESC_SUB_ELEMENTO";"COD_ITEM_DESP_SOF";"DESC_ITEM_DESP";"COD_ELEM_DESP";"DESC_ELEMENTO";"VL_SALDO_EMPENHAR_TOTAL"
"265401";"7498";"2017";"22";"SECRETARIA MUNICIPAL DE SERVIÇOS E OBRAS";"10";"SECRETARIA MUNICIPAL DE SERVIÇOS E OBRAS";"5";"Nota de Empenho Fornecimento de Bens de Consumo e/ou Permanente";"8";"Art. 24 Inciso II da lei Federal 8.666/93";"6";"Dispensa de Licitação";"18/04/2017 00:00:00";"31/12/2017 00:00:00";"01/01/2018 00:00:00";"0";"0";"258";"18712,56";"0";"18712,56";"0";"E";"9";"umental";"-1";"-1";"";"";"";"";"41";"SEM REAJUSTE";"";"";"";"18/04/2017 00:00:00";"26/04/2017 00:00:00";"46";"";"";"";"";"6022201700007781";"S";"";"";"";"Reembolso de Honorários Periciais relativo às obras de urbanização de favelas - Operação Urbana Água Espraiada.";"";"22";"SECRETARIA MUNICIPAL DE SERVIÇOS E OBRAS";"10";"SECRETARIA MUNICIPAL DE SERVIÇOS E OBRAS";"480000";"0";"258";"0";"0";"480000";"480000";"0";"18712,56";"461287,44";"0";"0";"18712,56";"18712,56";"461287,44";"480000";"0";"18712,56";"461287,44";"0";"0";"18712,56";"18712,56";"461287,44";"0";"0";"0";"0";"0";"0";"0";"0";"0";"0";"0";"0";"0";"0";"0";"0";"0";"0";"0";"37.30.16.451.3002.3.357.44903900.08.0";"05";"Serviços Técnicos Profissionais";"01";"Gerenciamento";"39";"Outros Serviços de Terceiros - Pessoa Jurídica";"0"
"265400";"7497";"2017";"22";"SECRETARIA MUNICIPAL DE SERVIÇOS E OBRAS";"10";"SECRETARIA MUNICIPAL DE SERVIÇOS E OBRAS";"5";"Nota de Empenho Fornecimento de Bens de Consumo e/ou Permanente";"8";"Art. 24 Inciso II da lei Federal 8.666/93";"6";"Dispensa de Licitação";"18/04/2017 00:00:00";"31/12/2017 00:00:00";"01/01/2018 00:00:00";"0";"0";"258";"179036,91";"0";"179036,91";"0";"E";"9";"umental";"-1";"-1";"";"";"";"";"41";"SEM REAJUSTE";"";"";"";"18/04/2017 00:00:00";"26/04/2017 00:00:00";"45";"";"";"";"";"6022201700007803";"S";"";"";"";"Reembolso de custas judiciais - Operação Urbana Consorciada Água Espraiada.";"";"22";"SECRETARIA MUNICIPAL DE SERVIÇOS E OBRAS";"10";"SECRETARIA MUNICIPAL DE SERVIÇOS E OBRAS";"460000";"0";"258";"0";"0";"460000";"460000";"0";"179036,91";"280963,09";"0";"0";"179036,91";"179036,91";"280963,09";"460000";"0";"179036,91";"280963,09";"0";"0";"179036,91";"179036,91";"280963,09";"0";"0";"0";"0";"0";"0";"0";"0";"0";"0";"0";"0";"0";"0";"0";"0";"0";"0";"0";"37.30.15.451.3009.5.100.44906100.08.0";"99";"Outras Aquisições de Bens Imóveis";"01";"Desapropriações";"61";"Aquisição de Imóveis";"0"
"265404";"7500";"2017";"22";"SECRETARIA MUNICIPAL DE SERVIÇOS E OBRAS";"10";"SECRETARIA MUNICIPAL DE SERVIÇOS E OBRAS";"5";"Nota de Empenho Fornecimento de Bens de Consumo e/ou Permanente";"8";"Art. 24 Inciso II da lei Federal 8.666/93";"6";"Dispensa de Licitação";"18/04/2017 00:00:00";"31/12/2017 00:00:00";"01/01/2018 00:00:00";"0";"0";"258";"9127136,13";"0";"9127136,13";"0";"E";"9";"umental";"-1";"-1";"";"";"";"";"41";"SEM REAJUSTE";"";"";"";"18/04/2017 00:00:00";"26/04/2017 00:00:00";"46";"";"";"";"";"6022201700007811";"S";"";"";"";"Reembolso de custas judicias - Operação Urbana Consorciada Água Espraiada";"";"22";"SECRETARIA MUNICIPAL DE SERVIÇOS E OBRAS";"10";"SECRETARIA MUNICIPAL DE SERVIÇOS E OBRAS";"21295000";"0";"258";"0";"0";"21295000";"21295000";"0";"9127136,13";"12167863,87";"0";"0";"9127136,13";"9127136,13";"12167863,87";"21295000";"0";"9127136,13";"12167863,87";"0";"0";"9127136,13";"9127136,13";"12167863,87";"0";"0";"0";"0";"0";"0";"0";"0";"0";"0";"0";"0";"0";"0";"0";"0";"0";"0";"0";"37.30.15.451.3009.5.100.44903900.08.0";"05";"Serviços Técnicos Profissionais";"01";"Gerenciamento";"39";"Outros Serviços de Terceiros - Pessoa Jurídica";"0"
"265398";"7495";"2017";"22";"SECRETARIA MUNICIPAL DE SERVIÇOS E OBRAS";"10";"SECRETARIA MUNICIPAL DE SERVIÇOS E OBRAS";"5";"Nota de Empenho Fornecimento de Bens de Consumo e/ou Permanente";"8";"Art. 24 Inciso II da lei Federal 8.666/93";"6";"Dispensa de Licitação";"18/04/2017 00:00:00";"31/12/2017 00:00:00";"01/01/2018 00:00:00";"0";"0";"258";"0";"0";"0";"0";"E";"9";"umental";"-1";"-1";"";"";"";"";"41";"SEM REAJUSTE";"";"";"";"18/04/2017 00:00:00";"26/04/2017 00:00:00";"45";"";"";"";"";"6022201700007790";"S";"";"";"";"Reembolso de Honorários Periciais relativo às Obras de Intervenções Viárias - Operação Urbana Água Espraiada.";"";"22";"SECRETARIA MUNICIPAL DE SERVIÇOS E OBRAS";"10";"SECRETARIA MUNICIPAL DE SERVIÇOS E OBRAS";"300000";"0";"258";"0";"0";"300000";"300000";"0";"0";"300000";"0";"0";"0";"0";"300000";"300000";"0";"0";"300000";"0";"0";"0";"0";"300000";"0";"0";"0";"0";"0";"0";"0";"0";"0";"0";"0";"0";"0";"0";"0";"0";"0";"0";"0";"37.30.15.451.3009.5.100.44903900.08.0";"05";"Serviços Técnicos Profissionais";"01";"Gerenciamento";"39";"Outros Serviços de Terceiros - Pessoa Jurídica";"0"
"282522";"22237";"2017";"86";"Fundo Municipal de Saneamento Ambiental e Infraestrutura";"22";"";"2";"Termo de Contrato - Serviços";"1";"Art. 22 - Inciso I Lei Federal  8.666/93";"4";"Concorrência";"01/09/2011 00:00:00";"01/05/2018 00:00:00";"01/05/2018 00:00:00";"0";"0";"2435";"6648754,92";"3351245,08";"1986663,02";"912501,36";"A";"9";"umental";"-1";"-1";"";"";"";"";"2";"ESTRUTURA GERAL";"";"";"";"22/08/2011 00:00:00";"22/08/2011 00:00:00";"";"";"";"";"";"200900463186";"P";"";"";"";"CT - 093/SIURB/2011- Córrego do Cordeiro";"";"86";"Fundo Municipal de Saneamento Ambiental e Infraestrutura";"22";"";"6648754,92";"0";"2435";"0";"3351245,08";"10000000";"10000000";"0";"2899164,38";"0";"7100835,62";"0";"2899164,38";"2899164,38";"7100835,62";"6648754,92";"0";"1986663,02";"0";"4662091,90";"0";"1986663,02";"1986663,02";"4662091,90";"3351245,08";"0";"912501,36";"0";"2438743,72";"0";"912501,36";"912501,36";"2438743,72";"0";"0";"0";"0";"0";"0";"0";"0";"0";"0";"86.22.17.451.3008.5.013.44905100.03.0";"89";"Obras em Andamento - Uso Comum do Povo";"22";"Canalização de Córregos";"51";"Obras e Instalações";"7100835,62"
"282519";"22234";"2017";"86";"Fundo Municipal de Saneamento Ambiental e Infraestrutura";"22";"";"2";"Termo de Contrato - Serviços";"1";"Art. 22 - Inciso I Lei Federal  8.666/93";"4";"Concorrência";"01/09/2011 00:00:00";"01/05/2018 00:00:00";"01/05/2018 00:00:00";"0";"0";"2435";"5598873,07";"4401126,93";"0";"0";"N";"9";"umental";"-1";"-1";"";"";"";"";"2";"ESTRUTURA GERAL";"";"";"";"22/08/2011 00:00:00";"22/08/2011 00:00:00";"";"";"";"";"";"200900463186";"P";"";"";"";"CT - 093/SIURB/2011- Córrego do Cordeiro";"";"86";"Fundo Municipal de Saneamento Ambiental e Infraestrutura";"22";"";"5598873,07";"0";"2435";"0";"4401126,93";"10000000";"10000000";"0";"0";"10000000";"0";"0";"0";"0";"0";"5598873,07";"0";"0";"5598873,07";"0";"0";"0";"0";"0";"4401126,93";"0";"0";"4401126,93";"0";"0";"0";"0";"0";"0";"0";"0";"0";"0";"0";"0";"0";"0";"0";"";"";"";"";"";"";"";"0"
"278172";"18585";"2017";"86";"Fundo Municipal de Saneamento Ambiental e Infraestrutura";"22";"";"2";"Termo de Contrato - Serviços";"1";"Art. 22 - Inciso I Lei Federal  8.666/93";"4";"Concorrência";"01/09/2011 00:00:00";"01/05/2018 00:00:00";"01/05/2018 00:00:00";"0";"0";"2435";"10859935,28";"5140064,72";"10859935,28";"5140064,72";"A";"9";"umental";"-1";"-1";"";"";"";"";"2";"ESTRUTURA GERAL";"";"";"";"22/08/2011 00:00:00";"22/08/2011 00:00:00";"";"";"";"";"";"200900463186";"P";"";"";"";"CT - 093/SIURB/2011- Córrego do Cordeiro";"";"86";"Fundo Municipal de Saneamento Ambiental e Infraestrutura";"22";"";"10859935,28";"0";"2435";"0";"5140064,72";"16000000";"16000000";"0";"16000000";"0";"0";"0";"16000000";"16000000";"0";"10859935,28";"0";"10859935,28";"0";"0";"0";"10859935,28";"10859935,28";"0";"5140064,72";"0";"5140064,72";"0";"0";"0";"5140064,72";"5140064,72";"0";"0";"0";"0";"0";"0";"0";"0";"0";"0";"0";"86.22.17.451.3008.5.013.44905100.03.0";"89";"Obras em Andamento - Uso Comum do Povo";"22";"Canalização de Córregos";"51";"Obras e Instalações";"0"
"269542";"11285";"2017";"22";"Secretaria Municipal de Infra-Estrutura Urbana e Obras";"10";"Gabinete do Secretário";"2";"Termo de Contrato - Serviços";"10";"Art. 24 Inciso IV da lei Federal 8.666/93";"6";"Dispensa de Licitação";"03/01/2017 00:00:00";"01/07/2017 00:00:00";"01/07/2017 00:00:00";"0";"0";"180";"522889,36";"0";"522874,67";"0";"A";"9";"umental";"-1";"-1";"";"";"";"";"41";"SEM REAJUSTE";"";"";"";"05/01/2017 00:00:00";"06/01/2017 00:00:00";"54";"";"";"";"emergência";"201700032409";"P";"";"";"";"obra de emergência - contenção de  muro de arrimo e obras complementares na  divisa lateral da EMEF Heraldo Barbuy";"";"22";"Secretaria Municipal de Infra-Estrutura Urbana e Obras";"10";"Gabinete do Secretário";"522889,36";"0";"180";"0";"0";"522889,36";"522889,36";"0";"522874,67";"0";"14,69";"0";"522874,67";"522874,67";"14,69";"522889,36";"0";"522874,67";"0";"14,69";"0";"522874,67";"522874,67";"14,69";"0";"0";"0";"0";"0";"0";"0";"0";"0";"0";"0";"0";"0";"0";"0";"0";"0";"0";"0";"16.10.12.368.3010.1.430.44905100.00.0";"89";"Obras em Andamento - Uso Comum do Povo";"02";"Escolas e Similares";"51";"Obras e Instalações";"14,69"
"287890";"26635";"2017";"86";"Fundo Municipal de Saneamento Ambiental e Infraestrutura";"22";"";"2";"Termo de Contrato - Serviços";"1";"Art. 22 - Inciso I Lei Federal  8.666/93";"4";"Concorrência";"01/08/2013 00:00:00";"01/07/2018 00:00:00";"01/07/2018 00:00:00";"0";"0";"1796";"1600000";"340000";"0";"0";"A";"9";"umental";"-1";"-1";"";"";"";"";"2";"ESTRUTURA GERAL";"";"";"";"18/07/2013 00:00:00";"19/07/2013 00:00:00";"";"";"";"";"";"201302114804";"P";"";"";"";"CT - 042/SIURB/2013 - PRA - Lote 5";"";"86";"Fundo Municipal de Saneamento Ambiental e Infraestrutura";"22";"";"1600000";"0";"1796";"0";"340000";"1940000";"1940000";"0";"0";"0";"1940000";"0";"0";"0";"1929826";"1600000";"0";"0";"0";"1600000";"0";"0";"0";"1593727,91";"340000";"0";"0";"0";"340000";"0";"0";"0";"336098,09";"0";"0";"0";"0";"0";"0";"0";"0";"0";"0";"86.22.17.451.3008.5.013.44905100.03.0";"89";"Obras em Andamento - Uso Comum do Povo";"22";"Canalização de Córregos";"51";"Obras e Instalações";"1940000"
"264850";"7048";"2017";"22";"SECRETARIA MUNICIPAL DE SERVIÇOS E OBRAS";"10";"SECRETARIA MUNICIPAL DE SERVIÇOS E OBRAS";"2";"Termo de Contrato - Serviços";"1";"Art. 22 - Inciso I Lei Federal  8.666/93";"4";"Concorrência";"03/05/2017 00:00:00";"31/07/2017 00:00:00";"01/08/2017 00:00:00";"0";"0";"90";"281518,73";"0";"281518,73";"0";"E";"9";"umental";"2015";"1";"83";"Companhia Metropolitana de Habitação de São Paulo";"";"";"41";"SEM REAJUSTE";"";"";"";"20/04/2017 00:00:00";"25/04/2017 00:00:00";"116";"";"";"";"CONCORRÊNCIA001/14";"6016201700067714";"S";"";"";"";"PRESTAÇÃO DE SERVIÇOS GERAIS DE MANUTENÇÃO E ADEQUAÇÃO NA EMEF PROF. ANDRÉ RODRIGUES ALCKMIN, localizado à Rua Marcelino José de Freitas, 619 - Vila Brasilândia/São Paulo e, a partir da utilização da Ata de Registro  derivada da  CONCORRÊNCIA Nº 001/14 e na ATA DE REGISTRO DE PREÇOS nº 001/COHAB-SP/2015.";"";"22";"SECRETARIA MUNICIPAL DE SERVIÇOS E OBRAS";"10";"SECRETARIA MUNICIPAL DE SERVIÇOS E OBRAS";"281925,40";"0";"90";"0";"0";"281925,40";"281925,40";"0";"281518,73";"406,67";"0";"0";"281518,73";"281518,73";"406,67";"281925,40";"0";"281518,73";"406,67";"0";"0";"281518,73";"281518,73";"406,67";"0";"0";"0";"0";"0";"0";"0";"0";"0";"0";"0";"0";"0";"0";"0";"0";"0";"0";"0";"16.10.12.368.3010.1.597.44903900.00.0";"05";"Serviços Técnicos Profissionais";"01";"Gerenciamento";"39";"Outros Serviços de Terceiros - Pessoa Jurídica";"0"
"264736";"6978";"2017";"22";"SECRETARIA MUNICIPAL DE SERVIÇOS E OBRAS";"10";"SECRETARIA MUNICIPAL DE SERVIÇOS E OBRAS";"2";"Termo de Contrato - Serviços";"1";"Art. 22 - Inciso I Lei Federal  8.666/93";"4";"Concorrência";"03/05/2017 00:00:00";"31/07/2017 00:00:00";"01/08/2017 00:00:00";"0";"0";"90";"199819,08";"0";"199819,08";"0";"E";"9";"umental";"2015";"2";"83";"Companhia Metropolitana de Habitação de São Paulo";"";"";"41";"SEM REAJUSTE";"";"";"";"20/04/2017 00:00:00";"25/04/2017 00:00:00";"116";"";"";"";"Concorrência 001/14";"6016201600029543";"S";"";"";"";"RESTAÇÃO DE SERVIÇOS GERAIS DE MANUTENÇÃO E ADEQUAÇÃO NA EMEF DEZOITO DO FORTE, localizado à Rua Hafiz Abi Chedid, 110 - M'Boi Mirim/São Paulo e, a partir da utilização da Ata de Registro  derivada da  CONCORRÊNCIA Nº 001/14 e na ATA DE REGISTRO DE PREÇOS nº 002/COHAB-SP/2015";"";"22";"SECRETARIA MUNICIPAL DE SERVIÇOS E OBRAS";"10";"SECRETARIA MUNICIPAL DE SERVIÇOS E OBRAS";"200451,13";"0";"90";"0";"0";"200451,13";"200451,13";"0";"199819,08";"632,05";"0";"0";"199819,08";"199819,08";"632,05";"200451,13";"0";"199819,08";"632,05";"0";"0";"199819,08";"199819,08";"632,05";"0";"0";"0";"0";"0";"0";"0";"0";"0";"0";"0";"0";"0";"0";"0";"0";"0";"0";"0";"16.10.12.368.3010.1.597.44903900.00.0";"05";"Serviços Técnicos Profissionais";"01";"Gerenciamento";"39";"Outros Serviços de Terceiros - Pessoa Jurídica";"0"
"264773";"6997";"2017";"22";"SECRETARIA MUNICIPAL DE SERVIÇOS E OBRAS";"10";"SECRETARIA MUNICIPAL DE SERVIÇOS E OBRAS";"2";"Termo de Contrato - Serviços";"1";"Art. 22 - Inciso I Lei Federal  8.666/93";"4";"Concorrência";"03/05/2017 00:00:00";"31/07/2017 00:00:00";"01/08/2017 00:00:00";"0";"0";"90";"132580,14";"0";"132580,14";"0";"E";"9";"umental";"2015";"4";"83";"Companhia Metropolitana de Habitação de São Paulo";"";"";"41";"SEM REAJUSTE";"";"";"";"20/04/2017 00:00:00";"25/04/2017 00:00:00";"116";"";"";"";"Concorrência001/14";"6016201600021666";"S";"";"";"";"PRESTAÇÃO DE SERVIÇOS GERAIS DE MANUTENÇÃO E ADEQUAÇÃO NA EMEI GOVERNADOR CARVALHO PINTO, localizado na Rua Antonio Alves Santos, 45 - Vila Prudente - São Paulo e, a partir da utilização da Ata de Registro  derivada da  CONCORRÊNCIA Nº 001/14 e na ATA DE REGISTRO DE PREÇOS nº 004/COHAB-SP/2015.";"";"22";"SECRETARIA MUNICIPAL DE SERVIÇOS E OBRAS";"10";"SECRETARIA MUNICIPAL DE SERVIÇOS E OBRAS";"139327,10";"0";"90";"0";"0";"139327,10";"139327,10";"0";"132580,14";"6746,96";"0";"0";"132580,14";"132580,14";"6746,96";"139327,10";"0";"132580,14";"6746,96";"0";"0";"132580,14";"132580,14";"6746,96";"0";"0";"0";"0";"0";"0";"0";"0";"0";"0";"0";"0";"0";"0";"0";"0";"0";"0";"0";"16.10.12.368.3010.1.597.44903900.00.0";"05";"Serviços Técnicos Profissionais";"01";"Gerenciamento";"39";"Outros Serviços de Terceiros - Pessoa Jurídica";"0"
"264753";"6989";"2017";"22";"SECRETARIA MUNICIPAL DE SERVIÇOS E OBRAS";"10";"SECRETARIA MUNICIPAL DE SERVIÇOS E OBRAS";"2";"Termo de Contrato - Serviços";"1";"Art. 22 - Inciso I Lei Federal  8.666/93";"4";"Concorrência";"03/05/2017 00:00:00";"31/07/2017 00:00:00";"01/08/2017 00:00:00";"0";"0";"90";"254100,63";"0";"254100,63";"0";"E";"9";"umental";"2015";"4";"83";"Companhia Metropolitana de Habitação de São Paulo";"";"";"41";"SEM REAJUSTE";"";"";"";"20/04/2017 00:00:00";"25/04/2017 00:00:00";"116";"";"";"";"Concorrência 001/14";"6016201600021909";"S";"";"";"";"PRESTAÇÃO DE SERVIÇOS GERAIS DE MANUTENÇÃO E ADEQUAÇÃO NA EMEF DR. FÁBIO DA SILVA PRADO, localizado à Rua Taquari, 459 -  Mooca /São Paulo e, a partir da utilização da Ata de Registro  derivada da  CONCORRÊNCIA Nº 001/14 e na ATA DE REGISTRO DE PREÇOS nº 004/COHAB-SP/2015.";"";"22";"SECRETARIA MUNICIPAL DE SERVIÇOS E OBRAS";"10";"SECRETARIA MUNICIPAL DE SERVIÇOS E OBRAS";"258817,42";"0";"90";"0";"0";"258817,42";"258817,42";"0";"254100,63";"4716,79";"0";"0";"254100,63";"254100,63";"4716,79";"258817,42";"0";"254100,63";"4716,79";"0";"0";"254100,63";"254100,63";"4716,79";"0";"0";"0";"0";"0";"0";"0";"0";"0";"0";"0";"0";"0";"0";"0";"0";"0";"0";"0";"16.10.12.368.3010.1.597.44903900.00.0";"05";"Serviços Técnicos Profissionais";"01";"Gerenciamento";"39";"Outros Serviços de Terceiros - Pessoa Jurídica";"0"
"272226";"13595";"2017";"86";"Fundo Municipal de Saneamento Ambiental e Infraestrutura";"22";"";"2";"Termo de Contrato - Serviços";"1";"Art. 22 - Inciso I Lei Federal  8.666/93";"4";"Concorrência";"25/09/2015 00:00:00";"01/11/2017 00:00:00";"01/11/2017 00:00:00";"0";"0";"769";"6487309,90";"2652861,22";"2681638,36";"799794,83";"A";"9";"umental";"-1";"-1";"";"";"";"";"2";"ESTRUTURA GERAL";"";"";"";"25/09/2015 00:00:00";"25/09/2015 00:00:00";"";"";"";"";"";"201602306989";"P";"";"";"";"CT - 072/SIURB/2015 - PRA LOTE B";"";"86";"Fundo Municipal de Saneamento Ambiental e Infraestrutura";"22";"";"819263,58";"0";"769";"5668046,32";"2652861,22";"9140171,12";"9140171,12";"0";"3481433,19";"0";"5658737,93";"0";"3481433,19";"3481433,19";"8181076,85";"6487309,90";"0";"2681638,36";"0";"3805671,54";"0";"2681638,36";"2681638,36";"5315269,72";"2652861,22";"0";"799794,83";"0";"1853066,39";"0";"799794,83";"799794,83";"2865807,13";"0";"0";"691,85";"0";"0";"0";"0";"0";"0";"0";"86.22.17.451.3008.5.013.44905100.03.0";"89";"Obras em Andamento - Uso Comum do Povo";"22";"Canalização de Córregos";"51";"Obras e Instalações";"5658737,93"
"278891";"19197";"2017";"86";"Fundo Municipal de Saneamento Ambiental e Infraestrutura";"22";"";"5";"Nota de Empenho Fornecimento de Bens de Consumo e/ou Permanente";"1";"Art. 22 - Inciso I Lei Federal  8.666/93";"4";"Concorrência";"01/08/2013 00:00:00";"01/12/2017 00:00:00";"01/12/2017 00:00:00";"0";"0";"1584";"2786246,09";"511256,59";"2785693,60";"510808,78";"A";"9";"umental";"-1";"-1";"";"";"";"";"2";"ESTRUTURA GERAL";"";"";"";"18/07/2013 00:00:00";"18/07/2013 00:00:00";"";"";"";"";"";"201302114731";"P";"";"";"";"CT - 041/SIURB/2013 - Lote 4";"";"86";"Fundo Municipal de Saneamento Ambiental e Infraestrutura";"22";"";"1962298,19";"0";"1584";"823947,90";"511256,59";"3297502,68";"3297502,68";"0";"3296502,38";"0";"1000,30";"0";"3296502,38";"3296502,38";"103497,40";"2786246,09";"0";"2785693,60";"0";"552,49";"0";"2785693,60";"2785693,60";"84753,13";"511256,59";"0";"510808,78";"0";"447,81";"0";"510808,78";"510808,78";"18744,27";"0";"0";"41,99";"0";"0";"0";"0";"0";"0";"0";"86.22.17.451.3008.5.013.44905100.03.0";"89";"Obras em Andamento - Uso Comum do Povo";"22";"Canalização de Córregos";"51";"Obras e Instalações";"1000,30"
"284757";"24048";"2017";"22";"SECRETARIA MUNICIPAL DE SERVIÇOS E OBRAS";"10";"Gabinete do Secretário";"5";"Nota de Empenho Fornecimento de Bens de Consumo e/ou Permanente";"8";"Art. 24 Inciso II da lei Federal 8.666/93";"6";"Dispensa de Licitação";"27/11/2017 00:00:00";"01/12/2017 00:00:00";"01/12/2017 00:00:00";"0";"0";"5";"2798";"0";"2798";"0";"E";"9";"umental";"-1";"-1";"";"";"";"";"41";"SEM REAJUSTE";"";"Natália Silva";"21/11/2017 00:00:00";"24/11/2017 00:00:00";"25/11/2017 00:00:00";"28";"";"";"";"";"6022201700024945";"S";"";"";"";"Aquisição de (02) duas LICENÇAS AUTODESK COREL DRAW";"";"22";"SECRETARIA MUNICIPAL DE SERVIÇOS E OBRAS";"10";"Gabinete do Secretário";"2798";"0";"5";"0";"0";"2798";"2798";"0";"2798";"0";"0";"0";"2798";"2798";"0";"2798";"0";"2798";"0";"0";"0";"2798";"2798";"0";"0";"0";"0";"0";"0";"0";"0";"0";"0";"0";"0";"0";"0";"0";"0";"0";"0";"0";"0";"22.10.15.122.3024.2.100.33903000.00.0";"17";"Material de Processamento de Dados";"99";"Diversos Materiais para Uso na Área de Informática";"30";"Material de Consumo";"0"
"278894";"19200";"2017";"86";"Fundo Municipal de Saneamento Ambiental e Infraestrutura";"22";"";"5";"Nota de Empenho Fornecimento de Bens de Consumo e/ou Permanente";"1";"Art. 22 - Inciso I Lei Federal  8.666/93";"4";"Concorrência";"01/08/2013 00:00:00";"01/12/2017 00:00:00";"01/12/2017 00:00:00";"0";"0";"1584";"2276471,70";"653220,91";"704123,67";"215753,85";"A";"9";"umental";"-1";"-1";"";"";"";"";"2";"ESTRUTURA GERAL";"";"";"";"01/08/2013 00:00:00";"01/08/2013 00:00:00";"";"";"";"";"";"201302114626";"P";"";"";"";"CT - 040/SIURB/2013 - PRA - Lote 03";"";"86";"Fundo Municipal de Saneamento Ambiental e Infraestrutura";"22";"";"2046998,74";"0";"1584";"229472,96";"653220,91";"2929692,61";"2929692,61";"0";"919877,52";"0";"2009815,09";"0";"919877,52";"919877,52";"2609805,12";"2276471,70";"0";"704123,67";"0";"1572348,03";"0";"704123,67";"704123,67";"2130338,39";"653220,91";"0";"215753,85";"0";"437467,06";"0";"215753,85";"215753,85";"479466,73";"0";"0";"11,21";"0";"0";"0";"0";"0";"0";"0";"86.22.17.451.3008.5.013.44905100.03.0";"89";"Obras em Andamento - Uso Comum do Povo";"22";"Canalização de Córregos";"51";"Obras e Instalações";"2009815,09"
"285423";"24615";"2017";"86";"Fundo Municipal de Saneamento Ambiental e Infraestrutura";"22";"FMSAI - Secretaria Municipal de Serviços e Obras";"5";"Nota de Empenho Fornecimento de Bens de Consumo e/ou Permanente";"39";"Não Aplicável";"8";"Não Aplicável";"04/12/2017 00:00:00";"02/01/2018 00:00:00";"02/01/2018 00:00:00";"0";"0";"30";"2381362,31";"0";"0";"0";"N";"1";"";"-1";"-1";"";"";"";"";"41";"SEM REAJUSTE";"";"";"";"01/12/2017 00:00:00";"04/12/2017 00:00:00";"";"";"";"";"";"201403586280";"P";"";"";"";"Reservatório de Retenção de Cheias do Zavuvus";"";"86";"Fundo Municipal de Saneamento Ambiental e Infraestrutura";"22";"FMSAI - Secretaria Municipal de Serviços e Obras";"2381362,31";"0";"30";"0";"0";"2381362,31";"2381362,31";"0";"0";"2381362,31";"0";"0";"0";"0";"2381361,51";"2381362,31";"0";"0";"2381362,31";"0";"0";"0";"0";"2381361,51";"0";"0";"0";"0";"0";"0";"0";"0";"0";"0";"0";"0";"0";"0";"0";"0";"0";"0";"0";"86.22.17.451.3008.5.013.44906100.03.0";"91";"FMH";"02";"Projetos e Ações de Apoio Habitacional";"61";"Aquisição de Imóveis";"0"
"268650";"10484";"2017";"22";"SECRETARIA MUNICIPAL DE SERVIÇOS E OBRAS";"10";"SECRETARIA MUNICIPAL DE SERVIÇOS E OBRAS";"5";"Nota de Empenho Fornecimento de Bens de Consumo e/ou Permanente";"39";"Não Aplicável";"8";"Não Aplicável";"24/05/2017 00:00:00";"02/06/2017 00:00:00";"02/06/2017 00:00:00";"0";"0";"10";"65463,61";"0";"65463,61";"0";"A";"1";"";"-1";"-1";"";"";"";"";"41";"SEM REAJUSTE";"";"";"";"23/05/2017 00:00:00";"24/05/2017 00:00:00";"52";"";"";"";"";"201102460792";"P";"";"";"";"Desapropriação - Melhoramento - Operação Urbana Água Espraiada";"";"22";"SECRETARIA MUNICIPAL DE SERVIÇOS E OBRAS";"10";"SECRETARIA MUNICIPAL DE SERVIÇOS E OBRAS";"65463,61";"0";"10";"0";"0";"65463,61";"65463,61";"0";"65463,61";"0";"0";"0";"65463,61";"65463,61";"0";"65463,61";"0";"65463,61";"0";"0";"0";"65463,61";"65463,61";"0";"0";"0";"0";"0";"0";"0";"0";"0";"0";"0";"0";"0";"0";"0";"0";"0";"0";"0";"0";"37.30.16.451.3002.3.357.44906100.08.0";"99";"Outras Aquisições de Bens Imóveis";"01";"Desapropriações";"61";"Aquisição de Imóveis";"0"
"268652";"10486";"2017";"22";"SECRETARIA MUNICIPAL DE SERVIÇOS E OBRAS";"10";"SECRETARIA MUNICIPAL DE SERVIÇOS E OBRAS";"5";"Nota de Empenho Fornecimento de Bens de Consumo e/ou Permanente";"39";"Não Aplicável";"8";"Não Aplicável";"24/05/2017 00:00:00";"02/06/2017 00:00:00";"02/06/2017 00:00:00";"0";"0";"10";"156239,03";"0";"156239,03";"0";"A";"1";"";"-1";"-1";"";"";"";"";"41";"SEM REAJUSTE";"";"";"";"23/05/2017 00:00:00";"24/05/2017 00:00:00";"52";"";"";"";"";"201203481590";"P";"";"";"";"Desapropriação - Melhoramento - Av. Jornalista Roberto Marinho";"";"22";"SECRETARIA MUNICIPAL DE SERVIÇOS E OBRAS";"10";"SECRETARIA MUNICIPAL DE SERVIÇOS E OBRAS";"156239,03";"0";"10";"0";"0";"156239,03";"156239,03";"0";"156239,03";"0";"0";"0";"156239,03";"156239,03";"0";"156239,03";"0";"156239,03";"0";"0";"0";"156239,03";"156239,03";"0";"0";"0";"0";"0";"0";"0";"0";"0";"0";"0";"0";"0";"0";"0";"0";"0";"0";"0";"0";"37.30.15.451.3009.5.100.44906100.08.0";"99";"Outras Aquisições de Bens Imóveis";"01";"Desapropriações";"61";"Aquisição de Imóveis";"0"
"272765";"14094";"2017";"22";"SECRETARIA MUNICIPAL DE SERVIÇOS E OBRAS";"10";"Gabinete do Secretário";"5";"Nota de Empenho Fornecimento de Bens de Consumo e/ou Permanente";"8";"Art. 24 Inciso II da lei Federal 8.666/93";"6";"Dispensa de Licitação";"05/07/2017 00:00:00";"02/10/2017 00:00:00";"02/10/2017 00:00:00";"0";"0";"90";"196195,45";"0";"196195,45";"0";"A";"1";"";"-1";"-1";"";"";"";"";"41";"SEM REAJUSTE";"";"";"";"30/06/2017 00:00:00";"05/07/2017 00:00:00";"57";"";"";"";"";"201700532363";"P";"";"";"";"Remanejamento de Rede Subterrânea - Rua Piratininga x Rua Prudente de Morais";"";"22";"SECRETARIA MUNICIPAL DE SERVIÇOS E OBRAS";"10";"Gabinete do Secretário";"196195,45";"0";"90";"0";"0";"196195,45";"196195,45";"0";"196195,45";"0";"0";"0";"196195,45";"196195,45";"0";"196195,45";"0";"196195,45";"0";"0";"0";"196195,45";"196195,45";"0";"0";"0";"0";"0";"0";"0";"0";"0";"0";"0";"0";"0";"0";"0";"0";"0";"0";"0";"0";"22.10.17.451.3008.5.013.44905100.00.0";"89";"Obras em Andamento - Uso Comum do Povo";"22";"Canalização de Córregos";"51";"Obras e Instalações";"0"
"282965";"22596";"2017";"86";"Fundo Municipal de Saneamento Ambiental e Infraestrutura";"22";"FMSAI - Secretaria Municipal de Serviços e Obras";"5";"Nota de Empenho Fornecimento de Bens de Consumo e/ou Permanente";"39";"Não Aplicável";"8";"Não Aplicável";"31/10/2017 00:00:00";"02/11/2017 00:00:00";"02/11/2017 00:00:00";"0";"0";"3";"12322,82";"0";"12322,82";"0";"A";"1";"";"-1";"-1";"";"";"";"";"41";"SEM REAJUSTE";"";"";"";"27/10/2017 00:00:00";"28/10/2017 00:00:00";"62";"";"";"";"";"201701519808";"P";"";"";"";"Indenização de Benfeitorias - Obra Pública";"";"86";"Fundo Municipal de Saneamento Ambiental e Infraestrutura";"22";"FMSAI - Secretaria Municipal de Serviços e Obras";"12322,82";"0";"3";"0";"0";"12322,82";"12322,82";"0";"12322,82";"0";"0";"0";"12322,82";"12322,82";"0";"12322,82";"0";"12322,82";"0";"0";"0";"12322,82";"12322,82";"0";"0";"0";"0";"0";"0";"0";"0";"0";"0";"0";"0";"0";"0";"0";"0";"0";"0";"0";"0";"86.22.17.451.3008.5.013.44904800.03.0";"91";"FMH";"02";"Projetos e Ações de Apoio Habitacional";"48";"Outros Auxílios Financeiros a Pessoas Físicas";"0"
"282910";"22555";"2017";"86";"Fundo Municipal de Saneamento Ambiental e Infraestrutura";"22";"FMSAI - Secretaria Municipal de Serviços e Obras";"5";"Nota de Empenho Fornecimento de Bens de Consumo e/ou Permanente";"39";"Não Aplicável";"8";"Não Aplicável";"31/10/2017 00:00:00";"02/11/2017 00:00:00";"02/11/2017 00:00:00";"0";"0";"3";"52997,20";"0";"52997,20";"0";"A";"1";"";"-1";"-1";"";"";"";"";"41";"SEM REAJUSTE";"";"";"";"27/10/2017 00:00:00";"28/10/2017 00:00:00";"62";"";"";"";"";"201302529591";"P";"";"";"";"Desap - Prolongamento da Av. Chucri Zaidan até Av. João Dias";"";"22";"SECRETARIA MUNICIPAL DE SERVIÇOS E OBRAS";"10";"Gabinete do Secretário";"52997,20";"0";"3";"0";"0";"52997,20";"52997,20";"0";"52997,20";"0";"0";"0";"52997,20";"52997,20";"0";"52997,20";"0";"52997,20";"0";"0";"0";"52997,20";"52997,20";"0";"0";"0";"0";"0";"0";"0";"0";"0";"0";"0";"0";"0";"0";"0";"0";"0";"0";"0";"0";"37.30.15.451.3009.5.100.44906100.08.0";"99";"Outras Aquisições de Bens Imóveis";"01";"Desapropriações";"61";"Aquisição de Imóveis";"0"
"282909";"22554";"2017";"86";"Fundo Municipal de Saneamento Ambiental e Infraestrutura";"22";"FMSAI - Secretaria Municipal de Serviços e Obras";"5";"Nota de Empenho Fornecimento de Bens de Consumo e/ou Permanente";"39";"Não Aplicável";"8";"Não Aplicável";"31/10/2017 00:00:00";"02/11/2017 00:00:00";"02/11/2017 00:00:00";"0";"0";"3";"371370,27";"0";"371370,27";"0";"A";"1";"";"-1";"-1";"";"";"";"";"41";"SEM REAJUSTE";"";"";"";"27/10/2017 00:00:00";"28/10/2017 00:00:00";"62";"";"";"";"";"201701519808";"P";"";"";"";"Desap - Prolongamento da Av. Chucri Zaidan até Av. João Dias";"";"22";"SECRETARIA MUNICIPAL DE SERVIÇOS E OBRAS";"10";"Gabinete do Secretário";"371370,27";"0";"3";"0";"0";"371370,27";"371370,27";"0";"371370,27";"0";"0";"0";"371370,27";"371370,27";"0";"371370,27";"0";"371370,27";"0";"0";"0";"371370,27";"371370,27";"0";"0";"0";"0";"0";"0";"0";"0";"0";"0";"0";"0";"0";"0";"0";"0";"0";"0";"0";"0";"37.30.15.451.3009.5.100.44906100.08.0";"99";"Outras Aquisições de Bens Imóveis";"01";"Desapropriações";"61";"Aquisição de Imóveis";"0"
"281785";"21604";"2017";"98";"Fundo de Desenvolvimento Urbano";"22";"FUNDURB - Secretaria Municipal de Serviços e Obras";"2";"Termo de Contrato - Serviços";"8";"Art. 24 Inciso II da lei Federal 8.666/93";"6";"Dispensa de Licitação";"05/12/2017 00:00:00";"02/02/2018 00:00:00";"03/02/2018 00:00:00";"0";"0";"60";"378693,26";"0";"378693,26";"0";"E";"9";"umental";"-1";"-1";"";"";"";"";"26";"CONSULTORIA";"";"";"";"17/10/2017 00:00:00";"18/10/2017 00:00:00";"110";"";"";"";"";"201701216503";"P";"";"";"";"Ata de Registro de Preços nº 001/SIURB/2017 - Agrupamento I e III - Corredor Leste Itaquera I - Trecho Terminal Carrão";"";"98";"Fundo de Desenvolvimento Urbano";"22";"FUNDURB - Secretaria Municipal de Serviços e Obras";"452986,25";"0";"60";"0";"0";"452986,25";"452986,25";"0";"378693,26";"74292,99";"0";"0";"378693,26";"378693,26";"326208,67";"452986,25";"0";"378693,26";"74292,99";"0";"0";"378693,26";"378693,26";"326208,67";"0";"0";"0";"0";"0";"0";"0";"0";"0";"0";"0";"0";"0";"0";"0";"0";"0";"180";"0";"98.22.26.453.3009.3.378.44903900.08.0";"05";"Serviços Técnicos Profissionais";"01";"Gerenciamento";"39";"Outros Serviços de Terceiros - Pessoa Jurídica";"0"
"281783";"21602";"2017";"98";"Fundo de Desenvolvimento Urbano";"22";"FUNDURB - Secretaria Municipal de Serviços e Obras";"2";"Termo de Contrato - Serviços";"8";"Art. 24 Inciso II da lei Federal 8.666/93";"6";"Dispensa de Licitação";"05/12/2017 00:00:00";"02/02/2018 00:00:00";"03/05/2018 00:00:00";"0";"0";"60";"82977,66";"0";"82977,66";"0";"E";"9";"umental";"-1";"-1";"";"";"";"";"26";"CONSULTORIA";"";"";"";"17/10/2017 00:00:00";"18/10/2017 00:00:00";"110";"";"";"";"";"201701536206";"P";"";"";"";"Ata de Registro de Preços nº 001/SIURB/2017 - Agrupamento I e III - Leste Itaquera Trecho 2 - Binário Itaquera";"";"98";"Fundo de Desenvolvimento Urbano";"22";"FUNDURB - Secretaria Municipal de Serviços e Obras";"82977,66";"0";"60";"0";"0";"82977,66";"82977,66";"0";"82977,66";"0";"0";"0";"82977,66";"82977,66";"58084,36";"82977,66";"0";"82977,66";"0";"0";"0";"82977,66";"82977,66";"58084,36";"0";"0";"0";"0";"0";"0";"0";"0";"0";"0";"0";"0";"0";"0";"0";"0";"0";"90";"0";"98.22.26.453.3009.3.378.44903900.08.0";"05";"Serviços Técnicos Profissionais";"01";"Gerenciamento";"39";"Outros Serviços de Terceiros - Pessoa Jurídica";"0"
"269922";"11626";"2017";"86";"Fundo Municipal de Saneamento Ambiental e Infraestrutura";"22";"FMSAI - Secretaria Municipal de Serviços e Obras";"5";"Nota de Empenho Fornecimento de Bens de Consumo e/ou Permanente";"39";"Não Aplicável";"8";"Não Aplicável";"01/06/2017 00:00:00";"03/06/2017 00:00:00";"03/06/2017 00:00:00";"0";"0";"3";"52088";"0";"52088";"0";"A";"1";"";"-1";"-1";"";"";"";"";"41";"SEM REAJUSTE";"";"";"";"31/05/2017 00:00:00";"01/06/2017 00:00:00";"60";"";"";"";"";"201600079411";"P";"";"";"";"Desap - Melhoramento e Canalização do Córrego Ponte Baixa";"";"86";"Fundo Municipal de Saneamento Ambiental e Infraestrutura";"22";"FMSAI - Secretaria Municipal de Serviços e Obras";"52088";"0";"3";"0";"0";"52088";"52088";"0";"52088";"0";"0";"0";"52088";"52088";"0";"52088";"0";"52088";"0";"0";"0";"52088";"52088";"0";"0";"0";"0";"0";"0";"0";"0";"0";"0";"0";"0";"0";"0";"0";"0";"0";"0";"0";"0";"86.22.17.451.3008.5.013.44906100.03.0";"99";"Outras Aquisições de Bens Imóveis";"01";"Desapropriações";"61";"Aquisição de Imóveis";"0"
"269928";"11632";"2017";"86";"Fundo Municipal de Saneamento Ambiental e Infraestrutura";"22";"FMSAI - Secretaria Municipal de Serviços e Obras";"5";"Nota de Empenho Fornecimento de Bens de Consumo e/ou Permanente";"39";"Não Aplicável";"8";"Não Aplicável";"01/06/2017 00:00:00";"03/06/2017 00:00:00";"03/06/2017 00:00:00";"0";"0";"3";"247,73";"0";"247,73";"0";"A";"1";"";"-1";"-1";"";"";"";"";"41";"SEM REAJUSTE";"";"";"";"31/05/2017 00:00:00";"01/06/2017 00:00:00";"60";"";"";"";"";"201600079551";"P";"";"";"";"Desap - Melhoramento e Canalização do Córrego Ponte Baixa";"";"86";"Fundo Municipal de Saneamento Ambiental e Infraestrutura";"22";"FMSAI - Secretaria Municipal de Serviços e Obras";"247,73";"0";"3";"0";"0";"247,73";"247,73";"0";"247,73";"0";"0";"0";"247,73";"247,73";"0";"247,73";"0";"247,73";"0";"0";"0";"247,73";"247,73";"0";"0";"0";"0";"0";"0";"0";"0";"0";"0";"0";"0";"0";"0";"0";"0";"0";"0";"0";"0";"86.22.17.451.3008.5.013.44906100.03.0";"99";"Outras Aquisições de Bens Imóveis";"01";"Desapropriações";"61";"Aquisição de Imóveis";"0"
"269894";"11599";"2017";"22";"SECRETARIA MUNICIPAL DE SERVIÇOS E OBRAS";"10";"Gabinete do Secretário";"5";"Nota de Empenho Fornecimento de Bens de Consumo e/ou Permanente";"39";"Não Aplicável";"8";"Não Aplicável";"01/06/2017 00:00:00";"03/06/2017 00:00:00";"03/06/2017 00:00:00";"0";"0";"3";"26683,74";"0";"26683,74";"0";"A";"1";"";"-1";"-1";"";"";"";"";"41";"SEM REAJUSTE";"";"";"";"31/05/2017 00:00:00";"01/06/2017 00:00:00";"59";"";"";"";"";"201302274771";"P";"";"";"";"Desap - Melhoramento da Av. Chucri Zaidan até Av. João Dias";"";"22";"SECRETARIA MUNICIPAL DE SERVIÇOS E OBRAS";"10";"Gabinete do Secretário";"26683,74";"0";"3";"0";"0";"26683,74";"26683,74";"0";"26683,74";"0";"0";"0";"26683,74";"26683,74";"0";"26683,74";"0";"26683,74";"0";"0";"0";"26683,74";"26683,74";"0";"0";"0";"0";"0";"0";"0";"0";"0";"0";"0";"0";"0";"0";"0";"0";"0";"0";"0";"0";"37.30.15.451.3009.5.100.44906100.08.0";"99";"Outras Aquisições de Bens Imóveis";"01";"Desapropriações";"61";"Aquisição de Imóveis";"0"
"269902";"11607";"2017";"22";"SECRETARIA MUNICIPAL DE SERVIÇOS E OBRAS";"10";"Gabinete do Secretário";"5";"Nota de Empenho Fornecimento de Bens de Consumo e/ou Permanente";"39";"Não Aplicável";"8";"Não Aplicável";"01/06/2017 00:00:00";"03/06/2017 00:00:00";"03/06/2017 00:00:00";"0";"0";"3";"164259,03";"0";"164259,03";"0";"A";"1";"";"-1";"-1";"";"";"";"";"41";"SEM REAJUSTE";"";"";"";"31/05/2017 00:00:00";"01/06/2017 00:00:00";"59";"";"";"";"";"201302665932";"P";"";"";"";"Desap - Melhoramento da Av. Chucri Zaidan até Av. João Dias";"";"22";"SECRETARIA MUNICIPAL DE SERVIÇOS E OBRAS";"10";"Gabinete do Secretário";"164259,03";"0";"3";"0";"0";"164259,03";"164259,03";"0";"164259,03";"0";"0";"0";"164259,03";"164259,03";"0";"164259,03";"0";"164259,03";"0";"0";"0";"164259,03";"164259,03";"0";"0";"0";"0";"0";"0";"0";"0";"0";"0";"0";"0";"0";"0";"0";"0";"0";"0";"0";"0";"37.30.15.451.3009.5.100.44906100.08.0";"99";"Outras Aquisições de Bens Imóveis";"01";"Desapropriações";"61";"Aquisição de Imóveis";"0"
"277866";"18333";"2017";"22";"SECRETARIA MUNICIPAL DE SERVIÇOS E OBRAS";"10";"SECRETARIA MUNICIPAL DE SERVIÇOS E OBRAS";"2";"Termo de Contrato - Serviços";"8";"Art. 24 Inciso II da lei Federal 8.666/93";"6";"Dispensa de Licitação";"07/03/2017 00:00:00";"02/09/2017 00:00:00";"03/09/2017 00:00:00";"0";"0";"180";"175374,40";"0";"175374,40";"0";"E";"9";"umental";"-1";"-1";"";"";"";"";"41";"SEM REAJUSTE";"";"";"";"04/02/2017 00:00:00";"05/09/2017 00:00:00";"67";"";"";"";"";"6022201700003263";"S";"";"";"";"Obra de Emergência - Recuperação Estrutural do Viaduto Evaristo Comolatti (Viaduto do Glicério)";"";"22";"SECRETARIA MUNICIPAL DE SERVIÇOS E OBRAS";"10";"SECRETARIA MUNICIPAL DE SERVIÇOS E OBRAS";"1540487,41";"0";"180";"0";"0";"1540487,41";"1540487,41";"0";"175374,40";"1365113,01";"0";"0";"175374,40";"175374,40";"1365113,01";"1540487,41";"0";"175374,40";"1365113,01";"0";"0";"175374,40";"175374,40";"1365113,01";"0";"0";"0";"0";"0";"0";"0";"0";"0";"0";"0";"0";"0";"0";"0";"0";"0";"0";"0";"22.10.15.451.3009.5.187.44905100.00.0";"89";"Obras em Andamento - Uso Comum do Povo";"15";"Pontes, Pontilhões e Viadutos";"51";"Obras e Instalações";"0"
"272995";"14310";"2017";"22";"SECRETARIA MUNICIPAL DE SERVIÇOS E OBRAS";"10";"Gabinete do Secretário";"2";"Termo de Contrato - Serviços";"1";"Art. 22 - Inciso I Lei Federal  8.666/93";"4";"Concorrência";"07/07/2017 00:00:00";"03/11/2017 00:00:00";"03/11/2017 00:00:00";"0";"0";"120";"14180695,38";"56712,28";"13071560,14";"56229,46";"S";"9";"umental";"-1";"-1";"";"";"";"";"2";"ESTRUTURA GERAL";"";"";"";"05/07/2017 00:00:00";"06/07/2017 00:00:00";"28";"";"";"";"";"201701019210";"P";"";"";"";"Execução de projetos, serviços de engenharia e obras complementares no Autódromo Municipal José Carlos Pace - Interlagos - Adjudicação e Contratação";"";"22";"SECRETARIA MUNICIPAL DE SERVIÇOS E OBRAS";"10";"Gabinete do Secretário";"14218737,89";"0";"120";"-38042,51";"56712,28";"14237407,66";"14237407,66";"0";"13127789,60";"0";"1109618,06";"0";"13127789,60";"13127789,60";"25178703,54";"14180695,38";"0";"13071560,14";"0";"1109135,24";"0";"13071560,14";"13071560,14";"25178220,72";"56712,28";"0";"56229,46";"0";"482,82";"0";"56229,46";"56229,46";"482,82";"0";"0";"0";"0,27";"0";"0";"0";"0";"0";"0";"22.10.27.813.3015.1.109.44905100.02.0";"80";"Estudos e Projetos";"99";"Outros Estudos e Projetos";"51";"Obras e Instalações";"1109618,06"
"284633";"23937";"2017";"22";"SECRETARIA MUNICIPAL DE SERVIÇOS E OBRAS";"10";"Gabinete do Secretário";"5";"Nota de Empenho Fornecimento de Bens de Consumo e/ou Permanente";"39";"Não Aplicável";"8";"Não Aplicável";"24/11/2017 00:00:00";"03/12/2017 00:00:00";"03/12/2017 00:00:00";"0";"0";"10";"2140";"0";"2140";"0";"E";"9";"umental";"-1";"-1";"";"";"";"";"41";"SEM REAJUSTE";"";"";"27/10/2017 00:00:00";"23/11/2017 00:00:00";"24/11/2017 00:00:00";"27";"";"";"";"";"6022201700029688";"S";"";"";"";"Bandeiras Oficiais";"";"22";"SECRETARIA MUNICIPAL DE SERVIÇOS E OBRAS";"10";"Gabinete do Secretário";"2140";"0";"10";"0";"0";"2140";"2140";"0";"2140";"0";"0";"0";"2140";"2140";"0";"2140";"0";"2140";"0";"0";"0";"2140";"2140";"0";"0";"0";"0";"0";"0";"0";"0";"0";"0";"0";"0";"0";"0";"0";"0";"0";"0";"0";"0";"22.10.15.122.3024.2.100.33903000.00.0";"51";"Bandeiras, Flâmulas e Insígnias";"01";"Bandeiras";"30";"Material de Consumo";"0"
"284623";"23935";"2017";"22";"SECRETARIA MUNICIPAL DE SERVIÇOS E OBRAS";"10";"Gabinete do Secretário";"5";"Nota de Empenho Fornecimento de Bens de Consumo e/ou Permanente";"39";"Não Aplicável";"8";"Não Aplicável";"24/11/2017 00:00:00";"03/12/2017 00:00:00";"03/12/2017 00:00:00";"0";"0";"10";"243";"0";"243";"0";"E";"9";"umental";"2017";"305";"";"";"1";"Empresa de Tecnologia da Informação e Comunicação do Município de São Paulo";"41";"SEM REAJUSTE";"";"";"";"23/11/2017 00:00:00";"24/11/2017 00:00:00";"27";"";"";"";"";"6022201700029297";"S";"";"";"";"Certificados Digitais A3 e CPF com leitora";"";"22";"SECRETARIA MUNICIPAL DE SERVIÇOS E OBRAS";"10";"Gabinete do Secretário";"243";"0";"10";"0";"0";"243";"243";"0";"243";"0";"0";"0";"243";"243";"0";"243";"0";"243";"0";"0";"0";"243";"243";"0";"0";"0";"0";"0";"0";"0";"0";"0";"0";"0";"0";"0";"0";"0";"0";"0";"0";"0";"0";"22.10.15.122.3024.2.100.33903000.00.0";"17";"Material de Processamento de Dados";"99";"Diversos Materiais para Uso na Área de Informática";"30";"Material de Consumo";"0"
"270467";"12117";"2017";"86";"Fundo Municipal de Saneamento Ambiental e Infraestrutura";"22";"FMSAI - Secretaria Municipal de Serviços e Obras";"5";"Nota de Empenho Fornecimento de Bens de Consumo e/ou Permanente";"8";"Art. 24 Inciso II da lei Federal 8.666/93";"6";"Dispensa de Licitação";"07/06/2017 00:00:00";"04/10/2017 00:00:00";"04/10/2017 00:00:00";"0";"0";"120";"828457,63";"0";"828457,63";"0";"A";"1";"";"-1";"-1";"";"";"";"";"41";"SEM REAJUSTE";"";"";"";"07/06/2017 00:00:00";"07/06/2017 00:00:00";"";"";"";"";"";"201700841080";"P";"";"";"";"Assunto: Remoção de rede da concessionária AES Eletropaulo.Int.: AES Eletropaulo.";"";"86";"Fundo Municipal de Saneamento Ambiental e Infraestrutura";"22";"FMSAI - Secretaria Municipal de Serviços e Obras";"828457,63";"0";"120";"0";"0";"828457,63";"828457,63";"0";"828457,63";"0";"0";"0";"828457,63";"828457,63";"0";"828457,63";"0";"828457,63";"0";"0";"0";"828457,63";"828457,63";"0";"0";"0";"0";"0";"0";"0";"0";"0";"0";"0";"0";"0";"0";"0";"0";"0";"0";"0";"0";"86.22.17.451.3008.1.234.44905100.03.0";"89";"Obras em Andamento - Uso Comum do Povo";"22";"Canalização de Córregos";"51";"Obras e Instalações";"0"
"261481";"4081";"2017";"22";"SECRETARIA MUNICIPAL DE SERVIÇOS E OBRAS";"10";"SECRETARIA MUNICIPAL DE SERVIÇOS E OBRAS";"5";"Nota de Empenho Fornecimento de Bens de Consumo e/ou Permanente";"39";"Não Aplicável";"8";"Não Aplicável";"27/03/2017 00:00:00";"05/04/2017 00:00:00";"05/04/2017 00:00:00";"0";"0";"10";"5577";"0";"5577";"0";"E";"9";"umental";"2016";"11";"13";"Secretaria Municipal de Gestão";"";"";"41";"SEM REAJUSTE";"";"";"";"22/03/2017 00:00:00";"23/03/2017 00:00:00";"45";"";"";"";"";"6022201700002364";"S";"708.264";"Lilian C. de M. Calcagno";"";"Aquisição de 3.575 (três mil, quinhentos e setenta e cinco mil) centos de copos plásticos descartáveis para água, capacidade de 150 ml a 190 ml, caixa com 25 centos";"";"22";"SECRETARIA MUNICIPAL DE SERVIÇOS E OBRAS";"10";"SECRETARIA MUNICIPAL DE SERVIÇOS E OBRAS";"5577";"0";"10";"0";"0";"5577";"5577";"0";"5577";"0";"0";"0";"5577";"5577";"0";"5577";"0";"5577";"0";"0";"0";"5577";"5577";"0";"0";"0";"0";"0";"0";"0";"0";"0";"0";"0";"0";"0";"0";"0";"0";"0";"0";"0";"0";"22.10.15.122.3024.2.100.33903000.00.0";"21";"Material de Copa e Cozinha";"99";"Diversos Materiais de Copa e Cozinha";"30";"Material de Consumo";"0"
"264948";"7111";"2017";"86";"Fundo Municipal de Saneamento Ambiental e Infraestrutura";"22";"FMSAI - Secretaria Municipal de Infraestrutura Urbana e Obras";"5";"Nota de Empenho Fornecimento de Bens de Consumo e/ou Permanente";"26";"Art. 24 Inciso XX da lei Federal 8.666/93";"6";"Dispensa de Licitação";"26/04/2017 00:00:00";"05/05/2017 00:00:00";"05/05/2017 00:00:00";"0";"0";"10";"353320,78";"0";"353320,78";"0";"A";"1";"";"-1";"-1";"";"";"";"";"41";"SEM REAJUSTE";"";"";"";"25/04/2017 00:00:00";"26/04/2017 00:00:00";"46";"";"";"";"";"201600079411";"P";"";"";"";"Desap - Melhoramento e canalização do Córrego Ponte Baixa";"";"86";"Fundo Municipal de Saneamento Ambiental e Infraestrutura";"22";"FMSAI - Secretaria Municipal de Infraestrutura Urbana e Obras";"353320,78";"0";"10";"0";"0";"353320,78";"353320,78";"0";"353320,78";"0";"0";"0";"353320,78";"353320,78";"0";"353320,78";"0";"353320,78";"0";"0";"0";"353320,78";"353320,78";"0";"0";"0";"0";"0";"0";"0";"0";"0";"0";"0";"0";"0";"0";"0";"0";"0";"0";"0";"0";"86.22.17.451.3008.5.013.44906100.03.0";"99";"Outras Aquisições de Bens Imóveis";"01";"Desapropriações";"61";"Aquisição de Imóveis";"0"
"264963";"7118";"2017";"22";"SECRETARIA MUNICIPAL DE SERVIÇOS E OBRAS";"10";"SECRETARIA MUNICIPAL DE SERVIÇOS E OBRAS";"5";"Nota de Empenho Fornecimento de Bens de Consumo e/ou Permanente";"39";"Não Aplicável";"8";"Não Aplicável";"26/04/2017 00:00:00";"05/05/2017 00:00:00";"05/05/2017 00:00:00";"0";"0";"10";"4197,60";"0";"4197,60";"0";"E";"9";"umental";"-1";"-1";"";"";"";"";"41";"SEM REAJUSTE";"";"Mayra Arello";"24/03/2017 00:00:00";"25/04/2017 00:00:00";"26/04/2017 00:00:00";"45";"";"";"";"";"6022201700001236";"S";"";"Lilian Cristina de Moraes Calcagno";"";"Aquisição de 2.112 (dois mil, cento e doze) rolos de toalhas de papel em bobinas - 50 metros - marca Vital Paper";"";"22";"SECRETARIA MUNICIPAL DE SERVIÇOS E OBRAS";"10";"SECRETARIA MUNICIPAL DE SERVIÇOS E OBRAS";"4197,60";"0";"10";"0";"0";"4197,60";"4197,60";"0";"4197,60";"0";"0";"0";"4197,60";"4197,60";"0";"4197,60";"0";"4197,60";"0";"0";"0";"4197,60";"4197,60";"0";"0";"0";"0";"0";"0";"0";"0";"0";"0";"0";"0";"0";"0";"0";"0";"0";"0";"0";"0";"22.10.15.122.3024.2.100.33903000.00.0";"21";"Material de Copa e Cozinha";"99";"Diversos Materiais de Copa e Cozinha";"30";"Material de Consumo";"0"
"264946";"7109";"2017";"86";"Fundo Municipal de Saneamento Ambiental e Infraestrutura";"22";"FMSAI - Secretaria Municipal de Infraestrutura Urbana e Obras";"5";"Nota de Empenho Fornecimento de Bens de Consumo e/ou Permanente";"26";"Art. 24 Inciso XX da lei Federal 8.666/93";"6";"Dispensa de Licitação";"26/04/2017 00:00:00";"05/05/2017 00:00:00";"05/05/2017 00:00:00";"0";"0";"10";"309668,20";"0";"309668,20";"0";"A";"1";"";"-1";"-1";"";"";"";"";"41";"SEM REAJUSTE";"";"";"";"25/04/2017 00:00:00";"26/04/2017 00:00:00";"26";"";"";"";"";"201600079551";"P";"";"";"";"Desapropriação - Melhoramento e Canalização do Córrego Ponte Baixa";"";"86";"Fundo Municipal de Saneamento Ambiental e Infraestrutura";"22";"FMSAI - Secretaria Municipal de Infraestrutura Urbana e Obras";"309668,20";"0";"10";"0";"0";"309668,20";"309668,20";"0";"309668,20";"0";"0";"0";"309668,20";"309668,20";"0";"309668,20";"0";"309668,20";"0";"0";"0";"309668,20";"309668,20";"0";"0";"0";"0";"0";"0";"0";"0";"0";"0";"0";"0";"0";"0";"0";"0";"0";"0";"0";"0";"86.22.17.451.3008.5.013.44906100.03.0";"99";"Outras Aquisições de Bens Imóveis";"01";"Desapropriações";"61";"Aquisição de Imóveis";"0"
"273075";"14380";"2017";"22";"SECRETARIA MUNICIPAL DE SERVIÇOS E OBRAS";"10";"Gabinete do Secretário";"2";"Termo de Contrato - Serviços";"8";"Art. 24 Inciso II da lei Federal 8.666/93";"6";"Dispensa de Licitação";"06/07/2017 00:00:00";"05/07/2018 00:00:00";"05/07/2019 00:00:00";"0";"0";"364";"14110";"0";"6943,30";"0";"E";"9";"umental";"-1";"-1";"";"";"";"";"41";"SEM REAJUSTE";"";"";"29/05/2017 00:00:00";"04/07/2017 00:00:00";"05/07/2017 00:00:00";"57";"";"";"";"";"6022201700006637";"S";"";"";"";"Contratação de empresa para confecção de carimbos de madeira, automáticos e numerador de processos com 11 tiras e fornecimento de suprimentos para carimbos automáticos, numeradores de processo e refis/borracha";"";"22";"SECRETARIA MUNICIPAL DE SERVIÇOS E OBRAS";"10";"Gabinete do Secretário";"7055";"0";"364";"7055";"0";"14110";"14110";"0";"6943,30";"9240,30";"-2073,60";"0";"6943,30";"6943,30";"13287,82";"14110";"0";"6943,30";"9240,30";"-2073,60";"0";"6943,30";"6943,30";"13287,82";"0";"0";"0";"0";"0";"0";"0";"0";"0";"0";"0";"0";"0";"0";"0";"0";"0";"365";"0";"22.10.15.122.3024.2.100.33903900.00.0";"79";"Serviço de Apoio Administrativo, Técnico e Operacional";"99";"Outros Serviços de Apoio Administrativo, Técnico e Operacional";"39";"Outros Serviços de Terceiros - Pessoa Jurídica";"-2073,60"
"275930";"16818";"2017";"22";"SECRETARIA MUNICIPAL DE SERVIÇOS E OBRAS";"10";"Gabinete do Secretário";"5";"Nota de Empenho Fornecimento de Bens de Consumo e/ou Permanente";"39";"Não Aplicável";"8";"Não Aplicável";"03/08/2017 00:00:00";"05/08/2017 00:00:00";"05/08/2017 00:00:00";"0";"0";"3";"608684,19";"0";"608684,19";"0";"A";"1";"";"-1";"-1";"";"";"";"";"41";"SEM REAJUSTE";"";"";"";"03/08/2017 00:00:00";"05/08/2017 00:00:00";"57";"";"";"";"";"201601225012";"P";"";"";"";"Desap - Melhoramento do viário de acesso ao Hospital Brasilândia";"";"22";"SECRETARIA MUNICIPAL DE SERVIÇOS E OBRAS";"10";"Gabinete do Secretário";"472000";"0";"3";"136684,19";"0";"608684,19";"608684,19";"0";"608684,19";"0";"0";"0";"608684,19";"608684,19";"0";"608684,19";"0";"608684,19";"0";"0";"0";"608684,19";"608684,19";"0";"0";"0";"0";"0";"0";"0";"0";"0";"0";"0";"0";"28,96";"0";"0";"0";"0";"0";"0";"0";"84.10.10.302.3003.3.366.44906100.03.0";"99";"Outras Aquisições de Bens Imóveis";"01";"Desapropriações";"61";"Aquisição de Imóveis";"0"
"275932";"16820";"2017";"22";"SECRETARIA MUNICIPAL DE SERVIÇOS E OBRAS";"10";"Gabinete do Secretário";"5";"Nota de Empenho Fornecimento de Bens de Consumo e/ou Permanente";"39";"Não Aplicável";"8";"Não Aplicável";"03/08/2017 00:00:00";"05/08/2017 00:00:00";"05/08/2017 00:00:00";"0";"0";"3";"881796,71";"0";"881796,71";"0";"A";"1";"";"-1";"-1";"";"";"";"";"41";"SEM REAJUSTE";"";"";"";"03/08/2017 00:00:00";"05/08/2017 00:00:00";"57";"";"";"";"";"201601225152";"P";"";"";"";"Desap - Melhoramento do viário de acesso ao Hospital Brasilândia";"";"22";"SECRETARIA MUNICIPAL DE SERVIÇOS E OBRAS";"10";"Gabinete do Secretário";"732000";"0";"3";"149796,71";"0";"881796,71";"881796,71";"0";"881796,71";"0";"0";"0";"881796,71";"881796,71";"0";"881796,71";"0";"881796,71";"0";"0";"0";"881796,71";"881796,71";"0";"0";"0";"0";"0";"0";"0";"0";"0";"0";"0";"0";"20,46";"0";"0";"0";"0";"0";"0";"0";"84.10.10.302.3003.3.366.44906100.03.0";"99";"Outras Aquisições de Bens Imóveis";"01";"Desapropriações";"61";"Aquisição de Imóveis";"0"
"274689";"15788";"2017";"22";"SECRETARIA MUNICIPAL DE SERVIÇOS E OBRAS";"10";"SECRETARIA MUNICIPAL DE SERVIÇOS E OBRAS";"2";"Termo de Contrato - Serviços";"10";"Art. 24 Inciso IV da lei Federal 8.666/93";"6";"Dispensa de Licitação";"06/02/2017 00:00:00";"04/08/2017 00:00:00";"05/08/2017 00:00:00";"0";"0";"180";"924045,95";"0";"924045,95";"0";"E";"9";"umental";"-1";"-1";"";"";"";"";"41";"SEM REAJUSTE";"";"";"";"21/07/2017 00:00:00";"22/07/2017 00:00:00";"49";"";"";"";"";"6022201700000930";"S";"";"";"";"Execução de Obra de Emergência para contenção do Talude da Rua Paulo Arentino, no Bairro City Jaraguá no Município de São Paulo.";"";"22";"SECRETARIA MUNICIPAL DE SERVIÇOS E OBRAS";"10";"SECRETARIA MUNICIPAL DE SERVIÇOS E OBRAS";"948125,99";"0";"180";"0";"0";"948125,99";"948125,99";"0";"924045,95";"24080,04";"0";"0";"924045,95";"924045,95";"972206,03";"948125,99";"0";"924045,95";"24080,04";"0";"0";"924045,95";"924045,95";"972206,03";"0";"0";"0";"0";"0";"0";"0";"0";"0";"0";"0";"0";"0";"0";"0";"0";"0";"0";"0";"22.10.15.451.3009.5.100.44905100.00.0";"89";"Obras em Andamento - Uso Comum do Povo";"08";"Obras em Áreas de Risco";"51";"Obras e Instalações";"0"
"275032";"16099";"2017";"22";"SECRETARIA MUNICIPAL DE SERVIÇOS E OBRAS";"10";"Gabinete do Secretário";"5";"Nota de Empenho Fornecimento de Bens de Consumo e/ou Permanente";"39";"Não Aplicável";"8";"Não Aplicável";"27/07/2017 00:00:00";"05/08/2017 00:00:00";"05/08/2017 00:00:00";"0";"0";"10";"534,60";"0";"534,60";"0";"E";"9";"umental";"2017";"305";"";"";"1";"Empresa de Tecnologia da Informação e Comunicação do Município de São Paulo";"41";"SEM REAJUSTE";"";"";"08/05/2017 00:00:00";"26/07/2017 00:00:00";"27/07/2017 00:00:00";"47";"";"";"";"";"6022201700014044";"S";"";"";"";"Certificados Digitais A3 e CPF com leitora";"";"22";"SECRETARIA MUNICIPAL DE SERVIÇOS E OBRAS";"10";"Gabinete do Secretário";"534,60";"0";"10";"0";"0";"534,60";"534,60";"0";"534,60";"0";"0";"0";"534,60";"534,60";"0";"534,60";"0";"534,60";"0";"0";"0";"534,60";"534,60";"0";"0";"0";"0";"0";"0";"0";"0";"0";"0";"0";"0";"0";"0";"0";"0";"0";"0";"0";"0";"22.10.15.122.3024.2.100.33903000.00.0";"17";"Material de Processamento de Dados";"99";"Diversos Materiais para Uso na Área de Informática";"30";"Material de Consumo";"0"
"266029";"8030";"2017";"22";"SECRETARIA MUNICIPAL DE SERVIÇOS E OBRAS";"10";"Gabinete do Secretário";"5";"Nota de Empenho Fornecimento de Bens de Consumo e/ou Permanente";"29";"Art. 24 Inciso XXIII da lei Federal 8.666/93";"6";"Dispensa de Licitação";"08/06/2017 00:00:00";"05/10/2017 00:00:00";"05/10/2017 00:00:00";"0";"0";"120";"28561,06";"0";"28561,06";"0";"E";"1";"";"-1";"-1";"";"";"";"";"41";"SEM REAJUSTE";"";"";"";"10/05/2017 00:00:00";"10/05/2017 00:00:00";"";"";"";"";"DL";"6022201700006360";"S";"";"";"";"Cuida o presente da solicitação de ligação definitiva de energia elétrica para a futura Unidade Educacional CEI/EMEI Setor 2308, localizada na Rua Dr. Daniel Arttebom, nº 35, Jardim Kioto.";"";"22";"SECRETARIA MUNICIPAL DE SERVIÇOS E OBRAS";"10";"Gabinete do Secretário";"28561,06";"0";"120";"0";"0";"28561,06";"28561,06";"0";"28561,06";"0";"0";"0";"28561,06";"28561,06";"0";"28561,06";"0";"28561,06";"0";"0";"0";"28561,06";"28561,06";"0";"0";"0";"0";"0";"0";"0";"0";"0";"0";"0";"0";"0";"0";"0";"0";"0";"0";"0";"0";"16.10.12.368.3010.2.822.33903900.00.0";"43";"Serviços de Energia Elétrica e Iluminação Pública";"03";"Serviços de Instalação de Rede de Energia";"39";"Outros Serviços de Terceiros - Pessoa Jurídica";"0"
"277161";"17774";"2017";"22";"Secretaria Municipal de Serviços e Obras";"10";"Gabinete do Secretário";"2";"Termo de Contrato - Serviços";"1";"Art. 22 - Inciso I Lei Federal  8.666/93";"4";"Concorrência";"10/04/2018 00:00:00";"05/11/2018 00:00:00";"05/11/2018 00:00:00";"0";"0";"210";"244499,98";"0";"244499,98";"0";"E";"9";"umental";"-1";"-1";"";"";"";"";"41";"SEM REAJUSTE";"";"";"";"23/08/2017 00:00:00";"24/08/2017 00:00:00";"62";"";"";"";"";"7910201700003409";"S";"";"";"";"Contratação dos serviços de remanejamento de redes de distribuição de energia elétrica - Concessionária AES Eletropaulo - Viaduto da Av. Lino de Moares Leme X Rua Praia do Cerejo.";"";"22";"Secretaria Municipal de Serviços e Obras";"10";"Gabinete do Secretário";"244499,98";"0";"210";"0";"0";"244499,98";"244499,98";"0";"244499,98";"0";"0";"0";"244499,98";"244499,98";"244499,98";"244499,98";"0";"244499,98";"0";"0";"0";"244499,98";"244499,98";"244499,98";"0";"0";"0";"0";"0";"0";"0";"0";"0";"0";"0";"0";"0";"0";"0";"0";"0";"0";"0";"37.30.15.451.3009.5.100.44905100.08.0";"99";"Outras Obras e Instalações";"04";"Remanejamento de Interferências";"51";"Obras e Instalações";"0"
"265053";"7193";"2017";"22";"SECRETARIA MUNICIPAL DE SERVIÇOS E OBRAS";"10";"SECRETARIA MUNICIPAL DE SERVIÇOS E OBRAS";"5";"Nota de Empenho Fornecimento de Bens de Consumo e/ou Permanente";"39";"Não Aplicável";"8";"Não Aplicável";"27/04/2017 00:00:00";"06/05/2017 00:00:00";"06/05/2017 00:00:00";"0";"0";"10";"31560";"0";"31560";"0";"E";"1";"";"-1";"-1";"";"";"";"";"41";"SEM REAJUSTE";"";"";"";"18/04/2017 00:00:00";"26/04/2017 00:00:00";"46";"";"";"";"";"201700638870";"P";"";"";"";"Tarifa de reprogramação - TC Nº 0396.114-39/2013 - Corredor Inajar de Souza";"";"22";"SECRETARIA MUNICIPAL DE SERVIÇOS E OBRAS";"10";"SECRETARIA MUNICIPAL DE SERVIÇOS E OBRAS";"31560";"0";"10";"0";"0";"31560";"31560";"0";"31560";"0";"0";"0";"31560";"31560";"0";"31560";"0";"31560";"0";"0";"0";"31560";"31560";"0";"0";"0";"0";"0";"0";"0";"0";"0";"0";"0";"0";"0";"0";"0";"0";"0";"0";"0";"0";"22.10.26.453.3009.3.378.44903900.00.0";"05";"Serviços Técnicos Profissionais";"01";"Gerenciamento";"39";"Outros Serviços de Terceiros - Pessoa Jurídica";"0"
"265054";"7194";"2017";"22";"SECRETARIA MUNICIPAL DE SERVIÇOS E OBRAS";"10";"SECRETARIA MUNICIPAL DE SERVIÇOS E OBRAS";"5";"Nota de Empenho Fornecimento de Bens de Consumo e/ou Permanente";"39";"Não Aplicável";"8";"Não Aplicável";"27/04/2017 00:00:00";"06/05/2017 00:00:00";"06/05/2017 00:00:00";"0";"0";"10";"18230,99";"0";"18230,99";"0";"E";"1";"";"-1";"-1";"";"";"";"";"41";"SEM REAJUSTE";"";"";"";"18/04/2017 00:00:00";"26/04/2017 00:00:00";"46";"";"";"";"";"201700638862";"P";"";"";"";"Tarifa de Reprogramação - TC Nº 0425.744-81/2013 - Corredor Leste Itaquera - Trecho 2";"";"22";"SECRETARIA MUNICIPAL DE SERVIÇOS E OBRAS";"10";"SECRETARIA MUNICIPAL DE SERVIÇOS E OBRAS";"18230,99";"0";"10";"0";"0";"18230,99";"18230,99";"0";"18230,99";"0";"0";"0";"18230,99";"18230,99";"0";"18230,99";"0";"18230,99";"0";"0";"0";"18230,99";"18230,99";"0";"0";"0";"0";"0";"0";"0";"0";"0";"0";"0";"0";"0";"0";"0";"0";"0";"0";"0";"0";"22.10.26.453.3009.3.378.44903900.00.0";"05";"Serviços Técnicos Profissionais";"01";"Gerenciamento";"39";"Outros Serviços de Terceiros - Pessoa Jurídica";"0"
"265055";"7195";"2017";"22";"SECRETARIA MUNICIPAL DE SERVIÇOS E OBRAS";"10";"SECRETARIA MUNICIPAL DE SERVIÇOS E OBRAS";"5";"Nota de Empenho Fornecimento de Bens de Consumo e/ou Permanente";"39";"Não Aplicável";"8";"Não Aplicável";"27/04/2017 00:00:00";"06/05/2017 00:00:00";"06/05/2017 00:00:00";"0";"0";"10";"60";"0";"60";"0";"E";"1";"";"-1";"-1";"";"";"";"";"41";"SEM REAJUSTE";"";"";"";"18/04/2017 00:00:00";"26/04/2017 00:00:00";"46";"";"";"";"";"201700638889";"P";"";"";"";"Tarifa de publicação - TC Nº 0425.347-77/2013 - Corredor Aricanduva";"";"22";"SECRETARIA MUNICIPAL DE SERVIÇOS E OBRAS";"10";"SECRETARIA MUNICIPAL DE SERVIÇOS E OBRAS";"60";"0";"10";"0";"0";"60";"60";"0";"60";"0";"0";"0";"60";"60";"0";"60";"0";"60";"0";"0";"0";"60";"60";"0";"0";"0";"0";"0";"0";"0";"0";"0";"0";"0";"0";"0";"0";"0";"0";"0";"0";"0";"0";"22.10.26.453.3009.3.378.44903900.00.0";"05";"Serviços Técnicos Profissionais";"01";"Gerenciamento";"39";"Outros Serviços de Terceiros - Pessoa Jurídica";"0"
"265052";"7192";"2017";"22";"SECRETARIA MUNICIPAL DE SERVIÇOS E OBRAS";"10";"SECRETARIA MUNICIPAL DE SERVIÇOS E OBRAS";"5";"Nota de Empenho Fornecimento de Bens de Consumo e/ou Permanente";"39";"Não Aplicável";"8";"Não Aplicável";"27/04/2017 00:00:00";"06/05/2017 00:00:00";"06/05/2017 00:00:00";"0";"0";"10";"40272,68";"0";"40272,68";"0";"E";"1";"";"-1";"-1";"";"";"";"";"41";"SEM REAJUSTE";"";"";"";"18/04/2017 00:00:00";"26/04/2017 00:00:00";"46";"";"";"";"";"201700638897";"P";"";"";"";"Tarifa de Reprogramação - TC 0420.064-57/2013 - Córrego Tremembé";"";"22";"SECRETARIA MUNICIPAL DE SERVIÇOS E OBRAS";"10";"SECRETARIA MUNICIPAL DE SERVIÇOS E OBRAS";"40272,68";"0";"10";"0";"0";"40272,68";"40272,68";"0";"40272,68";"0";"0";"0";"40272,68";"40272,68";"0";"40272,68";"0";"40272,68";"0";"0";"0";"40272,68";"40272,68";"0";"0";"0";"0";"0";"0";"0";"0";"0";"0";"0";"0";"0";"0";"0";"0";"0";"0";"0";"0";"22.10.17.451.3008.5.013.44903900.00.0";"05";"Serviços Técnicos Profissionais";"01";"Gerenciamento";"39";"Outros Serviços de Terceiros - Pessoa Jurídica";"0"
"287920";"26664";"2017";"22";"Secretaria Municipal de Serviços e Obras";"10";"Gabinete do Secretário";"2";"Termo de Contrato - Serviços";"7";"Art. 24 - Inciso I Lei Federal  8.666/93";"6";"Dispensa de Licitação";"09/03/2018 00:00:00";"07/04/2018 00:00:00";"07/04/2018 00:00:00";"0";"0";"30";"22821,80";"0";"22821,80";"0";"E";"1";"";"-1";"-1";"";"";"";"";"41";"SEM REAJUSTE";"";"";"";"27/12/2017 00:00:00";"27/12/2017 00:00:00";"";"";"";"";"DL";"6022201700034720";"S";"";"";"";"UBS SÃO CARLOS - LIGAÇÃO NOVA";"";"22";"Secretaria Municipal de Serviços e Obras";"10";"Gabinete do Secretário";"22821,80";"0";"30";"0";"0";"22821,80";"22821,80";"0";"22821,80";"0";"0";"0";"22821,80";"22821,80";"22821,80";"22821,80";"0";"22821,80";"0";"0";"0";"22821,80";"22821,80";"22821,80";"0";"0";"0";"0";"0";"0";"0";"0";"0";"0";"0";"0";"0";"0";"0";"0";"0";"0";"0";"84.10.10.302.3003.3.101.44905100.00.0";"89";"Obras em Andamento - Uso Comum do Povo";"01";"Hospitais e Similares";"51";"Obras e Instalações";"0"
"266281";"8245";"2017";"22";"SECRETARIA MUNICIPAL DE SERVIÇOS E OBRAS";"10";"Gabinete do Secretário";"5";"Nota de Empenho Fornecimento de Bens de Consumo e/ou Permanente";"39";"Não Aplicável";"8";"Não Aplicável";"08/06/2017 00:00:00";"08/06/2017 00:00:00";"08/06/2017 00:00:00";"0";"0";"0";"3580";"0";"3401";"0";"E";"1";"";"-1";"-1";"";"";"";"";"41";"SEM REAJUSTE";"";"";"26/04/2017 00:00:00";"10/05/2017 00:00:00";"12/05/2017 00:00:00";"61";"";"";"";"";"201700748285";"P";"";"";"";"Inscrição no Fórum Exame PPPs";"";"22";"SECRETARIA MUNICIPAL DE SERVIÇOS E OBRAS";"10";"Gabinete do Secretário";"3580";"0";"0";"0";"0";"3580";"3580";"0";"3401";"179";"0";"0";"3401";"3401";"179";"3580";"0";"3401";"179";"0";"0";"3401";"3401";"179";"0";"0";"0";"0";"0";"0";"0";"0";"0";"0";"0";"0";"0";"0";"0";"0";"0";"0";"0";"22.10.15.122.3024.2.100.33903900.00.0";"22";"Exposições, Congressos, Conferências e Outros Eventos";"07";"Exposições,Congressos,Conferências, e Outros Ev.,Convênios, Seminários";"39";"Outros Serviços de Terceiros - Pessoa Jurídica";"0"
"277164";"17775";"2017";"22";"Secretaria Municipal de Serviços e Obras";"10";"Gabinete do Secretário";"5";"Nota de Empenho Fornecimento de Bens de Consumo e/ou Permanente";"1";"Art. 22 - Inciso I Lei Federal  8.666/93";"4";"Concorrência";"10/04/2018 00:00:00";"08/07/2018 00:00:00";"08/07/2018 00:00:00";"0";"0";"90";"115951,17";"0";"115951,17";"0";"E";"9";"umental";"-1";"-1";"";"";"";"";"41";"SEM REAJUSTE";"";"";"";"23/08/2017 00:00:00";"24/08/2017 00:00:00";"66";"";"";"";"";"7910201700003417";"S";"";"";"";"Contratação dos serviços de remanejamento de redes de distribuição de energia elétrica - Concessionária AES Eletropaulo - Av. Dr. Lino de Moraes Leme entre Rua Vapabussu e Rua Ipiranga.";"";"22";"Secretaria Municipal de Serviços e Obras";"10";"Gabinete do Secretário";"115951,17";"0";"90";"0";"0";"115951,17";"115951,17";"0";"115951,17";"0";"0";"0";"115951,17";"115951,17";"115951,17";"115951,17";"0";"115951,17";"0";"0";"0";"115951,17";"115951,17";"115951,17";"0";"0";"0";"0";"0";"0";"0";"0";"0";"0";"0";"0";"0";"0";"0";"0";"0";"0";"0";"37.30.15.451.3009.5.100.44905100.08.0";"99";"Outras Obras e Instalações";"04";"Remanejamento de Interferências";"51";"Obras e Instalações";"0"
"280465";"20548";"2017";"86";"Fundo Municipal de Saneamento Ambiental e Infraestrutura";"22";"FMSAI - Secretaria Municipal de Serviços e Obras";"5";"Nota de Empenho Fornecimento de Bens de Consumo e/ou Permanente";"39";"Não Aplicável";"8";"Não Aplicável";"04/10/2017 00:00:00";"08/10/2017 00:00:00";"08/10/2017 00:00:00";"0";"0";"5";"174843,63";"0";"174843,63";"0";"A";"1";"";"-1";"-1";"";"";"";"";"41";"SEM REAJUSTE";"";"";"";"03/10/2017 00:00:00";"04/10/2017 00:00:00";"28";"";"";"";"";"201401442842";"P";"";"";"";"Desapropriação - Melhoramento Córrego Ponte Baixa";"";"86";"Fundo Municipal de Saneamento Ambiental e Infraestrutura";"22";"FMSAI - Secretaria Municipal de Serviços e Obras";"174843,63";"0";"5";"0";"0";"174843,63";"174843,63";"0";"174843,63";"0";"0";"0";"174843,63";"174843,63";"0";"174843,63";"0";"174843,63";"0";"0";"0";"174843,63";"174843,63";"0";"0";"0";"0";"0";"0";"0";"0";"0";"0";"0";"0";"0";"0";"0";"0";"0";"0";"0";"0";"86.22.17.451.3008.5.013.44906100.03.0";"99";"Outras Aquisições de Bens Imóveis";"01";"Desapropriações";"61";"Aquisição de Imóveis";"0"
"282626";"22309";"2017";"22";"SECRETARIA MUNICIPAL DE SERVIÇOS E OBRAS";"10";"Gabinete do Secretário";"5";"Nota de Empenho Fornecimento de Bens de Consumo e/ou Permanente";"39";"Não Aplicável";"8";"Não Aplicável";"30/10/2017 00:00:00";"08/11/2017 00:00:00";"08/11/2017 00:00:00";"0";"0";"10";"2184";"0";"2184";"0";"E";"9";"umental";"2017";"6";"15";"Secretaria Municipal  de Modernização, Gestão e Desburocratização";"";"";"41";"SEM REAJUSTE";"";"Andre Luiz da Silva Cavalcante";"25/08/2017 00:00:00";"25/10/2017 00:00:00";"26/10/2017 00:00:00";"60";"";"";"";"";"6022201700021962";"S";"";"";"";"aquisição de 8.400 (oito mil e quatrocentas) unidades de Capapara Processo";"";"22";"SECRETARIA MUNICIPAL DE SERVIÇOS E OBRAS";"10";"Gabinete do Secretário";"2184";"0";"10";"0";"0";"2184";"2184";"0";"2184";"0";"0";"0";"2184";"2184";"2184";"2184";"0";"2184";"0";"0";"0";"2184";"2184";"2184";"0";"0";"0";"0";"0";"0";"0";"0";"0";"0";"0";"0";"0";"0";"0";"0";"0";"0";"0";"22.10.15.122.3024.2.100.33903000.00.0";"16";"Material de Expediente";"99";"Diversos Materiais de Expediente";"30";"Material de Consumo";"0"
"283368";"22917";"2017";"22";"SECRETARIA MUNICIPAL DE SERVIÇOS E OBRAS";"10";"Gabinete do Secretário";"2";"Termo de Contrato - Serviços";"8";"Art. 24 Inciso II da lei Federal 8.666/93";"6";"Dispensa de Licitação";"14/08/2017 00:00:00";"09/02/2018 00:00:00";"09/02/2018 00:00:00";"0";"0";"180";"270580,94";"0";"270580,94";"0";"E";"9";"umental";"-1";"-1";"";"";"";"";"41";"SEM REAJUSTE";"";"";"";"01/01/2017 00:00:00";"07/11/2017 00:00:00";"18";"";"";"";"";"6022201700017574";"S";"";"";"";"Obra de Emergência - Formalização do Contrato - Recuperação de galeria de águas pluviais - Rua Senador Otávio Mangabeira, alt. N.º 459 - Morumbi";"";"22";"SECRETARIA MUNICIPAL DE SERVIÇOS E OBRAS";"10";"Gabinete do Secretário";"270580,94";"0";"180";"0";"0";"270580,94";"270580,94";"0";"270580,94";"0";"0";"0";"270580,94";"270580,94";"291705,52";"270580,94";"0";"270580,94";"0";"0";"0";"270580,94";"270580,94";"291705,52";"0";"0";"0";"0";"0";"0";"0";"0";"0";"0";"0";"0";"0";"0";"0";"0";"0";"0";"0";"22.10.15.451.3009.5.100.44905100.00.0";"89";"Obras em Andamento - Uso Comum do Povo";"19";"Sistemas Viários";"51";"Obras e Instalações";"0"
"273254";"14550";"2017";"22";"SECRETARIA MUNICIPAL DE SERVIÇOS E OBRAS";"10";"Gabinete do Secretário";"5";"Nota de Empenho Fornecimento de Bens de Consumo e/ou Permanente";"39";"Não Aplicável";"8";"Não Aplicável";"07/07/2017 00:00:00";"09/07/2017 00:00:00";"09/07/2017 00:00:00";"0";"0";"3";"13159,27";"0";"13159,27";"0";"A";"1";"";"-1";"-1";"";"";"";"";"41";"SEM REAJUSTE";"";"";"";"30/06/2017 00:00:00";"04/07/2017 00:00:00";"93";"";"";"";"";"201302274950";"P";"";"";"";"Desapropriação - Melhoramento - Av. Chucri Zaidan até Av. João Dias";"";"22";"SECRETARIA MUNICIPAL DE SERVIÇOS E OBRAS";"10";"Gabinete do Secretário";"13159,27";"0";"3";"0";"0";"13159,27";"13159,27";"0";"13159,27";"0";"0";"0";"13159,27";"13159,27";"0";"13159,27";"0";"13159,27";"0";"0";"0";"13159,27";"13159,27";"0";"0";"0";"0";"0";"0";"0";"0";"0";"0";"0";"0";"0";"0";"0";"0";"0";"0";"0";"0";"37.30.15.451.3009.5.100.44906100.08.0";"99";"Outras Aquisições de Bens Imóveis";"01";"Desapropriações";"61";"Aquisição de Imóveis";"0"
"273453";"14739";"2017";"22";"SECRETARIA MUNICIPAL DE SERVIÇOS E OBRAS";"10";"Gabinete do Secretário";"2";"Termo de Contrato - Serviços";"8";"Art. 24 Inciso II da lei Federal 8.666/93";"6";"Dispensa de Licitação";"10/07/2017 00:00:00";"09/07/2018 00:00:00";"09/07/2019 00:00:00";"0";"0";"364";"14020";"0";"4477";"0";"E";"9";"umental";"-1";"-1";"";"";"";"";"41";"SEM REAJUSTE";"";"";"29/05/2017 00:00:00";"04/07/2017 00:00:00";"05/07/2017 00:00:00";"57";"";"";"";"";"6022201700006629";"S";"";"";"";"Contratação de empresa especializada na prestação de serviços de confecção de chaves, troca ou abertura de fechaduras";"";"22";"SECRETARIA MUNICIPAL DE SERVIÇOS E OBRAS";"10";"Gabinete do Secretário";"7010";"0";"364";"7010";"0";"14020";"14020";"0";"4477";"11213,85";"-1670,85";"0";"4477";"4477";"8865,32";"14020";"0";"4477";"11213,85";"-1670,85";"0";"4477";"4477";"8865,32";"0";"0";"0";"0";"0";"0";"0";"0";"0";"0";"0";"0";"0";"0";"0";"0";"0";"365";"0";"22.10.15.122.3024.2.100.33903900.00.0";"79";"Serviço de Apoio Administrativo, Técnico e Operacional";"99";"Outros Serviços de Apoio Administrativo, Técnico e Operacional";"39";"Outros Serviços de Terceiros - Pessoa Jurídica";"-1670,85"
"281257";"21185";"2017";"22";"SECRETARIA MUNICIPAL DE SERVIÇOS E OBRAS";"10";"Gabinete do Secretário";"5";"Nota de Empenho Fornecimento de Bens de Consumo e/ou Permanente";"36";"Art. 25 - Inciso I Lei Federal  8.666/93";"7";"Inexigibilidade";"10/10/2017 00:00:00";"09/10/2018 00:00:00";"09/10/2018 00:00:00";"0";"0";"364";"9960";"0";"9960";"0";"E";"6";"";"-1";"-1";"";"";"";"";"41";"SEM REAJUSTE";"";"";"";"10/10/2017 00:00:00";"11/10/2017 00:00:00";"91";"";"";"";"";"6022201700021458";"S";"";"";"";"Renovação da Licença de Uso para Manutenção do Software Scriptcase pelo período de 12 (doze) meses";"";"22";"SECRETARIA MUNICIPAL DE SERVIÇOS E OBRAS";"10";"Gabinete do Secretário";"9960";"0";"364";"0";"0";"9960";"9960";"0";"9960";"0";"0";"0";"9960";"9960";"0";"9960";"0";"9960";"0";"0";"0";"9960";"9960";"0";"0";"0";"0";"0";"0";"0";"0";"0";"0";"0";"0";"0";"0";"0";"0";"0";"0";"0";"0";"22.10.15.122.3024.2.100.33903900.00.0";"08";"Manutenção de Software";"01";"Manutenção de Software";"39";"Outros Serviços de Terceiros - Pessoa Jurídica";"0"
"285586";"24759";"2017";"22";"SECRETARIA MUNICIPAL DE SERVIÇOS E OBRAS";"10";"Gabinete do Secretário";"5";"Nota de Empenho Fornecimento de Bens de Consumo e/ou Permanente";"39";"Não Aplicável";"8";"Não Aplicável";"05/12/2017 00:00:00";"09/12/2017 00:00:00";"09/12/2017 00:00:00";"0";"0";"5";"104309641";"0";"1043096,41";"0";"A";"1";"";"-1";"-1";"";"";"";"";"41";"SEM REAJUSTE";"";"";"";"01/12/2017 00:00:00";"05/12/2017 00:00:00";"127";"";"";"";"";"201300538208";"P";"";"";"";"Desap - Melhoramento da Av. Jornalista Roberto Marinho";"";"22";"SECRETARIA MUNICIPAL DE SERVIÇOS E OBRAS";"10";"Gabinete do Secretário";"104309641";"0";"5";"0";"0";"104309641";"104309641";"0";"1043096,41";"0";"103266544,59";"0";"1043096,41";"1043096,41";"0";"104309641";"0";"1043096,41";"0";"103266544,59";"0";"1043096,41";"1043096,41";"0";"0";"0";"0";"0";"0";"0";"0";"0";"0";"0";"0";"0";"0";"0";"0";"0";"0";"0";"0";"37.30.15.451.3009.5.100.44906100.08.0";"99";"Outras Aquisições de Bens Imóveis";"01";"Desapropriações";"61";"Aquisição de Imóveis";"103266544,59"
"286359";"25351";"2017";"22";"SECRETARIA MUNICIPAL DE SERVIÇOS E OBRAS";"10";"Gabinete do Secretário";"2";"Termo de Contrato - Serviços";"8";"Art. 24 Inciso II da lei Federal 8.666/93";"6";"Dispensa de Licitação";"10/10/2017 00:00:00";"08/12/2017 00:00:00";"09/12/2017 00:00:00";"0";"0";"60";"58084,71";"0";"58084,71";"0";"E";"9";"umental";"-1";"-1";"";"";"";"";"41";"SEM REAJUSTE";"";"";"";"08/12/2017 00:00:00";"08/12/2017 00:00:00";"";"";"";"";"";"6022201700025070";"S";"";"";"";"Execução de obras em caráter emergencial para a recuperação degaleria de águas pluviais e serviços complementares na esquina daRua General Jardim com a Rua Dr. Cesário Mota - Santa Cecília - S.P.- PR/SÉ.";"";"22";"SECRETARIA MUNICIPAL DE SERVIÇOS E OBRAS";"10";"Gabinete do Secretário";"58367,99";"0";"60";"0";"0";"58367,99";"58367,99";"0";"58084,71";"283,28";"0";"0";"58084,71";"58084,71";"283,28";"58367,99";"0";"58084,71";"283,28";"0";"0";"58084,71";"58084,71";"283,28";"0";"0";"0";"0";"0";"0";"0";"0";"0";"0";"0";"0";"0";"0";"0";"0";"0";"0";"0";"22.10.17.451.3008.5.013.44905100.00.0";"89";"Obras em Andamento - Uso Comum do Povo";"22";"Canalização de Córregos";"51";"Obras e Instalações";"0"
"285588";"24760";"2017";"22";"Secretaria Municipal de Infraestrutura Urbana e Obras";"10";"Gabinete do Secretário";"5";"Nota de Empenho Fornecimento de Bens de Consumo e/ou Permanente";"39";"Não Aplicável";"8";"Não Aplicável";"05/12/2018 00:00:00";"09/12/2018 00:00:00";"09/12/2018 00:00:00";"0";"0";"5";"203208,48";"0";"203208,48";"0";"A";"1";"";"-1";"-1";"";"";"";"";"41";"SEM REAJUSTE";"";"";"";"01/12/2017 00:00:00";"05/12/2017 00:00:00";"127";"";"";"";"";"201300260188";"P";"";"";"";"Desap - Melhoramento da Av. Jornalista Roberto Marinho";"";"22";"Secretaria Municipal de Infraestrutura Urbana e Obras";"10";"Gabinete do Secretário";"203208,48";"0";"5";"0";"0";"203208,48";"203208,48";"0";"203208,48";"0";"0";"0";"203208,48";"203208,48";"0";"203208,48";"0";"203208,48";"0";"0";"0";"203208,48";"203208,48";"0";"0";"0";"0";"0";"0";"0";"0";"0";"0";"0";"0";"0";"0";"0";"0";"0";"0";"0";"0";"37.30.15.451.3009.5.100.44906100.08.0";"99";"Outras Aquisições de Bens Imóveis";"01";"Desapropriações";"61";"Aquisição de Imóveis";"0"
"275939";"16826";"2017";"22";"SECRETARIA MUNICIPAL DE SERVIÇOS E OBRAS";"10";"Gabinete do Secretário";"5";"Nota de Empenho Fornecimento de Bens de Consumo e/ou Permanente";"39";"Não Aplicável";"8";"Não Aplicável";"08/08/2017 00:00:00";"10/08/2017 00:00:00";"10/08/2017 00:00:00";"0";"0";"3";"494131,69";"0";"494131,69";"0";"A";"1";"";"-1";"-1";"";"";"";"";"41";"SEM REAJUSTE";"";"";"";"03/08/2017 00:00:00";"05/08/2017 00:00:00";"57";"";"";"";"";"201601224695";"P";"";"";"";"Desap - Melhoramento do viário de acesso ao Hospital Brasilândia";"";"22";"SECRETARIA MUNICIPAL DE SERVIÇOS E OBRAS";"10";"Gabinete do Secretário";"465000";"0";"3";"29131,69";"0";"494131,69";"494131,69";"0";"494131,69";"0";"0";"0";"494131,69";"494131,69";"0";"494131,69";"0";"494131,69";"0";"0";"0";"494131,69";"494131,69";"0";"0";"0";"0";"0";"0";"0";"0";"0";"0";"0";"0";"6,26";"0";"0";"0";"0";"0";"0";"0";"84.10.10.302.3003.3.366.44906100.03.0";"99";"Outras Aquisições de Bens Imóveis";"01";"Desapropriações";"61";"Aquisição de Imóveis";"0"
"275974";"16852";"2017";"22";"SECRETARIA MUNICIPAL DE SERVIÇOS E OBRAS";"10";"Gabinete do Secretário";"5";"Nota de Empenho Fornecimento de Bens de Consumo e/ou Permanente";"39";"Não Aplicável";"8";"Não Aplicável";"08/08/2017 00:00:00";"10/08/2017 00:00:00";"10/08/2017 00:00:00";"0";"0";"3";"667571,19";"0";"667571,19";"0";"A";"1";"";"-1";"-1";"";"";"";"";"41";"SEM REAJUSTE";"";"";"";"03/08/2017 00:00:00";"08/08/2017 00:00:00";"76";"";"";"";"";"201601225209";"P";"";"";"";"Desap - Melhoramento do viário de acesso ao Hospital Brasilândia";"";"22";"SECRETARIA MUNICIPAL DE SERVIÇOS E OBRAS";"10";"Gabinete do Secretário";"643000";"0";"3";"24571,19";"0";"667571,19";"667571,19";"0";"667571,19";"0";"0";"0";"667571,19";"667571,19";"0";"667571,19";"0";"667571,19";"0";"0";"0";"667571,19";"667571,19";"0";"0";"0";"0";"0";"0";"0";"0";"0";"0";"0";"0";"3,82";"0";"0";"0";"0";"0";"0";"0";"84.10.10.302.3003.3.366.44906100.03.0";"99";"Outras Aquisições de Bens Imóveis";"01";"Desapropriações";"61";"Aquisição de Imóveis";"0"
"275933";"16821";"2017";"22";"SECRETARIA MUNICIPAL DE SERVIÇOS E OBRAS";"10";"Gabinete do Secretário";"5";"Nota de Empenho Fornecimento de Bens de Consumo e/ou Permanente";"39";"Não Aplicável";"8";"Não Aplicável";"08/08/2017 00:00:00";"10/08/2017 00:00:00";"10/08/2017 00:00:00";"0";"0";"3";"496000";"0";"496000";"0";"A";"1";"";"-1";"-1";"";"";"";"";"41";"SEM REAJUSTE";"";"";"";"03/08/2017 00:00:00";"05/08/2017 00:00:00";"57";"";"";"";"";"201601225160";"P";"";"";"";"Desap - Melhoramento do viário de acesso ao Hospital Brasilândia";"";"22";"SECRETARIA MUNICIPAL DE SERVIÇOS E OBRAS";"10";"Gabinete do Secretário";"496000";"0";"3";"0";"0";"496000";"496000";"0";"496000";"0";"0";"0";"496000";"496000";"0";"496000";"0";"496000";"0";"0";"0";"496000";"496000";"0";"0";"0";"0";"0";"0";"0";"0";"0";"0";"0";"0";"0";"0";"0";"0";"0";"0";"0";"0";"84.10.10.302.3003.3.366.44906100.03.0";"99";"Outras Aquisições de Bens Imóveis";"01";"Desapropriações";"61";"Aquisição de Imóveis";"0"
"275973";"16851";"2017";"22";"SECRETARIA MUNICIPAL DE SERVIÇOS E OBRAS";"10";"Gabinete do Secretário";"5";"Nota de Empenho Fornecimento de Bens de Consumo e/ou Permanente";"39";"Não Aplicável";"8";"Não Aplicável";"08/08/2017 00:00:00";"10/08/2017 00:00:00";"10/08/2017 00:00:00";"0";"0";"3";"469562,81";"0";"469562,81";"0";"A";"1";"";"-1";"-1";"";"";"";"";"41";"SEM REAJUSTE";"";"";"";"03/08/2017 00:00:00";"08/08/2017 00:00:00";"76";"";"";"";"";"201601224865";"P";"";"";"";"Desap - Melhoramento do viário de acesso ao Hospital Brasilândia";"";"22";"SECRETARIA MUNICIPAL DE SERVIÇOS E OBRAS";"10";"Gabinete do Secretário";"464000";"0";"3";"5562,81";"0";"469562,81";"469562,81";"0";"469562,81";"0";"0";"0";"469562,81";"469562,81";"0";"469562,81";"0";"469562,81";"0";"0";"0";"469562,81";"469562,81";"0";"0";"0";"0";"0";"0";"0";"0";"0";"0";"0";"0";"1,20";"0";"0";"0";"0";"0";"0";"0";"84.10.10.302.3003.3.366.44906100.03.0";"99";"Outras Aquisições de Bens Imóveis";"01";"Desapropriações";"61";"Aquisição de Imóveis";"0"
"275938";"16825";"2017";"22";"SECRETARIA MUNICIPAL DE SERVIÇOS E OBRAS";"10";"Gabinete do Secretário";"5";"Nota de Empenho Fornecimento de Bens de Consumo e/ou Permanente";"39";"Não Aplicável";"8";"Não Aplicável";"08/08/2017 00:00:00";"10/08/2017 00:00:00";"10/08/2017 00:00:00";"0";"0";"3";"501282,41";"0";"501282,41";"0";"A";"1";"";"-1";"-1";"";"";"";"";"41";"SEM REAJUSTE";"";"";"";"03/08/2017 00:00:00";"05/08/2017 00:00:00";"57";"";"";"";"";"201601229654";"P";"";"";"";"Desap - Melhoramento do viário de acesso ao Hospital Brasilândia";"";"22";"SECRETARIA MUNICIPAL DE SERVIÇOS E OBRAS";"10";"Gabinete do Secretário";"481000";"0";"3";"20282,41";"0";"501282,41";"501282,41";"0";"501282,41";"0";"0";"0";"501282,41";"501282,41";"0";"501282,41";"0";"501282,41";"0";"0";"0";"501282,41";"501282,41";"0";"0";"0";"0";"0";"0";"0";"0";"0";"0";"0";"0";"4,22";"0";"0";"0";"0";"0";"0";"0";"84.10.10.302.3003.3.366.44906100.03.0";"99";"Outras Aquisições de Bens Imóveis";"01";"Desapropriações";"61";"Aquisição de Imóveis";"0"
"275943";"16830";"2017";"22";"SECRETARIA MUNICIPAL DE SERVIÇOS E OBRAS";"10";"Gabinete do Secretário";"5";"Nota de Empenho Fornecimento de Bens de Consumo e/ou Permanente";"39";"Não Aplicável";"8";"Não Aplicável";"08/08/2017 00:00:00";"10/08/2017 00:00:00";"10/08/2017 00:00:00";"0";"0";"3";"470000";"0";"470000";"0";"A";"1";"";"-1";"-1";"";"";"";"";"41";"SEM REAJUSTE";"";"";"";"03/08/2017 00:00:00";"05/08/2017 00:00:00";"57";"";"";"";"";"201601224717";"P";"";"";"";"Desap - Melhoramento do Viário de acesso ao Hospital Brasilândia";"";"22";"SECRETARIA MUNICIPAL DE SERVIÇOS E OBRAS";"10";"Gabinete do Secretário";"470000";"0";"3";"0";"0";"470000";"470000";"0";"470000";"0";"0";"0";"470000";"470000";"0";"470000";"0";"470000";"0";"0";"0";"470000";"470000";"0";"0";"0";"0";"0";"0";"0";"0";"0";"0";"0";"0";"0";"0";"0";"0";"0";"0";"0";"0";"84.10.10.302.3003.3.366.44906100.03.0";"99";"Outras Aquisições de Bens Imóveis";"01";"Desapropriações";"61";"Aquisição de Imóveis";"0"
"275929";"16817";"2017";"22";"SECRETARIA MUNICIPAL DE SERVIÇOS E OBRAS";"10";"Gabinete do Secretário";"5";"Nota de Empenho Fornecimento de Bens de Consumo e/ou Permanente";"39";"Não Aplicável";"8";"Não Aplicável";"08/08/2017 00:00:00";"10/08/2017 00:00:00";"10/08/2017 00:00:00";"0";"0";"3";"534553,21";"0";"534553,21";"0";"A";"1";"";"-1";"-1";"";"";"";"";"41";"SEM REAJUSTE";"";"";"";"03/08/2017 00:00:00";"05/08/2017 00:00:00";"57";"";"";"";"";"201601224962";"P";"";"";"";"Desap - Melhoramento do viário de acesso ao Hospital Brasilândia";"";"22";"SECRETARIA MUNICIPAL DE SERVIÇOS E OBRAS";"10";"Gabinete do Secretário";"512000";"0";"3";"22553,21";"0";"534553,21";"534553,21";"0";"534553,21";"0";"0";"0";"534553,21";"534553,21";"0";"534553,21";"0";"534553,21";"0";"0";"0";"534553,21";"534553,21";"0";"0";"0";"0";"0";"0";"0";"0";"0";"0";"0";"0";"4,40";"0";"0";"0";"0";"0";"0";"0";"84.10.10.302.3003.3.366.44906100.03.0";"99";"Outras Aquisições de Bens Imóveis";"01";"Desapropriações";"61";"Aquisição de Imóveis";"0"
"277788";"18262";"2017";"22";"SECRETARIA MUNICIPAL DE SERVIÇOS E OBRAS";"10";"Gabinete do Secretário";"5";"Nota de Empenho Fornecimento de Bens de Consumo e/ou Permanente";"7";"Art. 24 - Inciso I Lei Federal  8.666/93";"6";"Dispensa de Licitação";"11/09/2017 00:00:00";"10/10/2017 00:00:00";"10/10/2017 00:00:00";"0";"0";"30";"3235,29";"0";"3235,29";"0";"E";"9";"umental";"-1";"-1";"";"";"";"";"41";"SEM REAJUSTE";"";"Bruno Roberto Braga";"31/07/2017 00:00:00";"28/08/2017 00:00:00";"30/08/2017 00:00:00";"62";"";"";"";"";"6022201700011355";"S";"";"";"";"Reforma/acessibilidade do Sanitário do 22º andar";"";"22";"SECRETARIA MUNICIPAL DE SERVIÇOS E OBRAS";"10";"Gabinete do Secretário";"3235,29";"0";"30";"0";"0";"3235,29";"3235,29";"0";"3235,29";"0";"0";"0";"3235,29";"3235,29";"0";"3235,29";"0";"3235,29";"0";"0";"0";"3235,29";"3235,29";"0";"0";"0";"0";"0";"0";"0";"0";"0";"0";"0";"0";"0";"0";"0";"0";"0";"0";"0";"0";"22.10.15.122.3024.2.100.33903900.00.0";"16";"Manutenção e Conservação de Bens Imóveis";"07";"Pequenas Reformas - Imóveis Administrativos";"39";"Outros Serviços de Terceiros - Pessoa Jurídica";"0"
"285790";"24934";"2017";"86";"Fundo Municipal de Saneamento Ambiental e Infraestrutura";"22";"FMSAI - Secretaria Municipal de Serviços e Obras";"5";"Nota de Empenho Fornecimento de Bens de Consumo e/ou Permanente";"39";"Não Aplicável";"8";"Não Aplicável";"06/12/2017 00:00:00";"10/12/2017 00:00:00";"10/12/2017 00:00:00";"0";"0";"5";"237468,76";"0";"237468,76";"0";"A";"1";"";"-1";"-1";"";"";"";"";"41";"SEM REAJUSTE";"";"";"";"05/12/2017 00:00:00";"06/12/2017 00:00:00";"75";"";"";"";"";"201403586256";"P";"";"";"";"Desap - Melhoramento do Córrego Zavuvus";"";"86";"Fundo Municipal de Saneamento Ambiental e Infraestrutura";"22";"FMSAI - Secretaria Municipal de Serviços e Obras";"237468,76";"0";"5";"0";"0";"237468,76";"237468,76";"0";"237468,76";"0";"0";"0";"237468,76";"237468,76";"0";"237468,76";"0";"237468,76";"0";"0";"0";"237468,76";"237468,76";"0";"0";"0";"0";"0";"0";"0";"0";"0";"0";"0";"0";"0";"0";"0";"0";"0";"0";"0";"0";"86.22.17.451.3008.5.013.44906100.03.0";"99";"Outras Aquisições de Bens Imóveis";"01";"Desapropriações";"61";"Aquisição de Imóveis";"0"
"285793";"24936";"2017";"86";"Fundo Municipal de Saneamento Ambiental e Infraestrutura";"22";"FMSAI - Secretaria Municipal de Serviços e Obras";"5";"Nota de Empenho Fornecimento de Bens de Consumo e/ou Permanente";"39";"Não Aplicável";"8";"Não Aplicável";"06/12/2017 00:00:00";"10/12/2017 00:00:00";"10/12/2017 00:00:00";"0";"0";"5";"395307,08";"0";"395307,08";"0";"A";"1";"";"-1";"-1";"";"";"";"";"41";"SEM REAJUSTE";"";"";"";"05/12/2017 00:00:00";"06/12/2017 00:00:00";"31";"";"";"";"";"201403586280";"P";"";"";"";"Desap - Melhoramento do Córrego Zavuvus";"";"86";"Fundo Municipal de Saneamento Ambiental e Infraestrutura";"22";"FMSAI - Secretaria Municipal de Serviços e Obras";"395307,08";"0";"5";"0";"0";"395307,08";"395307,08";"0";"395307,08";"0";"0";"0";"395307,08";"395307,08";"0";"395307,08";"0";"395307,08";"0";"0";"0";"395307,08";"395307,08";"0";"0";"0";"0";"0";"0";"0";"0";"0";"0";"0";"0";"0";"0";"0";"0";"0";"0";"0";"0";"86.22.17.451.3008.5.013.44906100.03.0";"99";"Outras Aquisições de Bens Imóveis";"01";"Desapropriações";"61";"Aquisição de Imóveis";"0"
"285785";"24930";"2017";"86";"Fundo Municipal de Saneamento Ambiental e Infraestrutura";"22";"FMSAI - Secretaria Municipal de Serviços e Obras";"5";"Nota de Empenho Fornecimento de Bens de Consumo e/ou Permanente";"39";"Não Aplicável";"8";"Não Aplicável";"06/12/2017 00:00:00";"10/12/2017 00:00:00";"10/12/2017 00:00:00";"0";"0";"5";"231618,35";"0";"231618,35";"0";"A";"1";"";"-1";"-1";"";"";"";"";"41";"SEM REAJUSTE";"";"";"";"05/12/2017 00:00:00";"06/12/2017 00:00:00";"75";"";"";"";"";"201403586353";"P";"";"";"";"Desap - Melhoramento do Córrego Zavuvus";"";"86";"Fundo Municipal de Saneamento Ambiental e Infraestrutura";"22";"FMSAI - Secretaria Municipal de Serviços e Obras";"231618,35";"0";"5";"0";"0";"231618,35";"231618,35";"0";"231618,35";"0";"0";"0";"231618,35";"231618,35";"0";"231618,35";"0";"231618,35";"0";"0";"0";"231618,35";"231618,35";"0";"0";"0";"0";"0";"0";"0";"0";"0";"0";"0";"0";"0";"0";"0";"0";"0";"0";"0";"0";"86.22.17.451.3008.5.013.44906100.03.0";"99";"Outras Aquisições de Bens Imóveis";"01";"Desapropriações";"61";"Aquisição de Imóveis";"0"
"285795";"24938";"2017";"86";"Fundo Municipal de Saneamento Ambiental e Infraestrutura";"22";"FMSAI - Secretaria Municipal de Serviços e Obras";"5";"Nota de Empenho Fornecimento de Bens de Consumo e/ou Permanente";"39";"Não Aplicável";"8";"Não Aplicável";"06/12/2017 00:00:00";"10/12/2017 00:00:00";"10/12/2017 00:00:00";"0";"0";"5";"397867,68";"0";"397867,68";"0";"A";"1";"";"-1";"-1";"";"";"";"";"41";"SEM REAJUSTE";"";"";"";"05/12/2017 00:00:00";"06/12/2017 00:00:00";"31";"";"";"";"";"201403586396";"P";"";"";"";"Desap - Melhoramento do Córrego Zavuvus";"";"86";"Fundo Municipal de Saneamento Ambiental e Infraestrutura";"22";"FMSAI - Secretaria Municipal de Serviços e Obras";"397867,68";"0";"5";"0";"0";"397867,68";"397867,68";"0";"397867,68";"0";"0";"0";"397867,68";"397867,68";"0";"397867,68";"0";"397867,68";"0";"0";"0";"397867,68";"397867,68";"0";"0";"0";"0";"0";"0";"0";"0";"0";"0";"0";"0";"0";"0";"0";"0";"0";"0";"0";"0";"86.22.17.451.3008.5.013.44906100.03.0";"99";"Outras Aquisições de Bens Imóveis";"01";"Desapropriações";"61";"Aquisição de Imóveis";"0"
"285781";"24926";"2017";"86";"Fundo Municipal de Saneamento Ambiental e Infraestrutura";"22";"FMSAI - Secretaria Municipal de Serviços e Obras";"5";"Nota de Empenho Fornecimento de Bens de Consumo e/ou Permanente";"39";"Não Aplicável";"8";"Não Aplicável";"06/12/2017 00:00:00";"10/12/2017 00:00:00";"10/12/2017 00:00:00";"0";"0";"5";"260388,70";"0";"260388,70";"0";"A";"1";"";"-1";"-1";"";"";"";"";"41";"SEM REAJUSTE";"";"";"";"05/12/2017 00:00:00";"06/12/2017 00:00:00";"75";"";"";"";"";"201403586370";"P";"";"";"";"Desap - Melhoramento do Córrego Zavuvus";"";"86";"Fundo Municipal de Saneamento Ambiental e Infraestrutura";"22";"FMSAI - Secretaria Municipal de Serviços e Obras";"260388,70";"0";"5";"0";"0";"260388,70";"260388,70";"0";"260388,70";"0";"0";"0";"260388,70";"260388,70";"0";"260388,70";"0";"260388,70";"0";"0";"0";"260388,70";"260388,70";"0";"0";"0";"0";"0";"0";"0";"0";"0";"0";"0";"0";"0";"0";"0";"0";"0";"0";"0";"0";"86.22.17.451.3008.5.013.44906100.03.0";"99";"Outras Aquisições de Bens Imóveis";"01";"Desapropriações";"61";"Aquisição de Imóveis";"0"
"285783";"24928";"2017";"86";"Fundo Municipal de Saneamento Ambiental e Infraestrutura";"22";"FMSAI - Secretaria Municipal de Serviços e Obras";"5";"Nota de Empenho Fornecimento de Bens de Consumo e/ou Permanente";"39";"Não Aplicável";"8";"Não Aplicável";"06/12/2017 00:00:00";"10/12/2017 00:00:00";"10/12/2017 00:00:00";"0";"0";"5";"64145,32";"0";"64145,32";"0";"A";"1";"";"-1";"-1";"";"";"";"";"41";"SEM REAJUSTE";"";"";"";"05/12/2017 00:00:00";"06/12/2017 00:00:00";"75";"";"";"";"";"201403586450";"P";"";"";"";"Desap - Melhoramento do Córrego Zavuvus";"";"86";"Fundo Municipal de Saneamento Ambiental e Infraestrutura";"22";"FMSAI - Secretaria Municipal de Serviços e Obras";"64145,32";"0";"5";"0";"0";"64145,32";"64145,32";"0";"64145,32";"0";"0";"0";"64145,32";"64145,32";"0";"64145,32";"0";"64145,32";"0";"0";"0";"64145,32";"64145,32";"0";"0";"0";"0";"0";"0";"0";"0";"0";"0";"0";"0";"0";"0";"0";"0";"0";"0";"0";"0";"86.22.17.451.3008.5.013.44906100.03.0";"99";"Outras Aquisições de Bens Imóveis";"01";"Desapropriações";"61";"Aquisição de Imóveis";"0"
"285796";"24939";"2017";"86";"Fundo Municipal de Saneamento Ambiental e Infraestrutura";"22";"FMSAI - Secretaria Municipal de Serviços e Obras";"5";"Nota de Empenho Fornecimento de Bens de Consumo e/ou Permanente";"39";"Não Aplicável";"8";"Não Aplicável";"06/12/2017 00:00:00";"10/12/2017 00:00:00";"10/12/2017 00:00:00";"0";"0";"5";"174857,62";"0";"174857,62";"0";"A";"1";"";"-1";"-1";"";"";"";"";"41";"SEM REAJUSTE";"";"";"";"05/12/2017 00:00:00";"06/12/2017 00:00:00";"31";"";"";"";"";"201403586230";"P";"";"";"";"Desap - Melhoramento do Córrego Zavuvus";"";"86";"Fundo Municipal de Saneamento Ambiental e Infraestrutura";"22";"FMSAI - Secretaria Municipal de Serviços e Obras";"174857,62";"0";"5";"0";"0";"174857,62";"174857,62";"0";"174857,62";"0";"0";"0";"174857,62";"174857,62";"0";"174857,62";"0";"174857,62";"0";"0";"0";"174857,62";"174857,62";"0";"0";"0";"0";"0";"0";"0";"0";"0";"0";"0";"0";"0";"0";"0";"0";"0";"0";"0";"0";"86.22.17.451.3008.5.013.44906100.03.0";"99";"Outras Aquisições de Bens Imóveis";"01";"Desapropriações";"61";"Aquisição de Imóveis";"0"
"285801";"24943";"2017";"86";"Fundo Municipal de Saneamento Ambiental e Infraestrutura";"22";"FMSAI - Secretaria Municipal de Serviços e Obras";"5";"Nota de Empenho Fornecimento de Bens de Consumo e/ou Permanente";"39";"Não Aplicável";"8";"Não Aplicável";"06/12/2017 00:00:00";"10/12/2017 00:00:00";"10/12/2017 00:00:00";"0";"0";"5";"76454,07";"0";"76454,07";"0";"A";"1";"";"-1";"-1";"";"";"";"";"41";"SEM REAJUSTE";"";"";"";"05/12/2017 00:00:00";"06/12/2017 00:00:00";"31";"";"";"";"";"201401213134";"P";"";"";"";"Desap - Melhoramento do Córrego Ponte Baixa";"";"86";"Fundo Municipal de Saneamento Ambiental e Infraestrutura";"22";"FMSAI - Secretaria Municipal de Serviços e Obras";"76454,07";"0";"5";"0";"0";"76454,07";"76454,07";"0";"76454,07";"0";"0";"0";"76454,07";"76454,07";"0";"76454,07";"0";"76454,07";"0";"0";"0";"76454,07";"76454,07";"0";"0";"0";"0";"0";"0";"0";"0";"0";"0";"0";"0";"0";"0";"0";"0";"0";"0";"0";"0";"86.22.17.451.3008.5.013.44906100.03.0";"99";"Outras Aquisições de Bens Imóveis";"01";"Desapropriações";"61";"Aquisição de Imóveis";"0"
"285779";"24924";"2017";"86";"Fundo Municipal de Saneamento Ambiental e Infraestrutura";"22";"FMSAI - Secretaria Municipal de Serviços e Obras";"5";"Nota de Empenho Fornecimento de Bens de Consumo e/ou Permanente";"39";"Não Aplicável";"8";"Não Aplicável";"06/12/2017 00:00:00";"10/12/2017 00:00:00";"10/12/2017 00:00:00";"0";"0";"5";"195609,17";"0";"195609,17";"0";"A";"1";"";"-1";"-1";"";"";"";"";"41";"SEM REAJUSTE";"";"";"";"05/12/2017 00:00:00";"06/12/2017 00:00:00";"31";"";"";"";"";"201403586477";"P";"";"";"";"Desap - Melhoramento do Córrego Zavuvus";"";"86";"Fundo Municipal de Saneamento Ambiental e Infraestrutura";"22";"FMSAI - Secretaria Municipal de Serviços e Obras";"195609,17";"0";"5";"0";"0";"195609,17";"195609,17";"0";"195609,17";"0";"0";"0";"195609,17";"195609,17";"0";"195609,17";"0";"195609,17";"0";"0";"0";"195609,17";"195609,17";"0";"0";"0";"0";"0";"0";"0";"0";"0";"0";"0";"0";"0";"0";"0";"0";"0";"0";"0";"0";"86.22.17.451.3008.5.013.44906100.03.0";"99";"Outras Aquisições de Bens Imóveis";"01";"Desapropriações";"61";"Aquisição de Imóveis";"0"
"285780";"24925";"2017";"86";"Fundo Municipal de Saneamento Ambiental e Infraestrutura";"22";"FMSAI - Secretaria Municipal de Serviços e Obras";"5";"Nota de Empenho Fornecimento de Bens de Consumo e/ou Permanente";"39";"Não Aplicável";"8";"Não Aplicável";"06/12/2017 00:00:00";"10/12/2017 00:00:00";"10/12/2017 00:00:00";"0";"0";"5";"143990,08";"0";"143990,08";"0";"A";"1";"";"-1";"-1";"";"";"";"";"41";"SEM REAJUSTE";"";"";"";"05/12/2017 00:00:00";"06/12/2017 00:00:00";"75";"";"";"";"";"201403586329";"P";"";"";"";"Desap - Melhoramento do Córrego Zavuvus";"";"86";"Fundo Municipal de Saneamento Ambiental e Infraestrutura";"22";"FMSAI - Secretaria Municipal de Serviços e Obras";"143990,08";"0";"5";"0";"0";"143990,08";"143990,08";"0";"143990,08";"0";"0";"0";"143990,08";"143990,08";"0";"143990,08";"0";"143990,08";"0";"0";"0";"143990,08";"143990,08";"0";"0";"0";"0";"0";"0";"0";"0";"0";"0";"0";"0";"0";"0";"0";"0";"0";"0";"0";"0";"86.22.17.451.3008.5.013.44906100.03.0";"99";"Outras Aquisições de Bens Imóveis";"01";"Desapropriações";"61";"Aquisição de Imóveis";"0"
"285786";"24931";"2017";"86";"Fundo Municipal de Saneamento Ambiental e Infraestrutura";"22";"FMSAI - Secretaria Municipal de Serviços e Obras";"5";"Nota de Empenho Fornecimento de Bens de Consumo e/ou Permanente";"39";"Não Aplicável";"8";"Não Aplicável";"06/12/2017 00:00:00";"10/12/2017 00:00:00";"10/12/2017 00:00:00";"0";"0";"5";"280108,75";"0";"280108,75";"0";"A";"1";"";"-1";"-1";"";"";"";"";"41";"SEM REAJUSTE";"";"";"";"05/12/2017 00:00:00";"06/12/2017 00:00:00";"75";"";"";"";"";"201403586299";"P";"";"";"";"Desap - Melhoramento do Córrego Zavuvus";"";"86";"Fundo Municipal de Saneamento Ambiental e Infraestrutura";"22";"FMSAI - Secretaria Municipal de Serviços e Obras";"280108,75";"0";"5";"0";"0";"280108,75";"280108,75";"0";"280108,75";"0";"0";"0";"280108,75";"280108,75";"0";"280108,75";"0";"280108,75";"0";"0";"0";"280108,75";"280108,75";"0";"0";"0";"0";"0";"0";"0";"0";"0";"0";"0";"0";"0";"0";"0";"0";"0";"0";"0";"0";"86.22.17.451.3008.5.013.44906100.03.0";"99";"Outras Aquisições de Bens Imóveis";"01";"Desapropriações";"61";"Aquisição de Imóveis";"0"
"285778";"24923";"2017";"86";"Fundo Municipal de Saneamento Ambiental e Infraestrutura";"22";"FMSAI - Secretaria Municipal de Serviços e Obras";"5";"Nota de Empenho Fornecimento de Bens de Consumo e/ou Permanente";"39";"Não Aplicável";"8";"Não Aplicável";"06/12/2017 00:00:00";"10/12/2017 00:00:00";"10/12/2017 00:00:00";"0";"0";"5";"10928793,57";"0";"10928793,57";"0";"A";"1";"";"-1";"-1";"";"";"";"";"41";"SEM REAJUSTE";"";"";"";"05/12/2017 00:00:00";"06/12/2017 00:00:00";"31";"";"";"";"";"201501342246";"P";"";"";"";"Desap - Melhoramento do Córrego Aricanduva";"";"86";"Fundo Municipal de Saneamento Ambiental e Infraestrutura";"22";"FMSAI - Secretaria Municipal de Serviços e Obras";"10928793,57";"0";"5";"0";"0";"10928793,57";"10928793,57";"0";"10928793,57";"0";"0";"0";"10928793,57";"10928793,57";"0";"10928793,57";"0";"10928793,57";"0";"0";"0";"10928793,57";"10928793,57";"0";"0";"0";"0";"0";"0";"0";"0";"0";"0";"0";"0";"0";"0";"0";"0";"0";"0";"0";"0";"86.22.17.451.3008.5.013.44906100.03.0";"99";"Outras Aquisições de Bens Imóveis";"01";"Desapropriações";"61";"Aquisição de Imóveis";"0"
"286466";"25437";"2017";"22";"SECRETARIA MUNICIPAL DE SERVIÇOS E OBRAS";"10";"Gabinete do Secretário";"5";"Nota de Empenho Fornecimento de Bens de Consumo e/ou Permanente";"8";"Art. 24 Inciso II da lei Federal 8.666/93";"6";"Dispensa de Licitação";"11/12/2017 00:00:00";"10/12/2018 00:00:00";"10/12/2018 00:00:00";"0";"0";"364";"144214,49";"0";"144214,49";"0";"E";"6";"";"-1";"-1";"";"";"";"";"41";"SEM REAJUSTE";"";"";"";"08/12/2017 00:00:00";"";"";"";"";"";"";"6022201700016616";"S";"";"";"";"RENOVAÇÃO DA LICENÇA DO GEO CONVIAS SISTEMA DE GEORREFERENCIADO";"";"22";"SECRETARIA MUNICIPAL DE SERVIÇOS E OBRAS";"10";"Gabinete do Secretário";"144214,49";"0";"364";"0";"0";"144214,49";"144214,49";"0";"144214,49";"0";"0";"0";"144214,49";"144214,49";"0";"144214,49";"0";"144214,49";"0";"0";"0";"144214,49";"144214,49";"0";"0";"0";"0";"0";"0";"0";"0";"0";"0";"0";"0";"0";"0";"0";"0";"0";"0";"0";"0";"22.10.15.122.3024.2.100.33903900.00.0";"08";"Manutenção de Software";"01";"Manutenção de Software";"39";"Outros Serviços de Terceiros - Pessoa Jurídica";"0"
"262175";"4694";"2017";"22";"SECRETARIA MUNICIPAL DE SERVIÇOS E OBRAS";"10";"SECRETARIA MUNICIPAL DE SERVIÇOS E OBRAS";"2";"Termo de Contrato - Serviços";"1";"Art. 22 - Inciso I Lei Federal  8.666/93";"4";"Concorrência";"11/04/2017 00:00:00";"10/05/2017 00:00:00";"11/05/2017 00:00:00";"0";"0";"30";"261793,88";"0";"261793,88";"0";"E";"9";"umental";"2015";"1";"22";"SECRETARIA MUNICIPAL DE SERVIÇOS E OBRAS";"";"";"41";"SEM REAJUSTE";"";"";"";"28/03/2017 00:00:00";"30/03/2017 00:00:00";"67";"";"";"";"001/2014 -COHAB";"6018201600080051";"S";"";"";"";"PRESTAÇÃO DE SERVIÇOS GERAIS DE MANUTENÇÃO DO CENTRO DE ARMAZEMAMENTO E DISTRIBUIÇÃO DE IMUNOBIOLÓGICOS, localizado na Rua Avenida Otaviano Alves de Lima, nº 4.000 e, a partir da utilização da Ata de Registro  derivada da  CONCORRÊNCIA Nº 001/14 e na ATA DE REGISTRO DE PREÇOS nº 001/COHAB-SP/2015";"";"22";"SECRETARIA MUNICIPAL DE SERVIÇOS E OBRAS";"10";"SECRETARIA MUNICIPAL DE SERVIÇOS E OBRAS";"262622,14";"0";"30";"0";"0";"262622,14";"262622,14";"0";"261793,88";"828,26";"0";"0";"261793,88";"261793,88";"828,26";"262622,14";"0";"261793,88";"828,26";"0";"0";"261793,88";"261793,88";"828,26";"0";"0";"0";"0";"0";"0";"0";"0";"0";"0";"0";"0";"0";"0";"0";"0";"0";"0";"0";"84.10.10.304.3003.4.130.33903900.02.0";"16";"Manutenção e Conservação de Bens Imóveis";"17";"Manutenção e Conservação de Bens Imóveis";"39";"Outros Serviços de Terceiros - Pessoa Jurídica";"0"
"276377";"17151";"2017";"86";"Fundo Municipal de Saneamento Ambiental e Infraestrutura";"22";"FMSAI - Secretaria Municipal de Serviços e Obras";"5";"Nota de Empenho Fornecimento de Bens de Consumo e/ou Permanente";"8";"Art. 24 Inciso II da lei Federal 8.666/93";"6";"Dispensa de Licitação";"11/08/2017 00:00:00";"11/08/2017 00:00:00";"11/08/2017 00:00:00";"0";"0";"1";"338399,82";"0";"338399,82";"0";"A";"1";"";"-1";"-1";"";"";"";"";"41";"SEM REAJUSTE";"";"";"";"11/08/2017 00:00:00";"11/08/2017 00:00:00";"";"";"";"";"";"201401178614";"P";"";"";"";"Desapropriação - Melhoramento Córrego Ponte Baixa";"";"86";"Fundo Municipal de Saneamento Ambiental e Infraestrutura";"22";"FMSAI - Secretaria Municipal de Serviços e Obras";"338399,82";"0";"1";"0";"0";"338399,82";"338399,82";"0";"338399,82";"0";"0";"0";"338399,82";"338399,82";"0";"338399,82";"0";"338399,82";"0";"0";"0";"338399,82";"338399,82";"0";"0";"0";"0";"0";"0";"0";"0";"0";"0";"0";"0";"0";"0";"0";"0";"0";"0";"0";"0";"86.22.17.451.3008.5.013.44906100.03.0";"99";"Outras Aquisições de Bens Imóveis";"01";"Desapropriações";"61";"Aquisição de Imóveis";"0"
"275849";"16750";"2017";"22";"SECRETARIA MUNICIPAL DE SERVIÇOS E OBRAS";"10";"Gabinete do Secretário";"5";"Nota de Empenho Fornecimento de Bens de Consumo e/ou Permanente";"39";"Não Aplicável";"8";"Não Aplicável";"07/08/2017 00:00:00";"11/08/2017 00:00:00";"11/08/2017 00:00:00";"0";"0";"5";"753517,91";"0";"753517,91";"0";"A";"1";"";"-1";"-1";"";"";"";"";"41";"SEM REAJUSTE";"";"";"";"03/08/2017 00:00:00";"05/08/2017 00:00:00";"57";"";"";"";"";"201601224792";"P";"";"";"";"Desap - Melhoramento do viário de acesso ao Hospital Brasilândia.";"";"22";"SECRETARIA MUNICIPAL DE SERVIÇOS E OBRAS";"10";"Gabinete do Secretário";"678000";"0";"5";"75517,91";"0";"753517,91";"753517,91";"0";"753517,91";"0";"0";"0";"753517,91";"753517,91";"0";"753517,91";"0";"753517,91";"0";"0";"0";"753517,91";"753517,91";"0";"0";"0";"0";"0";"0";"0";"0";"0";"0";"0";"0";"11,14";"0";"0";"0";"0";"0";"0";"0";"84.10.10.302.3003.3.366.44906100.03.0";"99";"Outras Aquisições de Bens Imóveis";"01";"Desapropriações";"61";"Aquisição de Imóveis";"0"
"275852";"16752";"2017";"22";"SECRETARIA MUNICIPAL DE SERVIÇOS E OBRAS";"10";"Gabinete do Secretário";"5";"Nota de Empenho Fornecimento de Bens de Consumo e/ou Permanente";"39";"Não Aplicável";"8";"Não Aplicável";"07/08/2017 00:00:00";"11/08/2017 00:00:00";"11/08/2017 00:00:00";"0";"0";"5";"881106,16";"0";"881106,16";"0";"A";"1";"";"-1";"-1";"";"";"";"";"41";"SEM REAJUSTE";"";"";"";"03/08/2017 00:00:00";"05/08/2017 00:00:00";"57";"";"";"";"";"201601224989";"P";"";"";"";"Desap - Melhoramento do viário de acesso ao Hospital Brasilândia.";"";"22";"SECRETARIA MUNICIPAL DE SERVIÇOS E OBRAS";"10";"Gabinete do Secretário";"829000";"0";"5";"52106,16";"0";"881106,16";"881106,16";"0";"881106,16";"0";"0";"0";"881106,16";"881106,16";"0";"881106,16";"0";"881106,16";"0";"0";"0";"881106,16";"881106,16";"0";"0";"0";"0";"0";"0";"0";"0";"0";"0";"0";"0";"6,29";"0";"0";"0";"0";"0";"0";"0";"84.10.10.302.3003.3.366.44906100.03.0";"99";"Outras Aquisições de Bens Imóveis";"01";"Desapropriações";"61";"Aquisição de Imóveis";"0"
"275851";"16751";"2017";"22";"SECRETARIA MUNICIPAL DE SERVIÇOS E OBRAS";"10";"Gabinete do Secretário";"5";"Nota de Empenho Fornecimento de Bens de Consumo e/ou Permanente";"39";"Não Aplicável";"8";"Não Aplicável";"07/08/2017 00:00:00";"11/08/2017 00:00:00";"11/08/2017 00:00:00";"0";"0";"5";"537000";"0";"537000";"0";"A";"1";"";"-1";"-1";"";"";"";"";"41";"SEM REAJUSTE";"";"";"";"03/08/2017 00:00:00";"05/08/2017 00:00:00";"57";"";"";"";"";"201601224873";"P";"";"";"";"Desap - Melhoramento do viário de acesso ao Hospital Brasilândia.";"";"22";"SECRETARIA MUNICIPAL DE SERVIÇOS E OBRAS";"10";"Gabinete do Secretário";"537000";"0";"5";"0";"0";"537000";"537000";"0";"537000";"0";"0";"0";"537000";"537000";"0";"537000";"0";"537000";"0";"0";"0";"537000";"537000";"0";"0";"0";"0";"0";"0";"0";"0";"0";"0";"0";"0";"0";"0";"0";"0";"0";"0";"0";"0";"84.10.10.302.3003.3.366.44906100.03.0";"99";"Outras Aquisições de Bens Imóveis";"01";"Desapropriações";"61";"Aquisição de Imóveis";"0"
"275846";"16748";"2017";"22";"SECRETARIA MUNICIPAL DE SERVIÇOS E OBRAS";"10";"Gabinete do Secretário";"5";"Nota de Empenho Fornecimento de Bens de Consumo e/ou Permanente";"39";"Não Aplicável";"8";"Não Aplicável";"07/08/2017 00:00:00";"11/08/2017 00:00:00";"11/08/2017 00:00:00";"0";"0";"5";"852948,35";"0";"852948,35";"0";"A";"1";"";"-1";"-1";"";"";"";"";"41";"SEM REAJUSTE";"";"";"";"03/08/2017 00:00:00";"05/08/2017 00:00:00";"57";"";"";"";"";"201601224830";"P";"";"";"";"Desap - Melhoramento do viário de acesso ao Hospital Brasilândia.";"";"22";"SECRETARIA MUNICIPAL DE SERVIÇOS E OBRAS";"10";"Gabinete do Secretário";"719000";"0";"5";"133948,35";"0";"852948,35";"852948,35";"0";"852948,35";"0";"0";"0";"852948,35";"852948,35";"0";"852948,35";"0";"852948,35";"0";"0";"0";"852948,35";"852948,35";"0";"0";"0";"0";"0";"0";"0";"0";"0";"0";"0";"0";"18,63";"0";"0";"0";"0";"0";"0";"0";"84.10.10.302.3003.3.366.44906100.03.0";"99";"Outras Aquisições de Bens Imóveis";"01";"Desapropriações";"61";"Aquisição de Imóveis";"0"
"275843";"16746";"2017";"22";"SECRETARIA MUNICIPAL DE SERVIÇOS E OBRAS";"10";"Gabinete do Secretário";"5";"Nota de Empenho Fornecimento de Bens de Consumo e/ou Permanente";"39";"Não Aplicável";"8";"Não Aplicável";"07/08/2017 00:00:00";"11/08/2017 00:00:00";"11/08/2017 00:00:00";"0";"0";"5";"403667,31";"0";"403667,31";"0";"A";"1";"";"-1";"-1";"";"";"";"";"41";"SEM REAJUSTE";"";"";"";"03/08/2017 00:00:00";"05/08/2017 00:00:00";"57";"";"";"";"";"201601224741";"P";"";"";"";"Desap - Melhoramento do viário de acesso ao Hospital Brasilândia.";"";"22";"SECRETARIA MUNICIPAL DE SERVIÇOS E OBRAS";"10";"Gabinete do Secretário";"343000";"0";"5";"60667,31";"0";"403667,31";"403667,31";"0";"403667,31";"0";"0";"0";"403667,31";"403667,31";"0";"403667,31";"0";"403667,31";"0";"0";"0";"403667,31";"403667,31";"0";"0";"0";"0";"0";"0";"0";"0";"0";"0";"0";"0";"17,69";"0";"0";"0";"0";"0";"0";"0";"84.10.10.302.3003.3.366.44906100.03.0";"99";"Outras Aquisições de Bens Imóveis";"01";"Desapropriações";"61";"Aquisição de Imóveis";"0"
"275842";"16745";"2017";"22";"SECRETARIA MUNICIPAL DE SERVIÇOS E OBRAS";"10";"Gabinete do Secretário";"5";"Nota de Empenho Fornecimento de Bens de Consumo e/ou Permanente";"39";"Não Aplicável";"8";"Não Aplicável";"07/08/2017 00:00:00";"11/08/2017 00:00:00";"11/08/2017 00:00:00";"0";"0";"5";"793459,61";"0";"793459,61";"0";"A";"1";"";"-1";"-1";"";"";"";"";"41";"SEM REAJUSTE";"";"";"";"03/08/2017 00:00:00";"05/08/2017 00:00:00";"57";"";"";"";"";"201601224784";"P";"";"";"";"Desap - Melhoramento do viário de acesso ao Hospital Brasilândia.";"";"22";"SECRETARIA MUNICIPAL DE SERVIÇOS E OBRAS";"10";"Gabinete do Secretário";"712000";"0";"5";"81459,61";"0";"793459,61";"793459,61";"0";"793459,61";"0";"0";"0";"793459,61";"793459,61";"0";"793459,61";"0";"793459,61";"0";"0";"0";"793459,61";"793459,61";"0";"0";"0";"0";"0";"0";"0";"0";"0";"0";"0";"0";"11,44";"0";"0";"0";"0";"0";"0";"0";"84.10.10.302.3003.3.366.44906100.03.0";"99";"Outras Aquisições de Bens Imóveis";"01";"Desapropriações";"61";"Aquisição de Imóveis";"0"
"275845";"16747";"2017";"22";"SECRETARIA MUNICIPAL DE SERVIÇOS E OBRAS";"10";"Gabinete do Secretário";"5";"Nota de Empenho Fornecimento de Bens de Consumo e/ou Permanente";"39";"Não Aplicável";"8";"Não Aplicável";"07/08/2017 00:00:00";"11/08/2017 00:00:00";"11/08/2017 00:00:00";"0";"0";"5";"461243,48";"0";"461243,48";"0";"A";"1";"";"-1";"-1";"";"";"";"";"41";"SEM REAJUSTE";"";"";"";"03/08/2017 00:00:00";"05/08/2017 00:00:00";"57";"";"";"";"";"201601224814";"P";"";"";"";"Desap - Melhoramento do viário de acesso ao Hospital Brasilândia.";"";"22";"SECRETARIA MUNICIPAL DE SERVIÇOS E OBRAS";"10";"Gabinete do Secretário";"414000";"0";"5";"47243,48";"0";"461243,48";"461243,48";"0";"461243,48";"0";"0";"0";"461243,48";"461243,48";"0";"461243,48";"0";"461243,48";"0";"0";"0";"461243,48";"461243,48";"0";"0";"0";"0";"0";"0";"0";"0";"0";"0";"0";"0";"11,41";"0";"0";"0";"0";"0";"0";"0";"84.10.10.302.3003.3.366.44906100.03.0";"99";"Outras Aquisições de Bens Imóveis";"01";"Desapropriações";"61";"Aquisição de Imóveis";"0"
"278231";"18627";"2017";"22";"SECRETARIA MUNICIPAL DE SERVIÇOS E OBRAS";"10";"Gabinete do Secretário";"5";"Nota de Empenho Fornecimento de Bens de Consumo e/ou Permanente";"8";"Art. 24 Inciso II da lei Federal 8.666/93";"6";"Dispensa de Licitação";"12/09/2017 00:00:00";"11/10/2017 00:00:00";"11/10/2017 00:00:00";"0";"0";"30";"799,90";"0";"799,90";"0";"E";"9";"umental";"-1";"-1";"";"";"";"";"41";"SEM REAJUSTE";"";"Raiane Naiara Palmeira Louro";"04/09/2017 00:00:00";"11/09/2017 00:00:00";"12/09/2017 00:00:00";"64";"";"";"";"";"6022201700017353";"S";"";"";"";"Aquisição de 01 (um) Scanner para cartão de visitas Color Card Scan Executive 1760686 Dymo CX 1 UN";"";"22";"SECRETARIA MUNICIPAL DE SERVIÇOS E OBRAS";"10";"Gabinete do Secretário";"799,90";"0";"30";"0";"0";"799,90";"799,90";"0";"799,90";"0";"0";"0";"799,90";"799,90";"0";"799,90";"0";"799,90";"0";"0";"0";"799,90";"799,90";"0";"0";"0";"0";"0";"0";"0";"0";"0";"0";"0";"0";"0";"0";"0";"0";"0";"0";"0";"0";"22.10.15.122.3024.2.100.33903000.00.0";"16";"Material de Expediente";"99";"Diversos Materiais de Expediente";"30";"Material de Consumo";"0"
"284084";"23506";"2017";"22";"SECRETARIA MUNICIPAL DE SERVIÇOS E OBRAS";"10";"Gabinete do Secretário";"5";"Nota de Empenho Fornecimento de Bens de Consumo e/ou Permanente";"7";"Art. 24 - Inciso I Lei Federal  8.666/93";"6";"Dispensa de Licitação";"14/11/2017 00:00:00";"12/01/2018 00:00:00";"12/01/2018 00:00:00";"0";"0";"59";"10780";"0";"10780";"0";"E";"9";"umental";"-1";"-1";"";"";"";"";"41";"SEM REAJUSTE";"";"";"";"14/11/2017 00:00:00";"15/11/2017 00:00:00";"35";"";"";"";"";"6022201700026840";"S";"";"";"";"DESMONTAGEM, TRANSPORTE E MONTAGEM DE 06 (SEIS) ARQUIVOS DESLIZANTES NAS DEPENDENCIAS DOS EDÍFICIOS DOMINGOS FERNANDES ALONSO (EDIFÍCIO OLIDO) E MENDES CALDEIRA";"";"22";"SECRETARIA MUNICIPAL DE SERVIÇOS E OBRAS";"10";"Gabinete do Secretário";"10780";"0";"59";"0";"0";"10780";"10780";"0";"10780";"0";"0";"0";"10780";"10780";"0";"10780";"0";"10780";"0";"0";"0";"10780";"10780";"0";"0";"0";"0";"0";"0";"0";"0";"0";"0";"0";"0";"0";"0";"0";"0";"0";"0";"0";"0";"22.10.15.122.3024.2.100.33903900.00.0";"99";"Outros Serviços de Terceiros - Pessoa Jurídica";"01";"Desmontagem, Remoção e Montagem de Equipamentos e Afins";"39";"Outros Serviços de Terceiros - Pessoa Jurídica";"0"
"286546";"25507";"2017";"22";"SECRETARIA MUNICIPAL DE SERVIÇOS E OBRAS";"10";"Gabinete do Secretário";"30";"Nota de Empenho para Fornecimento de Serviços";"8";"Art. 24 Inciso II da lei Federal 8.666/93";"6";"Dispensa de Licitação";"18/07/2017 00:00:00";"12/07/2018 00:00:00";"12/07/2018 00:00:00";"0";"0";"360";"423376";"0";"423376";"0";"E";"9";"umental";"-1";"-1";"";"";"";"";"41";"SEM REAJUSTE";"";"";"";"08/12/2017 00:00:00";"08/12/2017 00:00:00";"";"";"";"";"";"7910201700003646";"S";"";"";"";"Reembolso SPObras - Mobiliario Urbano - FIPE";"";"22";"SECRETARIA MUNICIPAL DE SERVIÇOS E OBRAS";"10";"Gabinete do Secretário";"423376";"0";"360";"0";"0";"423376";"423376";"0";"423376";"0";"0";"0";"423376";"423376";"0";"423376";"0";"423376";"0";"0";"0";"423376";"423376";"0";"0";"0";"0";"0";"0";"0";"0";"0";"0";"0";"0";"0";"0";"0";"0";"0";"0";"0";"0";"22.10.15.451.3022.5.086.44903900.00.0";"05";"Serviços Técnicos Profissionais";"01";"Gerenciamento";"39";"Outros Serviços de Terceiros - Pessoa Jurídica";"0"
"286330";"25323";"2017";"22";"SECRETARIA MUNICIPAL DE SERVIÇOS E OBRAS";"10";"Gabinete do Secretário";"5";"Nota de Empenho Fornecimento de Bens de Consumo e/ou Permanente";"39";"Não Aplicável";"8";"Não Aplicável";"08/12/2017 00:00:00";"12/12/2017 00:00:00";"12/12/2017 00:00:00";"0";"0";"5";"3010561,67";"0";"3010561,67";"0";"A";"1";"";"-1";"-1";"";"";"";"";"41";"SEM REAJUSTE";"";"";"";"08/12/2017 00:00:00";"08/12/2017 00:00:00";"70";"";"";"";"";"201302681229";"P";"";"";"";"Desapropriação - Melhoramento da Av. Chucri Zaidan até Av. João Dias";"";"22";"SECRETARIA MUNICIPAL DE SERVIÇOS E OBRAS";"10";"Gabinete do Secretário";"2601264,88";"0";"5";"409296,79";"0";"3010561,67";"3010561,67";"0";"3010561,67";"0";"0";"0";"3010561,67";"3010561,67";"0";"3010561,67";"0";"3010561,67";"0";"0";"0";"3010561,67";"3010561,67";"0";"0";"0";"0";"0";"0";"0";"0";"0";"0";"0";"0";"15,73";"0";"0";"0";"0";"0";"0";"0";"37.30.15.451.3009.5.100.44906100.08.0";"99";"Outras Aquisições de Bens Imóveis";"01";"Desapropriações";"61";"Aquisição de Imóveis";"0"
"286323";"25317";"2017";"22";"SECRETARIA MUNICIPAL DE SERVIÇOS E OBRAS";"10";"Gabinete do Secretário";"5";"Nota de Empenho Fornecimento de Bens de Consumo e/ou Permanente";"39";"Não Aplicável";"8";"Não Aplicável";"08/12/2017 00:00:00";"12/12/2017 00:00:00";"12/12/2017 00:00:00";"0";"0";"5";"55586";"0";"55586";"0";"A";"1";"";"-1";"-1";"";"";"";"";"41";"SEM REAJUSTE";"";"";"";"08/12/2017 00:00:00";"08/12/2017 00:00:00";"73";"";"";"";"";"201701555081";"P";"";"";"";"Desap - Melhoramento da Av. Chucri Zaidan até Av. João Dias";"";"22";"SECRETARIA MUNICIPAL DE SERVIÇOS E OBRAS";"10";"Gabinete do Secretário";"55586";"0";"5";"0";"0";"55586";"55586";"0";"55586";"0";"0";"0";"55586";"55586";"0";"55586";"0";"55586";"0";"0";"0";"55586";"55586";"0";"0";"0";"0";"0";"0";"0";"0";"0";"0";"0";"0";"0";"0";"0";"0";"0";"0";"0";"0";"37.30.15.451.3009.5.100.44906100.08.0";"99";"Outras Aquisições de Bens Imóveis";"01";"Desapropriações";"61";"Aquisição de Imóveis";"0"
"286296";"25295";"2017";"86";"Fundo Municipal de Saneamento Ambiental e Infraestrutura";"22";"FMSAI - Secretaria Municipal de Serviços e Obras";"5";"Nota de Empenho Fornecimento de Bens de Consumo e/ou Permanente";"39";"Não Aplicável";"8";"Não Aplicável";"08/12/2017 00:00:00";"12/12/2017 00:00:00";"12/12/2017 00:00:00";"0";"0";"5";"281674,69";"0";"281674,69";"0";"A";"1";"";"-1";"-1";"";"";"";"";"41";"SEM REAJUSTE";"";"";"";"07/12/2017 00:00:00";"08/12/2017 00:00:00";"73";"";"";"";"";"201503277417";"P";"";"";"";"Desapropriação - Melhoramento - Canalização do Córrego Tremembé";"";"86";"Fundo Municipal de Saneamento Ambiental e Infraestrutura";"22";"FMSAI - Secretaria Municipal de Serviços e Obras";"281674,69";"0";"5";"0";"0";"281674,69";"281674,69";"0";"281674,69";"0";"0";"0";"281674,69";"281674,69";"0";"281674,69";"0";"281674,69";"0";"0";"0";"281674,69";"281674,69";"0";"0";"0";"0";"0";"0";"0";"0";"0";"0";"0";"0";"0";"0";"0";"0";"0";"0";"0";"0";"86.22.17.451.3008.5.013.44906100.03.0";"99";"Outras Aquisições de Bens Imóveis";"01";"Desapropriações";"61";"Aquisição de Imóveis";"0"
"259772";"2796";"2017";"22";"SECRETARIA MUNICIPAL DE SERVIÇOS E OBRAS";"10";"SECRETARIA MUNICIPAL DE SERVIÇOS E OBRAS";"5";"Nota de Empenho Fornecimento de Bens de Consumo e/ou Permanente";"39";"Não Aplicável";"8";"Não Aplicável";"22/02/2017 00:00:00";"13/03/2017 00:00:00";"13/03/2017 00:00:00";"0";"0";"20";"2590";"0";"2590";"0";"E";"9";"umental";"2016";"7";"13";"Secretaria Municipal de Gestão";"";"";"41";"SEM REAJUSTE";"";"";"";"20/02/2017 00:00:00";"22/02/2017 00:00:00";"48";"";"";"";"";"6022201700001066";"S";"";"";"";"O fornecimento da aquisição de 1.000 (hum mil) pacotes de 01 kg de açúcar amorfo/cristalino";"";"22";"SECRETARIA MUNICIPAL DE SERVIÇOS E OBRAS";"10";"SECRETARIA MUNICIPAL DE SERVIÇOS E OBRAS";"2590";"0";"20";"0";"0";"2590";"2590";"0";"2590";"0";"0";"0";"2590";"2590";"0";"2590";"0";"2590";"0";"0";"0";"2590";"2590";"0";"0";"0";"0";"0";"0";"0";"0";"0";"0";"0";"0";"0";"0";"0";"0";"0";"0";"0";"0";"22.10.15.122.3024.2.100.33903000.00.0";"07";"Gêneros de Alimentação";"01";"Açúcar";"30";"Material de Consumo";"0"
"283352";"22904";"2017";"22";"SECRETARIA MUNICIPAL DE SERVIÇOS E OBRAS";"10";"Gabinete do Secretário";"2";"Termo de Contrato - Serviços";"10";"Art. 24 Inciso IV da lei Federal 8.666/93";"6";"Dispensa de Licitação";"15/09/2017 00:00:00";"13/03/2018 00:00:00";"13/03/2018 00:00:00";"0";"0";"180";"570000";"0";"0";"0";"N";"9";"umental";"-1";"-1";"";"";"";"";"41";"SEM REAJUSTE";"";"";"";"18/09/2017 00:00:00";"19/09/2017 00:00:00";"24";"";"";"";"emergência";"201701444069";"P";"";"";"";"obras de emergências - incêndio EMEF FAZENDA DA JUTA";"";"22";"SECRETARIA MUNICIPAL DE SERVIÇOS E OBRAS";"10";"Gabinete do Secretário";"570000";"0";"180";"0";"0";"570000";"570000";"0";"0";"570000";"0";"0";"0";"0";"570000";"570000";"0";"0";"570000";"0";"0";"0";"0";"570000";"0";"0";"0";"0";"0";"0";"0";"0";"0";"0";"0";"0";"0";"0";"0";"0";"0";"0";"0";"16.10.12.368.3010.1.597.44903900.00.0";"16";"Manutenção e Conservação de Bens Imóveis";"17";"Manutenção e Reformas de Bens Imóveis";"39";"Outros Serviços de Terceiros - Pessoa Jurídica";"0"
"283763";"23255";"2017";"22";"SECRETARIA MUNICIPAL DE SERVIÇOS E OBRAS";"10";"Gabinete do Secretário";"2";"Termo de Contrato - Serviços";"7";"Art. 24 - Inciso I Lei Federal  8.666/93";"6";"Dispensa de Licitação";"15/09/2017 00:00:00";"13/03/2018 00:00:00";"13/03/2018 00:00:00";"0";"0";"180";"570000";"0";"569342,57";"0";"A";"9";"umental";"-1";"-1";"";"";"";"";"41";"SEM REAJUSTE";"";"";"";"09/11/2017 00:00:00";"09/11/2017 00:00:00";"30";"";"";"";"Emergência";"201701444069";"P";"";"";"";"Obras de emergência - incêndio EMEF Fazenda da Juta";"";"22";"SECRETARIA MUNICIPAL DE SERVIÇOS E OBRAS";"10";"Gabinete do Secretário";"570000";"0";"180";"0";"0";"570000";"570000";"0";"569342,57";"0";"657,43";"0";"569342,57";"569342,57";"657,43";"570000";"0";"569342,57";"0";"657,43";"0";"569342,57";"569342,57";"657,43";"0";"0";"0";"0";"0";"0";"0";"0";"0";"0";"0";"0";"0";"0";"0";"0";"0";"0";"0";"16.10.12.368.3010.1.597.44903900.00.0";"16";"Manutenção e Conservação de Bens Imóveis";"17";"Manutenção e Reformas de Bens Imóveis";"39";"Outros Serviços de Terceiros - Pessoa Jurídica";"657,43"
"276091";"16935";"2017";"22";"SECRETARIA MUNICIPAL DE SERVIÇOS E OBRAS";"10";"Gabinete do Secretário";"5";"Nota de Empenho Fornecimento de Bens de Consumo e/ou Permanente";"39";"Não Aplicável";"8";"Não Aplicável";"09/08/2017 00:00:00";"13/08/2017 00:00:00";"13/08/2017 00:00:00";"0";"0";"5";"491000";"0";"0";"0";"E";"1";"";"-1";"-1";"";"";"";"";"41";"SEM REAJUSTE";"";"";"";"04/08/2017 00:00:00";"09/08/2017 00:00:00";"47";"";"";"";"";"201601225047";"P";"";"";"";"Desap - Melhoramento do viário de acesso ao Hospital Brasilândia";"";"22";"SECRETARIA MUNICIPAL DE SERVIÇOS E OBRAS";"10";"Gabinete do Secretário";"491000";"0";"5";"0";"0";"491000";"491000";"0";"0";"491000";"0";"0";"0";"0";"982000";"491000";"0";"0";"491000";"0";"0";"0";"0";"982000";"0";"0";"0";"0";"0";"0";"0";"0";"0";"0";"0";"0";"0";"0";"0";"0";"0";"0";"0";"84.10.10.302.3003.3.366.44906100.03.0";"99";"Outras Aquisições de Bens Imóveis";"01";"Desapropriações";"61";"Aquisição de Imóveis";"0"
"276095";"16938";"2017";"22";"SECRETARIA MUNICIPAL DE SERVIÇOS E OBRAS";"10";"Gabinete do Secretário";"5";"Nota de Empenho Fornecimento de Bens de Consumo e/ou Permanente";"39";"Não Aplicável";"8";"Não Aplicável";"09/08/2017 00:00:00";"13/08/2017 00:00:00";"13/08/2017 00:00:00";"0";"0";"5";"510000";"0";"0";"0";"E";"1";"";"-1";"-1";"";"";"";"";"41";"SEM REAJUSTE";"";"";"";"04/08/2017 00:00:00";"09/08/2017 00:00:00";"47";"";"";"";"";"201601225098";"P";"";"";"";"Desap - Melhoramento do viário de acesso ao Hospital Brasilândia";"";"22";"SECRETARIA MUNICIPAL DE SERVIÇOS E OBRAS";"10";"Gabinete do Secretário";"510000";"0";"5";"0";"0";"510000";"510000";"0";"0";"510000";"0";"0";"0";"0";"510000";"510000";"0";"0";"510000";"0";"0";"0";"0";"510000";"0";"0";"0";"0";"0";"0";"0";"0";"0";"0";"0";"0";"0";"0";"0";"0";"0";"0";"0";"84.10.10.302.3003.3.366.44906100.03.0";"99";"Outras Aquisições de Bens Imóveis";"01";"Desapropriações";"61";"Aquisição de Imóveis";"0"
"276119";"16955";"2017";"22";"SECRETARIA MUNICIPAL DE SERVIÇOS E OBRAS";"10";"Gabinete do Secretário";"5";"Nota de Empenho Fornecimento de Bens de Consumo e/ou Permanente";"39";"Não Aplicável";"8";"Não Aplicável";"09/08/2017 00:00:00";"13/08/2017 00:00:00";"13/08/2017 00:00:00";"0";"0";"5";"112960,80";"0";"112960,80";"0";"A";"1";"";"-1";"-1";"";"";"";"";"41";"SEM REAJUSTE";"";"";"";"04/08/2017 00:00:00";"09/08/2017 00:00:00";"47";"";"";"";"";"201203426506";"P";"";"";"";"Desap - Melhoramento da Av. Jornalista Roberto Marinho";"";"22";"SECRETARIA MUNICIPAL DE SERVIÇOS E OBRAS";"10";"Gabinete do Secretário";"112960,80";"0";"5";"0";"0";"112960,80";"112960,80";"0";"112960,80";"0";"0";"0";"112960,80";"112960,80";"0";"112960,80";"0";"112960,80";"0";"0";"0";"112960,80";"112960,80";"0";"0";"0";"0";"0";"0";"0";"0";"0";"0";"0";"0";"0";"0";"0";"0";"0";"0";"0";"0";"37.30.15.451.3009.5.100.44906100.08.0";"99";"Outras Aquisições de Bens Imóveis";"01";"Desapropriações";"61";"Aquisição de Imóveis";"0"
"276094";"16937";"2017";"22";"SECRETARIA MUNICIPAL DE SERVIÇOS E OBRAS";"10";"Gabinete do Secretário";"5";"Nota de Empenho Fornecimento de Bens de Consumo e/ou Permanente";"39";"Não Aplicável";"8";"Não Aplicável";"09/08/2017 00:00:00";"13/08/2017 00:00:00";"13/08/2017 00:00:00";"0";"0";"5";"557000";"0";"0";"0";"E";"1";"";"-1";"-1";"";"";"";"";"41";"SEM REAJUSTE";"";"";"";"04/08/2017 00:00:00";"09/08/2017 00:00:00";"47";"";"";"";"";"201601225020";"P";"";"";"";"Desap - Melhoramento do viário de acesso ao Hospital Brasilândia";"";"22";"SECRETARIA MUNICIPAL DE SERVIÇOS E OBRAS";"10";"Gabinete do Secretário";"557000";"0";"5";"0";"0";"557000";"557000";"0";"0";"557000";"0";"0";"0";"0";"557000";"557000";"0";"0";"557000";"0";"0";"0";"0";"557000";"0";"0";"0";"0";"0";"0";"0";"0";"0";"0";"0";"0";"0";"0";"0";"0";"0";"0";"0";"84.10.10.302.3003.3.366.44906100.03.0";"99";"Outras Aquisições de Bens Imóveis";"01";"Desapropriações";"61";"Aquisição de Imóveis";"0"
"276124";"16960";"2017";"22";"SECRETARIA MUNICIPAL DE SERVIÇOS E OBRAS";"10";"Gabinete do Secretário";"5";"Nota de Empenho Fornecimento de Bens de Consumo e/ou Permanente";"39";"Não Aplicável";"8";"Não Aplicável";"09/08/2017 00:00:00";"13/08/2017 00:00:00";"13/08/2017 00:00:00";"0";"0";"5";"2381,03";"0";"2381,03";"0";"A";"1";"";"-1";"-1";"";"";"";"";"41";"SEM REAJUSTE";"";"";"";"04/08/2017 00:00:00";"09/08/2017 00:00:00";"47";"";"";"";"";"201400591941";"P";"";"";"";"Desap - Melhoramento da Av. Jornalista Roberto Marinho";"";"22";"SECRETARIA MUNICIPAL DE SERVIÇOS E OBRAS";"10";"Gabinete do Secretário";"2381,03";"0";"5";"0";"0";"2381,03";"2381,03";"0";"2381,03";"0";"0";"0";"2381,03";"2381,03";"0";"2381,03";"0";"2381,03";"0";"0";"0";"2381,03";"2381,03";"0";"0";"0";"0";"0";"0";"0";"0";"0";"0";"0";"0";"0";"0";"0";"0";"0";"0";"0";"0";"37.30.15.451.3009.5.100.44906100.08.0";"99";"Outras Aquisições de Bens Imóveis";"01";"Desapropriações";"61";"Aquisição de Imóveis";"0"
"276079";"16926";"2017";"22";"SECRETARIA MUNICIPAL DE SERVIÇOS E OBRAS";"10";"Gabinete do Secretário";"5";"Nota de Empenho Fornecimento de Bens de Consumo e/ou Permanente";"39";"Não Aplicável";"8";"Não Aplicável";"09/08/2017 00:00:00";"13/08/2017 00:00:00";"13/08/2017 00:00:00";"0";"0";"5";"29783,28";"0";"29783,28";"0";"A";"1";"";"-1";"-1";"";"";"";"";"41";"SEM REAJUSTE";"";"";"";"07/08/2017 00:00:00";"09/08/2017 00:00:00";"47";"";"";"";"";"201102640529";"P";"";"";"";"Desap - Melhoramento da Av. Jornalista Roberto Marinho - HIS";"";"22";"SECRETARIA MUNICIPAL DE SERVIÇOS E OBRAS";"10";"Gabinete do Secretário";"29783,28";"0";"5";"0";"0";"29783,28";"29783,28";"0";"29783,28";"0";"0";"0";"29783,28";"29783,28";"0";"29783,28";"0";"29783,28";"0";"0";"0";"29783,28";"29783,28";"0";"0";"0";"0";"0";"0";"0";"0";"0";"0";"0";"0";"0";"0";"0";"0";"0";"0";"0";"0";"37.30.16.451.3002.3.357.44906100.08.0";"99";"Outras Aquisições de Bens Imóveis";"01";"Desapropriações";"61";"Aquisição de Imóveis";"0"
"276120";"16956";"2017";"22";"SECRETARIA MUNICIPAL DE SERVIÇOS E OBRAS";"10";"Gabinete do Secretário";"5";"Nota de Empenho Fornecimento de Bens de Consumo e/ou Permanente";"39";"Não Aplicável";"8";"Não Aplicável";"09/08/2017 00:00:00";"13/08/2017 00:00:00";"13/08/2017 00:00:00";"0";"0";"5";"54056,04";"0";"54056,04";"0";"A";"1";"";"-1";"-1";"";"";"";"";"41";"SEM REAJUSTE";"";"";"";"07/08/2017 00:00:00";"09/08/2017 00:00:00";"47";"";"";"";"";"201203538096";"P";"";"";"";"Desap - Melhoramento da Av. Jornalista Roberto Marinho";"";"22";"SECRETARIA MUNICIPAL DE SERVIÇOS E OBRAS";"10";"Gabinete do Secretário";"54056,04";"0";"5";"0";"0";"54056,04";"54056,04";"0";"54056,04";"0";"0";"0";"54056,04";"54056,04";"0";"54056,04";"0";"54056,04";"0";"0";"0";"54056,04";"54056,04";"0";"0";"0";"0";"0";"0";"0";"0";"0";"0";"0";"0";"0";"0";"0";"0";"0";"0";"0";"0";"37.30.15.451.3009.5.100.44906100.08.0";"99";"Outras Aquisições de Bens Imóveis";"01";"Desapropriações";"61";"Aquisição de Imóveis";"0"
"276123";"16959";"2017";"22";"SECRETARIA MUNICIPAL DE SERVIÇOS E OBRAS";"10";"Gabinete do Secretário";"5";"Nota de Empenho Fornecimento de Bens de Consumo e/ou Permanente";"39";"Não Aplicável";"8";"Não Aplicável";"09/08/2017 00:00:00";"13/08/2017 00:00:00";"13/08/2017 00:00:00";"0";"0";"5";"17978,56";"0";"17978,56";"0";"A";"1";"";"-1";"-1";"";"";"";"";"41";"SEM REAJUSTE";"";"";"";"07/08/2017 00:00:00";"09/08/2017 00:00:00";"47";"";"";"";"";"201300122788";"P";"";"";"";"Desap - Melhoramento da Av. Jornalista Roberto Marinho";"";"22";"SECRETARIA MUNICIPAL DE SERVIÇOS E OBRAS";"10";"Gabinete do Secretário";"17978,56";"0";"5";"0";"0";"17978,56";"17978,56";"0";"17978,56";"0";"0";"0";"17978,56";"17978,56";"0";"17978,56";"0";"17978,56";"0";"0";"0";"17978,56";"17978,56";"0";"0";"0";"0";"0";"0";"0";"0";"0";"0";"0";"0";"0";"0";"0";"0";"0";"0";"0";"0";"37.30.15.451.3009.5.100.44906100.08.0";"99";"Outras Aquisições de Bens Imóveis";"01";"Desapropriações";"61";"Aquisição de Imóveis";"0"
"276087";"16932";"2017";"22";"SECRETARIA MUNICIPAL DE SERVIÇOS E OBRAS";"10";"Gabinete do Secretário";"5";"Nota de Empenho Fornecimento de Bens de Consumo e/ou Permanente";"39";"Não Aplicável";"8";"Não Aplicável";"09/08/2017 00:00:00";"13/08/2017 00:00:00";"13/08/2017 00:00:00";"0";"0";"5";"931989,48";"0";"931989,48";"0";"A";"1";"";"-1";"-1";"";"";"";"";"41";"SEM REAJUSTE";"";"";"";"04/08/2017 00:00:00";"09/08/2017 00:00:00";"47";"";"";"";"";"201601225055";"P";"";"";"";"Desap - Melhoramento do viário de acesso ao Hospital Brasilândia";"";"22";"SECRETARIA MUNICIPAL DE SERVIÇOS E OBRAS";"10";"Gabinete do Secretário";"801000";"0";"5";"130989,48";"0";"931989,48";"931989,48";"0";"931989,48";"0";"0";"0";"931989,48";"931989,48";"0";"931989,48";"0";"931989,48";"0";"0";"0";"931989,48";"931989,48";"0";"0";"0";"0";"0";"0";"0";"0";"0";"0";"0";"0";"16,35";"0";"0";"0";"0";"0";"0";"0";"84.10.10.302.3003.3.366.44906100.03.0";"99";"Outras Aquisições de Bens Imóveis";"01";"Desapropriações";"61";"Aquisição de Imóveis";"0"
"276072";"16922";"2017";"22";"SECRETARIA MUNICIPAL DE SERVIÇOS E OBRAS";"10";"Gabinete do Secretário";"5";"Nota de Empenho Fornecimento de Bens de Consumo e/ou Permanente";"39";"Não Aplicável";"8";"Não Aplicável";"09/08/2017 00:00:00";"13/08/2017 00:00:00";"13/08/2017 00:00:00";"0";"0";"5";"25936,59";"0";"25936,59";"0";"A";"1";"";"-1";"-1";"";"";"";"";"41";"SEM REAJUSTE";"";"";"";"07/08/2017 00:00:00";"09/08/2017 00:00:00";"47";"";"";"";"";"201301264322";"P";"";"";"";"Desap - Melhoramento da Av. Jornalista Roberto Marinho";"";"22";"SECRETARIA MUNICIPAL DE SERVIÇOS E OBRAS";"10";"Gabinete do Secretário";"25936,59";"0";"5";"0";"0";"25936,59";"25936,59";"0";"25936,59";"0";"0";"0";"25936,59";"25936,59";"0";"25936,59";"0";"25936,59";"0";"0";"0";"25936,59";"25936,59";"0";"0";"0";"0";"0";"0";"0";"0";"0";"0";"0";"0";"0";"0";"0";"0";"0";"0";"0";"0";"37.30.15.451.3009.5.100.44906100.08.0";"99";"Outras Aquisições de Bens Imóveis";"01";"Desapropriações";"61";"Aquisição de Imóveis";"0"
"276082";"16928";"2017";"22";"SECRETARIA MUNICIPAL DE SERVIÇOS E OBRAS";"10";"Gabinete do Secretário";"5";"Nota de Empenho Fornecimento de Bens de Consumo e/ou Permanente";"39";"Não Aplicável";"8";"Não Aplicável";"09/08/2017 00:00:00";"13/08/2017 00:00:00";"13/08/2017 00:00:00";"0";"0";"5";"58372,57";"0";"58372,57";"0";"A";"1";"";"-1";"-1";"";"";"";"";"41";"SEM REAJUSTE";"";"";"";"07/08/2017 00:00:00";"09/08/2017 00:00:00";"47";"";"";"";"";"201103103810";"P";"";"";"";"Desap - Melhoramento da Av. Jornalista Roberto Marinho - HIS";"";"22";"SECRETARIA MUNICIPAL DE SERVIÇOS E OBRAS";"10";"Gabinete do Secretário";"58372,57";"0";"5";"0";"0";"58372,57";"58372,57";"0";"58372,57";"0";"0";"0";"58372,57";"58372,57";"0";"58372,57";"0";"58372,57";"0";"0";"0";"58372,57";"58372,57";"0";"0";"0";"0";"0";"0";"0";"0";"0";"0";"0";"0";"0";"0";"0";"0";"0";"0";"0";"0";"37.30.16.451.3002.3.357.44906100.08.0";"99";"Outras Aquisições de Bens Imóveis";"01";"Desapropriações";"61";"Aquisição de Imóveis";"0"
"279869";"20052";"2017";"86";"Fundo Municipal de Saneamento Ambiental e Infraestrutura";"22";"FMSAI - Secretaria Municipal de Serviços e Obras";"2";"Termo de Contrato - Serviços";"8";"Art. 24 Inciso II da lei Federal 8.666/93";"6";"Dispensa de Licitação";"17/10/2017 00:00:00";"14/01/2018 00:00:00";"14/01/2018 00:00:00";"0";"0";"90";"13750,85";"0";"13750,84";"0";"A";"9";"umental";"-1";"-1";"";"";"";"";"26";"CONSULTORIA";"";"";"";"25/09/2017 00:00:00";"27/09/2017 00:00:00";"58";"";"";"";"";"201701216481";"P";"";"";"";"Ata de Registro de Preços n° 002/SIURB/2016 - Agrupamento II e IV - Riacho do Ipiranga/Lagoa Aliperti";"";"86";"Fundo Municipal de Saneamento Ambiental e Infraestrutura";"22";"FMSAI - Secretaria Municipal de Serviços e Obras";"13750,85";"0";"90";"0";"0";"13750,85";"13750,85";"0";"13750,84";"0";"0,01";"0";"13750,84";"13750,84";"13750,86";"13750,85";"0";"13750,84";"0";"0,01";"0";"13750,84";"13750,84";"13750,86";"0";"0";"0";"0";"0";"0";"0";"0";"0";"0";"0";"0";"0";"0";"0";"0";"0";"0";"0";"86.22.17.451.3008.5.013.44903900.03.0";"05";"Serviços Técnicos Profissionais";"01";"Gerenciamento";"39";"Outros Serviços de Terceiros - Pessoa Jurídica";"0,01"
"279866";"20049";"2017";"86";"Fundo Municipal de Saneamento Ambiental e Infraestrutura";"22";"FMSAI - Secretaria Municipal de Serviços e Obras";"2";"Termo de Contrato - Serviços";"8";"Art. 24 Inciso II da lei Federal 8.666/93";"6";"Dispensa de Licitação";"17/10/2017 00:00:00";"14/01/2018 00:00:00";"14/01/2018 00:00:00";"0";"0";"90";"105211";"0";"105211";"0";"A";"9";"umental";"-1";"-1";"";"";"";"";"26";"CONSULTORIA";"";"";"";"25/09/2017 00:00:00";"27/09/2017 00:00:00";"58";"";"";"";"";"201701216414";"P";"";"";"";"Ata de Registro de Preços n° 002/SIURB/2016 - Agrupamento II e IV - Córrego Zavuvus - Reservatório RZ-02";"";"86";"Fundo Municipal de Saneamento Ambiental e Infraestrutura";"22";"FMSAI - Secretaria Municipal de Serviços e Obras";"105211";"0";"90";"0";"0";"105211";"105211";"0";"105211";"0";"0";"0";"105211";"105211";"105211";"105211";"0";"105211";"0";"0";"0";"105211";"105211";"105211";"0";"0";"0";"0";"0";"0";"0";"0";"0";"0";"0";"0";"0";"0";"0";"0";"0";"0";"0";"86.22.17.451.3008.5.013.44903900.03.0";"05";"Serviços Técnicos Profissionais";"01";"Gerenciamento";"39";"Outros Serviços de Terceiros - Pessoa Jurídica";"0"
"284055";"23482";"2017";"22";"SECRETARIA MUNICIPAL DE SERVIÇOS E OBRAS";"10";"Gabinete do Secretário";"5";"Nota de Empenho Fornecimento de Bens de Consumo e/ou Permanente";"9";"Art. 24 Inciso III da lei Federal 8.666/93";"6";"Dispensa de Licitação";"16/11/2017 00:00:00";"15/03/2018 00:00:00";"14/04/2018 00:00:00";"0";"0";"119";"9875";"0";"9611,56";"0";"E";"59";"";"-1";"-1";"";"";"";"";"41";"SEM REAJUSTE";"";"Nilton Campos";"14/11/2017 00:00:00";"16/11/2017 00:00:00";"17/11/2017 00:00:00";"18";"";"";"";"";"6022201700029645";"S";"";"";"";"Contratação de empresa para locação e manutenção do PABX,  nas dependências do Edifício Mendes Caldeira.";"";"22";"SECRETARIA MUNICIPAL DE SERVIÇOS E OBRAS";"10";"Gabinete do Secretário";"7900";"0";"119";"1975";"0";"9875";"9875";"0";"9611,56";"461,05";"-197,61";"0";"9611,56";"9611,56";"2370,11";"9875";"0";"9611,56";"461,05";"-197,61";"0";"9611,56";"9611,56";"2370,11";"0";"0";"0";"0";"0";"0";"0";"0";"0";"0";"0";"0";"0";"0";"0";"0";"0";"30";"0";"22.10.15.122.3024.2.100.33903900.00.0";"12";"Locação de Máquinas e Equipamentos";"99";"Outras Máquinas e Equipamentos em Geral";"39";"Outros Serviços de Terceiros - Pessoa Jurídica";"-197,61"
"276172";"16998";"2017";"22";"SECRETARIA MUNICIPAL DE SERVIÇOS E OBRAS";"10";"Gabinete do Secretário";"5";"Nota de Empenho Fornecimento de Bens de Consumo e/ou Permanente";"39";"Não Aplicável";"8";"Não Aplicável";"10/08/2017 00:00:00";"14/08/2017 00:00:00";"14/08/2017 00:00:00";"0";"0";"5";"1107860,26";"0";"1107860,26";"0";"A";"1";"";"-1";"-1";"";"";"";"";"41";"SEM REAJUSTE";"";"";"";"04/08/2017 00:00:00";"09/08/2017 00:00:00";"47";"";"";"";"";"201400592999";"P";"";"";"";"Desap - Melhoramento da Av. Jornalista Roberto Marinho";"";"22";"SECRETARIA MUNICIPAL DE SERVIÇOS E OBRAS";"10";"Gabinete do Secretário";"1107860,26";"0";"5";"0";"0";"1107860,26";"1107860,26";"0";"1107860,26";"0";"0";"0";"1107860,26";"1107860,26";"0";"1107860,26";"0";"1107860,26";"0";"0";"0";"1107860,26";"1107860,26";"0";"0";"0";"0";"0";"0";"0";"0";"0";"0";"0";"0";"0";"0";"0";"0";"0";"0";"0";"0";"37.30.15.451.3009.5.100.44906100.08.0";"99";"Outras Aquisições de Bens Imóveis";"01";"Desapropriações";"61";"Aquisição de Imóveis";"0"
"260728";"3547";"2017";"22";"SECRETARIA MUNICIPAL DE SERVIÇOS E OBRAS";"10";"SECRETARIA MUNICIPAL DE SERVIÇOS E OBRAS";"2";"Termo de Contrato - Serviços";"3";"Art. 22 - Inciso III Lei Federal  8.666/93";"2";"Convite";"17/04/2017 00:00:00";"14/08/2017 00:00:00";"14/08/2017 00:00:00";"0";"0";"120";"33978,73";"0";"33975,92";"0";"E";"9";"umental";"-1";"-1";"";"";"";"";"41";"SEM REAJUSTE";"";"";"";"08/03/2017 00:00:00";"09/03/2017 00:00:00";"58";"";"";"";"004/16/SIURB";"201401197899";"P";"";"";"";"Prestação de serviços técnico profissionais para elaboração de projeto executivo completo de combate a incêndio e obtenção de AVCB na Incubadora de Projetos Sociais Auto Financiáveis e Polo do Idoso, Situada na Rua Oto de Alencar, 270 - SP/IP.";"";"22";"SECRETARIA MUNICIPAL DE SERVIÇOS E OBRAS";"10";"SECRETARIA MUNICIPAL DE SERVIÇOS E OBRAS";"33978,73";"0";"120";"0";"0";"33978,73";"33978,73";"0";"33975,92";"2,81";"0";"0";"33975,92";"33975,92";"2,81";"33978,73";"0";"33975,92";"2,81";"0";"0";"33975,92";"33975,92";"2,81";"0";"0";"0";"0";"0";"0";"0";"0";"0";"0";"0";"0";"0";"0";"0";"0";"0";"0";"0";"34.10.14.244.3018.8.406.33903900.00.0";"05";"Serviços Técnicos Profissionais";"26";"Elaboração de Projetos";"39";"Outros Serviços de Terceiros - Pessoa Jurídica";"0"
"276176";"17002";"2017";"22";"SECRETARIA MUNICIPAL DE SERVIÇOS E OBRAS";"10";"Gabinete do Secretário";"5";"Nota de Empenho Fornecimento de Bens de Consumo e/ou Permanente";"39";"Não Aplicável";"8";"Não Aplicável";"10/08/2017 00:00:00";"14/08/2017 00:00:00";"14/08/2017 00:00:00";"0";"0";"5";"11788,25";"0";"11788,25";"0";"A";"1";"";"-1";"-1";"";"";"";"";"41";"SEM REAJUSTE";"";"";"";"04/08/2017 00:00:00";"09/08/2017 00:00:00";"47";"";"";"";"";"201400706366";"P";"";"";"";"Desap - Melhoramento da Av. Jornalista Roberto Marinho";"";"22";"SECRETARIA MUNICIPAL DE SERVIÇOS E OBRAS";"10";"Gabinete do Secretário";"11788,25";"0";"5";"0";"0";"11788,25";"11788,25";"0";"11788,25";"0";"0";"0";"11788,25";"11788,25";"0";"11788,25";"0";"11788,25";"0";"0";"0";"11788,25";"11788,25";"0";"0";"0";"0";"0";"0";"0";"0";"0";"0";"0";"0";"0";"0";"0";"0";"0";"0";"0";"0";"37.30.15.451.3009.5.100.44906100.08.0";"99";"Outras Aquisições de Bens Imóveis";"01";"Desapropriações";"61";"Aquisição de Imóveis";"0"
"276163";"16992";"2017";"22";"SECRETARIA MUNICIPAL DE SERVIÇOS E OBRAS";"10";"Gabinete do Secretário";"5";"Nota de Empenho Fornecimento de Bens de Consumo e/ou Permanente";"39";"Não Aplicável";"8";"Não Aplicável";"10/08/2017 00:00:00";"14/08/2017 00:00:00";"14/08/2017 00:00:00";"0";"0";"5";"78987,73";"0";"78987,73";"0";"A";"1";"";"-1";"-1";"";"";"";"";"41";"SEM REAJUSTE";"";"";"";"07/08/2017 00:00:00";"09/08/2017 00:00:00";"47";"";"";"";"";"201400037677";"P";"";"";"";"Desap - Melhoramento da Av. Jornalista Roberto Marinho";"";"22";"SECRETARIA MUNICIPAL DE SERVIÇOS E OBRAS";"10";"Gabinete do Secretário";"78987,73";"0";"5";"0";"0";"78987,73";"78987,73";"0";"78987,73";"0";"0";"0";"78987,73";"78987,73";"0";"78987,73";"0";"78987,73";"0";"0";"0";"78987,73";"78987,73";"0";"0";"0";"0";"0";"0";"0";"0";"0";"0";"0";"0";"0";"0";"0";"0";"0";"0";"0";"0";"37.30.15.451.3009.5.100.44906100.08.0";"99";"Outras Aquisições de Bens Imóveis";"01";"Desapropriações";"61";"Aquisição de Imóveis";"0"
"276170";"16996";"2017";"22";"SECRETARIA MUNICIPAL DE SERVIÇOS E OBRAS";"10";"Gabinete do Secretário";"5";"Nota de Empenho Fornecimento de Bens de Consumo e/ou Permanente";"39";"Não Aplicável";"8";"Não Aplicável";"10/08/2017 00:00:00";"14/08/2017 00:00:00";"14/08/2017 00:00:00";"0";"0";"5";"6583,86";"0";"6583,86";"0";"A";"1";"";"-1";"-1";"";"";"";"";"41";"SEM REAJUSTE";"";"";"";"07/08/2017 00:00:00";"09/08/2017 00:00:00";"47";"";"";"";"";"201301603003";"P";"";"";"";"Desap - Melhoramento da Av. Jornalista Roberto Marinho";"";"22";"SECRETARIA MUNICIPAL DE SERVIÇOS E OBRAS";"10";"Gabinete do Secretário";"6583,86";"0";"5";"0";"0";"6583,86";"6583,86";"0";"6583,86";"0";"0";"0";"6583,86";"6583,86";"0";"6583,86";"0";"6583,86";"0";"0";"0";"6583,86";"6583,86";"0";"0";"0";"0";"0";"0";"0";"0";"0";"0";"0";"0";"0";"0";"0";"0";"0";"0";"0";"0";"37.30.15.451.3009.5.100.44906100.08.0";"99";"Outras Aquisições de Bens Imóveis";"01";"Desapropriações";"61";"Aquisição de Imóveis";"0"
"276171";"16997";"2017";"22";"SECRETARIA MUNICIPAL DE SERVIÇOS E OBRAS";"10";"Gabinete do Secretário";"5";"Nota de Empenho Fornecimento de Bens de Consumo e/ou Permanente";"39";"Não Aplicável";"8";"Não Aplicável";"10/08/2017 00:00:00";"14/08/2017 00:00:00";"14/08/2017 00:00:00";"0";"0";"5";"23729,65";"0";"23729,65";"0";"A";"1";"";"-1";"-1";"";"";"";"";"41";"SEM REAJUSTE";"";"";"";"04/08/2017 00:00:00";"09/08/2017 00:00:00";"47";"";"";"";"";"201301652314";"P";"";"";"";"Desap - Melhoramento da Av. Jornalista Roberto Marinho";"";"22";"SECRETARIA MUNICIPAL DE SERVIÇOS E OBRAS";"10";"Gabinete do Secretário";"23729,65";"0";"5";"0";"0";"23729,65";"23729,65";"0";"23729,65";"0";"0";"0";"23729,65";"23729,65";"0";"23729,65";"0";"23729,65";"0";"0";"0";"23729,65";"23729,65";"0";"0";"0";"0";"0";"0";"0";"0";"0";"0";"0";"0";"0";"0";"0";"0";"0";"0";"0";"0";"37.30.15.451.3009.5.100.44906100.08.0";"99";"Outras Aquisições de Bens Imóveis";"01";"Desapropriações";"61";"Aquisição de Imóveis";"0"
"276174";"17000";"2017";"22";"SECRETARIA MUNICIPAL DE SERVIÇOS E OBRAS";"10";"Gabinete do Secretário";"5";"Nota de Empenho Fornecimento de Bens de Consumo e/ou Permanente";"39";"Não Aplicável";"8";"Não Aplicável";"10/08/2017 00:00:00";"14/08/2017 00:00:00";"14/08/2017 00:00:00";"0";"0";"5";"6426,11";"0";"6426,11";"0";"A";"1";"";"-1";"-1";"";"";"";"";"41";"SEM REAJUSTE";"";"";"";"07/08/2017 00:00:00";"09/08/2017 00:00:00";"47";"";"";"";"";"201301268450";"P";"";"";"";"Desap - Melhoramento da Av. Jornalista Roberto Marinho";"";"22";"SECRETARIA MUNICIPAL DE SERVIÇOS E OBRAS";"10";"Gabinete do Secretário";"6426,11";"0";"5";"0";"0";"6426,11";"6426,11";"0";"6426,11";"0";"0";"0";"6426,11";"6426,11";"0";"6426,11";"0";"6426,11";"0";"0";"0";"6426,11";"6426,11";"0";"0";"0";"0";"0";"0";"0";"0";"0";"0";"0";"0";"0";"0";"0";"0";"0";"0";"0";"0";"37.30.15.451.3009.5.100.44906100.08.0";"99";"Outras Aquisições de Bens Imóveis";"01";"Desapropriações";"61";"Aquisição de Imóveis";"0"
"276160";"16990";"2017";"22";"SECRETARIA MUNICIPAL DE SERVIÇOS E OBRAS";"10";"Gabinete do Secretário";"5";"Nota de Empenho Fornecimento de Bens de Consumo e/ou Permanente";"39";"Não Aplicável";"8";"Não Aplicável";"10/08/2017 00:00:00";"14/08/2017 00:00:00";"14/08/2017 00:00:00";"0";"0";"5";"78987,73";"0";"0";"0";"A";"1";"";"-1";"-1";"";"";"";"";"41";"SEM REAJUSTE";"";"";"";"07/08/2017 00:00:00";"09/08/2017 00:00:00";"47";"";"";"";"";"201400037677";"P";"";"";"";"Desap - Melhoramento da Av. Jornalista Roberto Marinho";"";"22";"SECRETARIA MUNICIPAL DE SERVIÇOS E OBRAS";"10";"Gabinete do Secretário";"78987,73";"0";"5";"0";"0";"78987,73";"78987,73";"0";"0";"0";"78987,73";"0";"0";"0";"0";"78987,73";"0";"0";"0";"78987,73";"0";"0";"0";"0";"0";"0";"0";"0";"0";"0";"0";"0";"0";"0";"0";"0";"0";"0";"0";"0";"0";"0";"0";"";"";"";"";"";"";"";"78987,73"
"272222";"13591";"2017";"86";"Fundo Municipal de Saneamento Ambiental e Infraestrutura";"22";"";"2";"Termo de Contrato - Serviços";"1";"Art. 22 - Inciso I Lei Federal  8.666/93";"4";"Concorrência";"10/04/2015 00:00:00";"11/04/2019 00:00:00";"14/10/2022 00:00:00";"0";"0";"1463";"891656,09";"267026,39";"891656,09";"267026,39";"E";"9";"umental";"-1";"-1";"";"";"";"";"2";"ESTRUTURA GERAL";"";"";"";"10/04/2015 00:00:00";"10/04/2015 00:00:00";"";"";"";"";"";"201402694233";"P";"";"";"";"CT - 007/SIURB/2015 - Córrego Ipiranga";"";"86";"Fundo Municipal de Saneamento Ambiental e Infraestrutura";"22";"";"2179372,97";"0";"1463";"0";"1980628";"4160000,97";"4160000,97";"0";"1158682,48";"3001318,49";"0";"0";"1158682,48";"1158682,48";"3001318,26";"2179372,97";"0";"891656,09";"1287716,88";"0";"0";"891656,09";"891656,09";"1287716,88";"1980628";"0";"267026,39";"1713601,61";"0";"0";"267026,39";"267026,39";"1713601,38";"0";"0";"0";"0";"0";"0";"0";"0";"0";"0";"86.22.17.451.3008.5.013.44905100.03.0";"89";"Obras em Andamento - Uso Comum do Povo";"22";"Canalização de Córregos";"51";"Obras e Instalações";"0"
"285576";"24749";"2017";"22";"SECRETARIA MUNICIPAL DE SERVIÇOS E OBRAS";"10";"Gabinete do Secretário";"5";"Nota de Empenho Fornecimento de Bens de Consumo e/ou Permanente";"39";"Não Aplicável";"8";"Não Aplicável";"05/12/2017 00:00:00";"14/12/2017 00:00:00";"14/12/2017 00:00:00";"0";"0";"10";"596743,58";"0";"596743,58";"0";"A";"1";"";"-1";"-1";"";"";"";"";"41";"SEM REAJUSTE";"";"";"";"01/12/2017 00:00:00";"05/12/2017 00:00:00";"127";"";"";"";"";"201302010103";"P";"";"";"";"Desap - Melhoramento da Av. Jornalista Roberto Marinho";"";"22";"SECRETARIA MUNICIPAL DE SERVIÇOS E OBRAS";"10";"Gabinete do Secretário";"596743,58";"0";"10";"0";"0";"596743,58";"596743,58";"0";"596743,58";"0";"0";"0";"596743,58";"596743,58";"0";"596743,58";"0";"596743,58";"0";"0";"0";"596743,58";"596743,58";"0";"0";"0";"0";"0";"0";"0";"0";"0";"0";"0";"0";"0";"0";"0";"0";"0";"0";"0";"0";"37.30.15.451.3009.5.100.44906100.08.0";"99";"Outras Aquisições de Bens Imóveis";"01";"Desapropriações";"61";"Aquisição de Imóveis";"0"
"286638";"25585";"2017";"22";"SECRETARIA MUNICIPAL DE SERVIÇOS E OBRAS";"10";"Gabinete do Secretário";"2";"Termo de Contrato - Serviços";"7";"Art. 24 - Inciso I Lei Federal  8.666/93";"6";"Dispensa de Licitação";"27/12/2017 00:00:00";"15/01/2018 00:00:00";"15/01/2018 00:00:00";"0";"0";"20";"13715,81";"0";"12986,73";"0";"A";"9";"umental";"-1";"-1";"";"";"";"";"41";"SEM REAJUSTE";"";"";"";"08/12/2017 00:00:00";"08/12/2017 00:00:00";"";"";"";"";"DL";"201701775715";"P";"";"";"";"BRINQUEDOTECA PARELHEIROS SANTO AMARO CAPELA DO SOCORRO";"";"22";"SECRETARIA MUNICIPAL DE SERVIÇOS E OBRAS";"10";"Gabinete do Secretário";"13715,81";"0";"20";"0";"0";"13715,81";"13715,81";"0";"12986,73";"0";"729,08";"0";"12986,73";"12986,73";"729,08";"13715,81";"0";"12986,73";"0";"729,08";"0";"12986,73";"12986,73";"729,08";"0";"0";"0";"0";"0";"0";"0";"0";"0";"0";"0";"0";"0";"0";"0";"0";"0";"0";"0";"34.10.14.422.3018.1.414.33903900.00.0";"16";"Manutenção e Conservação de Bens Imóveis";"02";"Pequenas Reformas - Centros de Convivência";"39";"Outros Serviços de Terceiros - Pessoa Jurídica";"729,08"
"286692";"25631";"2017";"22";"SECRETARIA MUNICIPAL DE SERVIÇOS E OBRAS";"10";"Gabinete do Secretário";"2";"Termo de Contrato - Serviços";"7";"Art. 24 - Inciso I Lei Federal  8.666/93";"6";"Dispensa de Licitação";"27/12/2017 00:00:00";"15/01/2018 00:00:00";"15/01/2018 00:00:00";"0";"0";"20";"3351,39";"0";"3184,17";"0";"A";"9";"umental";"-1";"-1";"";"";"";"";"41";"SEM REAJUSTE";"";"";"";"08/12/2017 00:00:00";"08/12/2017 00:00:00";"";"";"";"";"DL";"201701775707";"P";"";"";"";"BRINQUEDOTECA ITAQUERA";"";"22";"SECRETARIA MUNICIPAL DE SERVIÇOS E OBRAS";"10";"Gabinete do Secretário";"3351,39";"0";"20";"0";"0";"3351,39";"3351,39";"0";"3184,17";"0";"167,22";"0";"3184,17";"3184,17";"167,22";"3351,39";"0";"3184,17";"0";"167,22";"0";"3184,17";"3184,17";"167,22";"0";"0";"0";"0";"0";"0";"0";"0";"0";"0";"0";"0";"0";"0";"0";"0";"0";"0";"0";"34.10.14.422.3018.1.414.33903900.00.0";"16";"Manutenção e Conservação de Bens Imóveis";"02";"Pequenas Reformas - Centros de Convivência";"39";"Outros Serviços de Terceiros - Pessoa Jurídica";"167,22"
"286649";"25596";"2017";"22";"SECRETARIA MUNICIPAL DE SERVIÇOS E OBRAS";"10";"Gabinete do Secretário";"2";"Termo de Contrato - Serviços";"7";"Art. 24 - Inciso I Lei Federal  8.666/93";"6";"Dispensa de Licitação";"27/12/2017 00:00:00";"15/01/2018 00:00:00";"15/01/2018 00:00:00";"0";"0";"20";"10478,96";"0";"10070,12";"0";"A";"9";"umental";"-1";"-1";"";"";"";"";"41";"SEM REAJUSTE";"";"";"";"08/12/2017 00:00:00";"08/12/2017 00:00:00";"";"";"";"";"DL";"201701775685";"P";"";"";"";"Brinquedoteca  Brasilândia Perus";"";"22";"SECRETARIA MUNICIPAL DE SERVIÇOS E OBRAS";"10";"Gabinete do Secretário";"10478,96";"0";"20";"0";"0";"10478,96";"10478,96";"0";"10070,12";"0";"408,84";"0";"10070,12";"10070,12";"10887,80";"10478,96";"0";"10070,12";"0";"408,84";"0";"10070,12";"10070,12";"10887,80";"0";"0";"0";"0";"0";"0";"0";"0";"0";"0";"0";"0";"0";"0";"0";"0";"0";"0";"0";"34.10.14.422.3018.1.414.33903900.00.0";"16";"Manutenção e Conservação de Bens Imóveis";"08";"Pequenas Reformas - Praças e Parques";"39";"Outros Serviços de Terceiros - Pessoa Jurídica";"408,84"
"287281";"26159";"2017";"22";"SECRETARIA MUNICIPAL DE SERVIÇOS E OBRAS";"10";"Gabinete do Secretário";"2";"Termo de Contrato - Serviços";"10";"Art. 24 Inciso IV da lei Federal 8.666/93";"6";"Dispensa de Licitação";"19/10/2017 00:00:00";"15/02/2018 00:00:00";"15/02/2018 00:00:00";"0";"0";"120";"437865,70";"0";"436338,75";"0";"A";"9";"umental";"-1";"-1";"";"";"";"";"41";"SEM REAJUSTE";"";"";"";"20/12/2017 00:00:00";"21/12/2017 00:00:00";"52";"";"";"";"";"201701588257";"P";"";"";"";"Obra Emergencial para recuperação da margem do Córrego Pirajussara, drenagem de água e Rua Moncorvo Filho";"";"22";"SECRETARIA MUNICIPAL DE SERVIÇOS E OBRAS";"10";"Gabinete do Secretário";"437865,70";"0";"120";"0";"0";"437865,70";"437865,70";"0";"436338,75";"0";"1526,95";"0";"436338,75";"436338,75";"1526,95";"437865,70";"0";"436338,75";"0";"1526,95";"0";"436338,75";"436338,75";"1526,95";"0";"0";"0";"0";"0";"0";"0";"0";"0";"0";"0";"0";"0";"0";"0";"0";"0";"0";"0";"22.10.17.451.3008.5.013.44905100.00.0";"89";"Obras em Andamento - Uso Comum do Povo";"22";"Canalização de Córregos";"51";"Obras e Instalações";"1526,95"
"267941";"9797";"2017";"86";"Fundo Municipal de Saneamento Ambiental e Infraestrutura";"22";"";"2";"Termo de Contrato - Serviços";"1";"Art. 22 - Inciso I Lei Federal  8.666/93";"4";"Concorrência";"01/04/2015 00:00:00";"15/03/2018 00:00:00";"15/03/2018 00:00:00";"0";"0";"1080";"469262,15";"861955,39";"469262,15";"306888,90";"A";"9";"umental";"-1";"-1";"";"";"";"";"2";"ESTRUTURA GERAL";"";"";"";"11/03/2015 00:00:00";"12/03/2015 00:00:00";"";"";"";"";"";"201402583024";"P";"";"";"";"CT - 010/SIURB/2015 - Zavuvus - Lote 3";"";"86";"Fundo Municipal de Saneamento Ambiental e Infraestrutura";"22";"";"469262,15";"0";"1080";"0";"861955,39";"1331217,54";"1331217,54";"0";"776151,05";"0";"555066,49";"0";"776151,05";"776151,05";"555066,49";"469262,15";"0";"469262,15";"0";"0";"0";"469262,15";"469262,15";"0";"861955,39";"0";"306888,90";"0";"555066,49";"0";"306888,90";"306888,90";"555066,49";"0";"0";"0";"0";"0";"0";"0";"0";"0";"0";"86.22.17.451.3008.5.013.44905100.03.0";"89";"Obras em Andamento - Uso Comum do Povo";"22";"Canalização de Córregos";"51";"Obras e Instalações";"555066,49"
"276321";"17104";"2017";"22";"SECRETARIA MUNICIPAL DE SERVIÇOS E OBRAS";"10";"Gabinete do Secretário";"5";"Nota de Empenho Fornecimento de Bens de Consumo e/ou Permanente";"39";"Não Aplicável";"8";"Não Aplicável";"11/08/2017 00:00:00";"15/08/2017 00:00:00";"15/08/2017 00:00:00";"0";"0";"5";"510000";"0";"510000";"0";"A";"1";"";"-1";"-1";"";"";"";"";"41";"SEM REAJUSTE";"";"";"";"04/08/2017 00:00:00";"09/08/2017 00:00:00";"47";"";"";"";"";"201601225098";"P";"";"";"";"Desap - Melhoramento do viário de acesso ao Hospital Brasilândia";"";"22";"SECRETARIA MUNICIPAL DE SERVIÇOS E OBRAS";"10";"Gabinete do Secretário";"510000";"0";"5";"0";"0";"510000";"510000";"0";"510000";"0";"0";"0";"510000";"510000";"0";"510000";"0";"510000";"0";"0";"0";"510000";"510000";"0";"0";"0";"0";"0";"0";"0";"0";"0";"0";"0";"0";"0";"0";"0";"0";"0";"0";"0";"0";"84.10.10.302.3003.3.366.44906100.03.0";"99";"Outras Aquisições de Bens Imóveis";"01";"Desapropriações";"61";"Aquisição de Imóveis";"0"
"276292";"17085";"2017";"22";"SECRETARIA MUNICIPAL DE SERVIÇOS E OBRAS";"10";"Gabinete do Secretário";"5";"Nota de Empenho Fornecimento de Bens de Consumo e/ou Permanente";"39";"Não Aplicável";"8";"Não Aplicável";"11/08/2017 00:00:00";"15/08/2017 00:00:00";"15/08/2017 00:00:00";"0";"0";"5";"491000";"0";"491000";"0";"A";"1";"";"-1";"-1";"";"";"";"";"41";"SEM REAJUSTE";"";"";"";"04/08/2017 00:00:00";"09/08/2017 00:00:00";"57";"";"";"";"";"201601225047";"P";"";"";"";"Desap - Melhoramento do viário de acesso ao Hospital Brasilândia";"";"22";"SECRETARIA MUNICIPAL DE SERVIÇOS E OBRAS";"10";"Gabinete do Secretário";"491000";"0";"5";"0";"0";"491000";"491000";"0";"491000";"0";"0";"0";"491000";"491000";"0";"491000";"0";"491000";"0";"0";"0";"491000";"491000";"0";"0";"0";"0";"0";"0";"0";"0";"0";"0";"0";"0";"0";"0";"0";"0";"0";"0";"0";"0";"84.10.10.302.3003.3.366.44906100.03.0";"99";"Outras Aquisições de Bens Imóveis";"01";"Desapropriações";"61";"Aquisição de Imóveis";"0"
"276586";"17310";"2017";"86";"Fundo Municipal de Saneamento Ambiental e Infraestrutura";"22";"";"2";"Termo de Contrato - Serviços";"2";"Art. 22 - Inciso II Lei Federal  8.666/93";"3";"Tomada de Preços";"12/07/2011 00:00:00";"15/08/2017 00:00:00";"15/08/2017 00:00:00";"0";"0";"2227";"600612,67";"249033";"600612,38";"249032,77";"A";"9";"umental";"-1";"-1";"";"";"";"";"26";"CONSULTORIA";"";"";"";"21/10/2010 00:00:00";"21/10/2010 00:00:00";"";"";"";"";"";"200901541822";"P";"";"";"";"CT - 209/SIURB/2010 - Projeto Executivo";"";"86";"Fundo Municipal de Saneamento Ambiental e Infraestrutura";"22";"";"447038";"0";"2227";"153574,67";"249033";"849645,67";"849645,67";"0";"849645,15";"0";"0,52";"0";"849645,15";"849645,15";"0";"600612,67";"0";"600612,38";"0";"0,29";"0";"600612,38";"600612,38";"0";"249033";"0";"249032,77";"0";"0,23";"0";"249032,77";"249032,77";"0";"0";"0";"34,35";"0";"0";"0";"0";"0";"0";"0";"86.22.17.451.3008.5.013.44903900.03.0";"05";"Serviços Técnicos Profissionais";"01";"Gerenciamento";"39";"Outros Serviços de Terceiros - Pessoa Jurídica";"0,52"
"276323";"17105";"2017";"22";"SECRETARIA MUNICIPAL DE SERVIÇOS E OBRAS";"10";"Gabinete do Secretário";"5";"Nota de Empenho Fornecimento de Bens de Consumo e/ou Permanente";"39";"Não Aplicável";"8";"Não Aplicável";"11/08/2017 00:00:00";"15/08/2017 00:00:00";"15/08/2017 00:00:00";"0";"0";"5";"557000";"0";"0";"0";"R";"1";"";"-1";"-1";"";"";"";"";"41";"SEM REAJUSTE";"";"";"";"04/08/2017 00:00:00";"09/08/2017 00:00:00";"47";"";"";"";"";"201601225020";"P";"";"";"";"Desap - Melhoramento do viário de acesso ao Hospital Brasilândia";"";"22";"SECRETARIA MUNICIPAL DE SERVIÇOS E OBRAS";"10";"Gabinete do Secretário";"557000";"0";"5";"0";"0";"557000";"557000";"0";"0";"0";"557000";"0";"0";"0";"0";"557000";"0";"0";"0";"557000";"0";"0";"0";"0";"0";"0";"0";"0";"0";"0";"0";"0";"0";"0";"0";"0";"0";"0";"0";"0";"0";"0";"0";"";"";"";"";"";"";"";"557000"
"276326";"17107";"2017";"22";"SECRETARIA MUNICIPAL DE SERVIÇOS E OBRAS";"10";"Gabinete do Secretário";"5";"Nota de Empenho Fornecimento de Bens de Consumo e/ou Permanente";"39";"Não Aplicável";"8";"Não Aplicável";"11/08/2017 00:00:00";"15/08/2017 00:00:00";"15/08/2017 00:00:00";"0";"0";"5";"557000";"0";"557000";"0";"A";"1";"";"-1";"-1";"";"";"";"";"41";"SEM REAJUSTE";"";"";"";"04/08/2017 00:00:00";"09/08/2017 00:00:00";"47";"";"";"";"";"201601225020";"P";"";"";"";"Desap - Melhoramento do viário de acesso ao Hospital Brasilândia";"";"22";"SECRETARIA MUNICIPAL DE SERVIÇOS E OBRAS";"10";"Gabinete do Secretário";"557000";"0";"5";"0";"0";"557000";"557000";"0";"557000";"0";"0";"0";"557000";"557000";"0";"557000";"0";"557000";"0";"0";"0";"557000";"557000";"0";"0";"0";"0";"0";"0";"0";"0";"0";"0";"0";"0";"0";"0";"0";"0";"0";"0";"0";"0";"84.10.10.302.3003.3.366.44906100.03.0";"99";"Outras Aquisições de Bens Imóveis";"01";"Desapropriações";"61";"Aquisição de Imóveis";"0"
"285826";"24964";"2017";"22";"SECRETARIA MUNICIPAL DE SERVIÇOS E OBRAS";"10";"Gabinete do Secretário";"5";"Nota de Empenho Fornecimento de Bens de Consumo e/ou Permanente";"39";"Não Aplicável";"8";"Não Aplicável";"06/12/2017 00:00:00";"15/12/2017 00:00:00";"15/12/2017 00:00:00";"0";"0";"10";"48,60";"0";"48,60";"0";"E";"9";"umental";"2017";"3";"";"";"1";"Empresa de Tecnologia da Informação e Comunicação do Município de São Paulo";"41";"SEM REAJUSTE";"";"";"";"05/12/2017 00:00:00";"06/12/2017 00:00:00";"75";"";"";"";"";"6022201700029297";"S";"";"";"";"Aquisição de 01 (um) Certificado Digital A3 e CPF com leitora, destinado ao uso de servidor do Departamento de ILUME desta Secretaria";"";"22";"SECRETARIA MUNICIPAL DE SERVIÇOS E OBRAS";"10";"Gabinete do Secretário";"48,60";"0";"10";"0";"0";"48,60";"48,60";"0";"48,60";"0";"0";"0";"48,60";"48,60";"0";"48,60";"0";"48,60";"0";"0";"0";"48,60";"48,60";"0";"0";"0";"0";"0";"0";"0";"0";"0";"0";"0";"0";"0";"0";"0";"0";"0";"0";"0";"0";"99.10.15.122.3024.2.100.33903000.08.0";"17";"Material de Processamento de Dados";"99";"Diversos Materiais para Uso na Área de Informática";"30";"Material de Consumo";"0"
"264544";"6807";"2017";"22";"SECRETARIA MUNICIPAL DE SERVIÇOS E OBRAS";"10";"SECRETARIA MUNICIPAL DE SERVIÇOS E OBRAS";"5";"Nota de Empenho Fornecimento de Bens de Consumo e/ou Permanente";"8";"Art. 24 Inciso II da lei Federal 8.666/93";"6";"Dispensa de Licitação";"17/04/2017 00:00:00";"16/05/2017 00:00:00";"16/05/2017 00:00:00";"0";"0";"30";"48258";"0";"48258";"0";"E";"1";"";"-1";"-1";"";"";"";"";"41";"SEM REAJUSTE";"";"";"";"17/04/2017 00:00:00";"20/04/2017 00:00:00";"91";"";"";"";"";"201303463454";"P";"";"";"";"Tarifas de reprogramação - TC 0351.052-46/2011 - Ponte Baixa";"";"22";"SECRETARIA MUNICIPAL DE SERVIÇOS E OBRAS";"10";"SECRETARIA MUNICIPAL DE SERVIÇOS E OBRAS";"48258";"0";"30";"0";"0";"48258";"48258";"0";"48258";"0";"0";"0";"48258";"48258";"0";"48258";"0";"48258";"0";"0";"0";"48258";"48258";"0";"0";"0";"0";"0";"0";"0";"0";"0";"0";"0";"0";"0";"0";"0";"0";"0";"0";"0";"0";"22.10.17.451.3008.5.013.44903900.00.0";"05";"Serviços Técnicos Profissionais";"01";"Gerenciamento";"39";"Outros Serviços de Terceiros - Pessoa Jurídica";"0"
"264503";"6767";"2017";"22";"SECRETARIA MUNICIPAL DE SERVIÇOS E OBRAS";"10";"SECRETARIA MUNICIPAL DE SERVIÇOS E OBRAS";"5";"Nota de Empenho Fornecimento de Bens de Consumo e/ou Permanente";"8";"Art. 24 Inciso II da lei Federal 8.666/93";"6";"Dispensa de Licitação";"17/04/2017 00:00:00";"16/05/2017 00:00:00";"16/05/2017 00:00:00";"0";"0";"30";"480";"0";"480";"0";"E";"1";"";"-1";"-1";"";"";"";"";"41";"SEM REAJUSTE";"";"";"";"17/04/2017 00:00:00";"20/04/2017 00:00:00";"93";"";"";"";"";"201602111118";"P";"";"";"";"Tarifa de Renálise - Reprogramação - TC 0403.766-82/2013 - Zavuvus";"";"22";"SECRETARIA MUNICIPAL DE SERVIÇOS E OBRAS";"10";"SECRETARIA MUNICIPAL DE SERVIÇOS E OBRAS";"480";"0";"30";"0";"0";"480";"480";"0";"480";"0";"0";"0";"480";"480";"0";"480";"0";"480";"0";"0";"0";"480";"480";"0";"0";"0";"0";"0";"0";"0";"0";"0";"0";"0";"0";"0";"0";"0";"0";"0";"0";"0";"0";"22.10.17.451.3008.5.013.44903900.00.0";"05";"Serviços Técnicos Profissionais";"01";"Gerenciamento";"39";"Outros Serviços de Terceiros - Pessoa Jurídica";"0"
"264508";"6771";"2017";"22";"SECRETARIA MUNICIPAL DE SERVIÇOS E OBRAS";"10";"SECRETARIA MUNICIPAL DE SERVIÇOS E OBRAS";"5";"Nota de Empenho Fornecimento de Bens de Consumo e/ou Permanente";"8";"Art. 24 Inciso II da lei Federal 8.666/93";"6";"Dispensa de Licitação";"17/04/2017 00:00:00";"16/05/2017 00:00:00";"16/05/2017 00:00:00";"0";"0";"30";"31500";"0";"31500";"0";"E";"1";"";"-1";"-1";"";"";"";"";"41";"SEM REAJUSTE";"";"";"";"17/04/2017 00:00:00";"20/04/2017 00:00:00";"93";"";"";"";"";"201501271160";"P";"";"";"";"Tarifa de Reprogramação - TC 403.765-78/2013 - Córrego Aricanduva";"";"22";"SECRETARIA MUNICIPAL DE SERVIÇOS E OBRAS";"10";"SECRETARIA MUNICIPAL DE SERVIÇOS E OBRAS";"31500";"0";"30";"0";"0";"31500";"31500";"0";"31500";"0";"0";"0";"31500";"31500";"0";"31500";"0";"31500";"0";"0";"0";"31500";"31500";"0";"0";"0";"0";"0";"0";"0";"0";"0";"0";"0";"0";"0";"0";"0";"0";"0";"0";"0";"0";"22.10.17.451.3008.5.013.44903900.00.0";"05";"Serviços Técnicos Profissionais";"01";"Gerenciamento";"39";"Outros Serviços de Terceiros - Pessoa Jurídica";"0"
"264487";"6754";"2017";"22";"SECRETARIA MUNICIPAL DE SERVIÇOS E OBRAS";"10";"SECRETARIA MUNICIPAL DE SERVIÇOS E OBRAS";"5";"Nota de Empenho Fornecimento de Bens de Consumo e/ou Permanente";"8";"Art. 24 Inciso II da lei Federal 8.666/93";"6";"Dispensa de Licitação";"17/04/2017 00:00:00";"16/05/2017 00:00:00";"16/05/2017 00:00:00";"0";"0";"30";"60";"0";"60";"0";"E";"1";"";"-1";"-1";"";"";"";"";"41";"SEM REAJUSTE";"";"";"";"17/04/2017 00:00:00";"20/04/2017 00:00:00";"93";"";"";"";"";"201503278936";"P";"";"";"";"Tarifa de Publicação - TC 0425.349-95 - Corredor M'boi Mirim";"";"22";"SECRETARIA MUNICIPAL DE SERVIÇOS E OBRAS";"10";"SECRETARIA MUNICIPAL DE SERVIÇOS E OBRAS";"60";"0";"30";"0";"0";"60";"60";"0";"60";"0";"0";"0";"60";"60";"0";"60";"0";"60";"0";"0";"0";"60";"60";"0";"0";"0";"0";"0";"0";"0";"0";"0";"0";"0";"0";"0";"0";"0";"0";"0";"0";"0";"0";"22.10.26.453.3009.3.378.44903900.00.0";"05";"Serviços Técnicos Profissionais";"01";"Gerenciamento";"39";"Outros Serviços de Terceiros - Pessoa Jurídica";"0"
"264555";"6818";"2017";"22";"SECRETARIA MUNICIPAL DE SERVIÇOS E OBRAS";"10";"SECRETARIA MUNICIPAL DE SERVIÇOS E OBRAS";"5";"Nota de Empenho Fornecimento de Bens de Consumo e/ou Permanente";"8";"Art. 24 Inciso II da lei Federal 8.666/93";"6";"Dispensa de Licitação";"17/04/2017 00:00:00";"16/05/2017 00:00:00";"16/05/2017 00:00:00";"0";"0";"30";"60";"0";"60";"0";"E";"1";"";"-1";"-1";"";"";"";"";"41";"SEM REAJUSTE";"";"";"";"17/04/2017 00:00:00";"20/04/2017 00:00:00";"93";"";"";"";"";"201601017029";"P";"";"";"";"Tarifa de Publicação - TC 0420.063-42 - Córrego Uberaba";"";"22";"SECRETARIA MUNICIPAL DE SERVIÇOS E OBRAS";"10";"SECRETARIA MUNICIPAL DE SERVIÇOS E OBRAS";"60";"0";"30";"0";"0";"60";"60";"0";"60";"0";"0";"0";"60";"60";"0";"60";"0";"60";"0";"0";"0";"60";"60";"0";"0";"0";"0";"0";"0";"0";"0";"0";"0";"0";"0";"0";"0";"0";"0";"0";"0";"0";"0";"22.10.17.451.3008.5.013.44903900.00.0";"05";"Serviços Técnicos Profissionais";"01";"Gerenciamento";"39";"Outros Serviços de Terceiros - Pessoa Jurídica";"0"
"264482";"6751";"2017";"22";"SECRETARIA MUNICIPAL DE SERVIÇOS E OBRAS";"10";"SECRETARIA MUNICIPAL DE SERVIÇOS E OBRAS";"5";"Nota de Empenho Fornecimento de Bens de Consumo e/ou Permanente";"8";"Art. 24 Inciso II da lei Federal 8.666/93";"6";"Dispensa de Licitação";"17/04/2017 00:00:00";"16/05/2017 00:00:00";"16/05/2017 00:00:00";"0";"0";"30";"31560";"0";"31560";"0";"E";"1";"";"-1";"-1";"";"";"";"";"41";"SEM REAJUSTE";"";"";"";"17/04/2017 00:00:00";"20/04/2017 00:00:00";"93";"";"";"";"";"201502159011";"P";"";"";"";"Tarifa de Publicação/Reprogramação- TC 0425.346-63 - Corredor Berrini";"";"22";"SECRETARIA MUNICIPAL DE SERVIÇOS E OBRAS";"10";"SECRETARIA MUNICIPAL DE SERVIÇOS E OBRAS";"31560";"0";"30";"0";"0";"31560";"31560";"0";"31560";"0";"0";"0";"31560";"31560";"0";"31560";"0";"31560";"0";"0";"0";"31560";"31560";"0";"0";"0";"0";"0";"0";"0";"0";"0";"0";"0";"0";"0";"0";"0";"0";"0";"0";"0";"0";"22.10.26.453.3009.3.378.44903900.00.0";"05";"Serviços Técnicos Profissionais";"01";"Gerenciamento";"39";"Outros Serviços de Terceiros - Pessoa Jurídica";"0"
"266274";"8239";"2017";"22";"SECRETARIA MUNICIPAL DE SERVIÇOS E OBRAS";"10";"SECRETARIA MUNICIPAL DE SERVIÇOS E OBRAS";"5";"Nota de Empenho Fornecimento de Bens de Consumo e/ou Permanente";"39";"Não Aplicável";"8";"Não Aplicável";"12/05/2017 00:00:00";"16/05/2017 00:00:00";"16/05/2017 00:00:00";"0";"0";"5";"29928,33";"0";"29928,33";"0";"A";"1";"";"-1";"-1";"";"";"";"";"46";"Saúde - Repasse Atenção Básica (Decreto 64.775/2025)";"";"";"";"11/05/2017 00:00:00";"12/05/2017 00:00:00";"61";"";"";"";"";"201302010464";"P";"";"";"";"Desap - Melhoramento da Av. Chucri Zaidan até Av. João Dias";"";"22";"SECRETARIA MUNICIPAL DE SERVIÇOS E OBRAS";"10";"SECRETARIA MUNICIPAL DE SERVIÇOS E OBRAS";"29928,33";"0";"5";"0";"0";"29928,33";"29928,33";"0";"29928,33";"0";"0";"0";"29928,33";"29928,33";"0";"29928,33";"0";"29928,33";"0";"0";"0";"29928,33";"29928,33";"0";"0";"0";"0";"0";"0";"0";"0";"0";"0";"0";"0";"0";"0";"0";"0";"0";"0";"0";"0";"37.30.15.451.3009.5.100.44906100.08.0";"99";"Outras Aquisições de Bens Imóveis";"01";"Desapropriações";"61";"Aquisição de Imóveis";"0"
"270425";"12077";"2017";"22";"SECRETARIA MUNICIPAL DE SERVIÇOS E OBRAS";"10";"Gabinete do Secretário";"5";"Nota de Empenho Fornecimento de Bens de Consumo e/ou Permanente";"39";"Não Aplicável";"8";"Não Aplicável";"07/06/2017 00:00:00";"16/06/2017 00:00:00";"16/06/2017 00:00:00";"0";"0";"10";"6957,96";"0";"6957,96";"0";"E";"9";"umental";"-1";"-1";"";"";"";"";"41";"SEM REAJUSTE";"";"Soraya C.Lazdi";"18/05/2017 00:00:00";"05/06/2017 00:00:00";"07/06/2017 00:00:00";"52";"";"";"";"08/2017";"6022201700004413";"S";"770660";"Raquel Alves Cabral Toledo";"";"Aquisição de materiais diversos de limpeza.";"";"22";"SECRETARIA MUNICIPAL DE SERVIÇOS E OBRAS";"10";"Gabinete do Secretário";"6957,96";"0";"10";"0";"0";"6957,96";"6957,96";"0";"6957,96";"0";"0";"0";"6957,96";"6957,96";"0";"6957,96";"0";"6957,96";"0";"0";"0";"6957,96";"6957,96";"0";"0";"0";"0";"0";"0";"0";"0";"0";"0";"0";"0";"0";"0";"0";"0";"0";"0";"0";"0";"22.10.15.122.3024.2.100.33903000.00.0";"22";"Material de Limpeza e Produção de Higienização";"99";"Diversos Materiais de Limpeza e Higienização";"30";"Material de Consumo";"0"
"271938";"13336";"2017";"22";"SECRETARIA MUNICIPAL DE SERVIÇOS E OBRAS";"10";"Gabinete do Secretário";"5";"Nota de Empenho Fornecimento de Bens de Consumo e/ou Permanente";"39";"Não Aplicável";"8";"Não Aplicável";"27/06/2017 00:00:00";"16/07/2017 00:00:00";"16/07/2017 00:00:00";"0";"0";"20";"29232";"0";"29232";"0";"E";"9";"umental";"2017";"3";"15";"Secretaria Municipal  de Modernização, Gestão e Desburocratização";"";"";"41";"SEM REAJUSTE";"";"Marcos Jordão da Silva";"23/05/2017 00:00:00";"26/06/2017 00:00:00";"27/06/2017 00:00:00";"50";"";"";"";"";"6022201700010359";"S";"";"";"";"Papel sulfite com Certificado Ambiental Branco - A4 - 75/gm² - 210x297mm";"";"22";"SECRETARIA MUNICIPAL DE SERVIÇOS E OBRAS";"10";"Gabinete do Secretário";"29232";"0";"20";"0";"0";"29232";"29232";"0";"29232";"0";"0";"0";"29232";"29232";"0";"29232";"0";"29232";"0";"0";"0";"29232";"29232";"0";"0";"0";"0";"0";"0";"0";"0";"0";"0";"0";"0";"0";"0";"0";"0";"0";"0";"0";"0";"22.10.15.122.3024.2.100.33903000.00.0";"16";"Material de Expediente";"03";"Papel para Copiadora em Geral";"30";"Material de Consumo";"0"
"278218";"18615";"2017";"22";"SECRETARIA MUNICIPAL DE SERVIÇOS E OBRAS";"10";"Gabinete do Secretário";"5";"Nota de Empenho Fornecimento de Bens de Consumo e/ou Permanente";"39";"Não Aplicável";"8";"Não Aplicável";"12/09/2017 00:00:00";"16/09/2017 00:00:00";"16/09/2017 00:00:00";"0";"0";"5";"3972,21";"0";"3972,21";"0";"A";"1";"";"-1";"-1";"";"";"";"";"41";"SEM REAJUSTE";"";"";"";"11/09/2017 00:00:00";"12/09/2017 00:00:00";"64";"";"";"";"";"201302902241";"P";"";"";"";"Desap - Melhoramento da Av. Chucri Zaidan";"";"22";"SECRETARIA MUNICIPAL DE SERVIÇOS E OBRAS";"10";"Gabinete do Secretário";"3972,21";"0";"5";"0";"0";"3972,21";"3972,21";"0";"3972,21";"0";"0";"0";"3972,21";"3972,21";"0";"3972,21";"0";"3972,21";"0";"0";"0";"3972,21";"3972,21";"0";"0";"0";"0";"0";"0";"0";"0";"0";"0";"0";"0";"0";"0";"0";"0";"0";"0";"0";"0";"37.30.15.451.3009.5.100.44906100.08.0";"99";"Outras Aquisições de Bens Imóveis";"01";"Desapropriações";"61";"Aquisição de Imóveis";"0"
"271542";"12994";"2017";"86";"Fundo Municipal de Saneamento Ambiental e Infraestrutura";"22";"FMSAI - Secretaria Municipal de Serviços e Obras";"2";"Termo de Contrato - Serviços";"1";"Art. 22 - Inciso I Lei Federal  8.666/93";"4";"Concorrência";"19/06/2017 00:00:00";"16/09/2017 00:00:00";"16/09/2017 00:00:00";"0";"0";"90";"3021520,16";"610044,92";"3021520,16";"610044,92";"A";"9";"umental";"-1";"-1";"";"";"";"";"26";"CONSULTORIA";"";"";"";"20/06/2017 00:00:00";"21/06/2017 00:00:00";"";"";"";"";"";"201201217659";"P";"";"";"";"Execução de serviços técnicos especializados de engenharia consultiva para gerenciamento e assessoria técnica para implantação de programas de infraestrutura urbana e de edifícios públicos na cidade, sob a responsabilidade da SMSO - Lote 2";"";"86";"Fundo Municipal de Saneamento Ambiental e Infraestrutura";"22";"FMSAI - Secretaria Municipal de Serviços e Obras";"3021520,16";"0";"90";"0";"610044,92";"3631565,08";"3631565,08";"0";"3631565,08";"0";"0";"0";"3631565,08";"3631565,08";"0";"3021520,16";"0";"3021520,16";"0";"0";"0";"3021520,16";"3021520,16";"0";"610044,92";"0";"610044,92";"0";"0";"0";"610044,92";"610044,92";"0";"0";"0";"0";"0";"0";"0";"0";"0";"0";"0";"86.22.17.451.3008.5.013.44903900.03.0";"05";"Serviços Técnicos Profissionais";"01";"Gerenciamento";"39";"Outros Serviços de Terceiros - Pessoa Jurídica";"0"
"284104";"23521";"2017";"22";"SECRETARIA MUNICIPAL DE SERVIÇOS E OBRAS";"10";"Gabinete do Secretário";"5";"Nota de Empenho Fornecimento de Bens de Consumo e/ou Permanente";"8";"Art. 24 Inciso II da lei Federal 8.666/93";"6";"Dispensa de Licitação";"17/11/2017 00:00:00";"16/11/2018 00:00:00";"16/11/2018 00:00:00";"0";"0";"364";"4853";"0";"4189";"0";"E";"9";"umental";"-1";"-1";"";"";"";"";"41";"SEM REAJUSTE";"";"";"";"17/11/2017 00:00:00";"";"";"";"";"";"";"6022201700024775";"S";"";"";"";"Recarga, manutenção de extintores de incêndio e testes pneumático nas mangueiras de incêndio, nas dependências dos Edifícios Domingos Fernandes Alonso - (Edifício Olido), Mendes Caldeira e 11° andar do Edifício Grande São Paulo (ILUME)";"";"22";"SECRETARIA MUNICIPAL DE SERVIÇOS E OBRAS";"10";"Gabinete do Secretário";"4853";"0";"364";"0";"0";"4853";"4853";"0";"4189";"664";"0";"0";"4189";"4189";"0";"4853";"0";"4189";"664";"0";"0";"4189";"4189";"0";"0";"0";"0";"0";"0";"0";"0";"0";"0";"0";"0";"0";"0";"0";"0";"0";"0";"0";"0";"22.10.15.122.3024.2.100.33903900.00.0";"17";"Manut. e Conserv. de Máquinas e Equipamentos";"99";"Outras Máquinas e Equipamentos";"39";"Outros Serviços de Terceiros - Pessoa Jurídica";"0"
"271547";"12998";"2017";"86";"Fundo Municipal de Saneamento Ambiental e Infraestrutura";"22";"FMSAI - Secretaria Municipal de Serviços e Obras";"2";"Termo de Contrato - Serviços";"1";"Art. 22 - Inciso I Lei Federal  8.666/93";"4";"Concorrência";"20/06/2017 00:00:00";"17/09/2017 00:00:00";"17/09/2017 00:00:00";"0";"0";"90";"2602488,29";"525442,39";"2601488,29";"525442,39";"A";"9";"umental";"-1";"-1";"";"";"";"";"26";"CONSULTORIA";"";"";"";"20/06/2017 00:00:00";"21/06/2017 00:00:00";"";"";"";"";"";"201102351624";"P";"";"";"";"Prorrogação Contratual - 048/SIURB/2012";"";"86";"Fundo Municipal de Saneamento Ambiental e Infraestrutura";"22";"FMSAI - Secretaria Municipal de Serviços e Obras";"2602488,29";"0";"90";"0";"525442,39";"3127930,68";"3127930,68";"0";"3126930,68";"0";"1000";"0";"3126930,68";"3126930,68";"1000";"2602488,29";"0";"2601488,29";"0";"1000";"0";"2601488,29";"2601488,29";"1000";"525442,39";"0";"525442,39";"0";"0";"0";"525442,39";"525442,39";"0";"0";"0";"0";"0";"0";"0";"0";"0";"0";"0";"86.22.17.451.3008.5.013.44903900.03.0";"05";"Serviços Técnicos Profissionais";"01";"Gerenciamento";"39";"Outros Serviços de Terceiros - Pessoa Jurídica";"1000"
"284092";"23510";"2017";"22";"SECRETARIA MUNICIPAL DE SERVIÇOS E OBRAS";"10";"Gabinete do Secretário";"2";"Termo de Contrato - Serviços";"6";"Lei Federal 10.520/02";"12";"Pregão";"20/12/2017 00:00:00";"19/12/2018 00:00:00";"18/12/2020 00:00:00";"0";"0";"364";"899999,64";"31334,10";"599999,76";"10704,83";"E";"9";"umental";"-1";"-1";"";"";"";"";"41";"SEM REAJUSTE";"";"Fernanda Oliveira";"22/09/2017 00:00:00";"07/11/2017 00:00:00";"08/11/2017 00:00:00";"24";"";"";"";"";"6022201700001031";"S";"";"";"";"Prestação de serviços de reprodução de cópias eletrostáticas, digitalização, plotagem de arquivos digitais e correlatos, com fornecimento de todos os materiais necessários de consumo e mão de obra";"";"22";"SECRETARIA MUNICIPAL DE SERVIÇOS E OBRAS";"10";"Gabinete do Secretário";"299999,88";"0";"364";"599999,76";"31334,10";"931333,74";"931333,74";"0";"610704,59";"320629,16";"-0,01";"0";"610704,59";"610704,59";"9166,73";"899999,64";"0";"599999,76";"299999,88";"0";"0";"599999,76";"599999,76";"9166,66";"31334,10";"0";"10704,83";"20629,28";"-0,01";"0";"10704,83";"10704,83";"0,07";"0";"0";"0";"0";"0";"0";"0";"0";"730";"0";"22.10.15.122.3024.2.100.33903900.00.0";"12";"Locação de Máquinas e Equipamentos";"99";"Outras Máquinas e Equipamentos em Geral";"39";"Outros Serviços de Terceiros - Pessoa Jurídica";"-0,01"
"287317";"26191";"2017";"22";"SECRETARIA MUNICIPAL DE SERVIÇOS E OBRAS";"10";"Gabinete do Secretário";"2";"Termo de Contrato - Serviços";"7";"Art. 24 - Inciso I Lei Federal  8.666/93";"6";"Dispensa de Licitação";"26/12/2017 00:00:00";"19/01/2018 00:00:00";"19/01/2018 00:00:00";"0";"0";"25";"12787,49";"0";"12787,49";"0";"E";"9";"umental";"-1";"-1";"";"";"";"";"41";"SEM REAJUSTE";"";"";"";"12/12/2017 00:00:00";"15/12/2017 00:00:00";"48";"";"";"";"Dispensa d Licitação";"6022201700018694";"S";"";"";"";"Prestação de Serviços Técnico-Profissionais de levantamento topográfico planialtimétrico e sondagem para construção de muros de contenção na CEI Indireto Jardim Jaqueline, localizado na Rua Bergognome, nº 17 , Jardim Olimpya - PR/BT.";"";"22";"SECRETARIA MUNICIPAL DE SERVIÇOS E OBRAS";"10";"Gabinete do Secretário";"12787,49";"0";"25";"0";"0";"12787,49";"12787,49";"0";"12787,49";"0";"0";"0";"12787,49";"12787,49";"0";"12787,49";"0";"12787,49";"0";"0";"0";"12787,49";"12787,49";"0";"0";"0";"0";"0";"0";"0";"0";"0";"0";"0";"0";"0";"0";"0";"0";"0";"0";"0";"0";"16.10.12.368.3010.1.430.44905100.00.0";"89";"Obras em Andamento - Uso Comum do Povo";"02";"Escolas e Similares";"51";"Obras e Instalações";"0"
"263982";"6303";"2017";"86";"Fundo Municipal de Saneamento Ambiental e Infraestrutura";"22";"";"2";"Termo de Contrato - Serviços";"1";"Art. 22 - Inciso I Lei Federal  8.666/93";"4";"Concorrência";"20/06/2012 00:00:00";"19/07/2017 00:00:00";"19/07/2017 00:00:00";"0";"0";"1856";"5757999";"1058571,25";"5594945,47";"1058571,25";"A";"9";"umental";"-1";"-1";"";"";"";"";"26";"CONSULTORIA";"";"";"";"20/06/2012 00:00:00";"20/06/2012 00:00:00";"";"";"";"";"";"201102351624";"P";"";"";"";"CT - 048/SMSO/2012 - Lote 1";"";"86";"Fundo Municipal de Saneamento Ambiental e Infraestrutura";"22";"";"5757999";"0";"1856";"0";"1058571,25";"6816570,25";"6816570,25";"0";"6653516,72";"0";"163053,53";"0";"6653516,72";"6653516,72";"2010641,97";"5757999";"0";"5594945,47";"0";"163053,53";"0";"5594945,47";"5594945,47";"1544972,38";"1058571,25";"0";"1058571,25";"0";"0";"0";"1058571,25";"1058571,25";"465669,59";"0";"0";"0";"0";"0";"0";"0";"0";"0";"0";"86.22.17.451.3008.5.013.44903900.03.0";"05";"Serviços Técnicos Profissionais";"01";"Gerenciamento";"39";"Outros Serviços de Terceiros - Pessoa Jurídica";"163053,53"
"276513";"17251";"2017";"86";"Fundo Municipal de Saneamento Ambiental e Infraestrutura";"22";"FMSAI - Secretaria Municipal de Serviços e Obras";"5";"Nota de Empenho Fornecimento de Bens de Consumo e/ou Permanente";"39";"Não Aplicável";"8";"Não Aplicável";"15/08/2017 00:00:00";"19/08/2017 00:00:00";"19/08/2017 00:00:00";"0";"0";"5";"243279,76";"0";"243279,76";"0";"A";"1";"";"-1";"-1";"";"";"";"";"41";"SEM REAJUSTE";"";"";"";"10/08/2017 00:00:00";"15/08/2017 00:00:00";"106";"";"";"";"";"201602260415";"P";"";"";"";"Indenização de Benfeitorias - Obra Pública";"";"86";"Fundo Municipal de Saneamento Ambiental e Infraestrutura";"22";"FMSAI - Secretaria Municipal de Serviços e Obras";"243279,76";"0";"5";"0";"0";"243279,76";"243279,76";"0";"243279,76";"0";"0";"0";"243279,76";"243279,76";"0";"243279,76";"0";"243279,76";"0";"0";"0";"243279,76";"243279,76";"0";"0";"0";"0";"0";"0";"0";"0";"0";"0";"0";"0";"0";"0";"0";"0";"0";"0";"0";"0";"86.22.17.451.3008.5.013.44904800.03.0";"91";"FMH";"02";"Projetos e Ações de Apoio Habitacional";"48";"Outros Auxílios Financeiros a Pessoas Físicas";"0"
"276525";"17262";"2017";"86";"Fundo Municipal de Saneamento Ambiental e Infraestrutura";"22";"FMSAI - Secretaria Municipal de Serviços e Obras";"5";"Nota de Empenho Fornecimento de Bens de Consumo e/ou Permanente";"39";"Não Aplicável";"8";"Não Aplicável";"15/08/2017 00:00:00";"19/08/2017 00:00:00";"19/08/2017 00:00:00";"0";"0";"5";"50034,71";"0";"50034,71";"0";"A";"1";"";"-1";"-1";"";"";"";"";"41";"SEM REAJUSTE";"";"";"";"10/08/2017 00:00:00";"15/08/2017 00:00:00";"106";"";"";"";"";"201700584843";"P";"";"";"";"Indenização de Benfeitorias - Obra Pública";"";"86";"Fundo Municipal de Saneamento Ambiental e Infraestrutura";"22";"FMSAI - Secretaria Municipal de Serviços e Obras";"50034,71";"0";"5";"0";"0";"50034,71";"50034,71";"0";"50034,71";"0";"0";"0";"50034,71";"50034,71";"0";"50034,71";"0";"50034,71";"0";"0";"0";"50034,71";"50034,71";"0";"0";"0";"0";"0";"0";"0";"0";"0";"0";"0";"0";"0";"0";"0";"0";"0";"0";"0";"0";"86.22.17.451.3008.5.013.44904800.03.0";"91";"FMH";"02";"Projetos e Ações de Apoio Habitacional";"48";"Outros Auxílios Financeiros a Pessoas Físicas";"0"
"276522";"17259";"2017";"86";"Fundo Municipal de Saneamento Ambiental e Infraestrutura";"22";"FMSAI - Secretaria Municipal de Serviços e Obras";"5";"Nota de Empenho Fornecimento de Bens de Consumo e/ou Permanente";"39";"Não Aplicável";"8";"Não Aplicável";"15/08/2017 00:00:00";"19/08/2017 00:00:00";"19/08/2017 00:00:00";"0";"0";"5";"138653,56";"0";"138653,56";"0";"A";"1";"";"-1";"-1";"";"";"";"";"41";"SEM REAJUSTE";"";"";"";"10/08/2017 00:00:00";"15/08/2017 00:00:00";"106";"";"";"";"";"201601827691";"P";"";"";"";"Indenização de Benfeitorias - Obra Pública";"";"86";"Fundo Municipal de Saneamento Ambiental e Infraestrutura";"22";"FMSAI - Secretaria Municipal de Serviços e Obras";"138653,56";"0";"5";"0";"0";"138653,56";"138653,56";"0";"138653,56";"0";"0";"0";"138653,56";"138653,56";"0";"138653,56";"0";"138653,56";"0";"0";"0";"138653,56";"138653,56";"0";"0";"0";"0";"0";"0";"0";"0";"0";"0";"0";"0";"0";"0";"0";"0";"0";"0";"0";"0";"86.22.17.451.3008.5.013.44904800.03.0";"91";"FMH";"02";"Projetos e Ações de Apoio Habitacional";"48";"Outros Auxílios Financeiros a Pessoas Físicas";"0"
"276573";"17299";"2017";"86";"Fundo Municipal de Saneamento Ambiental e Infraestrutura";"22";"FMSAI - Secretaria Municipal de Serviços e Obras";"5";"Nota de Empenho Fornecimento de Bens de Consumo e/ou Permanente";"39";"Não Aplicável";"8";"Não Aplicável";"15/08/2017 00:00:00";"19/08/2017 00:00:00";"19/08/2017 00:00:00";"0";"0";"5";"25806,75";"0";"25806,75";"0";"A";"1";"";"-1";"-1";"";"";"";"";"41";"SEM REAJUSTE";"";"";"";"09/08/2017 00:00:00";"12/08/2017 00:00:00";"49";"";"";"";"";"201700852520";"P";"";"";"";"Indenização de benfeitorias - Obras publicas";"";"86";"Fundo Municipal de Saneamento Ambiental e Infraestrutura";"22";"FMSAI - Secretaria Municipal de Serviços e Obras";"25806,75";"0";"5";"0";"0";"25806,75";"25806,75";"0";"25806,75";"0";"0";"0";"25806,75";"25806,75";"0";"25806,75";"0";"25806,75";"0";"0";"0";"25806,75";"25806,75";"0";"0";"0";"0";"0";"0";"0";"0";"0";"0";"0";"0";"0";"0";"0";"0";"0";"0";"0";"0";"86.22.17.451.3008.5.013.44904800.03.0";"91";"FMH";"02";"Projetos e Ações de Apoio Habitacional";"48";"Outros Auxílios Financeiros a Pessoas Físicas";"0"
"276515";"17253";"2017";"86";"Fundo Municipal de Saneamento Ambiental e Infraestrutura";"22";"FMSAI - Secretaria Municipal de Serviços e Obras";"5";"Nota de Empenho Fornecimento de Bens de Consumo e/ou Permanente";"39";"Não Aplicável";"8";"Não Aplicável";"15/08/2017 00:00:00";"19/08/2017 00:00:00";"19/08/2017 00:00:00";"0";"0";"5";"50984,82";"0";"50984,82";"0";"A";"1";"";"-1";"-1";"";"";"";"";"41";"SEM REAJUSTE";"";"";"";"10/08/2017 00:00:00";"15/08/2017 00:00:00";"106";"";"";"";"";"201601509800";"P";"";"";"";"Indenização de Benfeitorias - Obra Pública";"";"86";"Fundo Municipal de Saneamento Ambiental e Infraestrutura";"22";"FMSAI - Secretaria Municipal de Serviços e Obras";"50984,82";"0";"5";"0";"0";"50984,82";"50984,82";"0";"50984,82";"0";"0";"0";"50984,82";"50984,82";"0";"50984,82";"0";"50984,82";"0";"0";"0";"50984,82";"50984,82";"0";"0";"0";"0";"0";"0";"0";"0";"0";"0";"0";"0";"0";"0";"0";"0";"0";"0";"0";"0";"86.22.17.451.3008.5.013.44904800.03.0";"91";"FMH";"02";"Projetos e Ações de Apoio Habitacional";"48";"Outros Auxílios Financeiros a Pessoas Físicas";"0"
"276528";"17265";"2017";"86";"Fundo Municipal de Saneamento Ambiental e Infraestrutura";"22";"FMSAI - Secretaria Municipal de Serviços e Obras";"5";"Nota de Empenho Fornecimento de Bens de Consumo e/ou Permanente";"39";"Não Aplicável";"8";"Não Aplicável";"15/08/2017 00:00:00";"19/08/2017 00:00:00";"19/08/2017 00:00:00";"0";"0";"5";"117257,21";"0";"117257,21";"0";"A";"1";"";"-1";"-1";"";"";"";"";"41";"SEM REAJUSTE";"";"";"";"10/08/2017 00:00:00";"15/08/2017 00:00:00";"106";"";"";"";"";"201700261254";"P";"";"";"";"Indenização de Benfeitorias - Obra Pública";"";"86";"Fundo Municipal de Saneamento Ambiental e Infraestrutura";"22";"FMSAI - Secretaria Municipal de Serviços e Obras";"117257,21";"0";"5";"0";"0";"117257,21";"117257,21";"0";"117257,21";"0";"0";"0";"117257,21";"117257,21";"0";"117257,21";"0";"117257,21";"0";"0";"0";"117257,21";"117257,21";"0";"0";"0";"0";"0";"0";"0";"0";"0";"0";"0";"0";"0";"0";"0";"0";"0";"0";"0";"0";"86.22.17.451.3008.5.013.44904800.03.0";"91";"FMH";"02";"Projetos e Ações de Apoio Habitacional";"48";"Outros Auxílios Financeiros a Pessoas Físicas";"0"
"276523";"17260";"2017";"86";"Fundo Municipal de Saneamento Ambiental e Infraestrutura";"22";"FMSAI - Secretaria Municipal de Serviços e Obras";"5";"Nota de Empenho Fornecimento de Bens de Consumo e/ou Permanente";"39";"Não Aplicável";"8";"Não Aplicável";"15/08/2017 00:00:00";"19/08/2017 00:00:00";"19/08/2017 00:00:00";"0";"0";"5";"69724,86";"0";"69724,86";"0";"A";"1";"";"-1";"-1";"";"";"";"";"41";"SEM REAJUSTE";"";"";"";"09/08/2017 00:00:00";"12/08/2017 00:00:00";"49";"";"";"";"";"201700946990";"P";"";"";"";"Indenização de Benfeitorias - Obra Pública";"";"86";"Fundo Municipal de Saneamento Ambiental e Infraestrutura";"22";"FMSAI - Secretaria Municipal de Serviços e Obras";"69724,86";"0";"5";"0";"0";"69724,86";"69724,86";"0";"69724,86";"0";"0";"0";"69724,86";"69724,86";"0";"69724,86";"0";"69724,86";"0";"0";"0";"69724,86";"69724,86";"0";"0";"0";"0";"0";"0";"0";"0";"0";"0";"0";"0";"0";"0";"0";"0";"0";"0";"0";"0";"86.22.17.451.3008.5.013.44904800.03.0";"91";"FMH";"02";"Projetos e Ações de Apoio Habitacional";"48";"Outros Auxílios Financeiros a Pessoas Físicas";"0"
"276516";"17254";"2017";"86";"Fundo Municipal de Saneamento Ambiental e Infraestrutura";"22";"FMSAI - Secretaria Municipal de Serviços e Obras";"5";"Nota de Empenho Fornecimento de Bens de Consumo e/ou Permanente";"39";"Não Aplicável";"8";"Não Aplicável";"15/08/2017 00:00:00";"19/08/2017 00:00:00";"19/08/2017 00:00:00";"0";"0";"5";"125556,10";"0";"125556,10";"0";"A";"1";"";"-1";"-1";"";"";"";"";"41";"SEM REAJUSTE";"";"";"";"09/08/2017 00:00:00";"12/08/2017 00:00:00";"49";"";"";"";"";"201700872903";"P";"";"";"";"Indenização de Benfeitorias - Obra Pública";"";"86";"Fundo Municipal de Saneamento Ambiental e Infraestrutura";"22";"FMSAI - Secretaria Municipal de Serviços e Obras";"125556,10";"0";"5";"0";"0";"125556,10";"125556,10";"0";"125556,10";"0";"0";"0";"125556,10";"125556,10";"0";"125556,10";"0";"125556,10";"0";"0";"0";"125556,10";"125556,10";"0";"0";"0";"0";"0";"0";"0";"0";"0";"0";"0";"0";"0";"0";"0";"0";"0";"0";"0";"0";"86.22.17.451.3008.5.013.44904800.03.0";"91";"FMH";"02";"Projetos e Ações de Apoio Habitacional";"48";"Outros Auxílios Financeiros a Pessoas Físicas";"0"
"276517";"17255";"2017";"86";"Fundo Municipal de Saneamento Ambiental e Infraestrutura";"22";"FMSAI - Secretaria Municipal de Serviços e Obras";"5";"Nota de Empenho Fornecimento de Bens de Consumo e/ou Permanente";"39";"Não Aplicável";"8";"Não Aplicável";"15/08/2017 00:00:00";"19/08/2017 00:00:00";"19/08/2017 00:00:00";"0";"0";"5";"42390,02";"0";"42390,02";"0";"A";"1";"";"-1";"-1";"";"";"";"";"41";"SEM REAJUSTE";"";"";"";"10/08/2017 00:00:00";"15/08/2017 00:00:00";"106";"";"";"";"";"201700620483";"P";"";"";"";"Indenização de Benfeitorias - Obra Pública";"";"86";"Fundo Municipal de Saneamento Ambiental e Infraestrutura";"22";"FMSAI - Secretaria Municipal de Serviços e Obras";"42390,02";"0";"5";"0";"0";"42390,02";"42390,02";"0";"42390,02";"0";"0";"0";"42390,02";"42390,02";"0";"42390,02";"0";"42390,02";"0";"0";"0";"42390,02";"42390,02";"0";"0";"0";"0";"0";"0";"0";"0";"0";"0";"0";"0";"0";"0";"0";"0";"0";"0";"0";"0";"86.22.17.451.3008.5.013.44904800.03.0";"91";"FMH";"02";"Projetos e Ações de Apoio Habitacional";"48";"Outros Auxílios Financeiros a Pessoas Físicas";"0"
"276510";"17248";"2017";"86";"Fundo Municipal de Saneamento Ambiental e Infraestrutura";"22";"FMSAI - Secretaria Municipal de Serviços e Obras";"5";"Nota de Empenho Fornecimento de Bens de Consumo e/ou Permanente";"39";"Não Aplicável";"8";"Não Aplicável";"15/08/2017 00:00:00";"19/08/2017 00:00:00";"19/08/2017 00:00:00";"0";"0";"5";"99578,86";"0";"99578,86";"0";"A";"1";"";"-1";"-1";"";"";"";"";"41";"SEM REAJUSTE";"";"";"";"10/08/2017 00:00:00";"15/08/2017 00:00:00";"106";"";"";"";"";"201601828655";"P";"";"";"";"Indenização de Benfeitorias - Obra Pública";"";"86";"Fundo Municipal de Saneamento Ambiental e Infraestrutura";"22";"FMSAI - Secretaria Municipal de Serviços e Obras";"99578,86";"0";"5";"0";"0";"99578,86";"99578,86";"0";"99578,86";"0";"0";"0";"99578,86";"99578,86";"0";"99578,86";"0";"99578,86";"0";"0";"0";"99578,86";"99578,86";"0";"0";"0";"0";"0";"0";"0";"0";"0";"0";"0";"0";"0";"0";"0";"0";"0";"0";"0";"0";"86.22.17.451.3008.5.013.44904800.03.0";"91";"FMH";"02";"Projetos e Ações de Apoio Habitacional";"48";"Outros Auxílios Financeiros a Pessoas Físicas";"0"
"276529";"17266";"2017";"86";"Fundo Municipal de Saneamento Ambiental e Infraestrutura";"22";"FMSAI - Secretaria Municipal de Serviços e Obras";"5";"Nota de Empenho Fornecimento de Bens de Consumo e/ou Permanente";"39";"Não Aplicável";"8";"Não Aplicável";"15/08/2017 00:00:00";"19/08/2017 00:00:00";"19/08/2017 00:00:00";"0";"0";"5";"80276,47";"0";"80276,47";"0";"A";"1";"";"-1";"-1";"";"";"";"";"41";"SEM REAJUSTE";"";"";"";"10/08/2017 00:00:00";"15/08/2017 00:00:00";"106";"";"";"";"";"201700683183";"P";"";"";"";"Indenização de Benfeitorias - Obra Pública";"";"86";"Fundo Municipal de Saneamento Ambiental e Infraestrutura";"22";"FMSAI - Secretaria Municipal de Serviços e Obras";"80276,47";"0";"5";"0";"0";"80276,47";"80276,47";"0";"80276,47";"0";"0";"0";"80276,47";"80276,47";"0";"80276,47";"0";"80276,47";"0";"0";"0";"80276,47";"80276,47";"0";"0";"0";"0";"0";"0";"0";"0";"0";"0";"0";"0";"0";"0";"0";"0";"0";"0";"0";"0";"86.22.17.451.3008.5.013.44904800.03.0";"91";"FMH";"02";"Projetos e Ações de Apoio Habitacional";"48";"Outros Auxílios Financeiros a Pessoas Físicas";"0"
"276524";"17261";"2017";"86";"Fundo Municipal de Saneamento Ambiental e Infraestrutura";"22";"FMSAI - Secretaria Municipal de Serviços e Obras";"5";"Nota de Empenho Fornecimento de Bens de Consumo e/ou Permanente";"39";"Não Aplicável";"8";"Não Aplicável";"15/08/2017 00:00:00";"19/08/2017 00:00:00";"19/08/2017 00:00:00";"0";"0";"5";"125094,12";"0";"125094,12";"0";"A";"1";"";"-1";"-1";"";"";"";"";"41";"SEM REAJUSTE";"";"";"";"10/08/2017 00:00:00";"15/08/2017 00:00:00";"106";"";"";"";"";"201601902073";"P";"";"";"";"Indenização de Benfeitorias - Obra Pública";"";"86";"Fundo Municipal de Saneamento Ambiental e Infraestrutura";"22";"FMSAI - Secretaria Municipal de Serviços e Obras";"125094,12";"0";"5";"0";"0";"125094,12";"125094,12";"0";"125094,12";"0";"0";"0";"125094,12";"125094,12";"0";"125094,12";"0";"125094,12";"0";"0";"0";"125094,12";"125094,12";"0";"0";"0";"0";"0";"0";"0";"0";"0";"0";"0";"0";"0";"0";"0";"0";"0";"0";"0";"0";"86.22.17.451.3008.5.013.44904800.03.0";"91";"FMH";"02";"Projetos e Ações de Apoio Habitacional";"48";"Outros Auxílios Financeiros a Pessoas Físicas";"0"
"276572";"17298";"2017";"86";"Fundo Municipal de Saneamento Ambiental e Infraestrutura";"22";"FMSAI - Secretaria Municipal de Serviços e Obras";"5";"Nota de Empenho Fornecimento de Bens de Consumo e/ou Permanente";"39";"Não Aplicável";"8";"Não Aplicável";"15/08/2017 00:00:00";"19/08/2017 00:00:00";"19/08/2017 00:00:00";"0";"0";"5";"94837,42";"0";"94837,42";"0";"A";"1";"";"-1";"-1";"";"";"";"";"41";"SEM REAJUSTE";"";"";"";"09/08/2017 00:00:00";"12/08/2017 00:00:00";"49";"";"";"";"";"201700852422";"P";"";"";"";"Indenização de benfeitorias - obra publica";"";"86";"Fundo Municipal de Saneamento Ambiental e Infraestrutura";"22";"FMSAI - Secretaria Municipal de Serviços e Obras";"94837,42";"0";"5";"0";"0";"94837,42";"94837,42";"0";"94837,42";"0";"0";"0";"94837,42";"94837,42";"0";"94837,42";"0";"94837,42";"0";"0";"0";"94837,42";"94837,42";"0";"0";"0";"0";"0";"0";"0";"0";"0";"0";"0";"0";"0";"0";"0";"0";"0";"0";"0";"0";"86.22.17.451.3008.5.013.44904800.03.0";"91";"FMH";"02";"Projetos e Ações de Apoio Habitacional";"48";"Outros Auxílios Financeiros a Pessoas Físicas";"0"
"276511";"17249";"2017";"86";"Fundo Municipal de Saneamento Ambiental e Infraestrutura";"22";"FMSAI - Secretaria Municipal de Serviços e Obras";"5";"Nota de Empenho Fornecimento de Bens de Consumo e/ou Permanente";"39";"Não Aplicável";"8";"Não Aplicável";"15/08/2017 00:00:00";"19/08/2017 00:00:00";"19/08/2017 00:00:00";"0";"0";"5";"186936,62";"0";"186936,62";"0";"A";"1";"";"-1";"-1";"";"";"";"";"41";"SEM REAJUSTE";"";"";"";"09/08/2017 00:00:00";"12/08/2017 00:00:00";"49";"";"";"";"";"201700852570";"P";"";"";"";"Indenização de Benfeitorias - Obra Pública";"";"86";"Fundo Municipal de Saneamento Ambiental e Infraestrutura";"22";"FMSAI - Secretaria Municipal de Serviços e Obras";"186936,62";"0";"5";"0";"0";"186936,62";"186936,62";"0";"186936,62";"0";"0";"0";"186936,62";"186936,62";"0";"186936,62";"0";"186936,62";"0";"0";"0";"186936,62";"186936,62";"0";"0";"0";"0";"0";"0";"0";"0";"0";"0";"0";"0";"0";"0";"0";"0";"0";"0";"0";"0";"86.22.17.451.3008.5.013.44904800.03.0";"91";"FMH";"02";"Projetos e Ações de Apoio Habitacional";"48";"Outros Auxílios Financeiros a Pessoas Físicas";"0"
"276551";"17278";"2017";"86";"Fundo Municipal de Saneamento Ambiental e Infraestrutura";"22";"FMSAI - Secretaria Municipal de Serviços e Obras";"5";"Nota de Empenho Fornecimento de Bens de Consumo e/ou Permanente";"39";"Não Aplicável";"8";"Não Aplicável";"15/08/2017 00:00:00";"19/08/2017 00:00:00";"19/08/2017 00:00:00";"0";"0";"5";"62196,65";"0";"62196,65";"0";"A";"1";"";"-1";"-1";"";"";"";"";"41";"SEM REAJUSTE";"";"";"";"09/08/2017 00:00:00";"12/08/2017 00:00:00";"49";"";"";"";"";"201700872881";"P";"";"";"";"Indenização de Benfeitorias - Obra Pública";"";"86";"Fundo Municipal de Saneamento Ambiental e Infraestrutura";"22";"FMSAI - Secretaria Municipal de Serviços e Obras";"62196,65";"0";"5";"0";"0";"62196,65";"62196,65";"0";"62196,65";"0";"0";"0";"62196,65";"62196,65";"0";"62196,65";"0";"62196,65";"0";"0";"0";"62196,65";"62196,65";"0";"0";"0";"0";"0";"0";"0";"0";"0";"0";"0";"0";"0";"0";"0";"0";"0";"0";"0";"0";"86.22.17.451.3008.5.013.44904800.03.0";"91";"FMH";"02";"Projetos e Ações de Apoio Habitacional";"48";"Outros Auxílios Financeiros a Pessoas Físicas";"0"
"276527";"17264";"2017";"86";"Fundo Municipal de Saneamento Ambiental e Infraestrutura";"22";"FMSAI - Secretaria Municipal de Serviços e Obras";"5";"Nota de Empenho Fornecimento de Bens de Consumo e/ou Permanente";"39";"Não Aplicável";"8";"Não Aplicável";"15/08/2017 00:00:00";"19/08/2017 00:00:00";"19/08/2017 00:00:00";"0";"0";"5";"67318,94";"0";"67318,94";"0";"A";"1";"";"-1";"-1";"";"";"";"";"41";"SEM REAJUSTE";"";"";"";"09/08/2017 00:00:00";"12/08/2017 00:00:00";"49";"";"";"";"";"201700947849";"P";"";"";"";"Indenização de Benfeitorias - Obra Pública";"";"86";"Fundo Municipal de Saneamento Ambiental e Infraestrutura";"22";"FMSAI - Secretaria Municipal de Serviços e Obras";"67318,94";"0";"5";"0";"0";"67318,94";"67318,94";"0";"67318,94";"0";"0";"0";"67318,94";"67318,94";"0";"67318,94";"0";"67318,94";"0";"0";"0";"67318,94";"67318,94";"0";"0";"0";"0";"0";"0";"0";"0";"0";"0";"0";"0";"0";"0";"0";"0";"0";"0";"0";"0";"86.22.17.451.3008.5.013.44904800.03.0";"91";"FMH";"02";"Projetos e Ações de Apoio Habitacional";"48";"Outros Auxílios Financeiros a Pessoas Físicas";"0"
"276534";"17269";"2017";"86";"Fundo Municipal de Saneamento Ambiental e Infraestrutura";"22";"FMSAI - Secretaria Municipal de Serviços e Obras";"5";"Nota de Empenho Fornecimento de Bens de Consumo e/ou Permanente";"39";"Não Aplicável";"8";"Não Aplicável";"15/08/2017 00:00:00";"19/08/2017 00:00:00";"19/08/2017 00:00:00";"0";"0";"5";"115682,89";"0";"115682,89";"0";"A";"1";"";"-1";"-1";"";"";"";"";"41";"SEM REAJUSTE";"";"";"";"09/08/2017 00:00:00";"12/08/2017 00:00:00";"47";"";"";"";"";"201700872873";"P";"";"";"";"Indenização de Benfeitorias - Obra Pública";"";"86";"Fundo Municipal de Saneamento Ambiental e Infraestrutura";"22";"FMSAI - Secretaria Municipal de Serviços e Obras";"115682,89";"0";"5";"0";"0";"115682,89";"115682,89";"0";"115682,89";"0";"0";"0";"115682,89";"115682,89";"0";"115682,89";"0";"115682,89";"0";"0";"0";"115682,89";"115682,89";"0";"0";"0";"0";"0";"0";"0";"0";"0";"0";"0";"0";"0";"0";"0";"0";"0";"0";"0";"0";"86.22.17.451.3008.5.013.44904800.03.0";"91";"FMH";"02";"Projetos e Ações de Apoio Habitacional";"48";"Outros Auxílios Financeiros a Pessoas Físicas";"0"
"276512";"17250";"2017";"86";"Fundo Municipal de Saneamento Ambiental e Infraestrutura";"22";"FMSAI - Secretaria Municipal de Serviços e Obras";"5";"Nota de Empenho Fornecimento de Bens de Consumo e/ou Permanente";"39";"Não Aplicável";"8";"Não Aplicável";"15/08/2017 00:00:00";"19/08/2017 00:00:00";"19/08/2017 00:00:00";"0";"0";"5";"46947,36";"0";"46947,36";"0";"A";"1";"";"-1";"-1";"";"";"";"";"41";"SEM REAJUSTE";"";"";"";"10/08/2017 00:00:00";"15/08/2017 00:00:00";"106";"";"";"";"";"201700584878";"P";"";"";"";"Indenização de Benfeitorias - Obra Pública";"";"86";"Fundo Municipal de Saneamento Ambiental e Infraestrutura";"22";"FMSAI - Secretaria Municipal de Serviços e Obras";"46947,36";"0";"5";"0";"0";"46947,36";"46947,36";"0";"46947,36";"0";"0";"0";"46947,36";"46947,36";"0";"46947,36";"0";"46947,36";"0";"0";"0";"46947,36";"46947,36";"0";"0";"0";"0";"0";"0";"0";"0";"0";"0";"0";"0";"0";"0";"0";"0";"0";"0";"0";"0";"86.22.17.451.3008.5.013.44904800.03.0";"91";"FMH";"02";"Projetos e Ações de Apoio Habitacional";"48";"Outros Auxílios Financeiros a Pessoas Físicas";"0"
"276520";"17257";"2017";"86";"Fundo Municipal de Saneamento Ambiental e Infraestrutura";"22";"FMSAI - Secretaria Municipal de Serviços e Obras";"5";"Nota de Empenho Fornecimento de Bens de Consumo e/ou Permanente";"39";"Não Aplicável";"8";"Não Aplicável";"15/08/2017 00:00:00";"19/08/2017 00:00:00";"19/08/2017 00:00:00";"0";"0";"5";"121034,46";"0";"121034,46";"0";"A";"1";"";"-1";"-1";"";"";"";"";"41";"SEM REAJUSTE";"";"";"";"09/08/2017 00:00:00";"12/08/2017 00:00:00";"49";"";"";"";"";"201700872938";"P";"";"";"";"Indenização de Benfeitorias - Obra Pública";"";"86";"Fundo Municipal de Saneamento Ambiental e Infraestrutura";"22";"FMSAI - Secretaria Municipal de Serviços e Obras";"121034,46";"0";"5";"0";"0";"121034,46";"121034,46";"0";"121034,46";"0";"0";"0";"121034,46";"121034,46";"0";"121034,46";"0";"121034,46";"0";"0";"0";"121034,46";"121034,46";"0";"0";"0";"0";"0";"0";"0";"0";"0";"0";"0";"0";"0";"0";"0";"0";"0";"0";"0";"0";"86.22.17.451.3008.5.013.44904800.03.0";"91";"FMH";"02";"Projetos e Ações de Apoio Habitacional";"48";"Outros Auxílios Financeiros a Pessoas Físicas";"0"
"276799";"17484";"2017";"98";"Fundo de Desenvolvimento Urbano";"22";"FUNDURB - Secretaria Municipal de Infra-Estrutura Urbana e Obras";"2";"Termo de Contrato - Serviços";"8";"Art. 24 Inciso II da lei Federal 8.666/93";"6";"Dispensa de Licitação";"19/07/2013 00:00:00";"18/08/2017 00:00:00";"19/08/2017 00:00:00";"0";"0";"1492";"628418,39";"0";"628418,39";"0";"E";"9";"umental";"-1";"-1";"";"";"";"";"2";"ESTRUTURA GERAL";"";"";"";"17/07/2013 00:00:00";"19/07/2013 00:00:00";"137";"";"";"";"";"7910201700003514";"S";"";"";"";"CT - 051/SIURB/2013 - Terminal Itaquera/Corredor";"";"98";"Fundo de Desenvolvimento Urbano";"22";"FUNDURB - Secretaria Municipal de Infra-Estrutura Urbana e Obras";"4666207,20";"0";"1492";"0";"385756";"5051963,20";"5051963,20";"0";"628418,39";"4423544,81";"0";"0";"628418,39";"628418,39";"4132214,44";"4666207,20";"0";"628418,39";"4037788,81";"0";"0";"628418,39";"628418,39";"4016487,64";"385756";"0";"0";"385756";"0";"0";"0";"0";"115726,80";"0";"0";"0";"0";"0";"0";"0";"0";"2311";"0";"98.22.26.453.3009.3.750.44905100.08.0";"89";"Obras em Andamento - Uso Comum do Povo";"21";"Terminais de Ônibus e Abrigos para Passageiros";"51";"Obras e Instalações";"0"
"276521";"17258";"2017";"86";"Fundo Municipal de Saneamento Ambiental e Infraestrutura";"22";"FMSAI - Secretaria Municipal de Serviços e Obras";"5";"Nota de Empenho Fornecimento de Bens de Consumo e/ou Permanente";"39";"Não Aplicável";"8";"Não Aplicável";"15/08/2017 00:00:00";"19/08/2017 00:00:00";"19/08/2017 00:00:00";"0";"0";"5";"60302,75";"0";"60302,75";"0";"A";"1";"";"-1";"-1";"";"";"";"";"41";"SEM REAJUSTE";"";"";"";"09/08/2017 00:00:00";"12/08/2017 00:00:00";"49";"";"";"";"";"201700854832";"P";"";"";"";"Indenização de Benfeitorias - Obra Pública";"";"86";"Fundo Municipal de Saneamento Ambiental e Infraestrutura";"22";"FMSAI - Secretaria Municipal de Serviços e Obras";"60302,75";"0";"5";"0";"0";"60302,75";"60302,75";"0";"60302,75";"0";"0";"0";"60302,75";"60302,75";"0";"60302,75";"0";"60302,75";"0";"0";"0";"60302,75";"60302,75";"0";"0";"0";"0";"0";"0";"0";"0";"0";"0";"0";"0";"0";"0";"0";"0";"0";"0";"0";"0";"86.22.17.451.3008.5.013.44904800.03.0";"91";"FMH";"02";"Projetos e Ações de Apoio Habitacional";"48";"Outros Auxílios Financeiros a Pessoas Físicas";"0"
"279155";"19424";"2017";"22";"SECRETARIA MUNICIPAL DE SERVIÇOS E OBRAS";"10";"Gabinete do Secretário";"5";"Nota de Empenho Fornecimento de Bens de Consumo e/ou Permanente";"9";"Art. 24 Inciso III da lei Federal 8.666/93";"6";"Dispensa de Licitação";"20/09/2017 00:00:00";"19/10/2017 00:00:00";"19/10/2017 00:00:00";"0";"0";"30";"1455194,44";"0";"1455194,44";"0";"E";"1";"";"-1";"-1";"";"";"";"";"41";"SEM REAJUSTE";"";"";"";"20/09/2017 00:00:00";"21/09/2017 00:00:00";"";"";"";"";"";"6022201700021849";"S";"";"";"";"Reembolso de desapropriação OUCAE.";"";"22";"SECRETARIA MUNICIPAL DE SERVIÇOS E OBRAS";"10";"Gabinete do Secretário";"1455194,44";"0";"30";"0";"0";"1455194,44";"1455194,44";"0";"1455194,44";"0";"0";"0";"1455194,44";"1455194,44";"0";"1455194,44";"0";"1455194,44";"0";"0";"0";"1455194,44";"1455194,44";"0";"0";"0";"0";"0";"0";"0";"0";"0";"0";"0";"0";"0";"0";"0";"0";"0";"0";"0";"0";"37.30.15.451.3009.5.100.44906100.08.0";"99";"Outras Aquisições de Bens Imóveis";"01";"Desapropriações";"61";"Aquisição de Imóveis";"0"
"281613";"21475";"2017";"22";"SECRETARIA MUNICIPAL DE SERVIÇOS E OBRAS";"10";"Gabinete do Secretário";"5";"Nota de Empenho Fornecimento de Bens de Consumo e/ou Permanente";"39";"Não Aplicável";"8";"Não Aplicável";"17/10/2017 00:00:00";"19/10/2017 00:00:00";"19/10/2017 00:00:00";"0";"0";"3";"506059,34";"0";"506059,34";"0";"A";"1";"";"-1";"-1";"";"";"";"";"41";"SEM REAJUSTE";"";"";"";"17/10/2017 00:00:00";"18/10/2017 00:00:00";"22";"";"";"";"";"201102341246";"P";"";"";"";"Desap - Melhoramento da Av. Jornalista Roberto Marinho";"";"22";"SECRETARIA MUNICIPAL DE SERVIÇOS E OBRAS";"10";"Gabinete do Secretário";"506059,34";"0";"3";"0";"0";"506059,34";"506059,34";"0";"506059,34";"0";"0";"0";"506059,34";"506059,34";"0";"506059,34";"0";"506059,34";"0";"0";"0";"506059,34";"506059,34";"0";"0";"0";"0";"0";"0";"0";"0";"0";"0";"0";"0";"0";"0";"0";"0";"0";"0";"0";"0";"37.30.16.451.3002.3.357.44906100.08.0";"99";"Outras Aquisições de Bens Imóveis";"01";"Desapropriações";"61";"Aquisição de Imóveis";"0"
"263986";"6307";"2017";"86";"Fundo Municipal de Saneamento Ambiental e Infraestrutura";"22";"";"2";"Termo de Contrato - Serviços";"1";"Art. 22 - Inciso I Lei Federal  8.666/93";"4";"Concorrência";"20/06/2012 00:00:00";"20/06/2017 00:00:00";"20/06/2017 00:00:00";"0";"0";"1827";"7477837,77";"1162998,30";"5538663,10";"771478,83";"A";"9";"umental";"-1";"-1";"";"";"";"";"26";"CONSULTORIA";"";"";"";"20/06/2012 00:00:00";"20/06/2012 00:00:00";"";"";"";"";"";"201201217659";"P";"";"";"";"CT - 049/SMSO/2012 - Gerenciamento - Lote 2";"";"86";"Fundo Municipal de Saneamento Ambiental e Infraestrutura";"22";"";"7477837,77";"0";"1827";"0";"1162998,30";"8640836,07";"8640836,07";"0";"6310141,93";"0";"2330694,14";"0";"6310141,93";"6310141,93";"2330694,04";"7477837,77";"0";"5538663,10";"0";"1939174,67";"0";"5538663,10";"5538663,10";"1939174,67";"1162998,30";"0";"771478,83";"0";"391519,47";"0";"771478,83";"771478,83";"391519,37";"0";"0";"0";"0";"0";"0";"0";"0";"0";"0";"86.22.17.451.3008.5.013.44903900.03.0";"05";"Serviços Técnicos Profissionais";"01";"Gerenciamento";"39";"Outros Serviços de Terceiros - Pessoa Jurídica";"2330694,14"
"276632";"17351";"2017";"86";"Fundo Municipal de Saneamento Ambiental e Infraestrutura";"22";"FMSAI - Secretaria Municipal de Serviços e Obras";"5";"Nota de Empenho Fornecimento de Bens de Consumo e/ou Permanente";"39";"Não Aplicável";"8";"Não Aplicável";"16/08/2017 00:00:00";"20/08/2017 00:00:00";"20/08/2017 00:00:00";"0";"0";"5";"97249,01";"0";"97249,01";"0";"A";"1";"";"-1";"-1";"";"";"";"";"41";"SEM REAJUSTE";"";"";"";"11/08/2017 00:00:00";"16/08/2017 00:00:00";"48";"";"";"";"";"201601900569";"P";"";"";"";"Indenização de Benfeitorias - Obra Pública";"";"86";"Fundo Municipal de Saneamento Ambiental e Infraestrutura";"22";"FMSAI - Secretaria Municipal de Serviços e Obras";"97249,01";"0";"5";"0";"0";"97249,01";"97249,01";"0";"97249,01";"0";"0";"0";"97249,01";"97249,01";"0";"97249,01";"0";"97249,01";"0";"0";"0";"97249,01";"97249,01";"0";"0";"0";"0";"0";"0";"0";"0";"0";"0";"0";"0";"0";"0";"0";"0";"0";"0";"0";"0";"86.22.17.451.3008.5.013.44904800.03.0";"91";"FMH";"02";"Projetos e Ações de Apoio Habitacional";"48";"Outros Auxílios Financeiros a Pessoas Físicas";"0"
"276641";"17357";"2017";"86";"Fundo Municipal de Saneamento Ambiental e Infraestrutura";"22";"FMSAI - Secretaria Municipal de Serviços e Obras";"5";"Nota de Empenho Fornecimento de Bens de Consumo e/ou Permanente";"39";"Não Aplicável";"8";"Não Aplicável";"16/08/2017 00:00:00";"20/08/2017 00:00:00";"20/08/2017 00:00:00";"0";"0";"5";"123145,07";"0";"123145,07";"0";"A";"1";"";"-1";"-1";"";"";"";"";"41";"SEM REAJUSTE";"";"";"";"11/08/2017 00:00:00";"16/08/2017 00:00:00";"48";"";"";"";"";"201700464759";"P";"";"";"";"Indenização de Benfeitorias - Obra Pública";"";"86";"Fundo Municipal de Saneamento Ambiental e Infraestrutura";"22";"FMSAI - Secretaria Municipal de Serviços e Obras";"123145,07";"0";"5";"0";"0";"123145,07";"123145,07";"0";"123145,07";"0";"0";"0";"123145,07";"123145,07";"0";"123145,07";"0";"123145,07";"0";"0";"0";"123145,07";"123145,07";"0";"0";"0";"0";"0";"0";"0";"0";"0";"0";"0";"0";"0";"0";"0";"0";"0";"0";"0";"0";"86.22.17.451.3008.5.013.44904800.03.0";"91";"FMH";"02";"Projetos e Ações de Apoio Habitacional";"48";"Outros Auxílios Financeiros a Pessoas Físicas";"0"
"266303";"8264";"2017";"22";"SECRETARIA MUNICIPAL DE SERVIÇOS E OBRAS";"10";"SECRETARIA MUNICIPAL DE SERVIÇOS E OBRAS";"5";"Nota de Empenho Fornecimento de Bens de Consumo e/ou Permanente";"39";"Não Aplicável";"8";"Não Aplicável";"12/05/2017 00:00:00";"21/05/2017 00:00:00";"21/05/2017 00:00:00";"0";"0";"10";"1449213,20";"0";"1449213,20";"0";"A";"1";"";"-1";"-1";"";"";"";"";"41";"SEM REAJUSTE";"";"";"";"11/05/2017 00:00:00";"12/05/2017 00:00:00";"61";"";"";"";"";"201301268450";"P";"";"";"";"Desap - Prolongamento da Av. Jornalista Roberto Marinho";"";"22";"SECRETARIA MUNICIPAL DE SERVIÇOS E OBRAS";"10";"SECRETARIA MUNICIPAL DE SERVIÇOS E OBRAS";"17117,61";"0";"10";"1432095,59";"0";"1449213,20";"1449213,20";"0";"1449213,20";"0";"0";"0";"1449213,20";"1449213,20";"0";"1449213,20";"0";"1449213,20";"0";"0";"0";"1449213,20";"1449213,20";"0";"0";"0";"0";"0";"0";"0";"0";"0";"0";"0";"0";"8366,21";"0";"0";"0";"0";"0";"0";"0";"37.30.15.451.3009.5.100.44906100.08.0";"99";"Outras Aquisições de Bens Imóveis";"01";"Desapropriações";"61";"Aquisição de Imóveis";"0"
"266292";"8255";"2017";"22";"SECRETARIA MUNICIPAL DE SERVIÇOS E OBRAS";"10";"SECRETARIA MUNICIPAL DE SERVIÇOS E OBRAS";"5";"Nota de Empenho Fornecimento de Bens de Consumo e/ou Permanente";"39";"Não Aplicável";"8";"Não Aplicável";"12/05/2017 00:00:00";"21/05/2017 00:00:00";"21/05/2017 00:00:00";"0";"0";"10";"31843,26";"0";"31843,26";"0";"A";"1";"";"-1";"-1";"";"";"";"";"41";"SEM REAJUSTE";"";"";"";"11/05/2017 00:00:00";"12/05/2017 00:00:00";"61";"";"";"";"";"201302681571";"P";"";"";"";"Desap - Melhoramento da Av Chucri Zaidan até Av. João Dias";"";"22";"SECRETARIA MUNICIPAL DE SERVIÇOS E OBRAS";"10";"SECRETARIA MUNICIPAL DE SERVIÇOS E OBRAS";"31843,26";"0";"10";"0";"0";"31843,26";"31843,26";"0";"31843,26";"0";"0";"0";"31843,26";"31843,26";"0";"31843,26";"0";"31843,26";"0";"0";"0";"31843,26";"31843,26";"0";"0";"0";"0";"0";"0";"0";"0";"0";"0";"0";"0";"0";"0";"0";"0";"0";"0";"0";"0";"37.30.15.451.3009.5.100.44906100.08.0";"99";"Outras Aquisições de Bens Imóveis";"01";"Desapropriações";"61";"Aquisição de Imóveis";"0"
"266284";"8248";"2017";"22";"SECRETARIA MUNICIPAL DE SERVIÇOS E OBRAS";"10";"SECRETARIA MUNICIPAL DE SERVIÇOS E OBRAS";"5";"Nota de Empenho Fornecimento de Bens de Consumo e/ou Permanente";"39";"Não Aplicável";"8";"Não Aplicável";"12/05/2017 00:00:00";"21/05/2017 00:00:00";"21/05/2017 00:00:00";"0";"0";"10";"50926";"0";"50926";"0";"A";"1";"";"-1";"-1";"";"";"";"";"41";"SEM REAJUSTE";"";"";"";"11/05/2017 00:00:00";"12/05/2017 00:00:00";"61";"";"";"";"";"201302274950";"P";"";"";"";"Desap - Melhoramento da Av Chucri Zaidan até Av. João Dias";"";"22";"SECRETARIA MUNICIPAL DE SERVIÇOS E OBRAS";"10";"SECRETARIA MUNICIPAL DE SERVIÇOS E OBRAS";"50926";"0";"10";"0";"0";"50926";"50926";"0";"50926";"0";"0";"0";"50926";"50926";"0";"50926";"0";"50926";"0";"0";"0";"50926";"50926";"0";"0";"0";"0";"0";"0";"0";"0";"0";"0";"0";"0";"0";"0";"0";"0";"0";"0";"0";"0";"37.30.15.451.3009.5.100.44906100.08.0";"99";"Outras Aquisições de Bens Imóveis";"01";"Desapropriações";"61";"Aquisição de Imóveis";"0"
"266294";"8257";"2017";"22";"SECRETARIA MUNICIPAL DE SERVIÇOS E OBRAS";"10";"SECRETARIA MUNICIPAL DE SERVIÇOS E OBRAS";"5";"Nota de Empenho Fornecimento de Bens de Consumo e/ou Permanente";"39";"Não Aplicável";"8";"Não Aplicável";"12/05/2017 00:00:00";"21/05/2017 00:00:00";"21/05/2017 00:00:00";"0";"0";"10";"6830,35";"0";"6830,35";"0";"A";"1";"";"-1";"-1";"";"";"";"";"41";"SEM REAJUSTE";"";"";"";"11/05/2017 00:00:00";"12/05/2017 00:00:00";"61";"";"";"";"";"201302680990";"P";"";"";"";"Desap - Melhoramento da Av Chucri Zaidan até Av. João Dias";"";"22";"SECRETARIA MUNICIPAL DE SERVIÇOS E OBRAS";"10";"SECRETARIA MUNICIPAL DE SERVIÇOS E OBRAS";"6830,35";"0";"10";"0";"0";"6830,35";"6830,35";"0";"6830,35";"0";"0";"0";"6830,35";"6830,35";"0";"6830,35";"0";"6830,35";"0";"0";"0";"6830,35";"6830,35";"0";"0";"0";"0";"0";"0";"0";"0";"0";"0";"0";"0";"0";"0";"0";"0";"0";"0";"0";"0";"37.30.15.451.3009.5.100.44906100.08.0";"99";"Outras Aquisições de Bens Imóveis";"01";"Desapropriações";"61";"Aquisição de Imóveis";"0"
"266297";"8259";"2017";"22";"SECRETARIA MUNICIPAL DE SERVIÇOS E OBRAS";"10";"SECRETARIA MUNICIPAL DE SERVIÇOS E OBRAS";"5";"Nota de Empenho Fornecimento de Bens de Consumo e/ou Permanente";"39";"Não Aplicável";"8";"Não Aplicável";"12/05/2017 00:00:00";"21/05/2017 00:00:00";"21/05/2017 00:00:00";"0";"0";"10";"3729,56";"0";"3729,56";"0";"A";"1";"";"-1";"-1";"";"";"";"";"41";"SEM REAJUSTE";"";"";"";"11/05/2017 00:00:00";"12/05/2017 00:00:00";"61";"";"";"";"";"201302681318";"P";"";"";"";"Desap - Melhoramento da Av Chucri Zaidan até Av. João Dias";"";"22";"SECRETARIA MUNICIPAL DE SERVIÇOS E OBRAS";"10";"SECRETARIA MUNICIPAL DE SERVIÇOS E OBRAS";"3729,56";"0";"10";"0";"0";"3729,56";"3729,56";"0";"3729,56";"0";"0";"0";"3729,56";"3729,56";"0";"3729,56";"0";"3729,56";"0";"0";"0";"3729,56";"3729,56";"0";"0";"0";"0";"0";"0";"0";"0";"0";"0";"0";"0";"0";"0";"0";"0";"0";"0";"0";"0";"37.30.15.451.3009.5.100.44906100.08.0";"99";"Outras Aquisições de Bens Imóveis";"01";"Desapropriações";"61";"Aquisição de Imóveis";"0"
"266296";"8258";"2017";"22";"SECRETARIA MUNICIPAL DE SERVIÇOS E OBRAS";"10";"SECRETARIA MUNICIPAL DE SERVIÇOS E OBRAS";"5";"Nota de Empenho Fornecimento de Bens de Consumo e/ou Permanente";"39";"Não Aplicável";"8";"Não Aplicável";"12/05/2017 00:00:00";"21/05/2017 00:00:00";"21/05/2017 00:00:00";"0";"0";"10";"6946,70";"0";"6946,70";"0";"A";"1";"";"-1";"-1";"";"";"";"";"41";"SEM REAJUSTE";"";"";"";"11/05/2017 00:00:00";"12/05/2017 00:00:00";"61";"";"";"";"";"201302113956";"P";"";"";"";"Desap - Melhoramento da Av Chucri Zaidan até Av. João Dias";"";"22";"SECRETARIA MUNICIPAL DE SERVIÇOS E OBRAS";"10";"SECRETARIA MUNICIPAL DE SERVIÇOS E OBRAS";"6946,70";"0";"10";"0";"0";"6946,70";"6946,70";"0";"6946,70";"0";"0";"0";"6946,70";"6946,70";"0";"6946,70";"0";"6946,70";"0";"0";"0";"6946,70";"6946,70";"0";"0";"0";"0";"0";"0";"0";"0";"0";"0";"0";"0";"0";"0";"0";"0";"0";"0";"0";"0";"37.30.15.451.3009.5.100.44906100.08.0";"99";"Outras Aquisições de Bens Imóveis";"01";"Desapropriações";"61";"Aquisição de Imóveis";"0"
"266291";"8254";"2017";"22";"SECRETARIA MUNICIPAL DE SERVIÇOS E OBRAS";"10";"SECRETARIA MUNICIPAL DE SERVIÇOS E OBRAS";"5";"Nota de Empenho Fornecimento de Bens de Consumo e/ou Permanente";"39";"Não Aplicável";"8";"Não Aplicável";"12/05/2017 00:00:00";"21/05/2017 00:00:00";"21/05/2017 00:00:00";"0";"0";"10";"161042,01";"0";"161042,01";"0";"A";"1";"";"-1";"-1";"";"";"";"";"41";"SEM REAJUSTE";"";"";"";"11/05/2017 00:00:00";"12/05/2017 00:00:00";"61";"";"";"";"";"201302902004";"P";"";"";"";"Desap - Melhoramento da Av Chucri Zaidan até Av. João Dias";"";"22";"SECRETARIA MUNICIPAL DE SERVIÇOS E OBRAS";"10";"SECRETARIA MUNICIPAL DE SERVIÇOS E OBRAS";"161042,01";"0";"10";"0";"0";"161042,01";"161042,01";"0";"161042,01";"0";"0";"0";"161042,01";"161042,01";"0";"161042,01";"0";"161042,01";"0";"0";"0";"161042,01";"161042,01";"0";"0";"0";"0";"0";"0";"0";"0";"0";"0";"0";"0";"0";"0";"0";"0";"0";"0";"0";"0";"37.30.15.451.3009.5.100.44906100.08.0";"99";"Outras Aquisições de Bens Imóveis";"01";"Desapropriações";"61";"Aquisição de Imóveis";"0"
"266276";"8241";"2017";"22";"SECRETARIA MUNICIPAL DE SERVIÇOS E OBRAS";"10";"SECRETARIA MUNICIPAL DE SERVIÇOS E OBRAS";"5";"Nota de Empenho Fornecimento de Bens de Consumo e/ou Permanente";"39";"Não Aplicável";"8";"Não Aplicável";"12/05/2017 00:00:00";"21/05/2017 00:00:00";"21/05/2017 00:00:00";"0";"0";"10";"564868,56";"0";"564868,56";"0";"A";"1";"";"-1";"-1";"";"";"";"";"41";"SEM REAJUSTE";"";"";"";"11/05/2017 00:00:00";"12/05/2017 00:00:00";"61";"";"";"";"";"201302902497";"P";"";"";"";"Desap - Melhoramento da Av Chucri Zaidan até Av. João Dias";"";"22";"SECRETARIA MUNICIPAL DE SERVIÇOS E OBRAS";"10";"SECRETARIA MUNICIPAL DE SERVIÇOS E OBRAS";"564868,56";"0";"10";"0";"0";"564868,56";"564868,56";"0";"564868,56";"0";"0";"0";"564868,56";"564868,56";"0";"564868,56";"0";"564868,56";"0";"0";"0";"564868,56";"564868,56";"0";"0";"0";"0";"0";"0";"0";"0";"0";"0";"0";"0";"0";"0";"0";"0";"0";"0";"0";"0";"37.30.15.451.3009.5.100.44906100.08.0";"99";"Outras Aquisições de Bens Imóveis";"01";"Desapropriações";"61";"Aquisição de Imóveis";"0"
"278650";"18993";"2017";"22";"Secretaria Municipal de Infra-Estrutura Urbana e Obras";"10";"Gabinete do Secretário";"5";"Nota de Empenho Fornecimento de Bens de Consumo e/ou Permanente";"8";"Art. 24 Inciso II da lei Federal 8.666/93";"6";"Dispensa de Licitação";"23/01/2017 00:00:00";"21/06/2017 00:00:00";"21/06/2017 00:00:00";"0";"0";"150";"290677,40";"0";"290677,40";"0";"E";"1";"";"-1";"-1";"";"";"";"";"41";"SEM REAJUSTE";"";"";"";"15/09/2017 00:00:00";"16/09/2017 00:00:00";"";"";"";"";"";"7910201700004774";"S";"";"";"";"Contratação da Concessionária AES Eletropaulo visando a remoção de postes e rede de distribuição aérea existente, provisoriamente para o novo alinhamento do viário (trecho 3) do complexo Chucri Zaidan, no âmbito do contrato nº 185/SIURB/2011.";"";"22";"Secretaria Municipal de Infra-Estrutura Urbana e Obras";"10";"Gabinete do Secretário";"290677,40";"0";"150";"0";"0";"290677,40";"290677,40";"0";"290677,40";"0";"0";"0";"290677,40";"290677,40";"0";"290677,40";"0";"290677,40";"0";"0";"0";"290677,40";"290677,40";"0";"0";"0";"0";"0";"0";"0";"0";"0";"0";"0";"0";"0";"0";"0";"0";"0";"0";"0";"0";"37.30.15.451.3009.5.100.44905100.08.0";"99";"Outras Obras e Instalações";"04";"Remanejamento de Interferências";"51";"Obras e Instalações";"0"
"281762";"21584";"2017";"22";"SECRETARIA MUNICIPAL DE SERVIÇOS E OBRAS";"10";"Gabinete do Secretário";"5";"Nota de Empenho Fornecimento de Bens de Consumo e/ou Permanente";"39";"Não Aplicável";"8";"Não Aplicável";"19/10/2017 00:00:00";"21/10/2017 00:00:00";"21/10/2017 00:00:00";"0";"0";"3";"100197,76";"0";"100197,76";"0";"A";"1";"";"-1";"-1";"";"";"";"";"41";"SEM REAJUSTE";"";"";"";"17/10/2017 00:00:00";"19/10/2017 00:00:00";"89";"";"";"";"";"201301603305";"P";"";"";"";"Desap - Melhoramento da Av. Jornalista Roberto Marinho";"";"22";"SECRETARIA MUNICIPAL DE SERVIÇOS E OBRAS";"10";"Gabinete do Secretário";"100197,76";"0";"3";"0";"0";"100197,76";"100197,76";"0";"100197,76";"0";"0";"0";"100197,76";"100197,76";"0";"100197,76";"0";"100197,76";"0";"0";"0";"100197,76";"100197,76";"0";"0";"0";"0";"0";"0";"0";"0";"0";"0";"0";"0";"0";"0";"0";"0";"0";"0";"0";"0";"37.30.15.451.3009.5.100.44906100.08.0";"99";"Outras Aquisições de Bens Imóveis";"01";"Desapropriações";"61";"Aquisição de Imóveis";"0"
"281764";"21586";"2017";"22";"SECRETARIA MUNICIPAL DE SERVIÇOS E OBRAS";"10";"Gabinete do Secretário";"5";"Nota de Empenho Fornecimento de Bens de Consumo e/ou Permanente";"39";"Não Aplicável";"8";"Não Aplicável";"19/10/2017 00:00:00";"21/10/2017 00:00:00";"21/10/2017 00:00:00";"0";"0";"3";"30931,86";"0";"30931,86";"0";"A";"1";"";"-1";"-1";"";"";"";"";"41";"SEM REAJUSTE";"";"";"";"17/10/2017 00:00:00";"19/10/2017 00:00:00";"89";"";"";"";"";"201301602384";"P";"";"";"";"Desap - Melhoramento da Av. Jornalista Roberto Marinho";"";"22";"SECRETARIA MUNICIPAL DE SERVIÇOS E OBRAS";"10";"Gabinete do Secretário";"30931,86";"0";"3";"0";"0";"30931,86";"30931,86";"0";"30931,86";"0";"0";"0";"30931,86";"30931,86";"0";"30931,86";"0";"30931,86";"0";"0";"0";"30931,86";"30931,86";"0";"0";"0";"0";"0";"0";"0";"0";"0";"0";"0";"0";"0";"0";"0";"0";"0";"0";"0";"0";"37.30.15.451.3009.5.100.44906100.08.0";"99";"Outras Aquisições de Bens Imóveis";"01";"Desapropriações";"61";"Aquisição de Imóveis";"0"
"281751";"21573";"2017";"22";"SECRETARIA MUNICIPAL DE SERVIÇOS E OBRAS";"10";"Gabinete do Secretário";"5";"Nota de Empenho Fornecimento de Bens de Consumo e/ou Permanente";"39";"Não Aplicável";"8";"Não Aplicável";"19/10/2017 00:00:00";"21/10/2017 00:00:00";"21/10/2017 00:00:00";"0";"0";"3";"154,64";"0";"154,64";"0";"A";"1";"";"-1";"-1";"";"";"";"";"41";"SEM REAJUSTE";"";"";"";"17/10/2017 00:00:00";"19/10/2017 00:00:00";"89";"";"";"";"";"201300348204";"P";"";"";"";"Desap - Melhoramento da Av. Jornalista Roberto Marinho";"";"22";"SECRETARIA MUNICIPAL DE SERVIÇOS E OBRAS";"10";"Gabinete do Secretário";"154,64";"0";"3";"0";"0";"154,64";"154,64";"0";"154,64";"0";"0";"0";"154,64";"154,64";"0";"154,64";"0";"154,64";"0";"0";"0";"154,64";"154,64";"0";"0";"0";"0";"0";"0";"0";"0";"0";"0";"0";"0";"0";"0";"0";"0";"0";"0";"0";"0";"37.30.15.451.3009.5.100.44906100.08.0";"99";"Outras Aquisições de Bens Imóveis";"01";"Desapropriações";"61";"Aquisição de Imóveis";"0"
"281752";"21574";"2017";"22";"SECRETARIA MUNICIPAL DE SERVIÇOS E OBRAS";"10";"Gabinete do Secretário";"5";"Nota de Empenho Fornecimento de Bens de Consumo e/ou Permanente";"39";"Não Aplicável";"8";"Não Aplicável";"19/10/2017 00:00:00";"21/10/2017 00:00:00";"21/10/2017 00:00:00";"0";"0";"3";"205,46";"0";"205,46";"0";"A";"1";"";"-1";"-1";"";"";"";"";"41";"SEM REAJUSTE";"";"";"";"17/10/2017 00:00:00";"19/10/2017 00:00:00";"89";"";"";"";"";"201301421924";"P";"";"";"";"Desap - Melhoramento da Av. Jornalista Roberto Marinho";"";"22";"SECRETARIA MUNICIPAL DE SERVIÇOS E OBRAS";"10";"Gabinete do Secretário";"205,46";"0";"3";"0";"0";"205,46";"205,46";"0";"205,46";"0";"0";"0";"205,46";"205,46";"0";"205,46";"0";"205,46";"0";"0";"0";"205,46";"205,46";"0";"0";"0";"0";"0";"0";"0";"0";"0";"0";"0";"0";"0";"0";"0";"0";"0";"0";"0";"0";"37.30.15.451.3009.5.100.44906100.08.0";"99";"Outras Aquisições de Bens Imóveis";"01";"Desapropriações";"61";"Aquisição de Imóveis";"0"
"272056";"13436";"2017";"98";"Fundo de Desenvolvimento Urbano";"22";"FUNDURB - Secretaria Municipal de Infra-Estrutura Urbana e Obras";"2";"Termo de Contrato - Serviços";"8";"Art. 24 Inciso II da lei Federal 8.666/93";"6";"Dispensa de Licitação";"27/09/2016 00:00:00";"21/09/2017 00:00:00";"22/09/2017 00:00:00";"0";"0";"360";"6923579,87";"229386,84";"6923515,76";"229386,84";"E";"9";"umental";"-1";"-1";"";"";"";"";"26";"CONSULTORIA";"";"";"";"27/09/2016 00:00:00";"27/09/2016 00:00:00";"";"";"";"";"";"6022201600000963";"S";"";"";"";"CT - 049/SIURB/2016 - Gerenciamento SP Obras";"";"98";"Fundo de Desenvolvimento Urbano";"22";"FUNDURB - Secretaria Municipal de Infra-Estrutura Urbana e Obras";"5000000";"0";"360";"28711427,42";"333827,47";"34045254,89";"34045254,89";"0";"7152902,60";"26892288,18";"64,11";"0";"7152902,60";"7152902,60";"3778842,35";"33711427,42";"0";"6923515,76";"26787847,55";"64,11";"0";"6923515,76";"6923515,76";"3450736,57";"333827,47";"0";"229386,84";"104440,63";"0";"0";"229386,84";"229386,84";"328105,78";"0";"0";"287,11";"0";"0";"0";"0";"0";"720";"0";"98.22.26.453.3009.3.378.44903900.08.0";"05";"Serviços Técnicos Profissionais";"01";"Gerenciamento";"39";"Outros Serviços de Terceiros - Pessoa Jurídica";"64,11"
"269314";"11097";"2017";"22";"SECRETARIA MUNICIPAL DE SERVIÇOS E OBRAS";"10";"SECRETARIA MUNICIPAL DE SERVIÇOS E OBRAS";"5";"Nota de Empenho Fornecimento de Bens de Consumo e/ou Permanente";"8";"Art. 24 Inciso II da lei Federal 8.666/93";"6";"Dispensa de Licitação";"26/05/2017 00:00:00";"22/09/2017 00:00:00";"22/09/2017 00:00:00";"0";"0";"120";"28486,60";"0";"0";"0";"A";"1";"";"-1";"-1";"";"";"";"";"41";"SEM REAJUSTE";"";"";"";"26/05/2017 00:00:00";"26/05/2017 00:00:00";"";"";"";"";"";"201700361780";"P";"";"";"";"Remoção de Interferência - Praça Comafeu x Av. Engº Alberto de Zagottis";"";"22";"SECRETARIA MUNICIPAL DE SERVIÇOS E OBRAS";"10";"SECRETARIA MUNICIPAL DE SERVIÇOS E OBRAS";"28486,60";"0";"120";"0";"0";"28486,60";"28486,60";"0";"0";"0";"28486,60";"0";"0";"0";"28486,60";"28486,60";"0";"0";"0";"28486,60";"0";"0";"0";"28486,60";"0";"0";"0";"0";"0";"0";"0";"0";"0";"0";"0";"0";"0";"0";"0";"0";"0";"0";"0";"22.10.17.451.3008.5.013.44905100.00.0";"89";"Obras em Andamento - Uso Comum do Povo";"22";"Canalização de Córregos";"51";"Obras e Instalações";"28486,60"
"269283";"11066";"2017";"22";"SECRETARIA MUNICIPAL DE SERVIÇOS E OBRAS";"10";"SECRETARIA MUNICIPAL DE SERVIÇOS E OBRAS";"5";"Nota de Empenho Fornecimento de Bens de Consumo e/ou Permanente";"8";"Art. 24 Inciso II da lei Federal 8.666/93";"6";"Dispensa de Licitação";"26/05/2017 00:00:00";"22/09/2017 00:00:00";"22/09/2017 00:00:00";"0";"0";"120";"10521,32";"0";"10521,32";"0";"A";"1";"";"-1";"-1";"";"";"";"";"41";"SEM REAJUSTE";"";"";"";"26/05/2017 00:00:00";"26/05/2017 00:00:00";"";"";"";"";"";"201700339024";"P";"";"";"";"Remoção de Interferência - Praça Comafeu x Av. Engº Alberto de Zagottis";"";"22";"SECRETARIA MUNICIPAL DE SERVIÇOS E OBRAS";"10";"SECRETARIA MUNICIPAL DE SERVIÇOS E OBRAS";"10521,32";"0";"120";"0";"0";"10521,32";"10521,32";"0";"10521,32";"0";"0";"0";"10521,32";"10521,32";"0";"10521,32";"0";"10521,32";"0";"0";"0";"10521,32";"10521,32";"0";"0";"0";"0";"0";"0";"0";"0";"0";"0";"0";"0";"0";"0";"0";"0";"0";"0";"0";"0";"22.10.17.451.3008.5.013.44905100.00.0";"89";"Obras em Andamento - Uso Comum do Povo";"22";"Canalização de Córregos";"51";"Obras e Instalações";"0"
"281870";"21675";"2017";"86";"Fundo Municipal de Saneamento Ambiental e Infraestrutura";"22";"FMSAI - Secretaria Municipal de Serviços e Obras";"5";"Nota de Empenho Fornecimento de Bens de Consumo e/ou Permanente";"39";"Não Aplicável";"8";"Não Aplicável";"20/10/2017 00:00:00";"22/10/2017 00:00:00";"22/10/2017 00:00:00";"0";"0";"3";"100701,36";"0";"100701,36";"0";"A";"1";"";"-1";"-1";"";"";"";"";"41";"SEM REAJUSTE";"";"";"";"17/10/2017 00:00:00";"19/10/2017 00:00:00";"89";"";"";"";"";"201701484605";"P";"";"";"";"Indenização de obra publica - Indenização de benfeitorias";"";"86";"Fundo Municipal de Saneamento Ambiental e Infraestrutura";"22";"FMSAI - Secretaria Municipal de Serviços e Obras";"100701,36";"0";"3";"0";"0";"100701,36";"100701,36";"0";"100701,36";"0";"0";"0";"100701,36";"100701,36";"0";"100701,36";"0";"100701,36";"0";"0";"0";"100701,36";"100701,36";"0";"0";"0";"0";"0";"0";"0";"0";"0";"0";"0";"0";"0";"0";"0";"0";"0";"0";"0";"0";"86.22.17.451.3008.5.013.44904800.03.0";"91";"FMH";"02";"Projetos e Ações de Apoio Habitacional";"48";"Outros Auxílios Financeiros a Pessoas Físicas";"0"
"281873";"21678";"2017";"86";"Fundo Municipal de Saneamento Ambiental e Infraestrutura";"22";"FMSAI - Secretaria Municipal de Serviços e Obras";"5";"Nota de Empenho Fornecimento de Bens de Consumo e/ou Permanente";"39";"Não Aplicável";"8";"Não Aplicável";"20/10/2017 00:00:00";"22/10/2017 00:00:00";"22/10/2017 00:00:00";"0";"0";"3";"114151,60";"0";"114151,60";"0";"A";"1";"";"-1";"-1";"";"";"";"";"41";"SEM REAJUSTE";"";"";"";"17/10/2017 00:00:00";"19/10/2017 00:00:00";"89";"";"";"";"";"201701483790";"P";"";"";"";"Indenização de obra publica - Indenização de benfeitorias";"";"86";"Fundo Municipal de Saneamento Ambiental e Infraestrutura";"22";"FMSAI - Secretaria Municipal de Serviços e Obras";"114151,60";"0";"3";"0";"0";"114151,60";"114151,60";"0";"114151,60";"0";"0";"0";"114151,60";"114151,60";"0";"114151,60";"0";"114151,60";"0";"0";"0";"114151,60";"114151,60";"0";"0";"0";"0";"0";"0";"0";"0";"0";"0";"0";"0";"0";"0";"0";"0";"0";"0";"0";"0";"86.22.17.451.3008.5.013.44904800.03.0";"91";"FMH";"02";"Projetos e Ações de Apoio Habitacional";"48";"Outros Auxílios Financeiros a Pessoas Físicas";"0"
"281869";"21674";"2017";"86";"Fundo Municipal de Saneamento Ambiental e Infraestrutura";"22";"FMSAI - Secretaria Municipal de Serviços e Obras";"5";"Nota de Empenho Fornecimento de Bens de Consumo e/ou Permanente";"39";"Não Aplicável";"8";"Não Aplicável";"20/10/2017 00:00:00";"22/10/2017 00:00:00";"22/10/2017 00:00:00";"0";"0";"3";"109448,87";"0";"109448,87";"0";"A";"1";"";"-1";"-1";"";"";"";"";"41";"SEM REAJUSTE";"";"";"";"17/10/2017 00:00:00";"19/10/2017 00:00:00";"89";"";"";"";"";"201701518941";"P";"";"";"";"Indenização de obra publica - Indenização de benfeitorias";"";"86";"Fundo Municipal de Saneamento Ambiental e Infraestrutura";"22";"FMSAI - Secretaria Municipal de Serviços e Obras";"109448,87";"0";"3";"0";"0";"109448,87";"109448,87";"0";"109448,87";"0";"0";"0";"109448,87";"109448,87";"0";"109448,87";"0";"109448,87";"0";"0";"0";"109448,87";"109448,87";"0";"0";"0";"0";"0";"0";"0";"0";"0";"0";"0";"0";"0";"0";"0";"0";"0";"0";"0";"0";"86.22.17.451.3008.5.013.44904800.03.0";"91";"FMH";"02";"Projetos e Ações de Apoio Habitacional";"48";"Outros Auxílios Financeiros a Pessoas Físicas";"0"
"287913";"26657";"2017";"22";"Secretaria Municipal de Serviços e Obras";"10";"Gabinete do Secretário";"2";"Termo de Contrato - Serviços";"7";"Art. 24 - Inciso I Lei Federal  8.666/93";"6";"Dispensa de Licitação";"22/02/2018 00:00:00";"23/03/2018 00:00:00";"23/03/2018 00:00:00";"0";"0";"30";"1722,57";"0";"1722,57";"0";"E";"1";"";"-1";"-1";"";"";"";"";"41";"SEM REAJUSTE";"";"";"";"27/12/2017 00:00:00";"27/12/2017 00:00:00";"";"";"";"";"DL";"6022201700034738";"S";"";"";"";"LIGAÇÃO UBS  BRASILÂNDIA";"";"22";"Secretaria Municipal de Serviços e Obras";"10";"Gabinete do Secretário";"1722,57";"0";"30";"0";"0";"1722,57";"1722,57";"0";"1722,57";"0";"0";"0";"1722,57";"1722,57";"1722,57";"1722,57";"0";"1722,57";"0";"0";"0";"1722,57";"1722,57";"1722,57";"0";"0";"0";"0";"0";"0";"0";"0";"0";"0";"0";"0";"0";"0";"0";"0";"0";"0";"0";"84.10.10.302.3003.3.101.44905100.00.0";"89";"Obras em Andamento - Uso Comum do Povo";"01";"Hospitais e Similares";"51";"Obras e Instalações";"0"
"271551";"13002";"2017";"22";"SECRETARIA MUNICIPAL DE SERVIÇOS E OBRAS";"10";"Gabinete do Secretário";"5";"Nota de Empenho Fornecimento de Bens de Consumo e/ou Permanente";"39";"Não Aplicável";"8";"Não Aplicável";"21/06/2017 00:00:00";"23/06/2017 00:00:00";"23/06/2017 00:00:00";"0";"0";"3";"32285,03";"0";"32285,03";"0";"A";"1";"";"-1";"-1";"";"";"";"";"41";"SEM REAJUSTE";"";"";"";"20/06/2017 00:00:00";"21/06/2017 00:00:00";"55";"";"";"";"";"201301425750";"P";"";"";"";"Desap - Melhoramento da Av. Jornalista Roberto Marinho";"";"22";"SECRETARIA MUNICIPAL DE SERVIÇOS E OBRAS";"10";"Gabinete do Secretário";"32285,03";"0";"3";"0";"0";"32285,03";"32285,03";"0";"32285,03";"0";"0";"0";"32285,03";"32285,03";"0";"32285,03";"0";"32285,03";"0";"0";"0";"32285,03";"32285,03";"0";"0";"0";"0";"0";"0";"0";"0";"0";"0";"0";"0";"0";"0";"0";"0";"0";"0";"0";"0";"37.30.15.451.3009.5.100.44906100.08.0";"99";"Outras Aquisições de Bens Imóveis";"01";"Desapropriações";"61";"Aquisição de Imóveis";"0"
"279165";"19433";"2017";"86";"Fundo Municipal de Saneamento Ambiental e Infraestrutura";"22";"FMSAI - Secretaria Municipal de Serviços e Obras";"5";"Nota de Empenho Fornecimento de Bens de Consumo e/ou Permanente";"39";"Não Aplicável";"8";"Não Aplicável";"21/09/2017 00:00:00";"23/09/2017 00:00:00";"23/09/2017 00:00:00";"0";"0";"3";"68639,07";"0";"68639,07";"0";"A";"1";"";"-1";"-1";"";"";"";"";"41";"SEM REAJUSTE";"";"";"";"18/09/2017 00:00:00";"21/09/2017 00:00:00";"40";"";"";"";"";"201701203860";"P";"";"";"";"Indenização de Benfeitorias - Obra Pública";"";"86";"Fundo Municipal de Saneamento Ambiental e Infraestrutura";"22";"FMSAI - Secretaria Municipal de Serviços e Obras";"68639,07";"0";"3";"0";"0";"68639,07";"68639,07";"0";"68639,07";"0";"0";"0";"68639,07";"68639,07";"0";"68639,07";"0";"68639,07";"0";"0";"0";"68639,07";"68639,07";"0";"0";"0";"0";"0";"0";"0";"0";"0";"0";"0";"0";"0";"0";"0";"0";"0";"0";"0";"0";"86.22.17.451.3008.5.013.44904800.03.0";"91";"FMH";"02";"Projetos e Ações de Apoio Habitacional";"48";"Outros Auxílios Financeiros a Pessoas Físicas";"0"
"279168";"19436";"2017";"86";"Fundo Municipal de Saneamento Ambiental e Infraestrutura";"22";"FMSAI - Secretaria Municipal de Serviços e Obras";"5";"Nota de Empenho Fornecimento de Bens de Consumo e/ou Permanente";"39";"Não Aplicável";"8";"Não Aplicável";"21/09/2017 00:00:00";"23/09/2017 00:00:00";"23/09/2017 00:00:00";"0";"0";"3";"81818,94";"0";"81818,94";"0";"A";"1";"";"-1";"-1";"";"";"";"";"41";"SEM REAJUSTE";"";"";"";"18/09/2017 00:00:00";"21/09/2017 00:00:00";"40";"";"";"";"";"201701203878";"P";"";"";"";"Indenização de Benfeitorias - Obra Publica";"";"86";"Fundo Municipal de Saneamento Ambiental e Infraestrutura";"22";"FMSAI - Secretaria Municipal de Serviços e Obras";"81818,94";"0";"3";"0";"0";"81818,94";"81818,94";"0";"81818,94";"0";"0";"0";"81818,94";"81818,94";"0";"81818,94";"0";"81818,94";"0";"0";"0";"81818,94";"81818,94";"0";"0";"0";"0";"0";"0";"0";"0";"0";"0";"0";"0";"0";"0";"0";"0";"0";"0";"0";"0";"86.22.17.451.3008.5.013.44904800.03.0";"91";"FMH";"02";"Projetos e Ações de Apoio Habitacional";"48";"Outros Auxílios Financeiros a Pessoas Físicas";"0"
"279171";"19439";"2017";"86";"Fundo Municipal de Saneamento Ambiental e Infraestrutura";"22";"FMSAI - Secretaria Municipal de Serviços e Obras";"5";"Nota de Empenho Fornecimento de Bens de Consumo e/ou Permanente";"39";"Não Aplicável";"8";"Não Aplicável";"21/09/2017 00:00:00";"23/09/2017 00:00:00";"23/09/2017 00:00:00";"0";"0";"3";"79768,32";"0";"79768,32";"0";"A";"1";"";"-1";"-1";"";"";"";"";"41";"SEM REAJUSTE";"";"";"";"18/09/2017 00:00:00";"21/09/2017 00:00:00";"40";"";"";"";"";"201701090879";"P";"";"";"";"Indenização de Benfeitorias - Obra Publica";"";"86";"Fundo Municipal de Saneamento Ambiental e Infraestrutura";"22";"FMSAI - Secretaria Municipal de Serviços e Obras";"79768,32";"0";"3";"0";"0";"79768,32";"79768,32";"0";"79768,32";"0";"0";"0";"79768,32";"79768,32";"0";"79768,32";"0";"79768,32";"0";"0";"0";"79768,32";"79768,32";"0";"0";"0";"0";"0";"0";"0";"0";"0";"0";"0";"0";"0";"0";"0";"0";"0";"0";"0";"0";"86.22.17.451.3008.5.013.44904800.03.0";"91";"FMH";"02";"Projetos e Ações de Apoio Habitacional";"48";"Outros Auxílios Financeiros a Pessoas Físicas";"0"
"279164";"19432";"2017";"86";"Fundo Municipal de Saneamento Ambiental e Infraestrutura";"22";"FMSAI - Secretaria Municipal de Serviços e Obras";"5";"Nota de Empenho Fornecimento de Bens de Consumo e/ou Permanente";"39";"Não Aplicável";"8";"Não Aplicável";"21/09/2017 00:00:00";"23/09/2017 00:00:00";"23/09/2017 00:00:00";"0";"0";"3";"84829,01";"0";"84829,01";"0";"A";"1";"";"-1";"-1";"";"";"";"";"41";"SEM REAJUSTE";"";"";"";"18/09/2017 00:00:00";"21/09/2017 00:00:00";"40";"";"";"";"";"201701090801";"P";"";"";"";"Indenização de Benfeitorias - Obra Pública";"";"86";"Fundo Municipal de Saneamento Ambiental e Infraestrutura";"22";"FMSAI - Secretaria Municipal de Serviços e Obras";"84829,01";"0";"3";"0";"0";"84829,01";"84829,01";"0";"84829,01";"0";"0";"0";"84829,01";"84829,01";"0";"84829,01";"0";"84829,01";"0";"0";"0";"84829,01";"84829,01";"0";"0";"0";"0";"0";"0";"0";"0";"0";"0";"0";"0";"0";"0";"0";"0";"0";"0";"0";"0";"86.22.17.451.3008.5.013.44904800.03.0";"91";"FMH";"02";"Projetos e Ações de Apoio Habitacional";"48";"Outros Auxílios Financeiros a Pessoas Físicas";"0"
"281765";"21587";"2017";"22";"SECRETARIA MUNICIPAL DE SERVIÇOS E OBRAS";"10";"Gabinete do Secretário";"5";"Nota de Empenho Fornecimento de Bens de Consumo e/ou Permanente";"39";"Não Aplicável";"8";"Não Aplicável";"19/10/2017 00:00:00";"23/10/2017 00:00:00";"23/10/2017 00:00:00";"0";"0";"5";"154608,86";"0";"154608,86";"0";"A";"1";"";"-1";"-1";"";"";"";"";"41";"SEM REAJUSTE";"";"";"";"16/10/2017 00:00:00";"19/10/2017 00:00:00";"89";"";"";"";"";"201203538088";"P";"";"";"";"Desap - Melhoramento da Av. Jornalista Roberto Marinho";"";"22";"SECRETARIA MUNICIPAL DE SERVIÇOS E OBRAS";"10";"Gabinete do Secretário";"154608,86";"0";"5";"0";"0";"154608,86";"154608,86";"0";"154608,86";"0";"0";"0";"154608,86";"154608,86";"0";"154608,86";"0";"154608,86";"0";"0";"0";"154608,86";"154608,86";"0";"0";"0";"0";"0";"0";"0";"0";"0";"0";"0";"0";"0";"0";"0";"0";"0";"0";"0";"0";"37.30.15.451.3009.5.100.44906100.08.0";"99";"Outras Aquisições de Bens Imóveis";"01";"Desapropriações";"61";"Aquisição de Imóveis";"0"
"281763";"21585";"2017";"22";"SECRETARIA MUNICIPAL DE SERVIÇOS E OBRAS";"10";"Gabinete do Secretário";"5";"Nota de Empenho Fornecimento de Bens de Consumo e/ou Permanente";"39";"Não Aplicável";"8";"Não Aplicável";"19/10/2017 00:00:00";"23/10/2017 00:00:00";"23/10/2017 00:00:00";"0";"0";"5";"205875,03";"0";"205875,03";"0";"A";"1";"";"-1";"-1";"";"";"";"";"41";"SEM REAJUSTE";"";"";"";"17/10/2017 00:00:00";"19/10/2017 00:00:00";"89";"";"";"";"";"201301422211";"P";"";"";"";"Desap - Melhoramento da Av. Jornalista Roberto Marinho";"";"22";"SECRETARIA MUNICIPAL DE SERVIÇOS E OBRAS";"10";"Gabinete do Secretário";"205875,03";"0";"5";"0";"0";"205875,03";"205875,03";"0";"205875,03";"0";"0";"0";"205875,03";"205875,03";"0";"205875,03";"0";"205875,03";"0";"0";"0";"205875,03";"205875,03";"0";"0";"0";"0";"0";"0";"0";"0";"0";"0";"0";"0";"0";"0";"0";"0";"0";"0";"0";"0";"37.30.15.451.3009.5.100.44906100.08.0";"99";"Outras Aquisições de Bens Imóveis";"01";"Desapropriações";"61";"Aquisição de Imóveis";"0"
"281759";"21581";"2017";"22";"SECRETARIA MUNICIPAL DE SERVIÇOS E OBRAS";"10";"Gabinete do Secretário";"5";"Nota de Empenho Fornecimento de Bens de Consumo e/ou Permanente";"39";"Não Aplicável";"8";"Não Aplicável";"19/10/2017 00:00:00";"23/10/2017 00:00:00";"23/10/2017 00:00:00";"0";"0";"5";"57362,81";"0";"57362,81";"0";"A";"1";"";"-1";"-1";"";"";"";"";"41";"SEM REAJUSTE";"";"";"";"17/10/2017 00:00:00";"19/10/2017 00:00:00";"89";"";"";"";"";"201400037499";"P";"";"";"";"Desap - Melhoramento da Av. Jornalista Roberto Marinho";"";"22";"SECRETARIA MUNICIPAL DE SERVIÇOS E OBRAS";"10";"Gabinete do Secretário";"57362,81";"0";"5";"0";"0";"57362,81";"57362,81";"0";"57362,81";"0";"0";"0";"57362,81";"57362,81";"0";"57362,81";"0";"57362,81";"0";"0";"0";"57362,81";"57362,81";"0";"0";"0";"0";"0";"0";"0";"0";"0";"0";"0";"0";"0";"0";"0";"0";"0";"0";"0";"0";"37.30.15.451.3009.5.100.44906100.08.0";"99";"Outras Aquisições de Bens Imóveis";"01";"Desapropriações";"61";"Aquisição de Imóveis";"0"
"281754";"21576";"2017";"22";"SECRETARIA MUNICIPAL DE SERVIÇOS E OBRAS";"10";"Gabinete do Secretário";"5";"Nota de Empenho Fornecimento de Bens de Consumo e/ou Permanente";"39";"Não Aplicável";"8";"Não Aplicável";"19/10/2017 00:00:00";"23/10/2017 00:00:00";"23/10/2017 00:00:00";"0";"0";"5";"216456,50";"0";"216456,50";"0";"A";"1";"";"-1";"-1";"";"";"";"";"41";"SEM REAJUSTE";"";"";"";"16/10/2017 00:00:00";"19/10/2017 00:00:00";"89";"";"";"";"";"201400040244";"P";"";"";"";"Desap - Melhoramento da Av. Jornalista Roberto Marinho";"";"22";"SECRETARIA MUNICIPAL DE SERVIÇOS E OBRAS";"10";"Gabinete do Secretário";"216456,50";"0";"5";"0";"0";"216456,50";"216456,50";"0";"216456,50";"0";"0";"0";"216456,50";"216456,50";"0";"216456,50";"0";"216456,50";"0";"0";"0";"216456,50";"216456,50";"0";"0";"0";"0";"0";"0";"0";"0";"0";"0";"0";"0";"0";"0";"0";"0";"0";"0";"0";"0";"37.30.15.451.3009.5.100.44906100.08.0";"99";"Outras Aquisições de Bens Imóveis";"01";"Desapropriações";"61";"Aquisição de Imóveis";"0"
"281758";"21580";"2017";"22";"SECRETARIA MUNICIPAL DE SERVIÇOS E OBRAS";"10";"Gabinete do Secretário";"5";"Nota de Empenho Fornecimento de Bens de Consumo e/ou Permanente";"39";"Não Aplicável";"8";"Não Aplicável";"19/10/2017 00:00:00";"23/10/2017 00:00:00";"23/10/2017 00:00:00";"0";"0";"5";"25708,90";"0";"25708,90";"0";"A";"1";"";"-1";"-1";"";"";"";"";"41";"SEM REAJUSTE";"";"";"";"17/10/2017 00:00:00";"19/10/2017 00:00:00";"89";"";"";"";"";"201203293395";"P";"";"";"";"Desap - Melhoramento da Av. Jornalista Roberto Marinho";"";"22";"SECRETARIA MUNICIPAL DE SERVIÇOS E OBRAS";"10";"Gabinete do Secretário";"25708,90";"0";"5";"0";"0";"25708,90";"25708,90";"0";"25708,90";"0";"0";"0";"25708,90";"25708,90";"0";"25708,90";"0";"25708,90";"0";"0";"0";"25708,90";"25708,90";"0";"0";"0";"0";"0";"0";"0";"0";"0";"0";"0";"0";"0";"0";"0";"0";"0";"0";"0";"0";"37.30.15.451.3009.5.100.44906100.08.0";"99";"Outras Aquisições de Bens Imóveis";"01";"Desapropriações";"61";"Aquisição de Imóveis";"0"
"282090";"21844";"2017";"86";"Fundo Municipal de Saneamento Ambiental e Infraestrutura";"22";"";"2";"Termo de Contrato - Serviços";"1";"Art. 22 - Inciso I Lei Federal  8.666/93";"4";"Concorrência";"09/11/2015 00:00:00";"23/10/2018 00:00:00";"23/10/2018 00:00:00";"0";"0";"1080";"1168809,49";"231190,51";"0";"0";"A";"9";"umental";"-1";"-1";"";"";"";"";"2";"ESTRUTURA GERAL";"";"";"";"24/09/2015 00:00:00";"25/09/2015 00:00:00";"88";"";"";"";"";"201403578407";"P";"";"";"";"Contrataão de empresas ou consórcio de empresas pré-qualificadas no procedimento de pré-qualificaçaonº 005/2014/SIURB, à execução de obras ao controle de inundações da bacia hidrográfica do CórregoPaciência.";"";"86";"Fundo Municipal de Saneamento Ambiental e Infraestrutura";"22";"";"1168809,49";"0";"1080";"0";"231190,51";"1400000";"1400000";"0";"0";"0";"1400000";"0";"0";"0";"1400000";"1168809,49";"0";"0";"0";"1168809,49";"0";"0";"0";"1168809,49";"231190,51";"0";"0";"0";"231190,51";"0";"0";"0";"231190,51";"0";"0";"0";"0";"0";"0";"0";"0";"0";"0";"86.22.17.451.3008.5.013.44905100.03.0";"89";"Obras em Andamento - Uso Comum do Povo";"22";"Canalização de Córregos";"51";"Obras e Instalações";"1400000"
"276850";"17532";"2017";"22";"SECRETARIA MUNICIPAL DE SERVIÇOS E OBRAS";"10";"Gabinete do Secretário";"2";"Termo de Contrato - Serviços";"1";"Art. 22 - Inciso I Lei Federal  8.666/93";"4";"Concorrência";"25/08/2017 00:00:00";"22/11/2017 00:00:00";"23/11/2017 00:00:00";"0";"0";"90";"7923430,36";"0";"7923430,36";"0";"E";"9";"umental";"-1";"-1";"";"";"";"";"2";"ESTRUTURA GERAL";"";"";"";"16/08/2017 00:00:00";"17/08/2017 00:00:00";"66";"";"";"";"";"7910201700004154";"S";"";"";"";"Contratação das obras e serviços de reforma e adequações da Pista & Pit Lane e das adequações das Instalações Permanentes do Autódromo Municipal José Carlos Pace - Interlagos.";"";"22";"SECRETARIA MUNICIPAL DE SERVIÇOS E OBRAS";"10";"Gabinete do Secretário";"7075379,02";"0";"90";"948837,36";"0";"8024216,38";"8024216,38";"0";"7923430,36";"100786,02";"0";"0";"7923430,36";"7923430,36";"115953,60";"8024216,38";"0";"7923430,36";"100786,02";"0";"0";"7923430,36";"7923430,36";"115953,60";"0";"0";"0";"0";"0";"0";"0";"0";"0";"0";"0";"13,41";"0";"0";"0";"0";"0";"0";"0";"22.10.27.813.3015.1.109.44905100.00.0";"92";"Instalações";"99";"Outras Instalações";"51";"Obras e Instalações";"0"
"271501";"12958";"2017";"86";"Fundo Municipal de Saneamento Ambiental e Infraestrutura";"22";"";"2";"Termo de Contrato - Serviços";"1";"Art. 22 - Inciso I Lei Federal  8.666/93";"4";"Concorrência";"10/10/2010 00:00:00";"24/03/2018 00:00:00";"24/03/2018 00:00:00";"0";"0";"2723";"2725538,21";"1140975,01";"2277060,68";"1140975,01";"A";"9";"umental";"-1";"-1";"";"";"";"";"2";"ESTRUTURA GERAL";"";"";"";"20/09/2010 00:00:00";"20/09/2010 00:00:00";"";"";"";"";"";"201000251442";"P";"";"";"";"CT - 173/SIURB/2010 - Córrego Mirassol";"";"86";"Fundo Municipal de Saneamento Ambiental e Infraestrutura";"22";"";"1375233,54";"0";"2723";"1350304,67";"1140975,01";"3866513,22";"3866513,22";"0";"3418035,69";"0";"448477,53";"0";"3418035,69";"3418035,69";"730441,84";"2725538,21";"0";"2277060,68";"0";"448477,53";"0";"2277060,68";"2277060,68";"679172,86";"1140975,01";"0";"1140975,01";"0";"0";"0";"1140975,01";"1140975,01";"51268,98";"0";"0";"98,19";"0";"0";"0";"0";"0";"0";"0";"86.22.17.451.3008.5.013.44905100.03.0";"89";"Obras em Andamento - Uso Comum do Povo";"22";"Canalização de Córregos";"51";"Obras e Instalações";"448477,53"
"287919";"26663";"2017";"86";"Fundo Municipal de Saneamento Ambiental e Infraestrutura";"22";"";"2";"Termo de Contrato - Serviços";"1";"Art. 22 - Inciso I Lei Federal  8.666/93";"4";"Concorrência";"10/04/2015 00:00:00";"24/03/2018 00:00:00";"24/03/2018 00:00:00";"0";"0";"1080";"650000";"0";"0";"0";"A";"9";"umental";"-1";"-1";"";"";"";"";"2";"ESTRUTURA GERAL";"";"";"";"20/03/2015 00:00:00";"21/03/2015 00:00:00";"";"";"";"";"";"201402583024";"P";"";"";"";"CT - 009/SIURB/2015 - Zavuvus - Lote 2";"";"86";"Fundo Municipal de Saneamento Ambiental e Infraestrutura";"22";"";"650000";"0";"1080";"0";"0";"650000";"650000";"0";"0";"0";"650000";"0";"0";"0";"650000";"650000";"0";"0";"0";"650000";"0";"0";"0";"650000";"0";"0";"0";"0";"0";"0";"0";"0";"0";"0";"0";"0";"0";"0";"0";"0";"0";"0";"0";"86.22.17.451.3008.5.013.44905100.03.0";"89";"Obras em Andamento - Uso Comum do Povo";"22";"Canalização de Córregos";"51";"Obras e Instalações";"650000"
"272229";"13598";"2017";"86";"Fundo Municipal de Saneamento Ambiental e Infraestrutura";"22";"";"2";"Termo de Contrato - Serviços";"1";"Art. 22 - Inciso I Lei Federal  8.666/93";"4";"Concorrência";"10/04/2015 00:00:00";"24/03/2018 00:00:00";"24/03/2018 00:00:00";"0";"0";"1080";"1425445";"1974917,14";"313595,34";"512911,81";"A";"9";"umental";"-1";"-1";"";"";"";"";"2";"ESTRUTURA GERAL";"";"";"";"10/04/2015 00:00:00";"10/04/2015 00:00:00";"";"";"";"";"";"201402694241";"P";"";"";"";"CT - 008/SIURB/2015 - Córrego Tremembé";"";"86";"Fundo Municipal de Saneamento Ambiental e Infraestrutura";"22";"";"1425445";"0";"1080";"0";"1974917,14";"3400362,14";"3400362,14";"0";"826507,15";"0";"2573854,99";"0";"826507,15";"826507,15";"2573854,99";"1425445";"0";"313595,34";"0";"1111849,66";"0";"313595,34";"313595,34";"1111849,66";"1974917,14";"0";"512911,81";"0";"1462005,33";"0";"512911,81";"512911,81";"1462005,33";"0";"0";"0";"0";"0";"0";"0";"0";"0";"0";"86.22.17.451.3008.5.013.44905100.03.0";"89";"Obras em Andamento - Uso Comum do Povo";"22";"Canalização de Córregos";"51";"Obras e Instalações";"2573854,99"
"281867";"21672";"2017";"86";"Fundo Municipal de Saneamento Ambiental e Infraestrutura";"22";"FMSAI - Secretaria Municipal de Serviços e Obras";"5";"Nota de Empenho Fornecimento de Bens de Consumo e/ou Permanente";"39";"Não Aplicável";"8";"Não Aplicável";"20/10/2017 00:00:00";"24/10/2017 00:00:00";"24/10/2017 00:00:00";"0";"0";"5";"73670,75";"0";"73670,75";"0";"A";"1";"";"-1";"-1";"";"";"";"";"41";"SEM REAJUSTE";"";"";"";"16/10/2017 00:00:00";"19/10/2017 00:00:00";"89";"";"";"";"";"201701482041";"P";"";"";"";"Indenização de obra publica - Indenização de benfeitorias";"";"86";"Fundo Municipal de Saneamento Ambiental e Infraestrutura";"22";"FMSAI - Secretaria Municipal de Serviços e Obras";"73670,75";"0";"5";"0";"0";"73670,75";"73670,75";"0";"73670,75";"0";"0";"0";"73670,75";"73670,75";"0";"73670,75";"0";"73670,75";"0";"0";"0";"73670,75";"73670,75";"0";"0";"0";"0";"0";"0";"0";"0";"0";"0";"0";"0";"0";"0";"0";"0";"0";"0";"0";"0";"86.22.17.451.3008.5.013.44904800.03.0";"91";"FMH";"02";"Projetos e Ações de Apoio Habitacional";"48";"Outros Auxílios Financeiros a Pessoas Físicas";"0"
"287056";"25944";"2017";"86";"Fundo Municipal de Saneamento Ambiental e Infraestrutura";"22";"FMSAI - Secretaria Municipal de Serviços e Obras";"5";"Nota de Empenho Fornecimento de Bens de Consumo e/ou Permanente";"39";"Não Aplicável";"8";"Não Aplicável";"15/12/2017 00:00:00";"24/12/2017 00:00:00";"24/12/2017 00:00:00";"0";"0";"10";"10380993,89";"0";"10380993,89";"0";"A";"1";"";"-1";"-1";"";"";"";"";"41";"SEM REAJUSTE";"";"";"";"15/12/2017 00:00:00";"15/12/2017 00:00:00";"70";"";"";"";"";"201501669024";"P";"";"";"";"Desap - Melhoramento do Reservatório no Riacho Ipiranga";"";"86";"Fundo Municipal de Saneamento Ambiental e Infraestrutura";"22";"FMSAI - Secretaria Municipal de Serviços e Obras";"10380993,89";"0";"10";"0";"0";"10380993,89";"10380993,89";"0";"10380993,89";"0";"0";"0";"10380993,89";"10380993,89";"0";"10380993,89";"0";"10380993,89";"0";"0";"0";"10380993,89";"10380993,89";"0";"0";"0";"0";"0";"0";"0";"0";"0";"0";"0";"0";"0";"0";"0";"0";"0";"0";"0";"0";"86.22.17.451.3008.5.013.44906100.03.0";"99";"Outras Aquisições de Bens Imóveis";"01";"Desapropriações";"61";"Aquisição de Imóveis";"0"
"287057";"25945";"2017";"86";"Fundo Municipal de Saneamento Ambiental e Infraestrutura";"22";"FMSAI - Secretaria Municipal de Serviços e Obras";"5";"Nota de Empenho Fornecimento de Bens de Consumo e/ou Permanente";"39";"Não Aplicável";"8";"Não Aplicável";"15/12/2017 00:00:00";"24/12/2017 00:00:00";"24/12/2017 00:00:00";"0";"0";"10";"496189,07";"0";"496189,07";"0";"A";"1";"";"-1";"-1";"";"";"";"";"41";"SEM REAJUSTE";"";"";"";"15/12/2017 00:00:00";"15/12/2017 00:00:00";"70";"";"";"";"";"201701794698";"P";"";"";"";"Desap - Melhoramento do Reservatório 3 no Córrego Tremembé";"";"86";"Fundo Municipal de Saneamento Ambiental e Infraestrutura";"22";"FMSAI - Secretaria Municipal de Serviços e Obras";"496189,07";"0";"10";"0";"0";"496189,07";"496189,07";"0";"496189,07";"0";"0";"0";"496189,07";"496189,07";"0";"496189,07";"0";"496189,07";"0";"0";"0";"496189,07";"496189,07";"0";"0";"0";"0";"0";"0";"0";"0";"0";"0";"0";"0";"0";"0";"0";"0";"0";"0";"0";"0";"86.22.17.451.3008.5.013.44906100.03.0";"99";"Outras Aquisições de Bens Imóveis";"01";"Desapropriações";"61";"Aquisição de Imóveis";"0"
"265066";"7204";"2017";"22";"SECRETARIA MUNICIPAL DE SERVIÇOS E OBRAS";"10";"SECRETARIA MUNICIPAL DE SERVIÇOS E OBRAS";"5";"Nota de Empenho Fornecimento de Bens de Consumo e/ou Permanente";"39";"Não Aplicável";"8";"Não Aplicável";"26/04/2017 00:00:00";"25/04/2018 00:00:00";"25/04/2018 00:00:00";"0";"0";"364";"1067,22";"0";"1067,22";"0";"E";"1";"";"-1";"-1";"";"";"";"";"41";"SEM REAJUSTE";"";"";"";"26/04/2017 00:00:00";"27/04/2017 00:00:00";"87";"";"";"";"";"6022201700006106";"S";"";"";"";"Pagamento de despesa continuada, referente à taxa de funcionamento de 07 (sete) elevadores instalados no imóvel Edifício Domingos Fernandes Alonso - Galeria Olido";"";"22";"SECRETARIA MUNICIPAL DE SERVIÇOS E OBRAS";"10";"SECRETARIA MUNICIPAL DE SERVIÇOS E OBRAS";"1067,22";"0";"364";"0";"0";"1067,22";"1067,22";"0";"1067,22";"0";"0";"0";"1067,22";"1067,22";"0";"1067,22";"0";"1067,22";"0";"0";"0";"1067,22";"1067,22";"0";"0";"0";"0";"0";"0";"0";"0";"0";"0";"0";"0";"0";"0";"0";"0";"0";"0";"0";"0";"22.10.15.122.3024.2.100.33903900.00.0";"79";"Serviço de Apoio Administrativo, Técnico e Operacional";"99";"Outros Serviços de Apoio Administrativo, Técnico e Operacional";"39";"Outros Serviços de Terceiros - Pessoa Jurídica";"0"
"279180";"19447";"2017";"86";"Fundo Municipal de Saneamento Ambiental e Infraestrutura";"22";"FMSAI - Secretaria Municipal de Serviços e Obras";"5";"Nota de Empenho Fornecimento de Bens de Consumo e/ou Permanente";"39";"Não Aplicável";"8";"Não Aplicável";"21/09/2017 00:00:00";"25/09/2017 00:00:00";"25/09/2017 00:00:00";"0";"0";"5";"49864,94";"0";"49864,94";"0";"A";"1";"";"-1";"-1";"";"";"";"";"41";"SEM REAJUSTE";"";"";"";"18/09/2017 00:00:00";"21/09/2017 00:00:00";"40";"";"";"";"";"201701203851";"P";"";"";"";"Indenização de Benfeitorias - Obra Pública";"";"86";"Fundo Municipal de Saneamento Ambiental e Infraestrutura";"22";"FMSAI - Secretaria Municipal de Serviços e Obras";"49864,94";"0";"5";"0";"0";"49864,94";"49864,94";"0";"49864,94";"0";"0";"0";"49864,94";"49864,94";"0";"49864,94";"0";"49864,94";"0";"0";"0";"49864,94";"49864,94";"0";"0";"0";"0";"0";"0";"0";"0";"0";"0";"0";"0";"0";"0";"0";"0";"0";"0";"0";"0";"86.22.17.451.3008.5.013.44904800.03.0";"91";"FMH";"02";"Projetos e Ações de Apoio Habitacional";"48";"Outros Auxílios Financeiros a Pessoas Físicas";"0"
"279176";"19443";"2017";"22";"SECRETARIA MUNICIPAL DE SERVIÇOS E OBRAS";"10";"Gabinete do Secretário";"5";"Nota de Empenho Fornecimento de Bens de Consumo e/ou Permanente";"39";"Não Aplicável";"8";"Não Aplicável";"21/09/2017 00:00:00";"25/09/2017 00:00:00";"25/09/2017 00:00:00";"0";"0";"5";"76505,58";"0";"76505,58";"0";"A";"1";"";"-1";"-1";"";"";"";"";"41";"SEM REAJUSTE";"";"";"";"18/09/2017 00:00:00";"21/09/2017 00:00:00";"40";"";"";"";"";"201701090860";"P";"";"";"";"Pagamento de Indenização de Benfeitorias à pessoa física";"";"86";"Fundo Municipal de Saneamento Ambiental e Infraestrutura";"22";"FMSAI - Secretaria Municipal de Serviços e Obras";"76505,58";"0";"5";"0";"0";"76505,58";"76505,58";"0";"76505,58";"0";"0";"0";"76505,58";"76505,58";"0";"76505,58";"0";"76505,58";"0";"0";"0";"76505,58";"76505,58";"0";"0";"0";"0";"0";"0";"0";"0";"0";"0";"0";"0";"0";"0";"0";"0";"0";"0";"0";"0";"86.22.17.451.3008.5.013.44904800.03.0";"91";"FMH";"02";"Projetos e Ações de Apoio Habitacional";"48";"Outros Auxílios Financeiros a Pessoas Físicas";"0"
"278227";"18623";"2017";"22";"SECRETARIA MUNICIPAL DE SERVIÇOS E OBRAS";"10";"Gabinete do Secretário";"2";"Termo de Contrato - Serviços";"6";"Lei Federal 10.520/02";"12";"Pregão";"25/09/2017 00:00:00";"24/09/2018 00:00:00";"25/09/2018 00:00:00";"0";"0";"365";"16005,96";"0";"16005,96";"0";"E";"9";"umental";"-1";"-1";"";"";"";"";"41";"SEM REAJUSTE";"";"";"29/08/2017 00:00:00";"11/09/2017 00:00:00";"12/09/2017 00:00:00";"64";"";"";"";"";"6022201700013617";"S";"";"";"";"Fornecimento de água mineral, natural, potável, sem gás, acondicionada em garrafão plástico retornável, com capacidade para 20 litros.";"";"22";"SECRETARIA MUNICIPAL DE SERVIÇOS E OBRAS";"10";"Gabinete do Secretário";"26200";"0";"365";"0";"0";"26200";"26200";"0";"16005,96";"10194,04";"0";"0";"16005,96";"16005,96";"4256,62";"26200";"0";"16005,96";"10194,04";"0";"0";"16005,96";"16005,96";"4256,62";"0";"0";"0";"0";"0";"0";"0";"0";"0";"0";"0";"0";"0";"0";"0";"0";"0";"0";"0";"22.10.15.122.3024.2.100.33903000.00.0";"07";"Gêneros de Alimentação";"13";"Bebidas em Geral";"30";"Material de Consumo";"0"
"282304";"22049";"2017";"22";"SECRETARIA MUNICIPAL DE SERVIÇOS E OBRAS";"10";"Gabinete do Secretário";"2";"Termo de Contrato - Serviços";"1";"Art. 22 - Inciso I Lei Federal  8.666/93";"4";"Concorrência";"25/10/2017 00:00:00";"25/10/2017 00:00:00";"25/10/2017 00:00:00";"0";"0";"0";"2600";"0";"2600";"0";"E";"9";"umental";"2015";"16";"22";"SECRETARIA MUNICIPAL DE SERVIÇOS E OBRAS";"";"";"41";"SEM REAJUSTE";"";"";"";"24/10/2017 00:00:00";"24/10/2017 00:00:00";"";"";"";"";"";"6022201700026212";"S";"";"";"";"COFFEE BREAK TIPO I";"";"22";"SECRETARIA MUNICIPAL DE SERVIÇOS E OBRAS";"10";"Gabinete do Secretário";"2600";"0";"0";"0";"0";"2600";"2600";"0";"2600";"0";"0";"0";"2600";"2600";"0";"2600";"0";"2600";"0";"0";"0";"2600";"2600";"0";"0";"0";"0";"0";"0";"0";"0";"0";"0";"0";"0";"0";"0";"0";"0";"0";"0";"0";"0";"22.10.15.122.3024.2.100.33903900.00.0";"41";"Fornecimento de Alimentação";"01";"Coffee Break";"39";"Outros Serviços de Terceiros - Pessoa Jurídica";"0"
"284587";"23905";"2017";"22";"SECRETARIA MUNICIPAL DE SERVIÇOS E OBRAS";"10";"Gabinete do Secretário";"5";"Nota de Empenho Fornecimento de Bens de Consumo e/ou Permanente";"39";"Não Aplicável";"8";"Não Aplicável";"21/11/2017 00:00:00";"25/11/2017 00:00:00";"25/11/2017 00:00:00";"0";"0";"5";"64420,97";"0";"64420,97";"0";"A";"1";"";"-1";"-1";"";"";"";"";"41";"SEM REAJUSTE";"";"";"";"21/11/2017 00:00:00";"24/11/2017 00:00:00";"75";"";"";"";"";"201601225047";"P";"";"";"";"Desap - Melhoramento do viário de acesso ao Hospital Brasilândia";"";"22";"SECRETARIA MUNICIPAL DE SERVIÇOS E OBRAS";"10";"Gabinete do Secretário";"64420,97";"0";"5";"0";"0";"64420,97";"64420,97";"0";"64420,97";"0";"0";"0";"64420,97";"64420,97";"0";"64420,97";"0";"64420,97";"0";"0";"0";"64420,97";"64420,97";"0";"0";"0";"0";"0";"0";"0";"0";"0";"0";"0";"0";"0";"0";"0";"0";"0";"0";"0";"0";"84.10.10.302.3003.3.366.44906100.03.0";"99";"Outras Aquisições de Bens Imóveis";"01";"Desapropriações";"61";"Aquisição de Imóveis";"0"
"284176";"23581";"2017";"86";"Fundo Municipal de Saneamento Ambiental e Infraestrutura";"22";"FMSAI - Secretaria Municipal de Serviços e Obras";"5";"Nota de Empenho Fornecimento de Bens de Consumo e/ou Permanente";"39";"Não Aplicável";"8";"Não Aplicável";"21/11/2017 00:00:00";"25/11/2017 00:00:00";"25/11/2017 00:00:00";"0";"0";"5";"102385,71";"0";"102385,71";"0";"A";"1";"";"-1";"-1";"";"";"";"";"41";"SEM REAJUSTE";"";"";"";"10/11/2017 00:00:00";"14/11/2017 00:00:00";"98";"";"";"";"";"201701599518";"P";"";"";"";"Indenização de Benfeitorias - Obra Publica";"";"86";"Fundo Municipal de Saneamento Ambiental e Infraestrutura";"22";"FMSAI - Secretaria Municipal de Serviços e Obras";"102385,71";"0";"5";"0";"0";"102385,71";"102385,71";"0";"102385,71";"0";"0";"0";"102385,71";"102385,71";"0";"102385,71";"0";"102385,71";"0";"0";"0";"102385,71";"102385,71";"0";"0";"0";"0";"0";"0";"0";"0";"0";"0";"0";"0";"0";"0";"0";"0";"0";"0";"0";"0";"86.22.17.451.3008.5.013.44904800.03.0";"91";"FMH";"02";"Projetos e Ações de Apoio Habitacional";"48";"Outros Auxílios Financeiros a Pessoas Físicas";"0"
"284179";"23584";"2017";"86";"Fundo Municipal de Saneamento Ambiental e Infraestrutura";"22";"FMSAI - Secretaria Municipal de Serviços e Obras";"5";"Nota de Empenho Fornecimento de Bens de Consumo e/ou Permanente";"39";"Não Aplicável";"8";"Não Aplicável";"21/11/2017 00:00:00";"25/11/2017 00:00:00";"25/11/2017 00:00:00";"0";"0";"5";"172061,79";"0";"172061,79";"0";"A";"1";"";"-1";"-1";"";"";"";"";"41";"SEM REAJUSTE";"";"";"";"10/11/2017 00:00:00";"14/11/2017 00:00:00";"98";"";"";"";"";"201701591398";"P";"";"";"";"Indenização de Benfeitorias - Obra Publica";"";"86";"Fundo Municipal de Saneamento Ambiental e Infraestrutura";"22";"FMSAI - Secretaria Municipal de Serviços e Obras";"172061,79";"0";"5";"0";"0";"172061,79";"172061,79";"0";"172061,79";"0";"0";"0";"172061,79";"172061,79";"0";"172061,79";"0";"172061,79";"0";"0";"0";"172061,79";"172061,79";"0";"0";"0";"0";"0";"0";"0";"0";"0";"0";"0";"0";"0";"0";"0";"0";"0";"0";"0";"0";"86.22.17.451.3008.5.013.44904800.03.0";"91";"FMH";"02";"Projetos e Ações de Apoio Habitacional";"48";"Outros Auxílios Financeiros a Pessoas Físicas";"0"
"286522";"25485";"2017";"22";"SECRETARIA MUNICIPAL DE SERVIÇOS E OBRAS";"10";"Gabinete do Secretário";"2";"Termo de Contrato - Serviços";"7";"Art. 24 - Inciso I Lei Federal  8.666/93";"6";"Dispensa de Licitação";"27/12/2017 00:00:00";"25/01/2018 00:00:00";"26/01/2018 00:00:00";"0";"0";"30";"9220,67";"0";"9220,67";"0";"E";"9";"umental";"-1";"-1";"";"";"";"";"41";"SEM REAJUSTE";"";"";"";"08/12/2017 00:00:00";"08/12/2017 00:00:00";"";"";"";"";"DL";"6029201600003170";"S";"";"";"";"Contratação de serviços e obras para execução de nova entrada de energia onde estão instalados o Comando Operacional Norte - Inspetoria de Santana e a Junta de Serviço Militar de Santana";"";"22";"SECRETARIA MUNICIPAL DE SERVIÇOS E OBRAS";"10";"Gabinete do Secretário";"9220,99";"0";"30";"0";"0";"9220,99";"9220,99";"0";"9220,67";"0,32";"0";"0";"9220,67";"9220,67";"0,32";"9220,99";"0";"9220,67";"0,32";"0";"0";"9220,67";"9220,67";"0,32";"0";"0";"0";"0";"0";"0";"0";"0";"0";"0";"0";"0";"0";"0";"0";"0";"0";"0";"0";"38.10.06.181.3013.2.192.33903900.00.0";"05";"Serviços Técnicos Profissionais";"08";"Engenharia (exceto constr. estradas, pontes, prédios e obras assem.)";"39";"Outros Serviços de Terceiros - Pessoa Jurídica";"0"
"259482";"2610";"2017";"22";"SECRETARIA MUNICIPAL DE SERVIÇOS E OBRAS";"10";"SECRETARIA MUNICIPAL DE SERVIÇOS E OBRAS";"5";"Nota de Empenho Fornecimento de Bens de Consumo e/ou Permanente";"39";"Não Aplicável";"8";"Não Aplicável";"17/02/2017 00:00:00";"26/02/2017 00:00:00";"26/02/2017 00:00:00";"0";"0";"10";"17539,20";"0";"17539,20";"0";"E";"9";"umental";"2016";"8";"11";"Secretaria do Governo Municipal";"";"";"41";"SEM REAJUSTE";"";"";"15/09/2016 00:00:00";"16/02/2017 00:00:00";"17/02/2017 00:00:00";"45";"";"";"";"";"6022201700001074";"S";"";"";"";"Ata de Registro de Preços nº 008/SMG-COBES/2016 - Aquisição de Café Torrado e Moído";"";"22";"SECRETARIA MUNICIPAL DE SERVIÇOS E OBRAS";"10";"SECRETARIA MUNICIPAL DE SERVIÇOS E OBRAS";"17539,20";"0";"10";"0";"0";"17539,20";"17539,20";"0";"17539,20";"0";"0";"0";"17539,20";"17539,20";"0";"17539,20";"0";"17539,20";"0";"0";"0";"17539,20";"17539,20";"0";"0";"0";"0";"0";"0";"0";"0";"0";"0";"0";"0";"0";"0";"0";"0";"0";"0";"0";"0";"22.10.15.122.3024.2.100.33903000.00.0";"07";"Gêneros de Alimentação";"02";"Café";"30";"Material de Consumo";"0"
"270178";"11855";"2017";"22";"SECRETARIA MUNICIPAL DE SERVIÇOS E OBRAS";"10";"SECRETARIA MUNICIPAL DE SERVIÇOS E OBRAS";"5";"Nota de Empenho Fornecimento de Bens de Consumo e/ou Permanente";"39";"Não Aplicável";"8";"Não Aplicável";"26/05/2017 00:00:00";"26/05/2017 00:00:00";"26/05/2017 00:00:00";"0";"0";"1";"232890,24";"0";"0";"0";"E";"1";"";"-1";"-1";"";"";"";"";"41";"SEM REAJUSTE";"";"";"";"26/05/2017 00:00:00";"27/05/2017 00:00:00";"26";"";"";"";"";"201700346012";"P";"";"";"";"REEMBOLSO DE DESPESAS DE ORGÃOS CORPORAIS, TRANSPLANTE, DESPESAS E FUNERAL";"";"22";"SECRETARIA MUNICIPAL DE SERVIÇOS E OBRAS";"10";"SECRETARIA MUNICIPAL DE SERVIÇOS E OBRAS";"232890,24";"0";"1";"0";"0";"232890,24";"232890,24";"0";"0";"232890,24";"0";"0";"0";"0";"221151,44";"232890,24";"0";"0";"232890,24";"0";"0";"0";"0";"221151,44";"0";"0";"0";"0";"0";"0";"0";"0";"0";"0";"0";"0";"0";"0";"0";"0";"0";"0";"0";"28.23.15.452.3011.6.854.33913900.00.0";"99";"Outros Serviços de Terceiros - Pessoa Jurídica";"24";"Remuneração - FMT-SP";"39";"Outros Serviços de Terceiros - Pessoa Jurídica";"0"
"267057";"8979";"2017";"22";"SECRETARIA MUNICIPAL DE SERVIÇOS E OBRAS";"10";"SECRETARIA MUNICIPAL DE SERVIÇOS E OBRAS";"5";"Nota de Empenho Fornecimento de Bens de Consumo e/ou Permanente";"39";"Não Aplicável";"8";"Não Aplicável";"17/05/2017 00:00:00";"26/05/2017 00:00:00";"26/05/2017 00:00:00";"0";"0";"10";"7044,58";"0";"7044,58";"0";"A";"1";"";"-1";"-1";"";"";"";"";"41";"SEM REAJUSTE";"";"";"";"16/05/2017 00:00:00";"17/05/2017 00:00:00";"45";"";"";"";"";"201302527890";"P";"";"";"";"Desap - Melhoramento da Av. Chucri Zaidan até Av. João Dias";"";"22";"SECRETARIA MUNICIPAL DE SERVIÇOS E OBRAS";"10";"SECRETARIA MUNICIPAL DE SERVIÇOS E OBRAS";"7044,58";"0";"10";"0";"0";"7044,58";"7044,58";"0";"7044,58";"0";"0";"0";"7044,58";"7044,58";"0";"7044,58";"0";"7044,58";"0";"0";"0";"7044,58";"7044,58";"0";"0";"0";"0";"0";"0";"0";"0";"0";"0";"0";"0";"0";"0";"0";"0";"0";"0";"0";"0";"37.30.15.451.3009.5.100.44906100.08.0";"99";"Outras Aquisições de Bens Imóveis";"01";"Desapropriações";"61";"Aquisição de Imóveis";"0"
"274704";"15801";"2017";"22";"SECRETARIA MUNICIPAL DE SERVIÇOS E OBRAS";"10";"Gabinete do Secretário";"5";"Nota de Empenho Fornecimento de Bens de Consumo e/ou Permanente";"39";"Não Aplicável";"8";"Não Aplicável";"24/07/2017 00:00:00";"26/07/2017 00:00:00";"26/07/2017 00:00:00";"0";"0";"3";"81168,19";"0";"81168,19";"0";"A";"1";"";"-1";"-1";"";"";"";"";"41";"SEM REAJUSTE";"";"";"";"20/07/2017 00:00:00";"22/07/2017 00:00:00";"49";"";"";"";"";"201301425750";"P";"";"";"";"Desap - Melhoramento da Av. Jornalista Roberto Marinho";"";"22";"SECRETARIA MUNICIPAL DE SERVIÇOS E OBRAS";"10";"Gabinete do Secretário";"81168,19";"0";"3";"0";"0";"81168,19";"81168,19";"0";"81168,19";"0";"0";"0";"81168,19";"81168,19";"0";"81168,19";"0";"81168,19";"0";"0";"0";"81168,19";"81168,19";"0";"0";"0";"0";"0";"0";"0";"0";"0";"0";"0";"0";"0";"0";"0";"0";"0";"0";"0";"0";"37.30.16.451.3002.3.357.44906100.08.0";"99";"Outras Aquisições de Bens Imóveis";"01";"Desapropriações";"61";"Aquisição de Imóveis";"0"
"276987";"17630";"2017";"22";"SECRETARIA MUNICIPAL DE SERVIÇOS E OBRAS";"10";"Gabinete do Secretário";"5";"Nota de Empenho Fornecimento de Bens de Consumo e/ou Permanente";"39";"Não Aplicável";"8";"Não Aplicável";"22/08/2017 00:00:00";"26/08/2017 00:00:00";"26/08/2017 00:00:00";"0";"0";"5";"217560,62";"0";"217560,62";"0";"A";"1";"";"-1";"-1";"";"";"";"";"41";"SEM REAJUSTE";"";"";"";"15/08/2017 00:00:00";"18/08/2017 00:00:00";"67";"";"";"";"";"201601077587";"P";"";"";"";"Desapropriação - Prolongamento da Av. Chucri Zaidan até Av. João Dias";"";"22";"SECRETARIA MUNICIPAL DE SERVIÇOS E OBRAS";"10";"Gabinete do Secretário";"217560,62";"0";"5";"0";"0";"217560,62";"217560,62";"0";"217560,62";"0";"0";"0";"217560,62";"217560,62";"0";"217560,62";"0";"217560,62";"0";"0";"0";"217560,62";"217560,62";"0";"0";"0";"0";"0";"0";"0";"0";"0";"0";"0";"0";"0";"0";"0";"0";"0";"0";"0";"0";"37.30.15.451.3009.5.100.44906100.08.0";"99";"Outras Aquisições de Bens Imóveis";"01";"Desapropriações";"61";"Aquisição de Imóveis";"0"
"276980";"17625";"2017";"22";"SECRETARIA MUNICIPAL DE SERVIÇOS E OBRAS";"10";"Gabinete do Secretário";"5";"Nota de Empenho Fornecimento de Bens de Consumo e/ou Permanente";"39";"Não Aplicável";"8";"Não Aplicável";"22/08/2017 00:00:00";"26/08/2017 00:00:00";"26/08/2017 00:00:00";"0";"0";"5";"393951,96";"0";"393951,96";"0";"A";"1";"";"-1";"-1";"";"";"";"";"41";"SEM REAJUSTE";"";"";"";"15/08/2017 00:00:00";"18/08/2017 00:00:00";"67";"";"";"";"";"201601077641";"P";"";"";"";"Desap - Prolongamento da Av. Chucri Zaidan até Av. João Dias";"";"22";"SECRETARIA MUNICIPAL DE SERVIÇOS E OBRAS";"10";"Gabinete do Secretário";"393951,96";"0";"5";"0";"0";"393951,96";"393951,96";"0";"393951,96";"0";"0";"0";"393951,96";"393951,96";"0";"393951,96";"0";"393951,96";"0";"0";"0";"393951,96";"393951,96";"0";"0";"0";"0";"0";"0";"0";"0";"0";"0";"0";"0";"0";"0";"0";"0";"0";"0";"0";"0";"37.30.15.451.3009.5.100.44906100.08.0";"99";"Outras Aquisições de Bens Imóveis";"01";"Desapropriações";"61";"Aquisição de Imóveis";"0"
"278416";"18781";"2017";"22";"SECRETARIA MUNICIPAL DE SERVIÇOS E OBRAS";"10";"SECRETARIA MUNICIPAL DE SERVIÇOS E OBRAS";"2";"Termo de Contrato - Serviços";"10";"Art. 24 Inciso IV da lei Federal 8.666/93";"6";"Dispensa de Licitação";"30/03/2017 00:00:00";"25/09/2017 00:00:00";"26/09/2017 00:00:00";"0";"0";"180";"1235531,42";"0";"1235531,42";"0";"E";"9";"umental";"-1";"-1";"";"";"";"";"41";"SEM REAJUSTE";"";"";"";"13/09/2017 00:00:00";"14/09/2017 00:00:00";"70";"";"";"";"";"6022201700005371";"S";"";"";"";"Execução de obras em caráter emergencial para a recuperação de contenção das margens do Córrego Esmaga Sapo";"";"22";"SECRETARIA MUNICIPAL DE SERVIÇOS E OBRAS";"10";"SECRETARIA MUNICIPAL DE SERVIÇOS E OBRAS";"1239808,44";"0";"180";"0";"0";"1239808,44";"1239808,44";"0";"1235531,42";"4277,02";"0";"0";"1235531,42";"1235531,42";"4277,02";"1239808,44";"0";"1235531,42";"4277,02";"0";"0";"1235531,42";"1235531,42";"4277,02";"0";"0";"0";"0";"0";"0";"0";"0";"0";"0";"0";"0";"0";"0";"0";"0";"0";"0";"0";"22.10.17.451.3008.5.013.44905100.00.0";"89";"Obras em Andamento - Uso Comum do Povo";"08";"Obras em Áreas de Risco";"51";"Obras e Instalações";"0"
"272053";"13433";"2017";"98";"Fundo de Desenvolvimento Urbano";"22";"FUNDURB - Secretaria Municipal de Infra-Estrutura Urbana e Obras";"2";"Termo de Contrato - Serviços";"1";"Art. 22 - Inciso I Lei Federal  8.666/93";"4";"Concorrência";"01/08/2013 00:00:00";"27/05/2017 00:00:00";"27/05/2017 00:00:00";"0";"0";"1396";"3303360,84";"696640";"2528334";"618469,12";"E";"9";"umental";"-1";"-1";"";"";"";"";"2";"ESTRUTURA GERAL";"";"";"";"01/08/2013 00:00:00";"01/08/2013 00:00:00";"";"";"";"";"";"201302114804";"P";"";"";"";"CT - 042/SIURB/2013 - Lote 5";"";"98";"Fundo de Desenvolvimento Urbano";"22";"FUNDURB - Secretaria Municipal de Infra-Estrutura Urbana e Obras";"3303360,84";"0";"1396";"0";"696640";"4000000,84";"4000000,84";"0";"3146803,12";"853197,72";"0";"0";"3146803,12";"3146803,12";"1353196,88";"3303360,84";"0";"2528334";"775026,84";"0";"0";"2528334";"2528334";"1187946,94";"696640";"0";"618469,12";"78170,88";"0";"0";"618469,12";"618469,12";"165249,94";"0";"0";"0";"0";"0";"0";"0";"0";"0";"0";"98.22.17.451.3008.5.013.44905100.08.0";"89";"Obras em Andamento - Uso Comum do Povo";"22";"Canalização de Córregos";"51";"Obras e Instalações";"0"
"274783";"15871";"2017";"22";"SECRETARIA MUNICIPAL DE SERVIÇOS E OBRAS";"10";"Gabinete do Secretário";"5";"Nota de Empenho Fornecimento de Bens de Consumo e/ou Permanente";"39";"Não Aplicável";"8";"Não Aplicável";"25/07/2017 00:00:00";"27/07/2017 00:00:00";"27/07/2017 00:00:00";"0";"0";"3";"9136,35";"0";"9136,35";"0";"A";"1";"";"-1";"-1";"";"";"";"";"41";"SEM REAJUSTE";"";"";"";"20/07/2017 00:00:00";"22/07/2017 00:00:00";"49";"";"";"";"";"201302902071";"P";"";"";"";"Desapropriação - Melhoramento - Av. Chucri Zaidan";"";"22";"SECRETARIA MUNICIPAL DE SERVIÇOS E OBRAS";"10";"Gabinete do Secretário";"9136,35";"0";"3";"0";"0";"9136,35";"9136,35";"0";"9136,35";"0";"0";"0";"9136,35";"9136,35";"0";"9136,35";"0";"9136,35";"0";"0";"0";"9136,35";"9136,35";"0";"0";"0";"0";"0";"0";"0";"0";"0";"0";"0";"0";"0";"0";"0";"0";"0";"0";"0";"0";"37.30.15.451.3009.5.100.44906100.08.0";"99";"Outras Aquisições de Bens Imóveis";"01";"Desapropriações";"61";"Aquisição de Imóveis";"0"
"272181";"13553";"2017";"22";"SECRETARIA MUNICIPAL DE SERVIÇOS E OBRAS";"10";"Gabinete do Secretário";"2";"Termo de Contrato - Serviços";"10";"Art. 24 Inciso IV da lei Federal 8.666/93";"6";"Dispensa de Licitação";"30/06/2017 00:00:00";"27/09/2017 00:00:00";"27/09/2017 00:00:00";"0";"0";"89";"724968,12";"0";"491367,28";"0";"E";"9";"umental";"-1";"-1";"";"";"";"";"41";"SEM REAJUSTE";"";"José Roberto Lopes";"28/06/2017 00:00:00";"29/06/2017 00:00:00";"30/06/2017 00:00:00";"121";"";"";"";"";"6022201700013153";"S";"";"";"";"Contratação em caráter emergencial para a prestação de serviços de vigilância e segurança patrimonial desarmada nas dependências do Edifício Domingos Fernandes Alonso (GALERIA OLIDO), Edifício Mendes Caldeira, Estacionamento Álvaro de Carvalho e Estacionamento Boticário sito Rua do Boticário, 76";"";"22";"SECRETARIA MUNICIPAL DE SERVIÇOS E OBRAS";"10";"Gabinete do Secretário";"724968,12";"0";"89";"0";"0";"724968,12";"724968,12";"0";"491367,28";"233600,84";"0";"0";"491367,28";"491367,28";"233600,84";"724968,12";"0";"491367,28";"233600,84";"0";"0";"491367,28";"491367,28";"233600,84";"0";"0";"0";"0";"0";"0";"0";"0";"0";"0";"0";"0";"0";"0";"0";"0";"0";"0";"0";"22.10.15.122.3024.2.100.33903900.00.0";"77";"Vigilância Ostensiva / Monitorada";"01";"Guarda, Vigilância e Segurança em Geral";"39";"Outros Serviços de Terceiros - Pessoa Jurídica";"0"
"279331";"19585";"2017";"22";"SECRETARIA MUNICIPAL DE SERVIÇOS E OBRAS";"10";"Gabinete do Secretário";"5";"Nota de Empenho Fornecimento de Bens de Consumo e/ou Permanente";"8";"Art. 24 Inciso II da lei Federal 8.666/93";"6";"Dispensa de Licitação";"25/09/2017 00:00:00";"27/09/2017 00:00:00";"27/09/2017 00:00:00";"0";"0";"2";"4000";"0";"4000";"0";"E";"9";"umental";"-1";"-1";"";"";"";"";"41";"SEM REAJUSTE";"";"";"";"22/09/2017 00:00:00";"";"";"";"";"";"";"6022201700022233";"S";"";"";"";"Transcrição de falas gravadas em português para texto em português";"";"22";"SECRETARIA MUNICIPAL DE SERVIÇOS E OBRAS";"10";"Gabinete do Secretário";"4000";"0";"2";"0";"0";"4000";"4000";"0";"4000";"0";"0";"0";"4000";"4000";"0";"4000";"0";"4000";"0";"0";"0";"4000";"4000";"0";"0";"0";"0";"0";"0";"0";"0";"0";"0";"0";"0";"0";"0";"0";"0";"0";"0";"0";"0";"22.10.15.122.3024.2.100.33903900.00.0";"05";"Serviços Técnicos Profissionais";"07";"Tradução ou Interpretação Comercial";"39";"Outros Serviços de Terceiros - Pessoa Jurídica";"0"
"278554";"18902";"2017";"22";"SECRETARIA MUNICIPAL DE SERVIÇOS E OBRAS";"10";"Gabinete do Secretário";"5";"Nota de Empenho Fornecimento de Bens de Consumo e/ou Permanente";"8";"Art. 24 Inciso II da lei Federal 8.666/93";"6";"Dispensa de Licitação";"01/10/2017 00:00:00";"28/01/2018 00:00:00";"28/01/2018 00:00:00";"0";"0";"120";"245121,90";"0";"245121,90";"0";"E";"1";"";"-1";"-1";"";"";"";"";"41";"SEM REAJUSTE";"";"";"";"14/09/2017 00:00:00";"15/09/2017 00:00:00";"";"";"";"";"";"7910201700003360";"S";"";"";"";"ontratação da Concessionária AES Eletropaulo vivisando o remanejamento de postes e rede de distribuição aérea do lado direito da Rua Manoelito de Ornelias (sentido Praça Embaixador Ciro de Freitas Valle) trecho entre a Rua Verbo Divino e Av. Alfredo Egidio de Souza Aranha e remanejamento de postes e rede de distribuição aérea da Rua Aramis de Athaide e Luis Seraphico Junior (trecho entre a Praça Embaixador Ciro de Freitas e Rua Luis Correa de Melo - desemboque do túnel), no âmbito do contrato nº 185/SIURB/2011.";"";"22";"SECRETARIA MUNICIPAL DE SERVIÇOS E OBRAS";"10";"Gabinete do Secretário";"245121,90";"0";"120";"0";"0";"245121,90";"245121,90";"0";"245121,90";"0";"0";"0";"245121,90";"245121,90";"0";"245121,90";"0";"245121,90";"0";"0";"0";"245121,90";"245121,90";"0";"0";"0";"0";"0";"0";"0";"0";"0";"0";"0";"0";"0";"0";"0";"0";"0";"0";"0";"0";"37.30.15.451.3009.5.100.44905100.08.0";"99";"Outras Obras e Instalações";"04";"Remanejamento de Interferências";"51";"Obras e Instalações";"0"
"278655";"18998";"2017";"22";"SECRETARIA MUNICIPAL DE SERVIÇOS E OBRAS";"10";"Gabinete do Secretário";"5";"Nota de Empenho Fornecimento de Bens de Consumo e/ou Permanente";"8";"Art. 24 Inciso II da lei Federal 8.666/93";"6";"Dispensa de Licitação";"01/10/2017 00:00:00";"28/01/2018 00:00:00";"28/01/2018 00:00:00";"0";"0";"120";"37826,44";"0";"37826,44";"0";"E";"1";"";"-1";"-1";"";"";"";"";"41";"SEM REAJUSTE";"";"";"";"15/09/2017 00:00:00";"16/09/2017 00:00:00";"";"";"";"";"";"7910201700004537";"S";"";"";"";"Contratação da Concessionária AES Eletropaulo visando a remoção de rede de distribuição de energia elétrica localizada na Praça Embaixador Cyro de Freitas no âmbito do contrato nº 185/SIURB/2011";"";"22";"SECRETARIA MUNICIPAL DE SERVIÇOS E OBRAS";"10";"Gabinete do Secretário";"37826,44";"0";"120";"0";"0";"37826,44";"37826,44";"0";"37826,44";"0";"0";"0";"37826,44";"37826,44";"0";"37826,44";"0";"37826,44";"0";"0";"0";"37826,44";"37826,44";"0";"0";"0";"0";"0";"0";"0";"0";"0";"0";"0";"0";"0";"0";"0";"0";"0";"0";"0";"0";"37.30.15.451.3009.5.100.44905100.08.0";"99";"Outras Obras e Instalações";"04";"Remanejamento de Interferências";"51";"Obras e Instalações";"0"
"278564";"18912";"2017";"22";"SECRETARIA MUNICIPAL DE SERVIÇOS E OBRAS";"10";"Gabinete do Secretário";"5";"Nota de Empenho Fornecimento de Bens de Consumo e/ou Permanente";"8";"Art. 24 Inciso II da lei Federal 8.666/93";"6";"Dispensa de Licitação";"01/10/2017 00:00:00";"28/01/2018 00:00:00";"28/01/2018 00:00:00";"0";"0";"120";"50876,71";"0";"50876,71";"0";"E";"1";"";"-1";"-1";"";"";"";"";"41";"SEM REAJUSTE";"";"";"";"14/09/2017 00:00:00";"15/09/2017 00:00:00";"";"";"";"";"";"7910201700003352";"S";"";"";"";"Contratação da Concessionária AES Eletropaulo visando à realocação de 05 (cinco) postes e a retirada de mais 02 (dois) postes, serviços estes necessários para a liberação de tráfego de acesso à Rua Laguna esquina com a Av. João Dias, no âmbito do contrato nº 185/SIURB/2011.";"";"22";"SECRETARIA MUNICIPAL DE SERVIÇOS E OBRAS";"10";"Gabinete do Secretário";"50876,71";"0";"120";"0";"0";"50876,71";"50876,71";"0";"50876,71";"0";"0";"0";"50876,71";"50876,71";"0";"50876,71";"0";"50876,71";"0";"0";"0";"50876,71";"50876,71";"0";"0";"0";"0";"0";"0";"0";"0";"0";"0";"0";"0";"0";"0";"0";"0";"0";"0";"0";"0";"37.30.15.451.3009.5.100.44905100.08.0";"99";"Outras Obras e Instalações";"04";"Remanejamento de Interferências";"51";"Obras e Instalações";"0"
"280148";"20309";"2017";"22";"SECRETARIA MUNICIPAL DE SERVIÇOS E OBRAS";"10";"SECRETARIA MUNICIPAL DE SERVIÇOS E OBRAS";"5";"Nota de Empenho Fornecimento de Bens de Consumo e/ou Permanente";"39";"Não Aplicável";"8";"Não Aplicável";"01/02/2017 00:00:00";"28/02/2017 00:00:00";"28/02/2017 00:00:00";"0";"0";"28";"288810,47";"0";"0";"0";"R";"1";"";"-1";"-1";"";"";"";"";"41";"SEM REAJUSTE";"";"";"";"14/07/2017 00:00:00";"18/07/2017 00:00:00";"68";"";"";"";"";"201700592773";"P";"";"";"";"REEMBOLSO DE DESPESAS DE ÓRGÃOS CORPORAIS, TRASNPLANTE, DESPESAS DE FUNERAL";"";"22";"SECRETARIA MUNICIPAL DE SERVIÇOS E OBRAS";"10";"SECRETARIA MUNICIPAL DE SERVIÇOS E OBRAS";"288810,47";"0";"28";"0";"0";"288810,47";"288810,47";"0";"0";"0";"288810,47";"0";"0";"0";"0";"288810,47";"0";"0";"0";"288810,47";"0";"0";"0";"0";"0";"0";"0";"0";"0";"0";"0";"0";"0";"0";"0";"0";"0";"0";"0";"0";"0";"0";"0";"";"";"";"";"";"";"";"288810,47"
"280150";"20311";"2017";"22";"SECRETARIA MUNICIPAL DE SERVIÇOS E OBRAS";"10";"SECRETARIA MUNICIPAL DE SERVIÇOS E OBRAS";"5";"Nota de Empenho Fornecimento de Bens de Consumo e/ou Permanente";"39";"Não Aplicável";"8";"Não Aplicável";"01/02/2017 00:00:00";"28/02/2017 00:00:00";"28/02/2017 00:00:00";"0";"0";"28";"288810,47";"0";"288810,47";"0";"A";"1";"";"-1";"-1";"";"";"";"";"41";"SEM REAJUSTE";"";"";"";"14/07/2017 00:00:00";"18/07/2017 00:00:00";"68";"";"";"";"";"201700592773";"P";"";"";"";"REEMBOLSO DE DESPESAS DE ÓRGÃOS CORPORAIS, TRASNPLANTE, DESPESAS DE FUNERAL";"";"22";"SECRETARIA MUNICIPAL DE SERVIÇOS E OBRAS";"10";"SECRETARIA MUNICIPAL DE SERVIÇOS E OBRAS";"288810,47";"0";"28";"0";"0";"288810,47";"288810,47";"0";"288810,47";"0";"0";"0";"288810,47";"288810,47";"288810,47";"288810,47";"0";"288810,47";"0";"0";"0";"288810,47";"288810,47";"288810,47";"0";"0";"0";"0";"0";"0";"0";"0";"0";"0";"0";"0";"0";"0";"0";"0";"0";"0";"0";"28.23.15.452.3011.6.854.33913900.00.0";"05";"Serviços Técnicos Profissionais";"12";"Serviços Técnicos Especializados - Sistema HABISP";"39";"Outros Serviços de Terceiros - Pessoa Jurídica";"0"
"285298";"24512";"2017";"22";"SECRETARIA MUNICIPAL DE SERVIÇOS E OBRAS";"10";"Gabinete do Secretário";"5";"Nota de Empenho Fornecimento de Bens de Consumo e/ou Permanente";"1";"Art. 22 - Inciso I Lei Federal  8.666/93";"4";"Concorrência";"01/12/2017 00:00:00";"28/02/2018 00:00:00";"28/02/2018 00:00:00";"0";"0";"90";"14085,49";"0";"14085,49";"0";"A";"9";"umental";"-1";"-1";"";"";"";"";"26";"CONSULTORIA";"";"";"";"16/11/2017 00:00:00";"17/11/2017 00:00:00";"66";"";"";"";"";"201701420577";"P";"";"";"";"Bacia do Córrego Aricanduva / Reservatório Taboão";"";"22";"SECRETARIA MUNICIPAL DE SERVIÇOS E OBRAS";"10";"Gabinete do Secretário";"14085,49";"0";"90";"0";"0";"14085,49";"14085,49";"0";"14085,49";"0";"0";"0";"14085,49";"14085,49";"0";"14085,49";"0";"14085,49";"0";"0";"0";"14085,49";"14085,49";"0";"0";"0";"0";"0";"0";"0";"0";"0";"0";"0";"0";"0";"0";"0";"0";"0";"0";"0";"0";"22.10.17.451.3008.5.013.44903900.00.0";"91";"FMH";"02";"Projetos e Ações de Apoio Habitacional";"39";"Outros Serviços de Terceiros - Pessoa Jurídica";"0"
"285304";"24516";"2017";"22";"SECRETARIA MUNICIPAL DE SERVIÇOS E OBRAS";"10";"Gabinete do Secretário";"5";"Nota de Empenho Fornecimento de Bens de Consumo e/ou Permanente";"1";"Art. 22 - Inciso I Lei Federal  8.666/93";"4";"Concorrência";"01/12/2017 00:00:00";"28/02/2018 00:00:00";"28/02/2018 00:00:00";"0";"0";"90";"14085,49";"0";"14085,49";"0";"A";"9";"umental";"-1";"-1";"";"";"";"";"26";"CONSULTORIA";"";"";"";"16/11/2017 00:00:00";"17/11/2017 00:00:00";"67";"";"";"";"";"201701512676";"P";"";"";"";"Reservatório R3 do Tremembé";"";"22";"SECRETARIA MUNICIPAL DE SERVIÇOS E OBRAS";"10";"Gabinete do Secretário";"14085,49";"0";"90";"0";"0";"14085,49";"14085,49";"0";"14085,49";"0";"0";"0";"14085,49";"14085,49";"0";"14085,49";"0";"14085,49";"0";"0";"0";"14085,49";"14085,49";"0";"0";"0";"0";"0";"0";"0";"0";"0";"0";"0";"0";"0";"0";"0";"0";"0";"0";"0";"0";"22.10.17.451.3008.5.013.44903900.00.0";"91";"FMH";"02";"Projetos e Ações de Apoio Habitacional";"39";"Outros Serviços de Terceiros - Pessoa Jurídica";"0"
"263969";"6290";"2017";"86";"Fundo Municipal de Saneamento Ambiental e Infraestrutura";"22";"";"2";"Termo de Contrato - Serviços";"1";"Art. 22 - Inciso I Lei Federal  8.666/93";"4";"Concorrência";"01/03/2012 00:00:00";"28/04/2017 00:00:00";"28/04/2017 00:00:00";"0";"0";"1885";"27654099,68";"9152678,07";"27605909,14";"9120646,44";"A";"9";"umental";"-1";"-1";"";"";"";"";"2";"ESTRUTURA GERAL";"";"";"";"17/04/2017 00:00:00";"17/04/2017 00:00:00";"";"";"";"";"";"201100145318";"P";"";"";"";"CT - 014/SMSO/2012 - Ponte Baixa";"";"86";"Fundo Municipal de Saneamento Ambiental e Infraestrutura";"22";"";"27654099,68";"0";"1885";"0";"9152678,07";"36806777,75";"36806777,75";"0";"36726555,58";"0";"80222,17";"0";"36726555,58";"36726555,58";"908679,80";"27654099,68";"0";"27605909,14";"0";"48190,54";"0";"27605909,14";"27605909,14";"712619,84";"9152678,07";"0";"9120646,44";"0";"32031,63";"0";"9120646,44";"9120646,44";"196059,96";"0";"0";"0";"0";"0";"0";"0";"0";"0";"0";"86.22.17.451.3008.1.234.44905100.03.0";"89";"Obras em Andamento - Uso Comum do Povo";"22";"Canalização de Córregos";"51";"Obras e Instalações";"80222,17"
"268521";"10361";"2017";"22";"SECRETARIA MUNICIPAL DE SERVIÇOS E OBRAS";"10";"SECRETARIA MUNICIPAL DE SERVIÇOS E OBRAS";"5";"Nota de Empenho Fornecimento de Bens de Consumo e/ou Permanente";"8";"Art. 24 Inciso II da lei Federal 8.666/93";"6";"Dispensa de Licitação";"19/05/2017 00:00:00";"28/05/2017 00:00:00";"28/05/2017 00:00:00";"0";"0";"10";"2264,65";"0";"2264,65";"0";"E";"9";"umental";"-1";"-1";"";"";"";"";"41";"SEM REAJUSTE";"";"Felipe Gonçalves";"03/05/2017 00:00:00";"19/05/2017 00:00:00";"20/05/2017 00:00:00";"90";"";"";"";"";"6022201700006084";"S";"";"";"";"Aquisição de certificados digitais do tipo e-CPF, e-CNPJ e serviço de vistoria presencial para conferência e validação dos documentos.";"";"22";"SECRETARIA MUNICIPAL DE SERVIÇOS E OBRAS";"10";"SECRETARIA MUNICIPAL DE SERVIÇOS E OBRAS";"2264,65";"0";"10";"0";"0";"2264,65";"2264,65";"0";"2264,65";"0";"0";"0";"2264,65";"2264,65";"0";"2264,65";"0";"2264,65";"0";"0";"0";"2264,65";"2264,65";"0";"0";"0";"0";"0";"0";"0";"0";"0";"0";"0";"0";"0";"0";"0";"0";"0";"0";"0";"0";"22.10.15.122.3024.2.100.33903000.00.0";"17";"Material de Processamento de Dados";"99";"Diversos Materiais para Uso na Área de Informática";"30";"Material de Consumo";"0"
"274702";"15799";"2017";"22";"SECRETARIA MUNICIPAL DE SERVIÇOS E OBRAS";"10";"Gabinete do Secretário";"5";"Nota de Empenho Fornecimento de Bens de Consumo e/ou Permanente";"39";"Não Aplicável";"8";"Não Aplicável";"24/07/2017 00:00:00";"28/07/2017 00:00:00";"28/07/2017 00:00:00";"0";"0";"5";"15438,74";"0";"15438,74";"0";"A";"1";"";"-1";"-1";"";"";"";"";"41";"SEM REAJUSTE";"";"";"";"20/07/2017 00:00:00";"22/07/2017 00:00:00";"49";"";"";"";"";"201302681105";"P";"";"";"";"Desap - Melhoramento da Av. Chucri Zaidan";"";"22";"SECRETARIA MUNICIPAL DE SERVIÇOS E OBRAS";"10";"Gabinete do Secretário";"15438,74";"0";"5";"0";"0";"15438,74";"15438,74";"0";"15438,74";"0";"0";"0";"15438,74";"15438,74";"0";"15438,74";"0";"15438,74";"0";"0";"0";"15438,74";"15438,74";"0";"0";"0";"0";"0";"0";"0";"0";"0";"0";"0";"0";"0";"0";"0";"0";"0";"0";"0";"0";"37.30.15.451.3009.5.100.44906100.08.0";"99";"Outras Aquisições de Bens Imóveis";"01";"Desapropriações";"61";"Aquisição de Imóveis";"0"
"284585";"23903";"2017";"22";"SECRETARIA MUNICIPAL DE SERVIÇOS E OBRAS";"10";"Gabinete do Secretário";"5";"Nota de Empenho Fornecimento de Bens de Consumo e/ou Permanente";"39";"Não Aplicável";"8";"Não Aplicável";"24/11/2017 00:00:00";"28/11/2017 00:00:00";"28/11/2017 00:00:00";"0";"0";"5";"7290,32";"0";"7290,32";"0";"A";"1";"";"-1";"-1";"";"";"";"";"41";"SEM REAJUSTE";"";"";"";"21/11/2017 00:00:00";"24/11/2017 00:00:00";"75";"";"";"";"";"201601225160";"P";"";"";"";"Desap - Melhoramento do viário de acesso ao Hospital Brasilândia";"";"22";"SECRETARIA MUNICIPAL DE SERVIÇOS E OBRAS";"10";"Gabinete do Secretário";"7290,32";"0";"5";"0";"0";"7290,32";"7290,32";"0";"7290,32";"0";"0";"0";"7290,32";"7290,32";"0";"7290,32";"0";"7290,32";"0";"0";"0";"7290,32";"7290,32";"0";"0";"0";"0";"0";"0";"0";"0";"0";"0";"0";"0";"0";"0";"0";"0";"0";"0";"0";"0";"84.10.10.302.3003.3.366.44906100.03.0";"99";"Outras Aquisições de Bens Imóveis";"01";"Desapropriações";"61";"Aquisição de Imóveis";"0"
"284588";"23906";"2017";"22";"SECRETARIA MUNICIPAL DE SERVIÇOS E OBRAS";"10";"Gabinete do Secretário";"5";"Nota de Empenho Fornecimento de Bens de Consumo e/ou Permanente";"39";"Não Aplicável";"8";"Não Aplicável";"24/11/2017 00:00:00";"28/11/2017 00:00:00";"28/11/2017 00:00:00";"0";"0";"5";"219483,19";"0";"219483,19";"0";"A";"1";"";"-1";"-1";"";"";"";"";"41";"SEM REAJUSTE";"";"";"";"21/11/2017 00:00:00";"24/11/2017 00:00:00";"75";"";"";"";"";"201601224717";"P";"";"";"";"Desap - Melhoramento do viário de acesso ao Hospital Brasilândia";"";"22";"SECRETARIA MUNICIPAL DE SERVIÇOS E OBRAS";"10";"Gabinete do Secretário";"219483,19";"0";"5";"0";"0";"219483,19";"219483,19";"0";"219483,19";"0";"0";"0";"219483,19";"219483,19";"0";"219483,19";"0";"219483,19";"0";"0";"0";"219483,19";"219483,19";"0";"0";"0";"0";"0";"0";"0";"0";"0";"0";"0";"0";"0";"0";"0";"0";"0";"0";"0";"0";"84.10.10.302.3003.3.366.44906100.03.0";"99";"Outras Aquisições de Bens Imóveis";"01";"Desapropriações";"61";"Aquisição de Imóveis";"0"
"257011";"498";"2017";"22";"Secretaria Municipal de Infra-Estrutura Urbana e Obras";"10";"Gabinete do Secretário";"2";"Termo de Contrato - Serviços";"8";"Art. 24 Inciso II da lei Federal 8.666/93";"6";"Dispensa de Licitação";"01/01/2017 00:00:00";"31/03/2017 00:00:00";"29/06/2017 00:00:00";"0";"0";"89";"1906964,64";"0";"1896368,90";"0";"E";"9";"umental";"-1";"-1";"";"";"";"";"41";"SEM REAJUSTE";"";"";"";"29/12/2016 00:00:00";"19/01/2017 00:00:00";"54";"";"";"";"";"6022201600004284";"S";"";"";"";"PRESTAÇÃO DE SERVIÇOS DE VIGILÂNCIA E SEGURANÇA PATRIMONIAL DESARMADA";"";"22";"Secretaria Municipal de Infra-Estrutura Urbana e Obras";"10";"Gabinete do Secretário";"953482,32";"0";"89";"953482,32";"0";"1906964,64";"1906964,64";"0";"1896368,90";"10595,74";"0";"0";"1896368,90";"1896368,90";"89313,54";"1906964,64";"0";"1896368,90";"10595,74";"0";"0";"1896368,90";"1896368,90";"89313,54";"0";"0";"0";"0";"0";"0";"0";"0";"0";"0";"0";"0";"0";"0";"0";"0";"0";"90";"0";"22.10.15.122.3024.2.100.33903900.00.0";"77";"Vigilância Ostensiva / Monitorada";"01";"Guarda, Vigilância e Segurança em Geral";"39";"Outros Serviços de Terceiros - Pessoa Jurídica";"0"
"277215";"17815";"2017";"22";"SECRETARIA MUNICIPAL DE SERVIÇOS E OBRAS";"10";"Gabinete do Secretário";"5";"Nota de Empenho Fornecimento de Bens de Consumo e/ou Permanente";"39";"Não Aplicável";"8";"Não Aplicável";"25/08/2017 00:00:00";"29/08/2017 00:00:00";"29/08/2017 00:00:00";"0";"0";"5";"126888,97";"0";"126888,97";"0";"A";"1";"";"-1";"-1";"";"";"";"";"41";"SEM REAJUSTE";"";"";"";"24/08/2017 00:00:00";"25/08/2017 00:00:00";"22";"";"";"";"";"201400036921";"P";"";"";"";"Desap - Melhoramento da Av. Jornalista Roberto Marinho";"";"22";"SECRETARIA MUNICIPAL DE SERVIÇOS E OBRAS";"10";"Gabinete do Secretário";"126888,97";"0";"5";"0";"0";"126888,97";"126888,97";"0";"126888,97";"0";"0";"0";"126888,97";"126888,97";"0";"126888,97";"0";"126888,97";"0";"0";"0";"126888,97";"126888,97";"0";"0";"0";"0";"0";"0";"0";"0";"0";"0";"0";"0";"0";"0";"0";"0";"0";"0";"0";"0";"37.30.15.451.3009.5.100.44906100.08.0";"99";"Outras Aquisições de Bens Imóveis";"01";"Desapropriações";"61";"Aquisição de Imóveis";"0"
"279830";"20015";"2017";"86";"Fundo Municipal de Saneamento Ambiental e Infraestrutura";"22";"FMSAI - Secretaria Municipal de Serviços e Obras";"5";"Nota de Empenho Fornecimento de Bens de Consumo e/ou Permanente";"39";"Não Aplicável";"8";"Não Aplicável";"27/09/2017 00:00:00";"29/09/2017 00:00:00";"29/09/2017 00:00:00";"0";"0";"3";"63851,79";"0";"63851,79";"0";"A";"1";"";"-1";"-1";"";"";"";"";"41";"SEM REAJUSTE";"";"";"";"26/09/2017 00:00:00";"27/09/2017 00:00:00";"31";"";"";"";"";"201701415581";"P";"";"";"";"Indenização de Benfeitorias - Obra Publica";"";"86";"Fundo Municipal de Saneamento Ambiental e Infraestrutura";"22";"FMSAI - Secretaria Municipal de Serviços e Obras";"63851,79";"0";"3";"0";"0";"63851,79";"63851,79";"0";"63851,79";"0";"0";"0";"63851,79";"63851,79";"0";"63851,79";"0";"63851,79";"0";"0";"0";"63851,79";"63851,79";"0";"0";"0";"0";"0";"0";"0";"0";"0";"0";"0";"0";"0";"0";"0";"0";"0";"0";"0";"0";"86.22.17.451.3008.5.013.44906100.03.0";"91";"FMH";"02";"Projetos e Ações de Apoio Habitacional";"61";"Aquisição de Imóveis";"0"
"278927";"19228";"2017";"22";"SECRETARIA MUNICIPAL DE SERVIÇOS E OBRAS";"10";"Gabinete do Secretário";"5";"Nota de Empenho Fornecimento de Bens de Consumo e/ou Permanente";"39";"Não Aplicável";"8";"Não Aplicável";"27/09/2017 00:00:00";"29/09/2017 00:00:00";"29/09/2017 00:00:00";"0";"0";"2";"2900";"0";"2900";"0";"E";"9";"umental";"-1";"-1";"";"";"";"";"41";"SEM REAJUSTE";"";"Angelita Morais Dambroski";"14/09/2017 00:00:00";"19/09/2017 00:00:00";"";"";"";"";"";"";"6022201700021440";"S";"";"";"";"Inscrição no IV Encontro Nacional de Fiscais e Gestores de Contratosde Obras e Serviços de Engenharia na Administração Pública";"";"22";"SECRETARIA MUNICIPAL DE SERVIÇOS E OBRAS";"10";"Gabinete do Secretário";"2900";"0";"2";"0";"0";"2900";"2900";"0";"2900";"0";"0";"0";"2900";"2900";"0";"2900";"0";"2900";"0";"0";"0";"2900";"2900";"0";"0";"0";"0";"0";"0";"0";"0";"0";"0";"0";"0";"0";"0";"0";"0";"0";"0";"0";"0";"22.10.15.122.3024.2.100.33903900.00.0";"22";"Exposições, Congressos, Conferências e Outros Eventos";"07";"Exposições,Congressos,Conferências, e Outros Ev.,Convênios, Seminários";"39";"Outros Serviços de Terceiros - Pessoa Jurídica";"0"
"279836";"20020";"2017";"86";"Fundo Municipal de Saneamento Ambiental e Infraestrutura";"22";"FMSAI - Secretaria Municipal de Serviços e Obras";"5";"Nota de Empenho Fornecimento de Bens de Consumo e/ou Permanente";"39";"Não Aplicável";"8";"Não Aplicável";"27/09/2017 00:00:00";"29/09/2017 00:00:00";"29/09/2017 00:00:00";"0";"0";"3";"154820,28";"0";"154820,28";"0";"A";"1";"";"-1";"-1";"";"";"";"";"41";"SEM REAJUSTE";"";"";"";"26/09/2017 00:00:00";"27/09/2017 00:00:00";"31";"";"";"";"";"201701418793";"P";"";"";"";"Indenização de Benfeitorias - Obra Publica";"";"86";"Fundo Municipal de Saneamento Ambiental e Infraestrutura";"22";"FMSAI - Secretaria Municipal de Serviços e Obras";"154820,28";"0";"3";"0";"0";"154820,28";"154820,28";"0";"154820,28";"0";"0";"0";"154820,28";"154820,28";"0";"154820,28";"0";"154820,28";"0";"0";"0";"154820,28";"154820,28";"0";"0";"0";"0";"0";"0";"0";"0";"0";"0";"0";"0";"0";"0";"0";"0";"0";"0";"0";"0";"86.22.17.451.3008.5.013.44906100.03.0";"91";"FMH";"02";"Projetos e Ações de Apoio Habitacional";"61";"Aquisição de Imóveis";"0"
"279832";"20017";"2017";"86";"Fundo Municipal de Saneamento Ambiental e Infraestrutura";"22";"FMSAI - Secretaria Municipal de Serviços e Obras";"5";"Nota de Empenho Fornecimento de Bens de Consumo e/ou Permanente";"39";"Não Aplicável";"8";"Não Aplicável";"27/09/2017 00:00:00";"29/09/2017 00:00:00";"29/09/2017 00:00:00";"0";"0";"3";"59077,52";"0";"59077,52";"0";"A";"1";"";"-1";"-1";"";"";"";"";"41";"SEM REAJUSTE";"";"";"";"26/09/2017 00:00:00";"27/09/2017 00:00:00";"31";"";"";"";"";"201701418858";"P";"";"";"";"Indenização de Benfeitorias - Obra Pública";"";"86";"Fundo Municipal de Saneamento Ambiental e Infraestrutura";"22";"FMSAI - Secretaria Municipal de Serviços e Obras";"59077,52";"0";"3";"0";"0";"59077,52";"59077,52";"0";"59077,52";"0";"0";"0";"59077,52";"59077,52";"0";"59077,52";"0";"59077,52";"0";"0";"0";"59077,52";"59077,52";"0";"0";"0";"0";"0";"0";"0";"0";"0";"0";"0";"0";"0";"0";"0";"0";"0";"0";"0";"0";"86.22.17.451.3008.5.013.44906100.03.0";"91";"FMH";"02";"Projetos e Ações de Apoio Habitacional";"61";"Aquisição de Imóveis";"0"
"282363";"22093";"2017";"22";"SECRETARIA MUNICIPAL DE SERVIÇOS E OBRAS";"10";"Gabinete do Secretário";"5";"Nota de Empenho Fornecimento de Bens de Consumo e/ou Permanente";"39";"Não Aplicável";"8";"Não Aplicável";"25/10/2017 00:00:00";"29/10/2017 00:00:00";"29/10/2017 00:00:00";"0";"0";"5";"46429,91";"0";"46429,91";"0";"A";"1";"";"-1";"-1";"";"";"";"";"41";"SEM REAJUSTE";"";"";"";"18/10/2017 00:00:00";"24/10/2017 00:00:00";"92";"";"";"";"";"201102993499";"P";"";"";"";"Desap - Prolongamento da Av. Chucri Zaidan até Av. João Dias";"";"22";"SECRETARIA MUNICIPAL DE SERVIÇOS E OBRAS";"10";"Gabinete do Secretário";"46429,91";"0";"5";"0";"0";"46429,91";"46429,91";"0";"46429,91";"0";"0";"0";"46429,91";"46429,91";"0";"46429,91";"0";"46429,91";"0";"0";"0";"46429,91";"46429,91";"0";"0";"0";"0";"0";"0";"0";"0";"0";"0";"0";"0";"0";"0";"0";"0";"0";"0";"0";"0";"37.30.16.451.3002.3.357.44906100.08.0";"99";"Outras Aquisições de Bens Imóveis";"01";"Desapropriações";"61";"Aquisição de Imóveis";"0"
"282364";"22094";"2017";"22";"SECRETARIA MUNICIPAL DE SERVIÇOS E OBRAS";"10";"Gabinete do Secretário";"5";"Nota de Empenho Fornecimento de Bens de Consumo e/ou Permanente";"39";"Não Aplicável";"8";"Não Aplicável";"25/10/2017 00:00:00";"29/10/2017 00:00:00";"29/10/2017 00:00:00";"0";"0";"5";"108399,74";"0";"108399,74";"0";"A";"1";"";"-1";"-1";"";"";"";"";"41";"SEM REAJUSTE";"";"";"";"20/10/2017 00:00:00";"24/10/2017 00:00:00";"92";"";"";"";"";"201203426573";"P";"";"";"";"Desap - Prolongamento da Av. Chucri Zaidan até Av. João Dias";"";"22";"SECRETARIA MUNICIPAL DE SERVIÇOS E OBRAS";"10";"Gabinete do Secretário";"108399,74";"0";"5";"0";"0";"108399,74";"108399,74";"0";"108399,74";"0";"0";"0";"108399,74";"108399,74";"0";"108399,74";"0";"108399,74";"0";"0";"0";"108399,74";"108399,74";"0";"0";"0";"0";"0";"0";"0";"0";"0";"0";"0";"0";"0";"0";"0";"0";"0";"0";"0";"0";"37.30.15.451.3009.5.100.44906100.08.0";"99";"Outras Aquisições de Bens Imóveis";"01";"Desapropriações";"61";"Aquisição de Imóveis";"0"
"280145";"20306";"2017";"22";"Secretaria Municipal de Infra-Estrutura Urbana e Obras";"10";"Gabinete do Secretário";"5";"Nota de Empenho Fornecimento de Bens de Consumo e/ou Permanente";"39";"Não Aplicável";"8";"Não Aplicável";"01/01/2017 00:00:00";"30/01/2017 00:00:00";"30/01/2017 00:00:00";"0";"0";"30";"232890,24";"0";"232890,24";"0";"A";"1";"";"-1";"-1";"";"";"";"";"41";"SEM REAJUSTE";"";"";"";"26/05/2017 00:00:00";"27/05/2017 00:00:00";"26";"";"";"";"";"201700346012";"P";"";"";"";"REEMBOLSO DE DESPESAS DE ÓRGÃOS CORPORAIS, TRASNPLANTE, DESPESAS DE FUNERAL";"";"22";"Secretaria Municipal de Infra-Estrutura Urbana e Obras";"10";"Gabinete do Secretário";"232890,24";"0";"30";"0";"0";"232890,24";"232890,24";"0";"232890,24";"0";"0";"0";"232890,24";"232890,24";"0";"232890,24";"0";"232890,24";"0";"0";"0";"232890,24";"232890,24";"0";"0";"0";"0";"0";"0";"0";"0";"0";"0";"0";"0";"0";"0";"0";"0";"0";"0";"0";"0";"28.23.15.452.3011.6.854.33913900.00.0";"05";"Serviços Técnicos Profissionais";"12";"Serviços Técnicos Especializados - Sistema HABISP";"39";"Outros Serviços de Terceiros - Pessoa Jurídica";"0"
"284596";"23912";"2017";"22";"SECRETARIA MUNICIPAL DE SERVIÇOS E OBRAS";"10";"Gabinete do Secretário";"2";"Termo de Contrato - Serviços";"6";"Lei Federal 10.520/02";"12";"Pregão";"01/12/2017 00:00:00";"29/01/2018 00:00:00";"30/01/2018 00:00:00";"0";"0";"60";"1501551,26";"0";"1501551,26";"0";"E";"9";"umental";"-1";"-1";"";"";"";"";"41";"SEM REAJUSTE";"";"";"";"22/11/2017 00:00:00";"23/11/2017 00:00:00";"";"";"";"";"";"7910201700006602";"S";"";"";"";"PREGÃO ELETRÔNICO Nº 005/17 - Prestação de serviços comuns para adequação das instalações da área destinada à implantação do Projeto Descomplica SP - São Miguel Paulista";"";"22";"SECRETARIA MUNICIPAL DE SERVIÇOS E OBRAS";"10";"Gabinete do Secretário";"1337800";"0";"60";"164406,41";"0";"1502206,41";"1502206,41";"0";"1501551,26";"655,15";"0";"0";"1501551,26";"1501551,26";"310892,42";"1502206,41";"0";"1501551,26";"655,15";"0";"0";"1501551,26";"1501551,26";"310892,42";"0";"0";"0";"0";"0";"0";"0";"0";"0";"0";"0";"12,29";"0";"0";"0";"0";"0";"0";"0";"23.10.15.122.3024.2.100.33903900.00.0";"99";"Outros Serviços de Terceiros - Pessoa Jurídica";"01";"Desmontagem, Remoção e Montagem de Equipamentos e Afins";"39";"Outros Serviços de Terceiros - Pessoa Jurídica";"0"
"287348";"26220";"2017";"22";"Secretaria Municipal de Serviços e Obras";"10";"Gabinete do Secretário";"2";"Termo de Contrato - Serviços";"1";"Art. 22 - Inciso I Lei Federal  8.666/93";"4";"Concorrência";"01/01/2018 00:00:00";"30/01/2018 00:00:00";"30/01/2018 00:00:00";"0";"0";"30";"1387450,96";"0";"1301698,31";"0";"E";"9";"umental";"2017";"24";"22";"Secretaria Municipal de Serviços e Obras";"";"";"41";"SEM REAJUSTE";"";"";"";"21/12/2017 00:00:00";"22/12/2017 00:00:00";"219";"";"";"";"24/2017";"201701694235";"P";"";"";"";"Requalificação dos Passeios Rua Pedro de Toledo ( lado ímpar)  Ata de Registro de Preço 24/2017";"";"22";"Secretaria Municipal de Serviços e Obras";"10";"Gabinete do Secretário";"1387450,96";"0";"30";"0";"0";"1387450,96";"1387450,96";"0";"1301698,31";"85752,65";"0";"0";"1301698,31";"1301698,31";"1473203,61";"1387450,96";"0";"1301698,31";"85752,65";"0";"0";"1301698,31";"1301698,31";"1473203,61";"0";"0";"0";"0";"0";"0";"0";"0";"0";"0";"0";"0";"0";"0";"0";"0";"0";"0";"0";"98.12.15.452.3006.1.169.44903900.08.0";"16";"Manutenção e Conservação de Bens Imóveis";"17";"Manutenção e Reformas de Bens Imóveis";"39";"Outros Serviços de Terceiros - Pessoa Jurídica";"0"
"272220";"13589";"2017";"86";"Fundo Municipal de Saneamento Ambiental e Infraestrutura";"22";"";"2";"Termo de Contrato - Serviços";"1";"Art. 22 - Inciso I Lei Federal  8.666/93";"4";"Concorrência";"10/04/2015 00:00:00";"30/03/2017 00:00:00";"30/03/2017 00:00:00";"0";"0";"721";"2179372,97";"0";"0";"0";"R";"9";"umental";"-1";"-1";"";"";"";"";"2";"ESTRUTURA GERAL";"";"";"";"10/04/2015 00:00:00";"10/04/2015 00:00:00";"";"";"";"";"";"201402694233";"P";"";"";"";"CT - 007/SIURB/2015 - Córrego Ipiranga";"";"86";"Fundo Municipal de Saneamento Ambiental e Infraestrutura";"22";"";"2179372,97";"0";"721";"0";"0";"2179372,97";"2179372,97";"0";"0";"0";"2179372,97";"0";"0";"0";"0";"2179372,97";"0";"0";"0";"2179372,97";"0";"0";"0";"0";"0";"0";"0";"0";"0";"0";"0";"0";"0";"0";"0";"0";"0";"0";"0";"0";"0";"0";"0";"";"";"";"";"";"";"";"2179372,97"
"279302";"19559";"2017";"86";"Fundo Municipal de Saneamento Ambiental e Infraestrutura";"22";"";"2";"Termo de Contrato - Serviços";"1";"Art. 22 - Inciso I Lei Federal  8.666/93";"4";"Concorrência";"20/06/2012 00:00:00";"30/03/2018 00:00:00";"30/03/2018 00:00:00";"0";"0";"2110";"8668307,46";"1903006,72";"7833464,47";"1738178,62";"A";"9";"umental";"-1";"-1";"";"";"";"";"26";"CONSULTORIA";"";"";"";"27/04/2012 00:00:00";"27/04/2012 00:00:00";"";"";"";"";"";"201102351624";"P";"";"";"";"CT - 048/SIURB/2012 - Lote 1 - Gerenciamento";"";"86";"Fundo Municipal de Saneamento Ambiental e Infraestrutura";"22";"";"2640520";"0";"2110";"6027787,46";"1903006,72";"10571314,18";"10571314,18";"0";"9571643,09";"0";"999671,09";"0";"9571643,09";"9571643,09";"2055875,06";"8668307,46";"0";"7833464,47";"0";"834842,99";"0";"7833464,47";"7833464,47";"1891046,98";"1903006,72";"0";"1738178,62";"0";"164828,10";"0";"1738178,62";"1738178,62";"164828,08";"0";"0";"228,28";"0";"0";"0";"0";"0";"0";"0";"86.22.17.451.3008.5.013.44903900.03.0";"05";"Serviços Técnicos Profissionais";"01";"Gerenciamento";"39";"Outros Serviços de Terceiros - Pessoa Jurídica";"999671,09"
"272228";"13597";"2017";"86";"Fundo Municipal de Saneamento Ambiental e Infraestrutura";"22";"";"2";"Termo de Contrato - Serviços";"1";"Art. 22 - Inciso I Lei Federal  8.666/93";"4";"Concorrência";"17/04/2015 00:00:00";"31/03/2018 00:00:00";"30/03/2020 00:00:00";"0";"0";"1079";"175048970,73";"33611843,25";"4066636,30";"20247431,66";"S";"9";"umental";"-1";"-1";"";"";"";"";"2";"ESTRUTURA GERAL";"014/SIURB/2015";"HIDEO ARAKI";"14/04/2015 00:00:00";"17/04/2015 00:00:00";"17/04/2015 00:00:00";"";"14/04/2022 00:00:00";"14/04/2022 00:00:00";"";"RDC N° 004/14/SIURB";"201402426808";"P";"0";"TMAS MOTEO DE PAULA";"SEI 063242244";"CT - 014/SIURB/2015 - Córrego Aricanduva - Lote 2";"";"22";"Secretaria Municipal de Infra-Estrutura Urbana e Obras";"10";"Gabinete do Secretário";"392497";"0";"1079";"174656473,73";"33611843,25";"208660813,98";"208660813,98";"0";"24314067,96";"0";"184346746,02";"0";"24314067,96";"24162628,45";"96771975,77";"175048970,73";"0";"4066636,30";"0";"170982334,43";"0";"4066636,30";"3990916,55";"41620874,32";"33611843,25";"0";"20247431,66";"0";"13364411,59";"0";"20247431,66";"20171711,90";"55151101,45";"0";"0";"1370,71";"0";"0";"0";"0";"0";"730";"0";"86.22.17.451.3008.5.013.44905100.03.0";"89";"Obras em Andamento - Uso Comum do Povo";"22";"Canalização de Córregos";"51";"Obras e Instalações";"184346746,02"
"285291";"24506";"2017";"22";"SECRETARIA MUNICIPAL DE SERVIÇOS E OBRAS";"10";"SECRETARIA MUNICIPAL DE SERVIÇOS E OBRAS";"5";"Nota de Empenho Fornecimento de Bens de Consumo e/ou Permanente";"39";"Não Aplicável";"8";"Não Aplicável";"01/04/2017 00:00:00";"30/04/2017 00:00:00";"30/04/2017 00:00:00";"0";"0";"30";"224450,05";"0";"224450,05";"0";"E";"1";"";"-1";"-1";"";"";"";"";"41";"SEM REAJUSTE";"";"";"";"14/07/2017 00:00:00";"18/07/2017 00:00:00";"68";"";"";"";"";"6410201700005427";"S";"";"";"";"REEMBOLSO DE DESPESAS DE ÓRGÃOS CORPORAIS, TRASNPLANTE, DESPESAS DE FUNERAL";"";"22";"SECRETARIA MUNICIPAL DE SERVIÇOS E OBRAS";"10";"SECRETARIA MUNICIPAL DE SERVIÇOS E OBRAS";"224450,05";"0";"30";"0";"0";"224450,05";"224450,05";"0";"224450,05";"0";"0";"0";"224450,05";"224450,05";"0";"224450,05";"0";"224450,05";"0";"0";"0";"224450,05";"224450,05";"0";"0";"0";"0";"0";"0";"0";"0";"0";"0";"0";"0";"0";"0";"0";"0";"0";"0";"0";"0";"28.23.15.452.3011.6.854.33913900.00.0";"05";"Serviços Técnicos Profissionais";"12";"Serviços Técnicos Especializados - Sistema HABISP";"39";"Outros Serviços de Terceiros - Pessoa Jurídica";"0"
"264501";"6765";"2017";"22";"SECRETARIA MUNICIPAL DE SERVIÇOS E OBRAS";"10";"SECRETARIA MUNICIPAL DE SERVIÇOS E OBRAS";"2";"Termo de Contrato - Serviços";"1";"Art. 22 - Inciso I Lei Federal  8.666/93";"4";"Concorrência";"02/05/2017 00:00:00";"30/07/2017 00:00:00";"30/07/2017 00:00:00";"0";"0";"90";"149020,11";"0";"144914,19";"0";"E";"9";"umental";"2015";"4";"83";"Companhia Metropolitana de Habitação de São Paulo";"";"";"41";"SEM REAJUSTE";"";"";"";"20/04/2017 00:00:00";"20/04/2017 00:00:00";"111";"";"";"";"CONCORRENCIA01/14";"201501904783";"P";"";"";"";"Prestação de serviços gerais de manutenção de adequação na  EMEI Batista Cepelos, ATA de RP nº 001/COHAB-SP/2015";"";"22";"SECRETARIA MUNICIPAL DE SERVIÇOS E OBRAS";"10";"SECRETARIA MUNICIPAL DE SERVIÇOS E OBRAS";"149020,11";"0";"90";"0";"0";"149020,11";"149020,11";"0";"144914,19";"4105,92";"0";"0";"144914,19";"144914,19";"4105,92";"149020,11";"0";"144914,19";"4105,92";"0";"0";"144914,19";"144914,19";"4105,92";"0";"0";"0";"0";"0";"0";"0";"0";"0";"0";"0";"0";"0";"0";"0";"0";"0";"0";"0";"16.10.12.368.3010.1.597.44903900.00.0";"05";"Serviços Técnicos Profissionais";"01";"Gerenciamento";"39";"Outros Serviços de Terceiros - Pessoa Jurídica";"0"
"264505";"6769";"2017";"22";"SECRETARIA MUNICIPAL DE SERVIÇOS E OBRAS";"10";"SECRETARIA MUNICIPAL DE SERVIÇOS E OBRAS";"2";"Termo de Contrato - Serviços";"1";"Art. 22 - Inciso I Lei Federal  8.666/93";"4";"Concorrência";"02/05/2017 00:00:00";"30/07/2017 00:00:00";"30/07/2017 00:00:00";"0";"0";"90";"109200,19";"0";"102700,79";"0";"A";"9";"umental";"2015";"3";"83";"Companhia Metropolitana de Habitação de São Paulo";"";"";"41";"SEM REAJUSTE";"";"";"";"19/04/2017 00:00:00";"20/04/2017 00:00:00";"110";"";"";"";"001/2014";"201403144164";"P";"";"";"";"MANUTENÇÃO CEI DIRETO MARIA APARECIDA NASCIMENTO";"";"22";"SECRETARIA MUNICIPAL DE SERVIÇOS E OBRAS";"10";"SECRETARIA MUNICIPAL DE SERVIÇOS E OBRAS";"109200,19";"0";"90";"0";"0";"109200,19";"109200,19";"0";"102700,79";"0";"6499,40";"0";"102700,79";"102700,79";"6499,40";"109200,19";"0";"102700,79";"0";"6499,40";"0";"102700,79";"102700,79";"6499,40";"0";"0";"0";"0";"0";"0";"0";"0";"0";"0";"0";"0";"0";"0";"0";"0";"0";"0";"0";"16.10.12.368.3010.1.597.44903900.00.0";"05";"Serviços Técnicos Profissionais";"01";"Gerenciamento";"39";"Outros Serviços de Terceiros - Pessoa Jurídica";"6499,40"
"264528";"6791";"2017";"22";"SECRETARIA MUNICIPAL DE SERVIÇOS E OBRAS";"10";"SECRETARIA MUNICIPAL DE SERVIÇOS E OBRAS";"2";"Termo de Contrato - Serviços";"1";"Art. 22 - Inciso I Lei Federal  8.666/93";"4";"Concorrência";"02/05/2017 00:00:00";"30/07/2017 00:00:00";"30/07/2017 00:00:00";"0";"0";"90";"260633,87";"0";"259982,41";"0";"A";"9";"umental";"2014";"1";"83";"Companhia Metropolitana de Habitação de São Paulo";"";"";"41";"SEM REAJUSTE";"";"";"";"19/04/2017 00:00:00";"20/04/2017 00:00:00";"111";"";"";"";"001/2014/COHAB";"201500975890";"P";"";"";"";"MANUTENÇÃO - 2° EMEF PROF MARIO SCHONBERG";"";"22";"SECRETARIA MUNICIPAL DE SERVIÇOS E OBRAS";"10";"SECRETARIA MUNICIPAL DE SERVIÇOS E OBRAS";"260633,87";"0";"90";"0";"0";"260633,87";"260633,87";"0";"259982,41";"0";"651,46";"0";"259982,41";"259982,41";"651,46";"260633,87";"0";"259982,41";"0";"651,46";"0";"259982,41";"259982,41";"651,46";"0";"0";"0";"0";"0";"0";"0";"0";"0";"0";"0";"0";"0";"0";"0";"0";"0";"0";"0";"16.10.12.368.3010.1.597.44903900.00.0";"05";"Serviços Técnicos Profissionais";"01";"Gerenciamento";"39";"Outros Serviços de Terceiros - Pessoa Jurídica";"651,46"
"264511";"6774";"2017";"22";"SECRETARIA MUNICIPAL DE SERVIÇOS E OBRAS";"10";"SECRETARIA MUNICIPAL DE SERVIÇOS E OBRAS";"2";"Termo de Contrato - Serviços";"1";"Art. 22 - Inciso I Lei Federal  8.666/93";"4";"Concorrência";"02/05/2017 00:00:00";"30/07/2017 00:00:00";"30/07/2017 00:00:00";"0";"0";"90";"166446,94";"0";"137545,39";"0";"A";"9";"umental";"2015";"3";"83";"Companhia Metropolitana de Habitação de São Paulo";"";"";"41";"SEM REAJUSTE";"";"";"";"19/04/2017 00:00:00";"20/04/2017 00:00:00";"111";"";"";"";"001/2014/COHAB";"201303639935";"P";"";"";"";"MANUTENÇÃO 2° ESCALÃO EMEF ANNA LAMBERGA ZEGLIO,  VER";"";"22";"SECRETARIA MUNICIPAL DE SERVIÇOS E OBRAS";"10";"SECRETARIA MUNICIPAL DE SERVIÇOS E OBRAS";"166446,94";"0";"90";"0";"0";"166446,94";"166446,94";"0";"137545,39";"0";"28901,55";"0";"137545,39";"137545,39";"28901,55";"166446,94";"0";"137545,39";"0";"28901,55";"0";"137545,39";"137545,39";"28901,55";"0";"0";"0";"0";"0";"0";"0";"0";"0";"0";"0";"0";"0";"0";"0";"0";"0";"0";"0";"16.10.12.368.3010.1.597.44903900.00.0";"05";"Serviços Técnicos Profissionais";"01";"Gerenciamento";"39";"Outros Serviços de Terceiros - Pessoa Jurídica";"28901,55"
"264492";"6757";"2017";"22";"SECRETARIA MUNICIPAL DE SERVIÇOS E OBRAS";"10";"SECRETARIA MUNICIPAL DE SERVIÇOS E OBRAS";"2";"Termo de Contrato - Serviços";"1";"Art. 22 - Inciso I Lei Federal  8.666/93";"4";"Concorrência";"02/05/2017 00:00:00";"30/07/2017 00:00:00";"30/07/2017 00:00:00";"0";"0";"90";"247510,01";"0";"246583,97";"0";"A";"9";"umental";"2015";"1";"83";"Companhia Metropolitana de Habitação de São Paulo";"";"";"41";"SEM REAJUSTE";"";"";"";"20/04/2017 00:00:00";"20/04/2017 00:00:00";"110";"";"";"";"001/14";"201400670906";"P";"";"";"";"Prestação de serviços gerais de manutenção e adequação na EMEF Milton Campos, ATA de RP n° 001/COHAB-SP/2015.";"";"22";"SECRETARIA MUNICIPAL DE SERVIÇOS E OBRAS";"10";"SECRETARIA MUNICIPAL DE SERVIÇOS E OBRAS";"247510,01";"0";"90";"0";"0";"247510,01";"247510,01";"0";"246583,97";"0";"926,04";"0";"246583,97";"246583,97";"926,04";"247510,01";"0";"246583,97";"0";"926,04";"0";"246583,97";"246583,97";"926,04";"0";"0";"0";"0";"0";"0";"0";"0";"0";"0";"0";"0";"0";"0";"0";"0";"0";"0";"0";"16.10.12.368.3010.1.597.44903900.00.0";"05";"Serviços Técnicos Profissionais";"01";"Gerenciamento";"39";"Outros Serviços de Terceiros - Pessoa Jurídica";"926,04"
"264682";"6930";"2017";"22";"SECRETARIA MUNICIPAL DE SERVIÇOS E OBRAS";"10";"SECRETARIA MUNICIPAL DE SERVIÇOS E OBRAS";"2";"Termo de Contrato - Serviços";"1";"Art. 22 - Inciso I Lei Federal  8.666/93";"4";"Concorrência";"02/05/2017 00:00:00";"30/07/2017 00:00:00";"30/07/2017 00:00:00";"0";"0";"90";"125175,73";"0";"124886,72";"0";"A";"9";"umental";"2015";"2";"83";"Companhia Metropolitana de Habitação de São Paulo";"";"";"41";"SEM REAJUSTE";"";"";"";"20/04/2017 00:00:00";"21/04/2017 00:00:00";"2017";"";"";"";"Concorrencia/001/14";"201303504657";"P";"";"";"";"Prestação de Serviços Gerais de manutenção e Adequação na EMEI Parque Cocaia II, ATA de RP nº 002/COHAB-SP/2015";"";"22";"SECRETARIA MUNICIPAL DE SERVIÇOS E OBRAS";"10";"SECRETARIA MUNICIPAL DE SERVIÇOS E OBRAS";"125175,73";"0";"90";"0";"0";"125175,73";"125175,73";"0";"124886,72";"0";"289,01";"0";"124886,72";"124886,72";"289,01";"125175,73";"0";"124886,72";"0";"289,01";"0";"124886,72";"124886,72";"289,01";"0";"0";"0";"0";"0";"0";"0";"0";"0";"0";"0";"0";"0";"0";"0";"0";"0";"0";"0";"16.10.12.368.3010.1.597.44903900.00.0";"05";"Serviços Técnicos Profissionais";"01";"Gerenciamento";"39";"Outros Serviços de Terceiros - Pessoa Jurídica";"289,01"
"264497";"6761";"2017";"22";"SECRETARIA MUNICIPAL DE SERVIÇOS E OBRAS";"10";"SECRETARIA MUNICIPAL DE SERVIÇOS E OBRAS";"2";"Termo de Contrato - Serviços";"1";"Art. 22 - Inciso I Lei Federal  8.666/93";"4";"Concorrência";"02/05/2017 00:00:00";"30/07/2017 00:00:00";"30/07/2017 00:00:00";"0";"0";"90";"344729,97";"0";"344729,77";"0";"A";"9";"umental";"14";"1";"83";"Companhia Metropolitana de Habitação de São Paulo";"";"";"41";"SEM REAJUSTE";"";"";"";"20/04/2017 00:00:00";"20/04/2017 00:00:00";"110";"";"";"";"001/14";"201500781440";"P";"";"";"";"Prestação de serviços gerais de manutenção de adequação na EMEI Jean Piaget , ATA de RP nº 001/COHAB-SP/2015";"";"22";"SECRETARIA MUNICIPAL DE SERVIÇOS E OBRAS";"10";"SECRETARIA MUNICIPAL DE SERVIÇOS E OBRAS";"344729,97";"0";"90";"0";"0";"344729,97";"344729,97";"0";"344729,77";"0";"0,20";"0";"344729,77";"344729,77";"0,20";"344729,97";"0";"344729,77";"0";"0,20";"0";"344729,77";"344729,77";"0,20";"0";"0";"0";"0";"0";"0";"0";"0";"0";"0";"0";"0";"0";"0";"0";"0";"0";"0";"0";"16.10.12.368.3010.1.597.44903900.00.0";"05";"Serviços Técnicos Profissionais";"01";"Gerenciamento";"39";"Outros Serviços de Terceiros - Pessoa Jurídica";"0,20"
"264495";"6760";"2017";"22";"SECRETARIA MUNICIPAL DE SERVIÇOS E OBRAS";"10";"SECRETARIA MUNICIPAL DE SERVIÇOS E OBRAS";"2";"Termo de Contrato - Serviços";"1";"Art. 22 - Inciso I Lei Federal  8.666/93";"4";"Concorrência";"02/05/2017 00:00:00";"30/07/2017 00:00:00";"30/07/2017 00:00:00";"0";"0";"90";"309463,79";"0";"308771,11";"0";"A";"9";"umental";"2015";"1";"83";"Companhia Metropolitana de Habitação de São Paulo";"";"";"41";"SEM REAJUSTE";"";"";"";"20/04/2017 00:00:00";"20/04/2017 00:00:00";"110";"";"";"";"001/14";"201500781378";"P";"";"";"";"Prestação de serviços gerais de manutenção r adequação na EMEFM Antônio Alves Verissimo, ATA de RP nº 001/COHAB-SP/2015";"";"22";"SECRETARIA MUNICIPAL DE SERVIÇOS E OBRAS";"10";"SECRETARIA MUNICIPAL DE SERVIÇOS E OBRAS";"309463,79";"0";"90";"0";"0";"309463,79";"309463,79";"0";"308771,11";"0";"692,68";"0";"308771,11";"308771,11";"310156,41";"309463,79";"0";"308771,11";"0";"692,68";"0";"308771,11";"308771,11";"310156,41";"0";"0";"0";"0";"0";"0";"0";"0";"0";"0";"0";"0";"0";"0";"0";"0";"0";"0";"0";"16.10.12.368.3010.1.597.44903900.00.0";"05";"Serviços Técnicos Profissionais";"01";"Gerenciamento";"39";"Outros Serviços de Terceiros - Pessoa Jurídica";"692,68"
"285142";"24388";"2017";"22";"SECRETARIA MUNICIPAL DE SERVIÇOS E OBRAS";"10";"Gabinete do Secretário";"5";"Nota de Empenho Fornecimento de Bens de Consumo e/ou Permanente";"9";"Art. 24 Inciso III da lei Federal 8.666/93";"6";"Dispensa de Licitação";"30/11/2017 00:00:00";"30/11/2017 00:00:00";"30/11/2017 00:00:00";"0";"0";"0";"56476,23";"0";"56476,23";"0";"E";"1";"";"-1";"-1";"";"";"";"";"41";"SEM REAJUSTE";"";"";"";"29/11/2017 00:00:00";"29/11/2017 00:00:00";"";"";"";"";"";"6022201700031631";"S";"";"";"";"Trata o presente de pendências apontadas no CADIN Estatual, em decorrências de duas multas (SEI 5647594 e 5647623) aplicadas pela CETESB - Companhia Ambiental do Estado de São Paulo a essa SMSO - Secretaria Municipal de Serviços e Obras";"";"22";"SECRETARIA MUNICIPAL DE SERVIÇOS E OBRAS";"10";"Gabinete do Secretário";"56476,23";"0";"0";"0";"0";"56476,23";"56476,23";"0";"56476,23";"0";"0";"0";"56476,23";"56476,23";"0";"56476,23";"0";"56476,23";"0";"0";"0";"56476,23";"56476,23";"0";"0";"0";"0";"0";"0";"0";"0";"0";"0";"0";"0";"0";"0";"0";"0";"0";"0";"0";"0";"22.10.15.122.3024.2.100.33903900.00.0";"99";"Outros Serviços de Terceiros - Pessoa Jurídica";"90";"Indenização";"39";"Outros Serviços de Terceiros - Pessoa Jurídica";"0"
"280152";"20312";"2017";"22";"SECRETARIA MUNICIPAL DE SERVIÇOS E OBRAS";"10";"SECRETARIA MUNICIPAL DE SERVIÇOS E OBRAS";"5";"Nota de Empenho Fornecimento de Bens de Consumo e/ou Permanente";"39";"Não Aplicável";"8";"Não Aplicável";"01/03/2017 00:00:00";"31/03/2017 00:00:00";"31/03/2017 00:00:00";"0";"0";"31";"253849,24";"0";"253849,24";"0";"A";"1";"";"-1";"-1";"";"";"";"";"41";"SEM REAJUSTE";"";"";"";"14/07/2017 00:00:00";"18/07/2017 00:00:00";"68";"";"";"";"";"201700711691";"P";"";"";"";"REEMBOLSO DE DESPESAS DE ÓRGÃOS CORPORAIS, TRASNPLANTE, DESPESAS DE FUNERAL";"";"22";"SECRETARIA MUNICIPAL DE SERVIÇOS E OBRAS";"10";"SECRETARIA MUNICIPAL DE SERVIÇOS E OBRAS";"253849,24";"0";"31";"0";"0";"253849,24";"253849,24";"0";"253849,24";"0";"0";"0";"253849,24";"253849,24";"0";"253849,24";"0";"253849,24";"0";"0";"0";"253849,24";"253849,24";"0";"0";"0";"0";"0";"0";"0";"0";"0";"0";"0";"0";"0";"0";"0";"0";"0";"0";"0";"0";"28.23.15.452.3011.6.854.33913900.00.0";"05";"Serviços Técnicos Profissionais";"12";"Serviços Técnicos Especializados - Sistema HABISP";"39";"Outros Serviços de Terceiros - Pessoa Jurídica";"0"
"264687";"6935";"2017";"22";"SECRETARIA MUNICIPAL DE SERVIÇOS E OBRAS";"10";"SECRETARIA MUNICIPAL DE SERVIÇOS E OBRAS";"2";"Termo de Contrato - Serviços";"1";"Art. 22 - Inciso I Lei Federal  8.666/93";"4";"Concorrência";"03/05/2017 00:00:00";"31/07/2017 00:00:00";"31/07/2017 00:00:00";"0";"0";"90";"173705,61";"0";"173428,83";"0";"A";"9";"umental";"2015";"1";"83";"Companhia Metropolitana de Habitação de São Paulo";"";"";"5";"EDIFICAÇÕES EM GERAL";"";"";"";"20/04/2017 00:00:00";"21/04/2017 00:00:00";"75";"";"";"";"001/2014/COHAB-SP";"201500781416";"P";"";"";"";"EMEI DONA LEOPOLDINA - MANUTENÇÃO DE 2° ESCALÃO";"";"22";"SECRETARIA MUNICIPAL DE SERVIÇOS E OBRAS";"10";"SECRETARIA MUNICIPAL DE SERVIÇOS E OBRAS";"173705,61";"0";"90";"0";"0";"173705,61";"173705,61";"0";"173428,83";"0";"276,78";"0";"173428,83";"173428,83";"276,78";"173705,61";"0";"173428,83";"0";"276,78";"0";"173428,83";"173428,83";"276,78";"0";"0";"0";"0";"0";"0";"0";"0";"0";"0";"0";"0";"0";"0";"0";"0";"0";"0";"0";"16.10.12.368.3010.1.597.44903900.00.0";"05";"Serviços Técnicos Profissionais";"01";"Gerenciamento";"39";"Outros Serviços de Terceiros - Pessoa Jurídica";"276,78"
"264779";"7000";"2017";"22";"SECRETARIA MUNICIPAL DE SERVIÇOS E OBRAS";"10";"SECRETARIA MUNICIPAL DE SERVIÇOS E OBRAS";"2";"Termo de Contrato - Serviços";"1";"Art. 22 - Inciso I Lei Federal  8.666/93";"4";"Concorrência";"03/05/2017 00:00:00";"31/07/2017 00:00:00";"31/07/2017 00:00:00";"0";"0";"90";"94521,66";"0";"94521,66";"0";"S";"9";"umental";"2015";"3";"83";"Companhia Metropolitana de Habitação de São Paulo";"";"";"41";"SEM REAJUSTE";"";"";"";"20/04/2017 00:00:00";"25/04/2017 00:00:00";"116";"";"";"";"Concorrência 001/14";"6016201700029340";"S";"";"";"";"PRESTAÇÃO DE SERVIÇOS GERAIS DE MANUTENÇÃO E ADEQUAÇÃO na EMEI VICENTE MATHEUS, localizado à Rua Alexandre Cheid, 60 - Itaquera/São Paulo e, a partir da utilização da Ata de Registro  derivada da  CONCORRÊNCIA Nº 001/14 e na ATA DE REGISTRO DE PREÇOS nº 003/COHAB-SP/2015.";"";"22";"SECRETARIA MUNICIPAL DE SERVIÇOS E OBRAS";"10";"SECRETARIA MUNICIPAL DE SERVIÇOS E OBRAS";"94521,66";"0";"90";"0";"0";"94521,66";"94521,66";"0";"94521,66";"0";"0";"0";"94521,66";"94521,66";"0";"94521,66";"0";"94521,66";"0";"0";"0";"94521,66";"94521,66";"0";"0";"0";"0";"0";"0";"0";"0";"0";"0";"0";"0";"0";"0";"0";"0";"0";"0";"0";"0";"16.10.12.368.3010.1.597.44903900.00.0";"05";"Serviços Técnicos Profissionais";"01";"Gerenciamento";"39";"Outros Serviços de Terceiros - Pessoa Jurídica";"0"
"264686";"6934";"2017";"22";"SECRETARIA MUNICIPAL DE SERVIÇOS E OBRAS";"10";"SECRETARIA MUNICIPAL DE SERVIÇOS E OBRAS";"2";"Termo de Contrato - Serviços";"1";"Art. 22 - Inciso I Lei Federal  8.666/93";"4";"Concorrência";"03/05/2017 00:00:00";"31/07/2017 00:00:00";"31/07/2017 00:00:00";"0";"0";"90";"123302,72";"0";"112062,92";"0";"A";"9";"umental";"2015";"3";"83";"Companhia Metropolitana de Habitação de São Paulo";"";"";"41";"SEM REAJUSTE";"";"";"";"20/04/2017 00:00:00";"21/04/2017 00:00:00";"75";"";"";"";"Concorrência 001/14";"201200619338";"P";"";"";"";"Prestação de Serviços Gerais de manutenção e Adequação na EMEF José Querino Ribeiro, ATA de RP nº 003/COHAB-SP/2015";"";"22";"SECRETARIA MUNICIPAL DE SERVIÇOS E OBRAS";"10";"SECRETARIA MUNICIPAL DE SERVIÇOS E OBRAS";"123302,72";"0";"90";"0";"0";"123302,72";"123302,72";"0";"112062,92";"0";"11239,80";"0";"112062,92";"112062,92";"11239,80";"123302,72";"0";"112062,92";"0";"11239,80";"0";"112062,92";"112062,92";"11239,80";"0";"0";"0";"0";"0";"0";"0";"0";"0";"0";"0";"0";"0";"0";"0";"0";"0";"0";"0";"16.10.12.368.3010.1.597.44903900.00.0";"05";"Serviços Técnicos Profissionais";"01";"Gerenciamento";"39";"Outros Serviços de Terceiros - Pessoa Jurídica";"11239,80"
"264838";"7041";"2017";"22";"SECRETARIA MUNICIPAL DE SERVIÇOS E OBRAS";"10";"SECRETARIA MUNICIPAL DE SERVIÇOS E OBRAS";"2";"Termo de Contrato - Serviços";"1";"Art. 22 - Inciso I Lei Federal  8.666/93";"4";"Concorrência";"03/05/2017 00:00:00";"31/07/2017 00:00:00";"31/07/2017 00:00:00";"0";"0";"90";"65555,33";"0";"65555,33";"0";"S";"9";"umental";"2015";"3";"83";"Companhia Metropolitana de Habitação de São Paulo";"";"";"41";"SEM REAJUSTE";"";"";"";"20/04/2017 00:00:00";"25/04/2017 00:00:00";"116";"";"";"";"concorrência 001/14";"6016201700029316";"S";"";"";"";"PRESTAÇÃO DE SERVIÇOS GERAIS DE MANUTENÇÃO E ADEQUAÇÃO na EMEI Conjunto Habitacional Goiti, localizado à Rua Goiti - Vila Campanela /São Paulo e, a partir da utilização da Ata de Registro  derivada da  CONCORRÊNCIA Nº 001/14 e na ATA DE REGISTRO DE PREÇOS nº 003/COHAB-SP/2015.";"";"22";"SECRETARIA MUNICIPAL DE SERVIÇOS E OBRAS";"10";"SECRETARIA MUNICIPAL DE SERVIÇOS E OBRAS";"65555,33";"0";"90";"0";"0";"65555,33";"65555,33";"0";"65555,33";"0";"0";"0";"65555,33";"65555,33";"0";"65555,33";"0";"65555,33";"0";"0";"0";"65555,33";"65555,33";"0";"0";"0";"0";"0";"0";"0";"0";"0";"0";"0";"0";"0";"0";"0";"0";"0";"0";"0";"0";"16.10.12.368.3010.1.597.44903900.00.0";"05";"Serviços Técnicos Profissionais";"01";"Gerenciamento";"39";"Outros Serviços de Terceiros - Pessoa Jurídica";"0"
"264821";"7031";"2017";"22";"SECRETARIA MUNICIPAL DE SERVIÇOS E OBRAS";"10";"SECRETARIA MUNICIPAL DE SERVIÇOS E OBRAS";"2";"Termo de Contrato - Serviços";"1";"Art. 22 - Inciso I Lei Federal  8.666/93";"4";"Concorrência";"03/05/2017 00:00:00";"31/07/2017 00:00:00";"31/07/2017 00:00:00";"0";"0";"90";"169090,60";"0";"156813,14";"0";"S";"9";"umental";"2015";"2";"83";"Companhia Metropolitana de Habitação de São Paulo";"";"";"41";"SEM REAJUSTE";"";"";"";"20/04/2017 00:00:00";"25/04/2017 00:00:00";"116";"";"";"";"Concorrência 001/14";"6016201600001304";"S";"";"";"";"PRESTAÇÃO DE SERVIÇOS GERAIS DE MANUTENÇÃO E ADEQUAÇÃO NA EMEF PROFA. MARIA BERENICE DOS SANTOS, localizado à Rua Barbosa Vilas Boas, 251 - Jd. das Flores - /São Paulo e, a partir da utilização da Ata de Registro  derivada da  CONCORRÊNCIA Nº 001/14 e na ATA DE REGISTRO DE PREÇOS nº 002/COHAB-SP/2015.";"";"22";"SECRETARIA MUNICIPAL DE SERVIÇOS E OBRAS";"10";"SECRETARIA MUNICIPAL DE SERVIÇOS E OBRAS";"169090,60";"0";"90";"0";"0";"169090,60";"169090,60";"0";"156813,14";"0";"12277,46";"0";"156813,14";"156813,14";"12277,46";"169090,60";"0";"156813,14";"0";"12277,46";"0";"156813,14";"156813,14";"12277,46";"0";"0";"0";"0";"0";"0";"0";"0";"0";"0";"0";"0";"0";"0";"0";"0";"0";"0";"0";"16.10.12.368.3010.1.597.44903900.00.0";"05";"Serviços Técnicos Profissionais";"01";"Gerenciamento";"39";"Outros Serviços de Terceiros - Pessoa Jurídica";"12277,46"
"274686";"15785";"2017";"22";"SECRETARIA MUNICIPAL DE SERVIÇOS E OBRAS";"10";"SECRETARIA MUNICIPAL DE SERVIÇOS E OBRAS";"2";"Termo de Contrato - Serviços";"10";"Art. 24 Inciso IV da lei Federal 8.666/93";"6";"Dispensa de Licitação";"01/02/2017 00:00:00";"30/07/2017 00:00:00";"31/07/2017 00:00:00";"0";"0";"180";"818170,33";"0";"818170,33";"0";"E";"9";"umental";"-1";"-1";"";"";"";"";"41";"SEM REAJUSTE";"";"";"";"21/07/2017 00:00:00";"22/07/2017 00:00:00";"49";"";"";"";"";"6022201700001201";"S";"";"";"";"Execução de obras em caráter emergencial para a recuperação da galeria de drenagem, recomposição das vias e serviços complementares na Rua Piratininga no cruzamento com a Rua Prudente de Moraes - Brás.";"";"22";"SECRETARIA MUNICIPAL DE SERVIÇOS E OBRAS";"10";"SECRETARIA MUNICIPAL DE SERVIÇOS E OBRAS";"831579,89";"0";"180";"0";"0";"831579,89";"831579,89";"0";"818170,33";"13409,56";"0";"0";"818170,33";"818170,33";"13409,56";"831579,89";"0";"818170,33";"13409,56";"0";"0";"818170,33";"818170,33";"13409,56";"0";"0";"0";"0";"0";"0";"0";"0";"0";"0";"0";"0";"0";"0";"0";"0";"0";"0";"0";"22.10.17.451.3008.5.013.44905100.00.0";"89";"Obras em Andamento - Uso Comum do Povo";"08";"Obras em Áreas de Risco";"51";"Obras e Instalações";"0"
"279311";"19568";"2017";"86";"Fundo Municipal de Saneamento Ambiental e Infraestrutura";"22";"";"2";"Termo de Contrato - Serviços";"1";"Art. 22 - Inciso I Lei Federal  8.666/93";"4";"Concorrência";"20/06/2012 00:00:00";"30/07/2018 00:00:00";"31/07/2018 00:00:00";"0";"0";"2232";"7330460,52";"1702140,62";"7330460,52";"1702140,62";"E";"9";"umental";"-1";"-1";"";"";"";"";"26";"CONSULTORIA";"";"";"";"27/04/2012 00:00:00";"27/04/2012 00:00:00";"";"";"";"";"";"201201217659";"P";"";"";"";"CT - 049/SIURB/2012 - Gerenciamento - Lote 2";"";"86";"Fundo Municipal de Saneamento Ambiental e Infraestrutura";"22";"";"2888018,65";"0";"2232";"6610994,92";"2105743,94";"11604757,51";"11604757,51";"0";"9032601,14";"2572156,37";"0";"0";"9032601,14";"9032601,14";"2572155,98";"9499013,57";"0";"7330460,52";"2168553,05";"0";"0";"7330460,52";"7330460,52";"2168553,05";"2105743,94";"0";"1702140,62";"403603,32";"0";"0";"1702140,62";"1702140,62";"403602,93";"0";"0";"228,91";"0";"0";"0";"0";"0";"0";"0";"86.22.17.451.3008.5.013.44903900.03.0";"05";"Serviços Técnicos Profissionais";"01";"Gerenciamento";"39";"Outros Serviços de Terceiros - Pessoa Jurídica";"0"
"277623";"18143";"2017";"22";"SECRETARIA MUNICIPAL DE SERVIÇOS E OBRAS";"10";"Gabinete do Secretário";"2";"Termo de Contrato - Serviços";"6";"Lei Federal 10.520/02";"12";"Pregão";"01/09/2017 00:00:00";"31/08/2018 00:00:00";"31/08/2018 00:00:00";"0";"0";"364";"8966629,80";"300719,62";"8966629,80";"300719,62";"E";"9";"umental";"-1";"-1";"";"";"";"";"41";"SEM REAJUSTE";"";"";"";"21/08/2017 00:00:00";"22/08/2017 00:00:00";"";"";"";"";"";"6022201700000752";"S";"";"";"";"Contratação de empresa especializada para prestação de serviços de vigilância e segurança patrimonial desarmada.";"";"22";"SECRETARIA MUNICIPAL DE SERVIÇOS E OBRAS";"10";"Gabinete do Secretário";"2899872,33";"0";"364";"8595538,45";"540867,03";"12036277,81";"12036277,81";"0";"9267349,42";"2768928,39";"0";"0";"9267349,42";"9267349,42";"3463109,10";"11495410,78";"0";"8966629,80";"2528780,98";"0";"0";"8966629,80";"8966629,80";"3236740,17";"540867,03";"0";"300719,62";"240147,41";"0";"0";"300719,62";"300719,62";"226368,93";"0";"0";"0";"0";"0";"0";"0";"0";"1270";"0";"22.10.15.122.3024.2.100.33903900.00.0";"77";"Vigilância Ostensiva / Monitorada";"01";"Guarda, Vigilância e Segurança em Geral";"39";"Outros Serviços de Terceiros - Pessoa Jurídica";"0"
"282080";"21834";"2017";"86";"Fundo Municipal de Saneamento Ambiental e Infraestrutura";"22";"";"2";"Termo de Contrato - Serviços";"1";"Art. 22 - Inciso I Lei Federal  8.666/93";"4";"Concorrência";"02/11/2015 00:00:00";"31/10/2016 00:00:00";"31/10/2016 00:00:00";"0";"0";"365";"2142404";"532798";"87525,76";"60041,61";"A";"9";"umental";"-1";"-1";"";"";"";"";"2";"ESTRUTURA GERAL";"";"";"";"24/09/2015 00:00:00";"25/09/2015 00:00:00";"88";"";"";"";"";"201602306997";"P";"";"";"";"RDC Presencial nº 005/15/SIURB - Execução de Obras e Serviços de Drenajem Urbana no Município deSão Paulo, no âmbito do PRA - Programa de redução de Alagamentos, subdivididos em 3 Lotes. Lote C.";"";"86";"Fundo Municipal de Saneamento Ambiental e Infraestrutura";"22";"";"302974,45";"0";"365";"1839429,55";"532798";"2675202";"2675202";"0";"147567,37";"0";"2527634,63";"0";"147567,37";"147567,37";"2967301,54";"2142404";"0";"87525,76";"0";"2054878,24";"0";"87525,76";"87525,76";"2436305,56";"532798";"0";"60041,61";"0";"472756,39";"0";"60041,61";"60041,61";"530995,98";"0";"0";"607,12";"0";"0";"0";"0";"0";"0";"0";"86.22.17.451.3008.5.013.44905100.03.0";"89";"Obras em Andamento - Uso Comum do Povo";"22";"Canalização de Córregos";"51";"Obras e Instalações";"2527634,63"
"282622";"22306";"2017";"86";"Fundo Municipal de Saneamento Ambiental e Infraestrutura";"22";"FMSAI - Secretaria Municipal de Serviços e Obras";"5";"Nota de Empenho Fornecimento de Bens de Consumo e/ou Permanente";"39";"Não Aplicável";"8";"Não Aplicável";"27/10/2017 00:00:00";"31/10/2017 00:00:00";"31/10/2017 00:00:00";"0";"0";"5";"91659";"0";"91659";"0";"A";"1";"";"-1";"-1";"";"";"";"";"41";"SEM REAJUSTE";"";"";"";"20/10/2017 00:00:00";"25/10/2017 00:00:00";"71";"";"";"";"";"201701518976";"P";"";"";"";"Indenização de Benfeitorias - Obra Pública";"";"86";"Fundo Municipal de Saneamento Ambiental e Infraestrutura";"22";"FMSAI - Secretaria Municipal de Serviços e Obras";"91659";"0";"5";"0";"0";"91659";"91659";"0";"91659";"0";"0";"0";"91659";"91659";"0";"91659";"0";"91659";"0";"0";"0";"91659";"91659";"0";"0";"0";"0";"0";"0";"0";"0";"0";"0";"0";"0";"0";"0";"0";"0";"0";"0";"0";"0";"86.22.17.451.3008.5.013.44904800.03.0";"91";"FMH";"02";"Projetos e Ações de Apoio Habitacional";"48";"Outros Auxílios Financeiros a Pessoas Físicas";"0"
"283037";"22647";"2017";"98";"Fundo de Desenvolvimento Urbano";"22";"FUNDURB - Secretaria Municipal de Serviços e Obras";"2";"Termo de Contrato - Serviços";"1";"Art. 22 - Inciso I Lei Federal  8.666/93";"4";"Concorrência";"13/12/2017 00:00:00";"02/12/2019 00:00:00";"31/10/2020 00:00:00";"0";"0";"719";"95017239,56";"13969532,82";"95595831,30";"10338540,30";"S";"9";"umental";"-1";"-1";"";"";"";"";"2";"ESTRUTURA GERAL";"";"";"";"30/10/2017 00:00:00";"01/11/2017 00:00:00";"62";"";"";"";"";"201602756135";"P";"";"";"";"Contratação de empresa especializada e engenharia arquitetura e urbanismo para elaboração de projetos executivos e execução das obras de requalificação e reurbanização do Vale do Anhangabaú e entorno.";"";"98";"Fundo de Desenvolvimento Urbano";"22";"FUNDURB - Secretaria Municipal de Serviços e Obras";"79934920,45";"0";"719";"15082319,11";"13969532,82";"108986772,38";"108986772,38";"0";"105934371,60";"0";"3052400,78";"0";"105934371,60";"105934371,60";"72411327,19";"95017239,56";"0";"95595831,30";"0";"-578591,74";"0";"95595831,30";"95595831,30";"72355600,84";"13969532,82";"0";"10338540,30";"0";"3630992,52";"0";"10338540,30";"10338540,30";"55726,35";"0";"0";"1,41";"0";"0";"0";"0";"0";"334";"0";"98.22.17.451.3008.5.013.44905100.08.0";"89";"Obras em Andamento - Uso Comum do Povo";"22";"Canalização de Córregos";"51";"Obras e Instalações";"3052400,78"
"265588";"7661";"2017";"86";"Fundo Municipal de Saneamento Ambiental e Infraestrutura";"22";"";"2";"Termo de Contrato - Serviços";"1";"Art. 22 - Inciso I Lei Federal  8.666/93";"4";"Concorrência";"01/09/2011 00:00:00";"31/12/2017 00:00:00";"31/12/2017 00:00:00";"0";"0";"2314";"11762017,56";"5399260,06";"11762017,56";"5399260,06";"A";"9";"umental";"-1";"-1";"";"";"";"";"2";"ESTRUTURA GERAL";"";"";"";"01/09/2011 00:00:00";"01/09/2011 00:00:00";"";"";"";"";"";"200900463186";"P";"";"";"";"CT - 093/SIURB/2011 - Córrego do Cordeiro";"";"86";"Fundo Municipal de Saneamento Ambiental e Infraestrutura";"22";"";"11762017,56";"0";"2314";"0";"5399260,06";"17161277,62";"17161277,62";"0";"17161277,62";"0";"0";"0";"17161277,62";"17161277,62";"0";"11762017,56";"0";"11762017,56";"0";"0";"0";"11762017,56";"11762017,56";"0";"5399260,06";"0";"5399260,06";"0";"0";"0";"5399260,06";"5399260,06";"0";"0";"0";"0";"0";"0";"0";"0";"0";"0";"0";"86.22.17.451.3008.5.013.44905100.03.0";"89";"Obras em Andamento - Uso Comum do Povo";"22";"Canalização de Córregos";"51";"Obras e Instalações";"0"
"266321";"8281";"2017";"22";"SECRETARIA MUNICIPAL DE SERVIÇOS E OBRAS";"10";"SECRETARIA MUNICIPAL DE SERVIÇOS E OBRAS";"5";"Nota de Empenho Fornecimento de Bens de Consumo e/ou Permanente";"39";"Não Aplicável";"8";"Não Aplicável";"11/05/2017 00:00:00";"31/12/2017 00:00:00";"31/12/2017 00:00:00";"0";"0";"234";"200000";"0";"177345,39";"0";"E";"1";"";"-1";"-1";"";"";"";"";"41";"SEM REAJUSTE";"";"";"";"11/05/2017 00:00:00";"12/05/2017 00:00:00";"62";"";"";"";"";"6022201700007951";"S";"";"";"";"Int.:  Caixa Econômica FederalAss.: Tarifa de Reprogramação, Publicação e Reanálise -";"";"22";"SECRETARIA MUNICIPAL DE SERVIÇOS E OBRAS";"10";"SECRETARIA MUNICIPAL DE SERVIÇOS E OBRAS";"200000";"0";"234";"0";"0";"200000";"200000";"0";"177345,39";"22654,61";"0";"0";"177345,39";"177345,39";"22654,61";"200000";"0";"177345,39";"22654,61";"0";"0";"177345,39";"177345,39";"22654,61";"0";"0";"0";"0";"0";"0";"0";"0";"0";"0";"0";"0";"0";"0";"0";"0";"0";"0";"0";"22.10.15.122.3024.2.100.33903900.00.0";"05";"Serviços Técnicos Profissionais";"01";"Gerenciamento";"39";"Outros Serviços de Terceiros - Pessoa Jurídica";"0"
"262466";"4961";"2017";"22";"SECRETARIA MUNICIPAL DE SERVIÇOS E OBRAS";"10";"SECRETARIA MUNICIPAL DE SERVIÇOS E OBRAS";"5";"Nota de Empenho Fornecimento de Bens de Consumo e/ou Permanente";"8";"Art. 24 Inciso II da lei Federal 8.666/93";"6";"Dispensa de Licitação";"";"";"";"0";"0";"120";"28198,67";"0";"0";"0";"A";"1";"";"-1";"-1";"";"";"";"";"41";"SEM REAJUSTE";"";"";"";"03/04/2017 00:00:00";"03/04/2017 00:00:00";"";"";"";"";"";"201700361780";"P";"";"";"";"Remoção de Postes na Praça Camafeu, s/nº - Av. Nações Unidas II - Santo Amaro - Contrato nº 010/SMSO/2015 - Canalização do Córrego Zavuvus - Lote 03";"";"22";"SECRETARIA MUNICIPAL DE SERVIÇOS E OBRAS";"10";"SECRETARIA MUNICIPAL DE SERVIÇOS E OBRAS";"28198,67";"0";"";"0";"0";"28198,67";"28198,67";"0";"0";"0";"28198,67";"0";"0";"0";"28198,67";"28198,67";"0";"0";"0";"28198,67";"0";"0";"0";"28198,67";"0";"0";"0";"0";"0";"0";"0";"0";"0";"0";"0";"0";"0";"0";"0";"0";"0";"0";"0";"22.10.17.451.3008.5.013.44905100.00.0";"89";"Obras em Andamento - Uso Comum do Povo";"22";"Canalização de Córregos";"51";"Obras e Instalações";"28198,67"
"262471";"4966";"2017";"22";"SECRETARIA MUNICIPAL DE SERVIÇOS E OBRAS";"10";"SECRETARIA MUNICIPAL DE SERVIÇOS E OBRAS";"5";"Nota de Empenho Fornecimento de Bens de Consumo e/ou Permanente";"8";"Art. 24 Inciso II da lei Federal 8.666/93";"6";"Dispensa de Licitação";"";"";"";"0";"0";"120";"10387,08";"0";"0";"0";"A";"1";"";"-1";"-1";"";"";"";"";"41";"SEM REAJUSTE";"";"";"";"03/04/2017 00:00:00";"03/04/2017 00:00:00";"";"";"";"";"";"201700339024";"P";"";"";"";"Remoção de Postes na Praça Camafeu, s/nº - Contrato nº 010/SMSO/2015 - Canalização do Córrego Zavuvus - Lote 03";"";"22";"SECRETARIA MUNICIPAL DE SERVIÇOS E OBRAS";"10";"SECRETARIA MUNICIPAL DE SERVIÇOS E OBRAS";"10387,08";"0";"";"0";"0";"10387,08";"10387,08";"0";"0";"0";"10387,08";"0";"0";"0";"10387,08";"10387,08";"0";"0";"0";"10387,08";"0";"0";"0";"10387,08";"0";"0";"0";"0";"0";"0";"0";"0";"0";"0";"0";"0";"0";"0";"0";"0";"0";"0";"0";"22.10.17.451.3008.5.013.44905100.00.0";"89";"Obras em Andamento - Uso Comum do Povo";"22";"Canalização de Córregos";"51";"Obras e Instalações";"10387,08"
"264525";"6788";"2017";"22";"SECRETARIA MUNICIPAL DE SERVIÇOS E OBRAS";"10";"SECRETARIA MUNICIPAL DE SERVIÇOS E OBRAS";"2";"Termo de Contrato - Serviços";"1";"Art. 22 - Inciso I Lei Federal  8.666/93";"4";"Concorrência";"";"";"";"0";"0";"90";"260637,80";"0";"0";"0";"E";"9";"umental";"2015";"2";"83";"Companhia Metropolitana de Habitação de São Paulo";"";"";"41";"SEM REAJUSTE";"";"";"";"19/04/2017 00:00:00";"20/04/2017 00:00:00";"111";"";"";"";"001/2014/COHAB";"201500975890";"P";"";"";"";"MANUTENÇÃO 2 ESCALÃO EMEF PROF MARIO SCHONBERG";"";"22";"SECRETARIA MUNICIPAL DE SERVIÇOS E OBRAS";"10";"SECRETARIA MUNICIPAL DE SERVIÇOS E OBRAS";"260637,80";"0";"";"0";"0";"260637,80";"260637,80";"0";"0";"260637,80";"0";"0";"0";"0";"0";"260637,80";"0";"0";"260637,80";"0";"0";"0";"0";"0";"0";"0";"0";"0";"0";"0";"0";"0";"0";"0";"0";"0";"0";"0";"0";"0";"0";"0";"0";"";"";"";"";"";"";"";"0"
"287593";"26370";"2017";"22";"SECRETARIA MUNICIPAL DE SERVIÇOS E OBRAS";"10";"Gabinete do Secretário";"2";"Termo de Contrato - Serviços";"2";"Art. 22 - Inciso II Lei Federal  8.666/93";"3";"Tomada de Preços";"";"";"";"0";"0";"150";"254783,77";"0";"0";"0";"A";"9";"umental";"-1";"-1";"";"";"";"";"41";"SEM REAJUSTE";"";"";"";"21/12/2017 00:00:00";"23/12/2017 00:00:00";"166";"";"";"";"TP 003/2017";"201600158516";"P";"";"";"";"Execuçaõ de serviços e obras para  construção de estrutura e instalação de elevador no CEI INDIRETO MENINO JESUS situado na rua antonieta Leitrão - 375 - SP/FB";"";"22";"SECRETARIA MUNICIPAL DE SERVIÇOS E OBRAS";"10";"Gabinete do Secretário";"254783,77";"0";"";"0";"0";"254783,77";"254783,77";"0";"0";"0";"254783,77";"0";"0";"0";"254783,77";"254783,77";"0";"0";"0";"254783,77";"0";"0";"0";"254783,77";"0";"0";"0";"0";"0";"0";"0";"0";"0";"0";"0";"0";"0";"0";"0";"0";"0";"0";"0";"16.10.12.365.3010.1.226.44905100.00.0";"89";"Obras em Andamento - Uso Comum do Povo";"02";"Escolas e Similares";"51";"Obras e Instalações";"254783,77"
"270677";"12305";"2017";"22";"SECRETARIA MUNICIPAL DE SERVIÇOS E OBRAS";"10";"Gabinete do Secretário";"5";"Nota de Empenho Fornecimento de Bens de Consumo e/ou Permanente";"39";"Não Aplicável";"8";"Não Aplicável";"";"";"";"0";"0";"180";"316225,40";"0";"0";"0";"E";"1";"";"-1";"-1";"";"";"";"";"41";"SEM REAJUSTE";"";"";"";"07/06/2017 00:00:00";"08/06/2017 00:00:00";"65";"";"";"";"";"201601635873";"P";"";"";"";"REEMBOLSO DE DESPESAS COM DOAÇÕES DE ORGÃOS CORPORAIS, TRANSPLANTE, DESPESAS E FUNERAL - JUNHO / 2016";"";"22";"SECRETARIA MUNICIPAL DE SERVIÇOS E OBRAS";"10";"Gabinete do Secretário";"316225,40";"0";"";"0";"0";"316225,40";"316225,40";"0";"0";"316225,40";"0";"0";"0";"0";"316225,40";"316225,40";"0";"0";"316225,40";"0";"0";"0";"0";"316225,40";"0";"0";"0";"0";"0";"0";"0";"0";"0";"0";"0";"0";"0";"0";"0";"0";"0";"0";"0";"28.23.15.452.3011.6.854.33913900.00.0";"99";"Outros Serviços de Terceiros - Pessoa Jurídica";"24";"Remuneração - FMT-SP";"39";"Outros Serviços de Terceiros - Pessoa Jurídica";"0"
"286301";"25299";"2017";"22";"SECRETARIA MUNICIPAL DE SERVIÇOS E OBRAS";"10";"Gabinete do Secretário";"2";"Termo de Contrato - Serviços";"1";"Art. 22 - Inciso I Lei Federal  8.666/93";"4";"Concorrência";"";"";"";"0";"0";"30";"1387450,96";"0";"0";"0";"A";"9";"umental";"2017";"24";"22";"SECRETARIA MUNICIPAL DE SERVIÇOS E OBRAS";"";"";"41";"SEM REAJUSTE";"";"";"";"08/12/2017 00:00:00";"08/12/2017 00:00:00";"";"";"";"";"P.E 24/2017";"201701694235";"P";"";"";"";"Requalificação e Adequação dos Passeios da Rua Pedro de Toledo - ( Lado Ímpar  - Trecho entre Av. Rua Pedro de Toledo, Lado ímpar - Trecho entre Av. Rubem Berta e Rua Domingos de Morais) Pregão Eletrônico n° 24/2017";"";"22";"SECRETARIA MUNICIPAL DE SERVIÇOS E OBRAS";"10";"Gabinete do Secretário";"1387450,96";"0";"";"0";"0";"1387450,96";"1387450,96";"0";"0";"0";"1387450,96";"0";"0";"0";"0";"1387450,96";"0";"0";"0";"1387450,96";"0";"0";"0";"0";"0";"0";"0";"0";"0";"0";"0";"0";"0";"0";"0";"0";"0";"0";"0";"0";"0";"0";"0";"";"";"";"";"";"";"";"1387450,96"
"270191";"11868";"2017";"22";"SECRETARIA MUNICIPAL DE SERVIÇOS E OBRAS";"10";"SECRETARIA MUNICIPAL DE SERVIÇOS E OBRAS";"5";"Nota de Empenho Fornecimento de Bens de Consumo e/ou Permanente";"39";"Não Aplicável";"8";"Não Aplicável";"";"";"";"0";"0";"60";"212623,16";"0";"0";"0";"E";"1";"";"-1";"-1";"";"";"";"";"41";"SEM REAJUSTE";"";"";"";"22/05/2017 00:00:00";"26/05/2017 00:00:00";"21";"";"";"";"";"201601463215";"P";"";"";"";"REEMBOLSO REFERENTE A TRANSPLANTE, DOADORES DE ORGÃO, FUNERAL E DESPESAS - MAIO / 2016";"";"22";"SECRETARIA MUNICIPAL DE SERVIÇOS E OBRAS";"10";"SECRETARIA MUNICIPAL DE SERVIÇOS E OBRAS";"212623,16";"0";"";"0";"0";"212623,16";"212623,16";"0";"0";"212623,16";"0";"0";"0";"0";"212623,16";"212623,16";"0";"0";"212623,16";"0";"0";"0";"0";"212623,16";"0";"0";"0";"0";"0";"0";"0";"0";"0";"0";"0";"0";"0";"0";"0";"0";"0";"0";"0";"28.23.15.452.3011.6.854.33913900.00.0";"99";"Outros Serviços de Terceiros - Pessoa Jurídica";"24";"Remuneração - FMT-SP";"39";"Outros Serviços de Terceiros - Pessoa Jurídica";"0"
