COD_IDT_COTC;COD_COTC;ANO_COTC;COD_ORG_EMP;TXT_ORG_EMP;COD_UNID_ORCM_SOF;TXT_UNID_ORCM;COD_TIP_COTC;TXT_TIP_COTC;COD_FNDT_LEGA_DESP;TXT_RESU_FNDT_LEGA;COD_MODL_LICI_SOF;TXT_MODL_LICI;DT_INIC_VIG;DT_FIM_VIG;DT_FIM_VIG_ATU;VAL_EPH_INFM_PRIN;VAL_EPH_INFM_REAJ;QTD_DIA_PRZO_ATUL;VAL_TOT_MNTT_PRIN;VAL_TOT_MNTT_REAJ;VAL_TOT_EPH_PRIN;VAL_TOT_EPH_REAJ;COD_SITU_COTC_ATU;COD_COND_PGTO;TXT_COND_PGTO;ANO_ATA_REG_PCO;COD_ATA_REG_PCO;RP_COD_ORG_EMP;RP_TXT_ORG_EMP;RP_COD_EMP_ORG_EXTR;RP_TXT_EMP_ORG_EXTR;COD_IND_REAJ_SOF;TXT_IND_REAJ_SOF;COD_ORGN_COTC;NOM_PPST_COTT;DT_ENVI_PPTA_COTC;DT_ASSI_DPCH;DT_PUBL_DPCH;COD_NRO_PAG_DPCH;DT_ASSI_COTC;DT_PUBL_COTC;COD_NRO_PAG_COTC;COD_NRO_EDIT_COTC;COD_NRO_PCSS_SOF;COD_TIP_DOC;COD_GSTR_COTC;NOM_GSTR_COTC;TXT_DOC_DESG_GSTR;TXT_OBJE_COTC;TXT_REAJ_OTRO;COD_ORG_EMP_ATUAL;TXT_ORG_EMP_ATUAL;COD_UNID_ORCM_SOF_ATUAL;TXT_UNID_ORCM_ATUAL;VAL_PRIN_ACRE;VAL_REAJ_ACRE;QTD_DIA_PRZO_COTR;VL_TOTAL_ADITAMENTO;VL_TOTAL_REAJUSTES;VL_TOTAL_ATUALIZADO;VL_ATUAL_CONTR_GERAL;VL_EMPENHADOS_ANTES_GERAL;VL_EMPENHADOS_APOS_GERAL;VL_ANULACOES_GERAL;VL_SALDO_EMPENHAR_GERAL;VL_SALDO_LIQUIDAR_GERAL;VL_SALDO_PAGAR_GERAL;VL_PAGOS_GERAL;VL_EMPENHOS_CANCELADOS_GERAL;VL_ATUAL_CONTR_PRINC;VL_EMPENHADOS_ANTES_PRINC;VL_EMPENHADOS_APOS_PRINC;VL_ANULACOES_PRINC;VL_SALDO_EMPENHAR_PRINC;VL_SALDO_LIQUIDAR_PRINC;VL_SALDO_PAGAR_PRINC;VL_PAGOS_PRINC;VL_EMPENHOS_CANCELADOS_PRINC;VL_ATUAL_CONTR_REAJ;VL_EMPENHADOS_ANTES_REAJ;VL_EMPENHADOS_APOS_REAJ;VL_ANULACOES_REAJ;VL_SALDO_EMPENHAR_REAJ;VL_SALDO_LIQUIDAR_REAJ;VL_SALDO_PAGAR_REAJ;VL_PAGOS_REAJ;VL_EMPENHOS_CANCELADOS_REAJ;PERC_ADIT_ACRESC_PATAMAR;PERC_ADIT_SUPR_PATAMAR;PERC_ADIT_ACRESC_OBJETO;PERC_ADIT_SUPR_OBJETO;QT_PRAZO_ATUAL_ACRESCIMO_OBJ;QT_PRAZO_ATUAL_SUPRESSAO_OBJ;QT_PRAZO_ATUAL_ACRESCIMO_PAT;QT_PRAZO_ATUAL_SUPRESSAO_PAT;QT_PRAZO_ATUAL_ACRESCIMO_PRO;QT_PRAZO_ATUAL_SUPRESSAO_PRO;DOTACAO;COD_SUB_ELEM_DESP;DESC_SUB_ELEMENTO;COD_ITEM_DESP_SOF;DESC_ITEM_DESP;COD_ELEM_DESP;DESC_ELEMENTO;VL_SALDO_EMPENHAR_TOTAL
250483;25963;2016;22;Secretaria Municipal de Infra-Estrutura Urbana e Obras;10;Gabinete do Secretário;2;Termo de Contrato - Serviços;1;Art. 22 - Inciso I Lei Federal  8.666/93;4;Concorrência;04/10/2016 00:00;01/01/2017 00:00;01/01/2017 00:00;0;0;90;49990,17;0;0;0;N;9;umental;2014;9;22;Secretaria Municipal de Infra-Estrutura Urbana e Obras;;;41;SEM REAJUSTE;;;;29/09/2016 00:00;01/10/2016 00:00;147;;;;007/SIURB/14;6,0162E+15;S;;;;Execução de serviços gerais de manutenção previstos na ATA DE REGISTRO DE PREÇOS nº 009/SIURB/2014 - AGRUPAMENTO  009  -  Subprefeitura Freguesia do Ó/ Brasilândia - SP/FB,  com fornecimento de materiais de primeira linha e mão-de-obra especializada para execução de serviços gerais de manutenção preventiva, corretiva, reparações, adaptações e modificações, no (a) CEU JARDIM PAULISTANO, situado na Rua Aparecida do Taboado. s/n º  Jardim Paulistano -  São Paulo/SP.;;22;Secretaria Municipal de Infra-Estrutura Urbana e Obras;10;Gabinete do Secretário;49990,17;0;90;0;0;49990,17;49990,17;0;0;49990,17;0;0;0;0;0;49990,17;0;0;49990,17;0;0;0;0;0;0;0;0;0;0;0;0;0;0;0;0;0;0;0;0;0;0;0;0;;;;;;;;0
253519;28556;2016;22;Secretaria Municipal de Infra-Estrutura Urbana e Obras;10;Gabinete do Secretário;5;Nota de Empenho Fornecimento de Bens de Consumo e/ou Permanente;14;Art. 24 Inciso VIII da lei Federal 8.666/93;6;Dispensa de Licitação;01/01/2017 00:00;31/12/2017 00:00;01/01/2018 00:00;0;0;365;0;0;0;0;E;9;umental;-1;-1;;;;;41;SEM REAJUSTE;;;;17/11/2016 00:00;19/11/2016 00:00;78;;;;;6,0222E+15;S;828740.6;ZÉLIO KIELBERMAN;;CONTRATAÇÃO DIRETA DA IMPRENSA NACIONAL - PUBLICAÇÕES NO DIÁRIO OFICIAL DA UNIÃO - EXERCÍCIO 2017;;22;Secretaria Municipal de Infra-Estrutura Urbana e Obras;10;Gabinete do Secretário;60000;0;365;0;0;60000;60000;0;0;60000;0;0;0;0;0;60000;0;0;60000;0;0;0;0;0;0;0;0;0;0;0;0;0;0;0;0;0;0;0;0;0;0;0;0;;;;;;;;0
256259;30904;2016;22;Secretaria Municipal de Infra-Estrutura Urbana e Obras;10;Gabinete do Secretário;2;Termo de Contrato - Serviços;39;Não Aplicável;8;Não Aplicável;02/01/2017 00:00;01/01/2018 00:00;01/01/2018 00:00;0;0;364;11860;0;11859,96;0;E;9;umental;-1;-1;22;Secretaria Municipal de Infra-Estrutura Urbana e Obras;;;41;SEM REAJUSTE;;ALEXANDRE DOMINGOS;25/11/2016 00:00;19/12/2016 00:00;20/12/2016 00:00;75;;;;;6,0222E+15;S;785.453-6;ADEMIR JOSE NAVES;SUPERVISOR TECNICO II;CONSERVAÇÃO CORRETIVA E PREVENTIVA DE APARELHOS DE AR CONDICIONADO;;22;Secretaria Municipal de Infra-Estrutura Urbana e Obras;10;Gabinete do Secretário;11860;0;364;0;0;11860;11860;0;11859,96;0,04;0;0;11859,96;11859,96;0;11860;0;11859,96;0,04;0;0;11859,96;11859,96;0;0;0;0;0;0;0;0;0;0;0;0;0;0;0;0;0;0;0;0;22.10.15.122.3024.2.100.33903900.00.0;17;Manut. e Conserv. de Máquinas e Equipamentos;99;Outras Máquinas e Equipamentos;39;Outros Serviços de Terceiros - Pessoa Jurídica;0
255219;30025;2016;22;Secretaria Municipal de Infra-Estrutura Urbana e Obras;10;Gabinete do Secretário;2;Termo de Contrato - Serviços;1;Art. 22 - Inciso I Lei Federal  8.666/93;4;Concorrência;26/12/2016 00:00;20/12/2017 00:00;01/01/2024 00:00;0;0;359;49308116,4;15000000;23707911,29;5811977;A;9;umental;-1;-1;;;;;41;SEM REAJUSTE;074/SIURB/2016;Ronaldo Alves Pereira;26/12/2016 00:00;08/12/2016 00:00;08/12/2016 00:00;99;16/12/2016 00:00;16/12/2016 00:00;99;RDC 09/15/SIURB;2,01502E+11;P;627559;Carlos Henrique Sauer;Conforme SEI nº 055185039;Execução de Obras e Serviços Relativos á Construção de 10 Centros de Educação Infantil - CEI Com Estrutura em Concreto Armado Pré-Moldado, Agrupados em um único Lote, no Município de São Paulo - RDC Nº 009/15/SIURB.;;22;Secretaria Municipal de Infra-Estrutura Urbana e Obras;10;Gabinete do Secretário;44395139,04;0;359;4912977,36;15000000;64308116,4;64308116,4;0;29519888,29;0;34788228,11;0;29519888,29;29519888,29;6105414,85;49308116,4;0;23707911,29;0;25600205,11;0;23707911,29;23707911,29;3473750,92;15000000;0;5811977;0;9188023;0;5811977;5811977;2631663,93;0;0;11,07;0;0;0;0;0;2203;0;16.10.12.365.3010.3.359.44905100.05.0;89;Obras em Andamento - Uso Comum do Povo;2;Escolas e similares;51;Obras e Instalações;34788228,11
253265;28322;2016;86;Fundo Municipal de Saneamento Ambiental e Infraestrutura;22;;2;Termo de Contrato - Serviços;1;Art. 22 - Inciso I Lei Federal  8.666/93;4;Concorrência;01/08/2013 00:00;01/05/2016 00:00;01/05/2016 00:00;0;0;1005;1229806,46;1229806,46;0;1229806,46;A;9;umental;-1;-1;;;;;2;ESTRUTURA GERAL;;;;16/07/2013 00:00;17/07/2013 00:00;56;;;;;2,01302E+11;P;;;;CONTRATAÇÃO DE OBRAS E SERVIÇOS DE DRENAGEM URBANA, NO MUNICIPIO DE SÃO PAULO. NO AMBITO DO PRA - PROGRAMA DE REDUÇÃO DE ALAGAMENTOS, SUBDIVIDIDO EM UM TOTAL DE 05 LOTES.;;86;Fundo Municipal de Saneamento Ambiental e Infraestrutura;22;;26174792,17;0;1005;-24944985,71;1229806,46;2459612,92;2459612,92;0;1229806,46;0;1229806,46;0;1229806,46;1229806,46;0;1229806,46;0;0;0;1229806,46;0;0;0;0;1229806,46;0;1229806,46;0;0;0;1229806,46;1229806,46;0;0;0;0;95,3;0;0;0;0;0;0;86.22.17.451.3008.5.013.44909200.03.0;99;Outras Despesas de Exercícios Anteriores;4;Obras e Instalações;92;Despesas de Exercícios Anteriores;1229806,46
234971;12377;2016;22;Secretaria Municipal de Infra-Estrutura Urbana e Obras;10;Gabinete do Secretário;5;Nota de Empenho Fornecimento de Bens de Consumo e/ou Permanente;39;Não Aplicável;8;Não Aplicável;03/05/2016 00:00;01/06/2016 00:00;01/06/2016 00:00;0;0;30;31500;0;31500;0;E;1;;-1;-1;;;;;41;SEM REAJUSTE;;;;03/05/2016 00:00;06/05/2016 00:00;85;;;;;2,01503E+11;P;;;;Tarifa de Reprogramação - TC nº 0425.349-95/2013 - Corredor M'boi Mirim;;22;Secretaria Municipal de Infra-Estrutura Urbana e Obras;10;Gabinete do Secretário;31500;0;30;0;0;31500;31500;0;31500;0;0;0;31500;31500;0;31500;0;31500;0;0;0;31500;31500;0;0;0;0;0;0;0;0;0;0;0;0;0;0;0;0;0;0;0;0;22.10.26.453.3009.3.378.44903900.00.0;99;Outros Serviços de Terceiros - Pessoa Jurídica;99;Outros Serviços de Terceiros - Pessoa Jurídica;39;Outros Serviços de Terceiros - Pessoa Jurídica;0
245679;21763;2016;22;Secretaria Municipal de Infra-Estrutura Urbana e Obras;10;Gabinete do Secretário;2;Termo de Contrato - Serviços;39;Não Aplicável;8;Não Aplicável;01/08/2016 00:00;31/07/2017 00:00;01/08/2017 00:00;0;0;365;3644626,36;0;3644626,36;0;E;12;;2016;4;13;Secretaria Municipal de Gestão;;;41;SEM REAJUSTE;;PATRICIA G. ORTEGA CARDERELI;13/07/2016 00:00;28/07/2016 00:00;29/07/2016 00:00;61;;;;;6,0222E+15;S;;;;ATA de RP 004/SMG-COBES/2016 - prestação de Serviços por Instituição especializada em Adm. dePrograma de Estágio - BOLSA/TRANSPORTE;;22;Secretaria Municipal de Infra-Estrutura Urbana e Obras;10;Gabinete do Secretário;1217897,76;0;365;4372547,12;0;5590444,88;5590444,88;0;3644626,36;1945818,52;0;0;3644626,36;3644626,36;1973344,48;5590444,88;0;3644626,36;1945818,52;0;0;3644626,36;3644626,36;1973344,48;0;0;0;0;0;0;0;0;0;0;0;2,78;0,85;0;0;0;0;1460;0;22.10.15.122.3024.2.100.33503900.00.0;99;Outros Serviços de Terceiros - Pessoa Jurídica;99;Outros Serviços de Terceiros - PJ;39;Outros Serviços de Terceiros - Pessoa Jurídica;0
245678;21762;2016;22;Secretaria Municipal de Infra-Estrutura Urbana e Obras;10;Gabinete do Secretário;2;Termo de Contrato - Serviços;39;Não Aplicável;8;Não Aplicável;01/08/2016 00:00;31/07/2017 00:00;01/08/2017 00:00;0;0;365;57414,5;777,29;57414,5;777,29;E;9;umental;2016;4;13;Secretaria Municipal de Gestão;;;41;SEM REAJUSTE;;PATRICIA G. ORTEGA CARDERELLI;13/07/2016 00:00;28/07/2016 00:00;29/07/2016 00:00;61;;;;;6,0222E+15;S;;;;ATA de RP 004/SMG-COBES/2016 - prestação de Serviços por Instituição especializada em Adm. dePrograma de Estágio - TAXA DE ADMNISTAÇÃO;;22;Secretaria Municipal de Infra-Estrutura Urbana e Obras;10;Gabinete do Secretário;17663,16;0;365;60082,56;2092,92;79838,64;79838,64;0;58191,79;21646,85;0;0;58191,79;58191,79;21785,93;77745,72;0;57414,5;20331,22;0;0;57414,5;57414,5;21024,56;2092,92;0;777,29;1315,63;0;0;777,29;777,29;761,37;0;0;0,79;0,79;0;0;0;0;1460;0;22.10.15.122.3024.2.100.33503900.00.0;99;Outros Serviços de Terceiros - Pessoa Jurídica;10;Taxa de Administração - Estagiário;39;Outros Serviços de Terceiros - Pessoa Jurídica;0
229420;7640;2016;86;Fundo Municipal de Saneamento Ambiental e Infraestrutura;22;;2;Termo de Contrato - Serviços;1;Art. 22 - Inciso I Lei Federal  8.666/93;4;Concorrência;01/03/2012 00:00;01/09/2016 00:00;01/09/2016 00:00;0;0;1646;111658974,8;24604385,74;47156934,7;12752813,16;S;9;umental;-1;-1;;;;;2;ESTRUTURA GERAL;;;;01/03/2012 00:00;01/03/2012 00:00;;;;;;2,011E+11;P;;;;CT - 014/SIURB/2012 - Ponte Baixa.;;86;Fundo Municipal de Saneamento Ambiental e Infraestrutura;22;;22044661,85;0;1646;89614312,93;24604385,74;136263360,5;136263360,5;0;59909747,86;0;76353612,66;0;59909747,86;59909747,86;103757991,5;111658974,8;0;47156934,7;0;64502040,08;0;47156934,7;47156934,7;81388055,07;24604385,74;0;12752813,16;0;11851572,58;0;12752813,16;12752813,16;22369936,41;75,77;0;330,74;0;0;0;0;0;0;0;86.22.17.451.3008.5.013.44905100.03.0;89;Obras em Andamento - Uso Comum do Povo;22;Canalização de Córregos;51;Obras e Instalações;76353612,66
249852;25410;2016;86;Fundo Municipal de Saneamento Ambiental e Infraestrutura;22;FMSAI - Secretaria Municipal de Infraestrutura Urbana e Obras;5;Nota de Empenho Fornecimento de Bens de Consumo e/ou Permanente;39;Não Aplicável;8;Não Aplicável;27/09/2016 00:00;01/10/2016 00:00;01/10/2016 00:00;0;0;5;81667,4;0;81667,4;0;A;1;;-1;-1;;;;;41;SEM REAJUSTE;;;;16/09/2016 00:00;24/09/2016 00:00;51;;;;;2,01602E+11;P;;;;Indenização de Benfeitorias - Obra pública;;86;Fundo Municipal de Saneamento Ambiental e Infraestrutura;22;FMSAI - Secretaria Municipal de Infraestrutura Urbana e Obras;81667,4;0;5;0;0;81667,4;81667,4;0;81667,4;0;0;0;81667,4;81667,4;0;81667,4;0;81667,4;0;0;0;81667,4;81667,4;0;0;0;0;0;0;0;0;0;0;0;0;0;0;0;0;0;0;0;0;86.22.17.451.3008.5.013.44904800.03.0;99;Outros Auxílios Financeiros a Pessoa Física;99;Outros Auxílios Financeiros a Pessoas Físicas;48;Outros Auxílios Financeiros a Pessoas Físicas;0
239009;15947;2016;22;Secretaria Municipal de Infra-Estrutura Urbana e Obras;10;Gabinete do Secretário;2;Termo de Contrato - Serviços;1;Art. 22 - Inciso I Lei Federal  8.666/93;4;Concorrência;04/07/2016 00:00;01/10/2016 00:00;01/10/2016 00:00;0;0;90;29935,01;0;28844,16;0;A;9;umental;2014;30;22;Secretaria Municipal de Infra-Estrutura Urbana e Obras;;;41;SEM REAJUSTE;;;;09/06/2015 00:00;15/06/2016 00:00;163;;;;;2,01601E+11;P;;;;SP/VM - MANUTENÇÃO DO CRM CASA ELIANE DE GRAMMONT - PADRÃO DE ENTRADA;;22;Secretaria Municipal de Infra-Estrutura Urbana e Obras;10;Gabinete do Secretário;29935,01;0;90;0;0;29935,01;29935,01;0;28844,16;0;1090,85;0;28844,16;28844,16;1090,85;29935,01;0;28844,16;0;1090,85;0;28844,16;28844,16;1090,85;0;0;0;0;0;0;0;0;0;0;0;0;0;0;0;0;0;0;0;79.10.14.244.3013.6.178.33903900.00.0;16;Manutenção e Conservação de Bens Imóveis;17;Manutenção e Conservação de Bens Imóveis;39;Outros Serviços de Terceiros - Pessoa Jurídica;1090,85
243687;20022;2016;22;Secretaria Municipal de Infra-Estrutura Urbana e Obras;10;Gabinete do Secretário;2;Termo de Contrato - Serviços;1;Art. 22 - Inciso I Lei Federal  8.666/93;4;Concorrência;04/08/2016 00:00;01/11/2016 00:00;01/11/2016 00:00;0;0;90;302207,54;0;290587,26;0;A;9;umental;2014;9;22;Secretaria Municipal de Infra-Estrutura Urbana e Obras;;;41;SEM REAJUSTE;;;;19/07/2016 00:00;20/07/2016 00:00;95;;;;001/12/SIURB;2,01202E+11;P;;;;Execução de serviços gerais de manutenção no CAPS II ALCOOL E DOGRAS - BRASILÂNDIA;;22;Secretaria Municipal de Infra-Estrutura Urbana e Obras;10;Gabinete do Secretário;302207,54;0;90;0;0;302207,54;302207,54;0;290587,26;0;11620,28;0;290587,26;290587,26;313827,82;302207,54;0;290587,26;0;11620,28;0;290587,26;290587,26;313827,82;0;0;0;0;0;0;0;0;0;0;0;0;0;0;0;0;0;0;0;84.10.10.302.3003.3.101.44905100.00.0;99;Outras Obras e Instalações;99;Outras Obras e Instalações;51;Obras e Instalações;11620,28
246645;22565;2016;86;Fundo Municipal de Saneamento Ambiental e Infraestrutura;22;;2;Termo de Contrato - Serviços;1;Art. 22 - Inciso I Lei Federal  8.666/93;4;Concorrência;03/11/2015 00:00;01/11/2016 00:00;01/11/2016 00:00;0;0;365;1011700,97;232757,84;0;0;A;9;umental;-1;-1;;;;;2;ESTRUTURA GERAL;;;;24/09/2015 00:00;25/09/2015 00:00;88;;;;;2,01501E+11;P;;;;CT - 072/SIURB/2015 - PRA - LOTE B;;86;Fundo Municipal de Saneamento Ambiental e Infraestrutura;22;;1011700,97;0;365;0;232757,84;1244458,81;1244458,81;0;0;0;1244458,81;0;0;0;1244458,81;1011700,97;0;0;0;1011700,97;0;0;0;1011700,97;232757,84;0;0;0;232757,84;0;0;0;232757,84;0;0;0;0;0;0;0;0;0;0;86.22.17.451.3008.5.013.44905100.03.0;89;Obras em Andamento - Uso Comum do Povo;22;Canalização de Córregos;51;Obras e Instalações;1244458,81
243690;20025;2016;22;Secretaria Municipal de Infra-Estrutura Urbana e Obras;10;Gabinete do Secretário;2;Termo de Contrato - Serviços;1;Art. 22 - Inciso I Lei Federal  8.666/93;4;Concorrência;04/08/2016 00:00;01/11/2016 00:00;01/11/2016 00:00;0;0;90;381096,49;0;378811,98;0;A;9;umental;2014;9;22;Secretaria Municipal de Infra-Estrutura Urbana e Obras;;;41;SEM REAJUSTE;;;;19/07/2016 00:00;20/07/2016 00:00;95;;;;001/12/SIURB;2,01202E+11;P;;;;Execução de serviços gerais de manutenção no CAPS II INFANTIL BRASILÂNDIA.;;22;Secretaria Municipal de Infra-Estrutura Urbana e Obras;10;Gabinete do Secretário;381096,49;0;90;0;0;381096,49;381096,49;0;378811,98;0;2284,51;0;378811,98;378811,98;2284,51;381096,49;0;378811,98;0;2284,51;0;378811,98;378811,98;2284,51;0;0;0;0;0;0;0;0;0;0;0;0;0;0;0;0;0;0;0;84.10.10.302.3003.3.101.44905100.00.0;99;Outras Obras e Instalações;99;Outras Obras e Instalações;51;Obras e Instalações;2284,51
249617;25196;2016;22;Secretaria Municipal de Infra-Estrutura Urbana e Obras;10;Gabinete do Secretário;2;Termo de Contrato - Serviços;7;Art. 24 - Inciso I Lei Federal  8.666/93;6;Dispensa de Licitação;07/11/2016 00:00;01/12/2016 00:00;01/12/2016 00:00;0;0;25;14763,83;0;14238,65;0;A;9;umental;-1;-1;;;;;41;SEM REAJUSTE;;;;22/09/2016 00:00;23/09/2016 00:00;57;;;;DL;2,01402E+11;P;;;;Dispensa de Licitação - Prestação de serviços Técnico-profissionais de sondagem e parecer técnico de fundações para construção da UBS Jardim Julieta - SP/MG.;;22;Secretaria Municipal de Infra-Estrutura Urbana e Obras;10;Gabinete do Secretário;14763,83;0;25;0;0;14763,83;14763,83;0;14238,65;0;525,18;0;14238,65;14238,65;225,19;14763,83;0;14238,65;0;525,18;0;14238,65;14238,65;225,19;0;0;0;0;0;0;0;0;0;0;0;0;0;0;0;0;0;0;0;84.10.10.301.3003.3.367.44905100.02.0;89;Obras em Andamento - Uso Comum do Povo;1;Hospitais e similares;51;Obras e Instalações;525,18
229238;7510;2016;22;Secretaria Municipal de Infra-Estrutura Urbana e Obras;10;Gabinete do Secretário;5;Nota de Empenho Fornecimento de Bens de Consumo e/ou Permanente;8;Art. 24 Inciso II da lei Federal 8.666/93;6;Dispensa de Licitação;24/03/2016 00:00;02/04/2016 00:00;02/04/2016 00:00;0;0;10;1148,1;0;1148,1;0;A;1;;-1;-1;;;;;41;SEM REAJUSTE;;;;24/03/2016 00:00;29/03/2016 00:00;64;;;;;2,01302E+11;P;;;;Desapropriação - Mlehoramento - Prolongamento da Av. Chucri Zaidan até Av.João Dias;;22;Secretaria Municipal de Infra-Estrutura Urbana e Obras;10;Gabinete do Secretário;1148,1;0;10;0;0;1148,1;1148,1;0;1148,1;0;0;0;1148,1;1148,1;0;1148,1;0;1148,1;0;0;0;1148,1;1148,1;0;0;0;0;0;0;0;0;0;0;0;0;0;0;0;0;0;0;0;0;37.30.15.451.3009.5.100.44906100.08.0;99;Outras Aquisições de Bens Imóveis;1;Desapropriações;61;Aquisição de Imóveis;0
225791;4350;2016;22;Secretaria Municipal de Infra-Estrutura Urbana e Obras;10;Gabinete do Secretário;2;Termo de Contrato - Serviços;1;Art. 22 - Inciso I Lei Federal  8.666/93;4;Concorrência;04/04/2016 00:00;02/07/2016 00:00;02/07/2016 00:00;0;0;90;226559,25;0;226167,6;0;E;9;umental;2014;2;22;Secretaria Municipal de Infra-Estrutura Urbana e Obras;;;41;SEM REAJUSTE;;;;07/03/2016 00:00;10/03/2016 00:00;93;;;;;2,01502E+11;P;;;;SP/BT - MANUTENÇÃO DO CEU UIRAPURU;;22;Secretaria Municipal de Infra-Estrutura Urbana e Obras;10;Gabinete do Secretário;226559,25;0;90;0;0;226559,25;226559,25;0;226167,6;391,65;0;0;226167,6;226167,6;391,65;226559,25;0;226167,6;391,65;0;0;226167,6;226167,6;391,65;0;0;0;0;0;0;0;0;0;0;0;0;0;0;0;0;0;0;0;16.10.12.368.3010.2.851.33903900.00.0;16;Manutenção e Conservação de Bens Imóveis;17;Manutenção e Conservação de Bens Imóveis;39;Outros Serviços de Terceiros - Pessoa Jurídica;0
254027;29005;2016;98;Fundo de Desenvolvimento Urbano;22;FUNDURB - Secretaria Municipal de Infra-Estrutura Urbana e Obras;5;Nota de Empenho Fornecimento de Bens de Consumo e/ou Permanente;8;Art. 24 Inciso II da lei Federal 8.666/93;6;Dispensa de Licitação;10/08/2015 00:00;02/10/2016 00:00;02/10/2016 00:00;0;0;420;646354,04;0;646354,04;0;E;9;umental;-1;-1;;;;;2;ESTRUTURA GERAL;;;;10/08/2015 00:00;12/08/2015 00:00;62;;;;;2,01403E+11;P;;;;Reembolso Sub- Rogação - DEA;;98;Fundo de Desenvolvimento Urbano;22;FUNDURB - Secretaria Municipal de Infra-Estrutura Urbana e Obras;646354,04;0;420;0;0;646354,04;646354,04;0;646354,04;0;0;0;646354,04;646354,04;0;646354,04;0;646354,04;0;0;0;646354,04;646354,04;0;0;0;0;0;0;0;0;0;0;0;0;0;0;0;0;0;0;0;0;98.22.26.453.3009.3.378.44909200.08.0;99;Outras Despesas de Exercícios Anteriores;4;Obras e Instalações;92;Despesas de Exercícios Anteriores;0
243160;19546;2016;22;Secretaria Municipal de Infra-Estrutura Urbana e Obras;10;Gabinete do Secretário;2;Termo de Contrato - Serviços;1;Art. 22 - Inciso I Lei Federal  8.666/93;4;Concorrência;05/08/2016 00:00;02/11/2016 00:00;02/11/2016 00:00;0;0;90;277632,5;0;188775,22;0;A;9;umental;2014;21;22;Secretaria Municipal de Infra-Estrutura Urbana e Obras;;;41;SEM REAJUSTE;;;;13/07/2016 00:00;15/07/2016 00:00;105;;;;007/SIURB/2014;2,01502E+11;P;;;;Execução de serviços gerais de manutenção previstos na ATA de Registro de Preços nº 021SIURB/2014 - Agrupamento 021 - Subprefeitura Pinheiros - SP/PI - UBS Meninópolis - SP/SP;;22;Secretaria Municipal de Infra-Estrutura Urbana e Obras;10;Gabinete do Secretário;277632,5;0;90;0;0;277632,5;277632,5;0;188775,22;0;88857,28;0;188775,22;188775,22;88857,28;277632,5;0;188775,22;0;88857,28;0;188775,22;188775,22;88857,28;0;0;0;0;0;0;0;0;0;0;0;0;0;0;0;0;0;0;0;84.10.10.302.3003.3.101.44905100.00.0;99;Outras Obras e Instalações;99;Outras Obras e Instalações;51;Obras e Instalações;88857,28
252557;27727;2016;22;Secretaria Municipal de Infra-Estrutura Urbana e Obras;10;Gabinete do Secretário;5;Nota de Empenho Fornecimento de Bens de Consumo e/ou Permanente;39;Não Aplicável;8;Não Aplicável;03/11/2016 00:00;02/11/2017 00:00;02/11/2017 00:00;0;0;364;63000;0;63000;0;E;9;umental;-1;-1;;;;;41;SEM REAJUSTE;;Edna Maria Frazilio;06/10/2016 00:00;01/11/2016 00:00;02/11/2016 00:00;93;;;;;6,0222E+15;S;;;;Renovação de 20 (vinte) Licenças do AUTODESK AUTOCAD 2017 SUBSCRIPTION 1 ANO;;22;Secretaria Municipal de Infra-Estrutura Urbana e Obras;10;Gabinete do Secretário;63000;0;364;0;0;63000;63000;0;63000;0;0;0;63000;63000;0;63000;0;63000;0;0;0;63000;63000;0;0;0;0;0;0;0;0;0;0;0;0;0;0;0;0;0;0;0;0;22.10.15.122.3024.2.100.33903900.00.0;8;Manutenção de Software;1;Manutenção de Software;39;Outros Serviços de Terceiros - Pessoa Jurídica;0
249406;25001;2016;22;Secretaria Municipal de Infra-Estrutura Urbana e Obras;10;Gabinete do Secretário;2;Termo de Contrato - Serviços;1;Art. 22 - Inciso I Lei Federal  8.666/93;4;Concorrência;06/10/2016 00:00;03/01/2017 00:00;03/01/2017 00:00;0;0;90;369998,24;0;346158,23;0;A;9;umental;2014;3;22;Secretaria Municipal de Infra-Estrutura Urbana e Obras;;;41;SEM REAJUSTE;;;;14/09/2016 00:00;21/09/2016 00:00;105;;;;007/SIURB/2014;2,01503E+11;P;;;;Execução de serviços gerais de Manutenção previstos na ATA de RP nº 003/SIURB/2014 - UBS ARRASTÃO - DR. FRANSCISCO SOBRINHO.;;22;Secretaria Municipal de Infra-Estrutura Urbana e Obras;10;Gabinete do Secretário;369998,24;0;90;0;0;369998,24;369998,24;0;346158,23;0;23840,01;0;346158,23;346158,23;23840,01;369998,24;0;346158,23;0;23840,01;0;346158,23;346158,23;23840,01;0;0;0;0;0;0;0;0;0;0;0;0;0;0;0;0;0;0;0;84.10.10.302.3003.3.101.44905100.00.0;99;Outras Obras e Instalações;99;Outras Obras e Instalações;51;Obras e Instalações;23840,01
234967;12374;2016;22;Secretaria Municipal de Infra-Estrutura Urbana e Obras;10;Gabinete do Secretário;5;Nota de Empenho Fornecimento de Bens de Consumo e/ou Permanente;39;Não Aplicável;8;Não Aplicável;05/05/2016 00:00;03/06/2016 00:00;03/06/2016 00:00;0;0;30;31500;0;31500;0;E;1;;-1;-1;;;;;41;SEM REAJUSTE;;;;05/05/2016 00:00;10/05/2016 00:00;50;;;;;2,01601E+11;P;;;;Tarifa de reprogramação - TC nº0420.063-42/2013 - Córrego Uberaba.;;22;Secretaria Municipal de Infra-Estrutura Urbana e Obras;10;Gabinete do Secretário;31500;0;30;0;0;31500;31500;0;31500;0;0;0;31500;31500;0;31500;0;31500;0;0;0;31500;31500;0;0;0;0;0;0;0;0;0;0;0;0;0;0;0;0;0;0;0;0;22.10.17.451.3008.5.013.44903900.00.0;99;Outros Serviços de Terceiros - Pessoa Jurídica;99;Outros Serviços de Terceiros - Pessoa Jurídica;39;Outros Serviços de Terceiros - Pessoa Jurídica;0
234969;12375;2016;22;Secretaria Municipal de Infra-Estrutura Urbana e Obras;10;Gabinete do Secretário;5;Nota de Empenho Fornecimento de Bens de Consumo e/ou Permanente;39;Não Aplicável;8;Não Aplicável;05/05/2016 00:00;03/06/2016 00:00;03/06/2016 00:00;0;0;30;31500;0;31500;0;A;1;;-1;-1;;;;;41;SEM REAJUSTE;;;;05/05/2016 00:00;10/05/2016 00:00;50;;;;;2,01601E+11;P;;;;Tarifa de reprogramação - TC Nº 0425.747-13/2013 - Binário Santo Amaro;;22;Secretaria Municipal de Infra-Estrutura Urbana e Obras;10;Gabinete do Secretário;31500;0;30;0;0;31500;31500;0;31500;0;0;0;31500;31500;0;31500;0;31500;0;0;0;31500;31500;0;0;0;0;0;0;0;0;0;0;0;0;0;0;0;0;0;0;0;0;22.10.26.453.3009.3.378.44903900.00.0;99;Outros Serviços de Terceiros - Pessoa Jurídica;99;Outros Serviços de Terceiros - Pessoa Jurídica;39;Outros Serviços de Terceiros - Pessoa Jurídica;0
241958;18477;2016;22;Secretaria Municipal de Infra-Estrutura Urbana e Obras;10;Gabinete do Secretário;2;Termo de Contrato - Serviços;3;Art. 22 - Inciso III Lei Federal  8.666/93;2;Convite;10/08/2016 00:00;03/09/2016 00:00;03/09/2016 00:00;0;0;25;14882,4;0;14882,4;0;A;9;umental;-1;-1;;;;;41;SEM REAJUSTE;;;;06/07/2016 00:00;07/07/2016 00:00;236;;;;001/16/SIURB;2,015E+11;P;;;;PRESTAÇÃO  DE  SERVIÇOS TÉCNICOS PROFISSIONAIS PARA EXECUÇÃO DE SONDAGEM E PARECER TÉCNICO DE FUNDAÇÕES PARA CONSTRUÇÃO DO CENTRO ESPECIALIZADO EM  REABILITAÇÃO - CER BUTANTÃ - SP/BT;;22;Secretaria Municipal de Infra-Estrutura Urbana e Obras;10;Gabinete do Secretário;14882,4;0;25;0;0;14882,4;14882,4;0;14882,4;0;0;0;14882,4;14882,4;0;14882,4;0;14882,4;0;0;0;14882,4;14882,4;0;0;0;0;0;0;0;0;0;0;0;0;0;0;0;0;0;0;0;0;84.10.10.242.3006.3.365.44905100.02.0;89;Obras em Andamento - Uso Comum do Povo;1;Hospitais e similares;51;Obras e Instalações;0
241947;18466;2016;22;Secretaria Municipal de Infra-Estrutura Urbana e Obras;10;Gabinete do Secretário;2;Termo de Contrato - Serviços;3;Art. 22 - Inciso III Lei Federal  8.666/93;2;Convite;10/08/2016 00:00;03/09/2016 00:00;03/09/2016 00:00;0;0;25;14882,4;0;14882,4;0;A;9;umental;-1;-1;;;;;41;SEM REAJUSTE;;;;06/07/2016 00:00;07/07/2016 00:00;86;;;;002/2016/SIURB;2,01502E+11;P;;;;Prestação  de serviços técnicos  profissionais  para construção do Centro especializado em Reabilitação - CER Ermelino Matarazzo - SP/EM;;22;Secretaria Municipal de Infra-Estrutura Urbana e Obras;10;Gabinete do Secretário;14882,4;0;25;0;0;14882,4;14882,4;0;14882,4;0;0;0;14882,4;14882,4;0;14882,4;0;14882,4;0;0;0;14882,4;14882,4;0;0;0;0;0;0;0;0;0;0;0;0;0;0;0;0;0;0;0;0;84.10.10.242.3006.3.365.44905100.02.0;89;Obras em Andamento - Uso Comum do Povo;1;Hospitais e similares;51;Obras e Instalações;0
236370;13609;2016;22;Secretaria Municipal de Infra-Estrutura Urbana e Obras;10;Gabinete do Secretário;2;Termo de Contrato - Serviços;1;Art. 22 - Inciso I Lei Federal  8.666/93;4;Concorrência;06/06/2016 00:00;03/09/2016 00:00;03/09/2016 00:00;0;0;90;70878,36;0;69600,04;0;E;9;umental;2014;14;22;Secretaria Municipal de Infra-Estrutura Urbana e Obras;;;41;SEM REAJUSTE;;;;13/05/2016 00:00;14/05/2016 00:00;83;;;;;6,0162E+15;S;;;;SP/JA - MANUTENÇÃO DO CEU CAMINHO DO MAR - UNICEU;;22;Secretaria Municipal de Infra-Estrutura Urbana e Obras;10;Gabinete do Secretário;70878,36;0;90;0;0;70878,36;70878,36;0;69600,04;1278,32;0;0;69600,04;69600,04;1278,32;70878,36;0;69600,04;1278,32;0;0;69600,04;69600,04;1278,32;0;0;0;0;0;0;0;0;0;0;0;0;0;0;0;0;0;0;0;16.10.12.128.3010.2.802.33903900.00.0;16;Manutenção e Conservação de Bens Imóveis;16;Pequenas Reformas - Outros Imóveis;39;Outros Serviços de Terceiros - Pessoa Jurídica;0
240467;17185;2016;22;Secretaria Municipal de Infra-Estrutura Urbana e Obras;10;Gabinete do Secretário;2;Termo de Contrato - Serviços;1;Art. 22 - Inciso I Lei Federal  8.666/93;4;Concorrência;05/07/2016 00:00;02/10/2016 00:00;03/10/2016 00:00;0;0;90;498083,7;0;498083,7;0;E;9;umental;2014;5;22;Secretaria Municipal de Infra-Estrutura Urbana e Obras;;;41;SEM REAJUSTE;;;;27/06/2016 00:00;28/06/2016 00:00;94;;;;;6,0232E+15;S;;;;SP/CV - MANUTENÇÃO DO POSTO DE BOMBEIROS DA CASA VERDE;;22;Secretaria Municipal de Infra-Estrutura Urbana e Obras;10;Gabinete do Secretário;499938,91;0;90;0;0;499938,91;499938,91;0;498083,7;1855,21;0;0;498083,7;498083,7;1855,11;499938,91;0;498083,7;1855,21;0;0;498083,7;498083,7;1855,11;0;0;0;0;0;0;0;0;0;0;0;0;0;0;0;0;0;0;0;28.23.06.182.3011.5.601.44903900.00.0;99;Outros Serviços de Terceiros - Pessoa Jurídica;99;Outros Serviços de Terceiros - Pessoa Jurídica;39;Outros Serviços de Terceiros - Pessoa Jurídica;0
239689;16525;2016;22;Secretaria Municipal de Infra-Estrutura Urbana e Obras;10;Gabinete do Secretário;2;Termo de Contrato - Serviços;1;Art. 22 - Inciso I Lei Federal  8.666/93;4;Concorrência;06/07/2016 00:00;03/10/2016 00:00;03/10/2016 00:00;0;0;90;32049,31;0;32015,19;0;E;9;umental;2014;27;22;Secretaria Municipal de Infra-Estrutura Urbana e Obras;;;41;SEM REAJUSTE;;;;21/06/2016 00:00;22/06/2016 00:00;67;;;;;6,0222E+15;S;;;;SP/SE - MANUTENÇÃO NA ENTRADA PRINCIPAL DO EDIFICIO MENDES CALDEIRA;;22;Secretaria Municipal de Infra-Estrutura Urbana e Obras;10;Gabinete do Secretário;32049,31;0;90;0;0;32049,31;32049,31;0;32015,19;34,12;0;0;32015,19;32015,19;34,12;32049,31;0;32015,19;34,12;0;0;32015,19;32015,19;34,12;0;0;0;0;0;0;0;0;0;0;0;0;0;0;0;0;0;0;0;22.10.15.122.3024.2.100.33903900.00.0;16;Manutenção e Conservação de Bens Imóveis;17;Manutenção e Conservação de Bens Imóveis;39;Outros Serviços de Terceiros - Pessoa Jurídica;0
245748;21817;2016;22;Secretaria Municipal de Infra-Estrutura Urbana e Obras;10;Gabinete do Secretário;2;Termo de Contrato - Serviços;7;Art. 24 - Inciso I Lei Federal  8.666/93;6;Dispensa de Licitação;10/10/2016 00:00;03/11/2016 00:00;03/11/2016 00:00;0;0;25;14678,13;0;14330,04;0;A;9;umental;-1;-1;;;;;41;SEM REAJUSTE;;;;10/08/2016 00:00;11/08/2016 00:00;59;;;;Dispensa de Licit;2,01403E+11;P;;;;Prestação de Serviços Técnico-Profissionais de Sondagem e Parecer Técnico de Fundações para Construção da UBS Morada do Sol II;;22;Secretaria Municipal de Infra-Estrutura Urbana e Obras;10;Gabinete do Secretário;14678,13;0;25;0;0;14678,13;14678,13;0;14330,04;0;348,09;0;14330,04;14330,04;348,09;14678,13;0;14330,04;0;348,09;0;14330,04;14330,04;348,09;0;0;0;0;0;0;0;0;0;0;0;0;0;0;0;0;0;0;0;84.10.10.301.3003.3.367.44905100.02.0;89;Obras em Andamento - Uso Comum do Povo;1;Hospitais e similares;51;Obras e Instalações;348,09
243103;19492;2016;22;Secretaria Municipal de Infra-Estrutura Urbana e Obras;10;Gabinete do Secretário;2;Termo de Contrato - Serviços;1;Art. 22 - Inciso I Lei Federal  8.666/93;4;Concorrência;05/08/2016 00:00;03/11/2016 00:00;03/11/2016 00:00;0;0;90;0;0;0;0;E;9;umental;2014;23;22;Secretaria Municipal de Infra-Estrutura Urbana e Obras;;;41;SEM REAJUSTE;;;;11/07/2016 00:00;12/07/2016 00:00;61;;;;007/SIURB/2014;6,0182E+15;S;;;;Execução de serviços gerais de manutenção previstos na ATA DE REGISTRO DE PREÇOS nº 023/SIURB/2014 - AGRUPAMENTO  023  -  Subprefeitura Santana / Tucuruvi - SP/ST,  com fornecimento de materiais de primeira linha e mão-de-obra especializada para execução de serviços gerais de manutenção preventiva, corretiva, reparações, adaptações e modificações, no (a) COORDENADORIA REGIONAL DE SAÚDE NORTE, situado na Rua Paineira do Campo, 902 - Santana-  São Paulo/ SP.;;22;Secretaria Municipal de Infra-Estrutura Urbana e Obras;10;Gabinete do Secretário;68414,24;0;90;0;0;68414,24;68414,24;0;0;68414,24;0;0;0;0;136828,48;68414,24;0;0;68414,24;0;0;0;0;136828,48;0;0;0;0;0;0;0;0;0;0;0;0;0;0;0;0;0;0;0;84.10.10.302.3003.3.101.44905100.00.0;99;Outras Obras e Instalações;99;Outras Obras e Instalações;51;Obras e Instalações;0
234965;12372;2016;22;Secretaria Municipal de Infra-Estrutura Urbana e Obras;10;Gabinete do Secretário;5;Nota de Empenho Fornecimento de Bens de Consumo e/ou Permanente;39;Não Aplicável;8;Não Aplicável;06/05/2016 00:00;04/06/2016 00:00;04/06/2016 00:00;0;0;30;31500;0;31500;0;A;1;;-1;-1;;;;;41;SEM REAJUSTE;;;;06/05/2016 00:00;10/05/2016 00:00;50;;;;;2,01601E+11;P;;;;Tarifa de reprogramação - TC nº 0420.066-76/2013 - Córrego Paciência;;22;Secretaria Municipal de Infra-Estrutura Urbana e Obras;10;Gabinete do Secretário;31500;0;30;0;0;31500;31500;0;31500;0;0;0;31500;31500;0;31500;0;31500;0;0;0;31500;31500;0;0;0;0;0;0;0;0;0;0;0;0;0;0;0;0;0;0;0;0;22.10.17.451.3008.5.013.44903900.00.0;99;Outros Serviços de Terceiros - Pessoa Jurídica;99;Outros Serviços de Terceiros - Pessoa Jurídica;39;Outros Serviços de Terceiros - Pessoa Jurídica;0
237176;14316;2016;22;Secretaria Municipal de Infra-Estrutura Urbana e Obras;10;Gabinete do Secretário;5;Nota de Empenho Fornecimento de Bens de Consumo e/ou Permanente;39;Não Aplicável;8;Não Aplicável;26/05/2016 00:00;04/06/2016 00:00;04/06/2016 00:00;0;0;10;60;0;60;0;E;1;;-1;-1;;;;;41;SEM REAJUSTE;;;;24/05/2016 00:00;26/05/2016 00:00;128;;;;;2,01303E+11;P;;;;Pagamento de Taxa de Publicação - TC nº0351.052-46/2011 - Córrego Ponte Baixa.;;22;Secretaria Municipal de Infra-Estrutura Urbana e Obras;10;Gabinete do Secretário;60;0;10;0;0;60;60;0;60;0;0;0;60;60;0;60;0;60;0;0;0;60;60;0;0;0;0;0;0;0;0;0;0;0;0;0;0;0;0;0;0;0;0;22.10.17.451.3008.5.013.44903900.00.0;99;Outros Serviços de Terceiros - Pessoa Jurídica;99;Outros Serviços de Terceiros - Pessoa Jurídica;39;Outros Serviços de Terceiros - Pessoa Jurídica;0
234979;12385;2016;22;Secretaria Municipal de Infra-Estrutura Urbana e Obras;10;Gabinete do Secretário;5;Nota de Empenho Fornecimento de Bens de Consumo e/ou Permanente;39;Não Aplicável;8;Não Aplicável;06/05/2016 00:00;04/06/2016 00:00;04/06/2016 00:00;0;0;30;60;0;60;0;E;1;;-1;-1;;;;;41;SEM REAJUSTE;;;;06/05/2016 00:00;10/05/2016 00:00;50;;;;;2,01503E+11;P;;;;Pagamento de tarifas de públicação - TC nº 0425.349-95/2013 - Corredor M'boi Mirim;;22;Secretaria Municipal de Infra-Estrutura Urbana e Obras;10;Gabinete do Secretário;60;0;30;0;0;60;60;0;60;0;0;0;60;60;0;60;0;60;0;0;0;60;60;0;0;0;0;0;0;0;0;0;0;0;0;0;0;0;0;0;0;0;0;22.10.26.453.3009.3.378.44903900.00.0;99;Outros Serviços de Terceiros - Pessoa Jurídica;99;Outros Serviços de Terceiros - Pessoa Jurídica;39;Outros Serviços de Terceiros - Pessoa Jurídica;0
225780;4339;2016;22;Secretaria Municipal de Infra-Estrutura Urbana e Obras;10;Gabinete do Secretário;2;Termo de Contrato - Serviços;1;Art. 22 - Inciso I Lei Federal  8.666/93;4;Concorrência;06/04/2016 00:00;04/07/2016 00:00;04/07/2016 00:00;0;0;90;979573,27;1500;978598,76;1277,9;E;9;umental;2014;26;22;Secretaria Municipal de Infra-Estrutura Urbana e Obras;;;41;SEM REAJUSTE;;;;07/03/2016 00:00;10/03/2016 00:00;93;;;;;2,01503E+11;P;;;;SP/MP - MANUTENÇÃO DA EMEF TENENTE MIGUEL DELIA (INSTITUTO TÉCNICO FEDERAL);;22;Secretaria Municipal de Infra-Estrutura Urbana e Obras;10;Gabinete do Secretário;979573,27;0;90;0;1500;981073,27;981073,27;0;979876,66;1196,61;0;0;979876,66;979876,66;974,51;979573,27;0;978598,76;974,51;0;0;978598,76;978598,76;974,51;1500;0;1277,9;222,1;0;0;1277,9;1277,9;0;0;0;0;0;0;0;0;0;0;0;16.10.12.368.3010.2.822.33903900.00.0;16;Manutenção e Conservação de Bens Imóveis;17;Manutenção e Conservação de Bens Imóveis;39;Outros Serviços de Terceiros - Pessoa Jurídica;0
227421;5813;2016;22;Secretaria Municipal de Infra-Estrutura Urbana e Obras;10;Gabinete do Secretário;2;Termo de Contrato - Serviços;1;Art. 22 - Inciso I Lei Federal  8.666/93;4;Concorrência;06/04/2016 00:00;04/07/2016 00:00;04/07/2016 00:00;0;0;90;335134,63;0;314346,55;0;E;9;umental;2016;27;22;Secretaria Municipal de Infra-Estrutura Urbana e Obras;;;41;SEM REAJUSTE;;;;11/03/2016 00:00;16/03/2016 00:00;91;;;;;2,01501E+11;P;;;;SP/SÉ - MANUTENÇÃO DO EDIFÍCIO SÃO PAULO TÉRREO - SMPED;;22;Secretaria Municipal de Infra-Estrutura Urbana e Obras;10;Gabinete do Secretário;335134,63;0;90;0;0;335134,63;335134,63;0;314346,55;20788,08;0;0;314346,55;314346,55;20788,08;335134,63;0;314346,55;20788,08;0;0;314346,55;314346,55;20788,08;0;0;0;0;0;0;0;0;0;0;0;0;0;0;0;0;0;0;0;36.10.14.242.3012.2.803.33903900.00.0;16;Manutenção e Conservação de Bens Imóveis;17;Manutenção e Conservação de Bens Imóveis;39;Outros Serviços de Terceiros - Pessoa Jurídica;0
237300;14436;2016;22;Secretaria Municipal de Infra-Estrutura Urbana e Obras;10;Gabinete do Secretário;2;Termo de Contrato - Serviços;7;Art. 24 - Inciso I Lei Federal  8.666/93;6;Dispensa de Licitação;11/07/2016 00:00;04/08/2016 00:00;04/08/2016 00:00;0;0;25;14481,1;0;14412,72;0;A;9;umental;-1;-1;;;;;41;SEM REAJUSTE;;;;25/05/2016 00:00;26/05/2016 00:00;128;;;;DL;2,01502E+11;P;;;;Dispensa de licitação - Prestação de serviços técnico-profissionais de sondagem e parecer técnico de fundações para construção da UPA Sapopemba - SP/SB.;;22;Secretaria Municipal de Infra-Estrutura Urbana e Obras;10;Gabinete do Secretário;14481,1;0;25;0;0;14481,1;14481,1;0;14412,72;0;68,38;0;14412,72;14412,72;68,38;14481,1;0;14412,72;0;68,38;0;14412,72;14412,72;68,38;0;0;0;0;0;0;0;0;0;0;0;0;0;0;0;0;0;0;0;84.10.10.302.3003.3.369.44905100.02.0;89;Obras em Andamento - Uso Comum do Povo;1;Hospitais e similares;51;Obras e Instalações;68,38
237272;14411;2016;22;Secretaria Municipal de Infra-Estrutura Urbana e Obras;10;Gabinete do Secretário;2;Termo de Contrato - Serviços;7;Art. 24 - Inciso I Lei Federal  8.666/93;6;Dispensa de Licitação;11/07/2016 00:00;04/08/2016 00:00;04/08/2016 00:00;0;0;25;14553,36;0;14480;0;A;9;umental;-1;-1;;;;;41;SEM REAJUSTE;;;;25/05/2016 00:00;26/05/2016 00:00;128;;;;DL;2,01502E+11;P;;;;Dispensa de Licitação - Prestação de serviços técnico-profissionais de sondagem e parecer técnico de fundações para construção da UPA Alexandre Zaio - SP/PE;;22;Secretaria Municipal de Infra-Estrutura Urbana e Obras;10;Gabinete do Secretário;14553,36;0;25;0;0;14553,36;14553,36;0;14480;0;73,36;0;14480;14480;73,36;14553,36;0;14480;0;73,36;0;14480;14480;73,36;0;0;0;0;0;0;0;0;0;0;0;0;0;0;0;0;0;0;0;84.10.10.302.3003.3.369.44905100.02.0;89;Obras em Andamento - Uso Comum do Povo;1;Hospitais e similares;51;Obras e Instalações;73,36
236368;13607;2016;22;Secretaria Municipal de Infra-Estrutura Urbana e Obras;10;Gabinete do Secretário;2;Termo de Contrato - Serviços;1;Art. 22 - Inciso I Lei Federal  8.666/93;4;Concorrência;06/06/2016 00:00;03/09/2016 00:00;04/09/2016 00:00;0;0;90;43966,64;0;43966,64;0;E;9;umental;2014;9;22;Secretaria Municipal de Infra-Estrutura Urbana e Obras;;;41;SEM REAJUSTE;;;;13/05/2016 00:00;14/05/2016 00:00;83;;;;;6,0162E+15;S;;;;SP/FB - MANUTENÇÃO DO CEU PAZ - UNICEU;;22;Secretaria Municipal de Infra-Estrutura Urbana e Obras;10;Gabinete do Secretário;44395,08;0;90;0;0;44395,08;44395,08;0;43966,64;428,44;0;0;43966,64;43966,64;428,44;44395,08;0;43966,64;428,44;0;0;43966,64;43966,64;428,44;0;0;0;0;0;0;0;0;0;0;0;0;0;0;0;0;0;0;0;16.10.12.128.3010.2.802.33903900.00.0;16;Manutenção e Conservação de Bens Imóveis;16;Pequenas Reformas - Outros Imóveis;39;Outros Serviços de Terceiros - Pessoa Jurídica;0
236379;13618;2016;22;Secretaria Municipal de Infra-Estrutura Urbana e Obras;10;Gabinete do Secretário;2;Termo de Contrato - Serviços;1;Art. 22 - Inciso I Lei Federal  8.666/93;4;Concorrência;06/06/2016 00:00;03/09/2016 00:00;04/09/2016 00:00;0;0;90;42547,8;0;42547,8;0;E;9;umental;2014;4;22;Secretaria Municipal de Infra-Estrutura Urbana e Obras;;;41;SEM REAJUSTE;;;;13/05/2016 00:00;14/05/2016 00:00;83;;;;;6,0162E+15;S;;;;SP/CS - MANUTENÇÃO DO CEU VILA RUBI - UNICEU;;22;Secretaria Municipal de Infra-Estrutura Urbana e Obras;10;Gabinete do Secretário;42801,15;0;90;0;0;42801,15;42801,15;0;42547,8;253,35;0;0;42547,8;42547,8;253,35;42801,15;0;42547,8;253,35;0;0;42547,8;42547,8;253,35;0;0;0;0;0;0;0;0;0;0;0;0;0;0;0;0;0;0;0;16.10.12.128.3010.2.802.33903900.00.0;16;Manutenção e Conservação de Bens Imóveis;16;Pequenas Reformas - Outros Imóveis;39;Outros Serviços de Terceiros - Pessoa Jurídica;0
240667;17363;2016;22;Secretaria Municipal de Infra-Estrutura Urbana e Obras;10;Gabinete do Secretário;2;Termo de Contrato - Serviços;1;Art. 22 - Inciso I Lei Federal  8.666/93;4;Concorrência;07/07/2016 00:00;04/10/2016 00:00;04/10/2016 00:00;0;0;90;263979,35;0;263622,91;0;A;9;umental;2014;31;22;Secretaria Municipal de Infra-Estrutura Urbana e Obras;;;41;SEM REAJUSTE;;;;16/06/2016 00:00;18/06/2016 00:00;104;;;;;2,01501E+11;P;;;;SP/VP - MANUTENÇÃO DA INSPETORIA REGIONAL DA VILA PRUDENTE;;22;Secretaria Municipal de Infra-Estrutura Urbana e Obras;10;Gabinete do Secretário;263979,35;0;90;0;0;263979,35;263979,35;0;263622,91;0;356,44;0;263622,91;263622,91;356,44;263979,35;0;263622,91;0;356,44;0;263622,91;263622,91;356,44;0;0;0;0;0;0;0;0;0;0;0;0;0;0;0;0;0;0;0;38.10.06.181.3013.2.192.33903900.00.0;16;Manutenção e Conservação de Bens Imóveis;17;Manutenção e Conservação de Bens Imóveis;39;Outros Serviços de Terceiros - Pessoa Jurídica;356,44
246753;22658;2016;22;Secretaria Municipal de Infra-Estrutura Urbana e Obras;10;Gabinete do Secretário;2;Termo de Contrato - Serviços;1;Art. 22 - Inciso I Lei Federal  8.666/93;4;Concorrência;05/09/2016 00:00;04/12/2016 00:00;04/12/2016 00:00;0;0;90;0;0;0;0;E;9;umental;2014;27;22;Secretaria Municipal de Infra-Estrutura Urbana e Obras;;;41;SEM REAJUSTE;;;;22/08/2016 00:00;23/08/2016 00:00;87;;;;007/SIURB/14;6,0702E+15;S;;;;Execução de serviços gerais de manutenção previstos na ATA DE REGISTRO DE PREÇOS nº 027/SIURB/2014 - AGRUPAMENTO  027  -  Subprefeitura Sé - SP/SE,  com fornecimento de materiais de primeira linha e mão-de-obra especializada para execução de serviços gerais de manutenção preventiva, corretiva, reparações, adaptações e modificações, no (a) CENTRO DE REFERÊNCIA CENTRAL - GALERIA PRESTE MAIA, situado na Galeria Preste Maia, s/n ( Nivel Vale do anahangabaú - São Paulo/SP.;;22;Secretaria Municipal de Infra-Estrutura Urbana e Obras;10;Gabinete do Secretário;68247,15;0;90;0;0;68247,15;68247,15;0;0;68247,15;0;0;0;0;68247,15;68247,15;0;0;68247,15;0;0;0;0;68247,15;0;0;0;0;0;0;0;0;0;0;0;0;0;0;0;0;0;0;0;39.10.14.422.3018.8.415.33903900.00.0;16;Manutenção e Conservação de Bens Imóveis;17;Manutenção e Conservação de Bens Imóveis;39;Outros Serviços de Terceiros - Pessoa Jurídica;0
232993;10793;2016;22;Secretaria Municipal de Infra-Estrutura Urbana e Obras;10;Gabinete do Secretário;5;Nota de Empenho Fornecimento de Bens de Consumo e/ou Permanente;39;Não Aplicável;8;Não Aplicável;26/04/2016 00:00;05/05/2016 00:00;05/05/2016 00:00;0;0;10;471,7;0;471,7;0;A;9;umental;-1;-1;;;;;41;SEM REAJUSTE;;;;25/04/2016 00:00;26/04/2016 00:00;80;;;;;2,01501E+11;P;;;;3 (TRÊS) PEN DRIVES 8 GB E 10 (DEZ) PEN DRIVES 32 GB - INTERFACE USB 2.0;;22;Secretaria Municipal de Infra-Estrutura Urbana e Obras;10;Gabinete do Secretário;471,7;0;10;0;0;471,7;471,7;0;471,7;0;0;0;471,7;471,7;0;471,7;0;471,7;0;0;0;471,7;471,7;0;0;0;0;0;0;0;0;0;0;0;0;0;0;0;0;0;0;0;0;22.10.15.122.3024.2.100.33903000.00.0;17;Material de Processamento de Dados;99;Diversos Materiais para Uso na Área de Informática;30;Material de Consumo;0
233007;10807;2016;22;Secretaria Municipal de Infra-Estrutura Urbana e Obras;10;Gabinete do Secretário;5;Nota de Empenho Fornecimento de Bens de Consumo e/ou Permanente;39;Não Aplicável;8;Não Aplicável;26/04/2016 00:00;05/05/2016 00:00;05/05/2016 00:00;0;0;10;475;0;475;0;A;9;umental;-1;-1;;;;;41;SEM REAJUSTE;;;;25/04/2016 00:00;26/04/2016 00:00;80;;;;;2,01501E+11;P;;;;1 (UM) MINI GRAVADOR DIGITAL E 1 (UMA) BOLSA PARA CÂMERA FOTOGRÁFICA;;22;Secretaria Municipal de Infra-Estrutura Urbana e Obras;10;Gabinete do Secretário;475;0;10;0;0;475;475;0;475;0;0;0;475;475;0;475;0;475;0;0;0;475;475;0;0;0;0;0;0;0;0;0;0;0;0;0;0;0;0;0;0;0;0;22.10.15.122.3024.2.100.33903000.00.0;26;Material Elétrico e Eletrônico;99;Diversos Materiais Elétricos e Eletrônicos;30;Material de Consumo;0
241512;18101;2016;22;Secretaria Municipal de Infra-Estrutura Urbana e Obras;10;Gabinete do Secretário;2;Termo de Contrato - Serviços;19;Art. 24 Inciso XIII da lei Federal 8.666/93;6;Dispensa de Licitação;05/07/2016 00:00;04/07/2017 00:00;05/07/2017 00:00;0;0;365;8008500;476364,31;8008500;476364,31;E;9;umental;-1;-1;;;;;41;SEM REAJUSTE;;BRUNO CARA GIOVANETTI;26/04/2016 00:00;01/07/2016 00:00;02/07/2016 00:00;59;;;;;6,0222E+15;S;;;;Serviços Técnicos visando o Levantamento dos Custos Médios de 2.250 Insumos adotados nas Tabelas de SIURB e a Elaboração dos índices de Pavimentação de Tráfego Leve, Pavimentação de Vias Arteriais, Mão de Obra e Locação de  Veículos;;22;Secretaria Municipal de Infra-Estrutura Urbana e Obras;10;Gabinete do Secretário;1601700;0;365;6406800;476364,35;8484864,35;8484864,35;0;8484864,31;0,04;0;0;8484864,31;8484864,31;340198,73;8008500;0;8008500;0;0;0;8008500;8008500;327387,2;476364,35;0;476364,31;0,04;0;0;476364,31;476364,31;12811,53;0;0;0;0;0;0;0;0;1460;0;22.10.15.122.3024.2.100.33903900.00.0;5;Serviços Técnicos Profissionais;10;Supervisão, Acompanhamento e Suporte de Serviços Técnicos;39;Outros Serviços de Terceiros - Pessoa Jurídica;0
236376;13615;2016;22;Secretaria Municipal de Infra-Estrutura Urbana e Obras;10;Gabinete do Secretário;2;Termo de Contrato - Serviços;1;Art. 22 - Inciso I Lei Federal  8.666/93;4;Concorrência;06/06/2016 00:00;04/08/2016 00:00;05/08/2016 00:00;0;0;60;58037,88;0;58037,88;0;E;9;umental;2014;25;22;Secretaria Municipal de Infra-Estrutura Urbana e Obras;;;41;SEM REAJUSTE;;;;13/05/2016 00:00;14/05/2016 00:00;83;;;;;6,0162E+15;S;;;;SP/SM - MANUTENÇÃO DO CEU ALTO ALEGRE - UNICEU;;22;Secretaria Municipal de Infra-Estrutura Urbana e Obras;10;Gabinete do Secretário;58105,78;0;60;0;0;58105,78;58105,78;0;58037,88;67,9;0;0;58037,88;58037,88;67,9;58105,78;0;58037,88;67,9;0;0;58037,88;58037,88;67,9;0;0;0;0;0;0;0;0;0;0;0;0;0;0;0;0;0;0;0;16.10.12.128.3010.2.802.33903900.00.0;16;Manutenção e Conservação de Bens Imóveis;16;Pequenas Reformas - Outros Imóveis;39;Outros Serviços de Terceiros - Pessoa Jurídica;0
237881;14959;2016;22;Secretaria Municipal de Infra-Estrutura Urbana e Obras;10;Gabinete do Secretário;2;Termo de Contrato - Serviços;1;Art. 22 - Inciso I Lei Federal  8.666/93;4;Concorrência;07/06/2016 00:00;04/09/2016 00:00;05/09/2016 00:00;0;0;90;199854,7;0;199854,7;0;E;9;umental;2014;29;22;Secretaria Municipal de Infra-Estrutura Urbana e Obras;;;41;SEM REAJUSTE;;;;02/06/2016 00:00;03/06/2016 00:00;97;;;;;6,0232E+15;S;;;;SP/MG - MANUTENÇÃO DO POSTO DE BOMBEIROS PARQUE NOVO MUNDO;;22;Secretaria Municipal de Infra-Estrutura Urbana e Obras;10;Gabinete do Secretário;199999,93;0;90;0;0;199999,93;199999,93;0;199854,7;145,23;0;0;199854,7;199854,7;145,23;199999,93;0;199854,7;145,23;0;0;199854,7;199854,7;145,23;0;0;0;0;0;0;0;0;0;0;0;0;0;0;0;0;0;0;0;28.23.06.182.3011.1.340.44903900.00.0;99;Outros Serviços de Terceiros - Pessoa Jurídica;99;Outros Serviços de Terceiros - Pessoa Jurídica;39;Outros Serviços de Terceiros - Pessoa Jurídica;0
235096;12488;2016;22;Secretaria Municipal de Infra-Estrutura Urbana e Obras;10;Gabinete do Secretário;5;Nota de Empenho Fornecimento de Bens de Consumo e/ou Permanente;39;Não Aplicável;8;Não Aplicável;09/05/2016 00:00;06/08/2016 00:00;05/09/2016 00:00;0;0;90;5373068,02;0;3951793,82;0;S;9;umental;-1;-1;;;;;2;ESTRUTURA GERAL;;;;09/05/2016 00:00;11/05/2016 00:00;61;;;;;6,0222E+15;S;;;;Ata de RP nº 25/SMSP/COGEL/2014 - Execução de serviços de melhorias na malha viária no acesso ao Hospital de Parelheiros, na Rua Eusebio Coghi, Ramo 100, Ramo 200 e Rua Cacoal.;;22;Secretaria Municipal de Infra-Estrutura Urbana e Obras;10;Gabinete do Secretário;4800000;0;90;573068,02;0;5373068,02;5373068,02;0;3951793,82;0;1421274,2;0;3951793,82;3951793,82;2632418,99;5373068,02;0;3951793,82;0;1421274,2;0;3951793,82;3951793,82;2632418,99;0;0;0;0;0;0;0;0;0;0;0;22,15;0;0;0;0;0;30;0;22.10.15.451.3009.5.100.44905100.00.0;89;Obras em Andamento - Uso Comum do Povo;19;Sistemas Viários;51;Obras e Instalações;1421274,2
243714;20043;2016;22;Secretaria Municipal de Infra-Estrutura Urbana e Obras;10;Gabinete do Secretário;2;Termo de Contrato - Serviços;1;Art. 22 - Inciso I Lei Federal  8.666/93;4;Concorrência;08/08/2016 00:00;05/11/2016 00:00;05/11/2016 00:00;0;0;90;29987,38;0;28974,21;0;E;9;umental;2014;20;22;Secretaria Municipal de Infra-Estrutura Urbana e Obras;;;41;SEM REAJUSTE;;;;19/07/2016 00:00;21/07/2016 00:00;86;;;;007/SIURB/2014;6,0182E+15;S;;;;Execução de serviços gerais de manutenção previstos na ATA DE REGISTRO DE PREÇOS nº 020/SIURB/14 - AGRUPAMENTO  020  -  Subprefeitura Perus - SP/PR,  com fornecimento de materiais de primeira linha e mão-de-obra especializada para execução de serviços gerais de manutenção preventiva, corretiva, reparações, adaptações e modificações, no (a) NIR / AMBULATÓRIO DE ESPECIALIDADES PERUS, situado, na Rua Julio de Oliveira, 80 - Vila Flamengo - São Paulo/SP.;;22;Secretaria Municipal de Infra-Estrutura Urbana e Obras;10;Gabinete do Secretário;29987,38;0;90;0;0;29987,38;29987,38;0;28974,21;1013,17;0;0;28974,21;28974,21;1013,17;29987,38;0;28974,21;1013,17;0;0;28974,21;28974,21;1013,17;0;0;0;0;0;0;0;0;0;0;0;0;0;0;0;0;0;0;0;84.10.10.302.3003.3.101.44905100.00.0;99;Outras Obras e Instalações;99;Outras Obras e Instalações;51;Obras e Instalações;0
244036;20310;2016;22;Secretaria Municipal de Infra-Estrutura Urbana e Obras;10;Gabinete do Secretário;2;Termo de Contrato - Serviços;1;Art. 22 - Inciso I Lei Federal  8.666/93;4;Concorrência;08/08/2016 00:00;05/11/2016 00:00;05/11/2016 00:00;0;0;90;36190,48;0;35387,23;0;E;9;umental;2014;20;22;Secretaria Municipal de Infra-Estrutura Urbana e Obras;;;41;SEM REAJUSTE;;;;25/07/2016 00:00;26/07/2016 00:00;70;;;;;6,0182E+15;S;;;;SMS/SIURB/EDIF - EXECUÇÃO DE OBRA - AE PERUS - SP/PR;;22;Secretaria Municipal de Infra-Estrutura Urbana e Obras;10;Gabinete do Secretário;36190,48;0;90;0;0;36190,48;36190,48;0;35387,23;803,25;0;0;35387,23;35387,23;803,25;36190,48;0;35387,23;803,25;0;0;35387,23;35387,23;803,25;0;0;0;0;0;0;0;0;0;0;0;0;0;0;0;0;0;0;0;84.10.10.302.3003.3.101.44905100.00.0;99;Outras Obras e Instalações;99;Outras Obras e Instalações;51;Obras e Instalações;0
248544;24276;2016;22;Secretaria Municipal de Infra-Estrutura Urbana e Obras;10;Gabinete do Secretário;2;Termo de Contrato - Serviços;2;Art. 22 - Inciso II Lei Federal  8.666/93;3;Tomada de Preços;10/10/2016 00:00;07/01/2017 00:00;06/02/2017 00:00;0;0;90;187440;12000;187431,57;1568,79;A;9;umental;-1;-1;;;;;41;SEM REAJUSTE;;;;12/09/2016 00:00;13/09/2016 00:00;68;;;;002/2016/SIURB;2,01403E+11;P;;;;Prestação  de  serviços técnicos profissionais  para elaboração do projeto executivo completo para construção da UPA Santo  Amaro - SP/SA;;22;Secretaria Municipal de Infra-Estrutura Urbana e Obras;10;Gabinete do Secretário;187440;0;90;0;12000;199440;199440;0;189000,36;0;10439,64;0;189000,36;189000,36;77696,96;187440;0;187431,57;0;8,43;0;187431,57;187431,57;74779,49;12000;0;1568,79;0;10431,21;0;1568,79;1568,79;2917,47;0;0;0;0;0;0;0;0;30;0;84.10.10.302.3003.3.369.44905100.02.0;89;Obras em Andamento - Uso Comum do Povo;1;Hospitais e similares;51;Obras e Instalações;10439,64
244034;20308;2016;22;Secretaria Municipal de Infra-Estrutura Urbana e Obras;10;Gabinete do Secretário;2;Termo de Contrato - Serviços;1;Art. 22 - Inciso I Lei Federal  8.666/93;4;Concorrência;08/08/2016 00:00;05/11/2016 00:00;06/11/2016 00:00;0;0;90;118313,59;0;118313,59;0;E;9;umental;2014;22;22;Secretaria Municipal de Infra-Estrutura Urbana e Obras;;;41;SEM REAJUSTE;;;;25/07/2016 00:00;26/07/2016 00:00;70;;;;;6,0182E+15;S;;;;SMS/SIURB/EDIF - EXECUÇÃO DE OBRA - UBS MOINHO VELHO - SP/PJ;;22;Secretaria Municipal de Infra-Estrutura Urbana e Obras;10;Gabinete do Secretário;118314,07;0;90;0;0;118314,07;118314,07;0;118313,59;0,48;0;0;118313,59;118313,59;0,48;118314,07;0;118313,59;0,48;0;0;118313,59;118313,59;0,48;0;0;0;0;0;0;0;0;0;0;0;0;0;0;0;0;0;0;0;84.10.10.302.3003.3.101.44905100.00.0;99;Outras Obras e Instalações;99;Outras Obras e Instalações;51;Obras e Instalações;0
244677;20905;2016;22;Secretaria Municipal de Infra-Estrutura Urbana e Obras;10;Gabinete do Secretário;2;Termo de Contrato - Serviços;1;Art. 22 - Inciso I Lei Federal  8.666/93;4;Concorrência;08/08/2016 00:00;05/11/2016 00:00;06/11/2016 00:00;0;0;90;128797,65;0;128797,65;0;E;9;umental;2014;5;22;Secretaria Municipal de Infra-Estrutura Urbana e Obras;;;41;SEM REAJUSTE;;;;26/07/2016 00:00;29/07/2016 00:00;103;;;;007/SIURB/2014;6,0182E+15;S;;;;Execução de serviços gerais de manutenção previstos na ATA DE REGISTRO DE PREÇOS nº 005/SIURB/2014 - AGRUPAMENTO  005  -  Subprefeitura Casa Verde/ Cachoeirinha - SP/CV,  com fornecimento de materiais de primeira linha e mão-de-obra especializada para execução de serviços gerais de manutenção preventiva, corretiva, reparações, adaptações e modificações, no (a) HMME DR. MARIO DE MORAES ALTENFELDER DA SILVA.;;22;Secretaria Municipal de Infra-Estrutura Urbana e Obras;10;Gabinete do Secretário;128994,63;0;90;0;0;128994,63;128994,63;0;128797,65;196,98;0;0;128797,65;128797,65;196,98;128994,63;0;128797,65;196,98;0;0;128797,65;128797,65;196,98;0;0;0;0;0;0;0;0;0;0;0;0;0;0;0;0;0;0;0;84.10.10.302.3003.3.101.44905100.00.0;99;Outras Obras e Instalações;99;Outras Obras e Instalações;51;Obras e Instalações;0
252075;27306;2016;98;Fundo de Desenvolvimento Urbano;22;FUNDURB - Secretaria Municipal de Infra-Estrutura Urbana e Obras;2;Termo de Contrato - Serviços;8;Art. 24 Inciso II da lei Federal 8.666/93;6;Dispensa de Licitação;10/06/2016 00:00;06/12/2016 00:00;06/12/2016 00:00;0;0;180;8579946,18;0;8579946,18;0;E;9;umental;-1;-1;;;;;41;SEM REAJUSTE;;;;26/10/2016 00:00;27/10/2016 00:00;107;;;;;2,01601E+11;P;;;;Obra de Emergência - Formalização do Contrato - Recuperação de Pontilhão contenção de margem na Av. Professor Abraão de Morais com a Rua Dom Bernado Nogueira.;;98;Fundo de Desenvolvimento Urbano;22;FUNDURB - Secretaria Municipal de Infra-Estrutura Urbana e Obras;8579946,18;0;180;0;0;8579946,18;8579946,18;0;8579946,18;0;0;0;8579946,18;8579946,18;0;8579946,18;0;8579946,18;0;0;0;8579946,18;8579946,18;0;0;0;0;0;0;0;0;0;0;0;0;0;0;0;0;0;0;0;0;98.22.26.453.3009.3.378.44905100.08.0;89;Obras em Andamento - Uso Comum do Povo;19;Sistemas Viários;51;Obras e Instalações;0
250063;25573;2016;22;Secretaria Municipal de Infra-Estrutura Urbana e Obras;10;Gabinete do Secretário;2;Termo de Contrato - Serviços;1;Art. 22 - Inciso I Lei Federal  8.666/93;4;Concorrência;10/10/2016 00:00;07/01/2017 00:00;07/01/2017 00:00;0;0;90;513645,39;0;450373,71;0;A;9;umental;-1;-1;;;;;41;SEM REAJUSTE;;;;26/09/2016 00:00;28/09/2016 00:00;70;;;;007/SIURB/2014;2,01502E+11;P;;;;Execução de serviços de manutenção gerais de manutenção previstos na ATA de RP nº 027/SIURB/2014 - Agrupamento 027 - Edifício São Joaquim SMDHC.;;22;Secretaria Municipal de Infra-Estrutura Urbana e Obras;10;Gabinete do Secretário;513645,39;0;90;0;0;513645,39;513645,39;0;450373,71;0;63271,68;0;450373,71;450373,71;63271,68;513645,39;0;450373,71;0;63271,68;0;450373,71;450373,71;63271,68;0;0;0;0;0;0;0;0;0;0;0;0;0;0;0;0;0;0;0;34.10.14.122.3024.2.100.33903900.00.0;16;Manutenção e Conservação de Bens Imóveis;17;Manutenção e Conservação de Bens Imóveis;39;Outros Serviços de Terceiros - Pessoa Jurídica;63271,68
241942;18462;2016;98;Fundo de Desenvolvimento Urbano;22;FUNDURB - Secretaria Municipal de Infra-Estrutura Urbana e Obras;2;Termo de Contrato - Serviços;1;Art. 22 - Inciso I Lei Federal  8.666/93;4;Concorrência;22/07/2016 00:00;06/07/2019 00:00;07/07/2019 00:00;0;0;1080;0;0;0;0;E;9;umental;-1;-1;;;;;2;ESTRUTURA GERAL;;;;06/07/2016 00:00;07/07/2016 00:00;86;;;;;2,01501E+11;P;;;;RDC Presencial nº 006/15/SIURB - Elaboração de projeto, contemplando todos os documentos complementares, para o controle de cheias do Córrego Freitas, conforme detalhado no PorjeTO Básico que integra o edital e execução das obras.;;98;Fundo de Desenvolvimento Urbano;22;FUNDURB - Secretaria Municipal de Infra-Estrutura Urbana e Obras;112050840,1;0;1080;0;0;112050840,1;112050840,1;0;0;112050840,1;0;0;0;0;4159709,46;112050840,1;0;0;112050840,1;0;0;0;0;4159709,46;0;0;0;0;0;0;0;0;0;0;0;0;0;0;0;0;0;0;0;98.22.17.451.3008.5.013.44905100.08.0;89;Obras em Andamento - Uso Comum do Povo;22;Canalização de Córregos;51;Obras e Instalações;0
241922;18447;2016;86;Fundo Municipal de Saneamento Ambiental e Infraestrutura;22;FMSAI - Secretaria Municipal de Infraestrutura Urbana e Obras;2;Termo de Contrato - Serviços;1;Art. 22 - Inciso I Lei Federal  8.666/93;4;Concorrência;23/07/2016 00:00;07/07/2019 00:00;07/07/2019 00:00;0;0;1080;185857752,7;0;0;0;A;9;umental;-1;-1;;;;;2;ESTRUTURA GERAL;;;;06/07/2016 00:00;07/07/2016 00:00;86;;;;;2,01502E+11;P;;;;Concorrência nº 005/15/SIURB - Execução de obras para controle de inundações de Bacia Hidrográfica do Ribeirão Perus, com implantaçao de 5 reservatórios e readequação do canal de drenagem, localizado na Bacia do Ribeirão Perus, na Zona Norte no Município de São Paulo.;;86;Fundo Municipal de Saneamento Ambiental e Infraestrutura;22;FMSAI - Secretaria Municipal de Infraestrutura Urbana e Obras;185857752,7;0;1080;0;0;185857752,7;185857752,7;0;0;0;185857752,7;0;0;0;4000000;185857752,7;0;0;0;185857752,7;0;0;0;4000000;0;0;0;0;0;0;0;0;0;0;0;0;0;0;0;0;0;0;0;86.22.17.451.3008.5.013.44905100.03.0;89;Obras em Andamento - Uso Comum do Povo;22;Canalização de Córregos;51;Obras e Instalações;185857752,7
231455;9357;2016;22;Secretaria Municipal de Infra-Estrutura Urbana e Obras;10;Gabinete do Secretário;2;Termo de Contrato - Serviços;1;Art. 22 - Inciso I Lei Federal  8.666/93;4;Concorrência;09/05/2016 00:00;06/08/2016 00:00;07/08/2016 00:00;0;0;90;68090,6;0;68090,6;0;E;9;umental;2014;1;22;Secretaria Municipal de Infra-Estrutura Urbana e Obras;;;41;SEM REAJUSTE;;;;13/04/2016 00:00;14/04/2016 00:00;233;;;;;6,0162E+15;S;;;;SP/CT - MANUTENÇÃO DO CEU INÁCIO MONTEIRO - UNICEU;;22;Secretaria Municipal de Infra-Estrutura Urbana e Obras;10;Gabinete do Secretário;68197,88;0;90;0;0;68197,88;68197,88;0;68090,6;107,28;0;0;68090,6;68090,6;107,28;68197,88;0;68090,6;107,28;0;0;68090,6;68090,6;107,28;0;0;0;0;0;0;0;0;0;0;0;0;0;0;0;0;0;0;0;16.10.12.128.3010.2.802.33903900.00.0;16;Manutenção e Conservação de Bens Imóveis;16;Pequenas Reformas - Outros Imóveis;39;Outros Serviços de Terceiros - Pessoa Jurídica;0
244032;20306;2016;22;Secretaria Municipal de Infra-Estrutura Urbana e Obras;10;Gabinete do Secretário;2;Termo de Contrato - Serviços;1;Art. 22 - Inciso I Lei Federal  8.666/93;4;Concorrência;09/08/2016 00:00;06/11/2016 00:00;07/11/2016 00:00;0;0;90;27472,64;0;27472,64;0;E;9;umental;2014;24;22;Secretaria Municipal de Infra-Estrutura Urbana e Obras;;;41;SEM REAJUSTE;;;;25/07/2016 00:00;26/07/2016 00:00;70;;;;9082016;6,0182E+15;S;;;;SMS/SIURB/EDIF - EXECUÇÃO DE OBRA - LABORATÓRIO DE SANTO AMARO - SP/SA;;22;Secretaria Municipal de Infra-Estrutura Urbana e Obras;10;Gabinete do Secretário;183043,4;0;90;0;0;183043,4;183043,4;0;27472,64;155570,76;0;0;27472,64;27472,64;155570,76;183043,4;0;27472,64;155570,76;0;0;27472,64;27472,64;155570,76;0;0;0;0;0;0;0;0;0;0;0;0;0;0;0;0;0;0;0;84.10.10.302.3003.3.101.44905100.00.0;99;Outras Obras e Instalações;99;Outras Obras e Instalações;51;Obras e Instalações;0
229082;7392;2016;98;Fundo de Desenvolvimento Urbano;22;FUNDURB - Secretaria Municipal de Infra-Estrutura Urbana e Obras;2;Termo de Contrato - Serviços;1;Art. 22 - Inciso I Lei Federal  8.666/93;4;Concorrência;23/12/2015 00:00;06/12/2018 00:00;07/12/2018 00:00;0;0;1080;409157,29;0;0;0;E;9;umental;-1;-1;;;;;2;ESTRUTURA GERAL;;;;17/12/2015 00:00;18/12/2015 00:00;104;;;;;2,01502E+11;P;;;;Execução de projeto executivo e de bras de prolongamento da Av. Carlos Caldeira Filho, da Estrada de Itapeceica até a estrada M'boi Mirim,passagem inferior para ligação com a estrada M'boi Mirim, elaboração de Corredor de ônibus na Av. Carlos Caldeira Filho, dois viadutos sobre o futuro reservatório, reservatório de amortecimento de cheias, canalização do Córrego Água do Brancos (Capãp Redondo) e Sistema de Microdrenagem.;;98;Fundo de Desenvolvimento Urbano;22;FUNDURB - Secretaria Municipal de Infra-Estrutura Urbana e Obras;179324091,2;0;1080;0;0;179324091,2;179324091,2;0;0;178914933,9;409157,29;0;0;0;2911241,33;179324091,2;0;0;178914933,9;409157,29;0;0;0;2911241,33;0;0;0;0;0;0;0;0;0;0;0;0;0;0;0;0;0;0;0;98.22.26.453.3009.3.378.44905100.08.0;89;Obras em Andamento - Uso Comum do Povo;17;Corredores de Ônibus;51;Obras e Instalações;409157,29
255905;30558;2016;22;Secretaria Municipal de Infra-Estrutura Urbana e Obras;10;Gabinete do Secretário;2;Termo de Contrato - Serviços;7;Art. 24 - Inciso I Lei Federal  8.666/93;6;Dispensa de Licitação;09/12/2016 00:00;08/01/2017 00:00;08/01/2017 00:00;0;0;30;0;0;0;0;E;9;umental;-1;-1;;;;;41;SEM REAJUSTE;;;;09/12/2016 00:00;09/12/2016 00:00;;;;;DL;6,0222E+15;S;;;;Autorização da contratação do serviço de ligação de energia elétrica da UBS Brasilândia,  localizada na Av. Interativa, 105 x Defin - Vila Brasilândia.;;22;Secretaria Municipal de Infra-Estrutura Urbana e Obras;10;Gabinete do Secretário;8400,45;0;30;0;0;8400,45;8400,45;0;0;8400,45;0;0;0;0;8400,45;8400,45;0;0;8400,45;0;0;0;0;8400,45;0;0;0;0;0;0;0;0;0;0;0;0;0;0;0;0;0;0;0;84.10.10.301.3003.3.367.44905100.02.0;89;Obras em Andamento - Uso Comum do Povo;2;Escolas e similares;51;Obras e Instalações;0
255532;30260;2016;22;Secretaria Municipal de Infra-Estrutura Urbana e Obras;10;Gabinete do Secretário;2;Termo de Contrato - Serviços;19;Art. 24 Inciso XIII da lei Federal 8.666/93;6;Dispensa de Licitação;21/12/2016 00:00;08/06/2019 00:00;08/06/2019 00:00;0;0;900;29750436,14;851822,18;27271721,84;722539,83;A;9;umental;-1;-1;;;;;26;CONSULTORIA;;;;08/12/2016 00:00;09/12/2016 00:00;;;;;;2,01601E+11;P;;;;Prestação de Serviços de Assessoria Técnica sob a forma de Consultoria, Assistência Técnica, Apoio Tecnológico e Pesquisa na área de Hidráulica, Hidrologia e outro serviços.;;22;Secretaria Municipal de Infra-Estrutura Urbana e Obras;10;Gabinete do Secretário;29750436,14;0;900;0;851822,18;30602258,32;30602258,32;0;27994261,67;0;2607996,65;0;27994261,67;27994261,67;22034694,52;29750436,14;0;27271721,84;0;2478714,3;0;27271721,84;27271721,84;21935541,62;851822,18;0;722539,83;0;129282,35;0;722539,83;722539,83;99152,9;0;0;0;0;0;0;0;0;0;0;22.10.17.545.3008.4.901.33903900.00.0;5;Serviços Técnicos Profissionais;1;Gerenciamento;39;Outros Serviços de Terceiros - Pessoa Jurídica;2607996,65
238457;15446;2016;22;Secretaria Municipal de Infra-Estrutura Urbana e Obras;10;Gabinete do Secretário;2;Termo de Contrato - Serviços;7;Art. 24 - Inciso I Lei Federal  8.666/93;6;Dispensa de Licitação;10/06/2016 00:00;08/08/2016 00:00;08/08/2016 00:00;0;0;60;14932,88;0;0;0;N;9;umental;-1;-1;;;;;41;SEM REAJUSTE;;;;07/06/2016 00:00;10/06/2016 00:00;61;;;;DL;2,01503E+11;P;;;;Dispensa de Licitação - Prestação de serviços técnico-profissionais para consultoria em estrutura metálica para construção do teatro no CEU Parelheiros - SP/PA;;22;Secretaria Municipal de Infra-Estrutura Urbana e Obras;10;Gabinete do Secretário;14932,88;0;60;0;0;14932,88;14932,88;0;0;14932,88;0;0;0;0;14932,88;14932,88;0;0;14932,88;0;0;0;0;14932,88;0;0;0;0;0;0;0;0;0;0;0;0;0;0;0;0;0;0;0;16.10.12.122.3010.3.360.44905100.00.0;89;Obras em Andamento - Uso Comum do Povo;2;Escolas e similares;51;Obras e Instalações;0
232892;10698;2016;22;Secretaria Municipal de Infra-Estrutura Urbana e Obras;10;Gabinete do Secretário;2;Termo de Contrato - Serviços;1;Art. 22 - Inciso I Lei Federal  8.666/93;4;Concorrência;10/05/2016 00:00;07/08/2016 00:00;08/08/2016 00:00;0;0;90;59099,69;0;59099,69;0;E;9;umental;2014;3;22;Secretaria Municipal de Infra-Estrutura Urbana e Obras;;;41;SEM REAJUSTE;;;;19/04/2016 00:00;20/04/2016 00:00;158;;;;;6,0162E+15;S;;;;SP/CL - AMNUTENÇÃO DO CEU CANTOS DO AMANHECER - INSTALAÇÃO DE SALAS PARA UNICEU;;22;Secretaria Municipal de Infra-Estrutura Urbana e Obras;10;Gabinete do Secretário;59848,7;0;90;0;0;59848,7;59848,7;0;59099,69;749,01;0;0;59099,69;59099,69;749,01;59848,7;0;59099,69;749,01;0;0;59099,69;59099,69;749,01;0;0;0;0;0;0;0;0;0;0;0;0;0;0;0;0;0;0;0;16.10.12.128.3010.2.802.33903900.00.0;16;Manutenção e Conservação de Bens Imóveis;16;Pequenas Reformas - Outros Imóveis;39;Outros Serviços de Terceiros - Pessoa Jurídica;0
237140;14286;2016;22;Secretaria Municipal de Infra-Estrutura Urbana e Obras;10;Gabinete do Secretário;2;Termo de Contrato - Serviços;1;Art. 22 - Inciso I Lei Federal  8.666/93;4;Concorrência;10/06/2016 00:00;07/09/2016 00:00;08/09/2016 00:00;0;0;90;49639,6;0;49639,6;0;E;9;umental;2014;10;22;Secretaria Municipal de Infra-Estrutura Urbana e Obras;;;41;SEM REAJUSTE;;;;18/05/2016 00:00;25/05/2016 00:00;113;;;;;6,0162E+15;S;;;;MANUTENÇÃO DO CEU LAGEADO - UNICEU;;22;Secretaria Municipal de Infra-Estrutura Urbana e Obras;10;Gabinete do Secretário;89048,55;0;90;0;0;89048,55;89048,55;0;49639,6;39408,95;0;0;49639,6;49639,6;39408,95;89048,55;0;49639,6;39408,95;0;0;49639,6;49639,6;39408,95;0;0;0;0;0;0;0;0;0;0;0;0;0;0;0;0;0;0;0;16.10.12.128.3010.2.802.33903900.00.0;16;Manutenção e Conservação de Bens Imóveis;16;Pequenas Reformas - Outros Imóveis;39;Outros Serviços de Terceiros - Pessoa Jurídica;0
248433;24181;2016;22;Secretaria Municipal de Infra-Estrutura Urbana e Obras;10;Gabinete do Secretário;5;Nota de Empenho Fornecimento de Bens de Consumo e/ou Permanente;39;Não Aplicável;8;Não Aplicável;09/09/2016 00:00;08/10/2016 00:00;08/10/2016 00:00;0;0;30;972;0;972;0;E;9;umental;-1;-1;;;;;41;SEM REAJUSTE;;;19/08/2016 00:00;09/09/2016 00:00;10/09/2016 00:00;57;;;;;6,0222E+15;S;;;;03(três) Cartuchos de tinta HP ciano 130ml;;22;Secretaria Municipal de Infra-Estrutura Urbana e Obras;10;Gabinete do Secretário;972;0;30;0;0;972;972;0;972;0;0;0;972;972;0;972;0;972;0;0;0;972;972;0;0;0;0;0;0;0;0;0;0;0;0;0;0;0;0;0;0;0;0;22.10.15.122.3024.2.100.33903000.00.0;16;Material de Expediente;1;Materiais para Impressão e Encadernação;30;Material de Consumo;0
248410;24163;2016;22;Secretaria Municipal de Infra-Estrutura Urbana e Obras;10;Gabinete do Secretário;5;Nota de Empenho Fornecimento de Bens de Consumo e/ou Permanente;39;Não Aplicável;8;Não Aplicável;09/09/2016 00:00;08/10/2016 00:00;08/10/2016 00:00;0;0;30;800;0;800;0;E;9;umental;-1;-1;;;;;41;SEM REAJUSTE;;;18/08/2016 00:00;09/09/2016 00:00;10/09/2016 00:00;57;;;;;6,0222E+15;S;;;;02 (Duas) peças Cabeça Impressão Plotter HP 72 C9384A Preto/Amarelo - Marca HP;;22;Secretaria Municipal de Infra-Estrutura Urbana e Obras;10;Gabinete do Secretário;800;0;30;0;0;800;800;0;800;0;0;0;800;800;0;800;0;800;0;0;0;800;800;0;0;0;0;0;0;0;0;0;0;0;0;0;0;0;0;0;0;0;0;22.10.15.122.3024.2.100.33903000.00.0;16;Material de Expediente;1;Materiais para Impressão e Encadernação;30;Material de Consumo;0
240465;17183;2016;22;Secretaria Municipal de Infra-Estrutura Urbana e Obras;10;Gabinete do Secretário;2;Termo de Contrato - Serviços;1;Art. 22 - Inciso I Lei Federal  8.666/93;4;Concorrência;11/07/2016 00:00;08/10/2016 00:00;08/10/2016 00:00;0;0;90;360400;0;356867,16;0;E;9;umental;2014;23;22;Secretaria Municipal de Infra-Estrutura Urbana e Obras;;;41;SEM REAJUSTE;;;;27/06/2016 00:00;28/06/2016 00:00;94;;;;;6,0232E+15;S;;;;SP/ST - MANUTENÇÃO DO POSTO CE BOMBEIROS DE TUCURUVI;;22;Secretaria Municipal de Infra-Estrutura Urbana e Obras;10;Gabinete do Secretário;360400;0;90;0;0;360400;360400;0;356867,16;3532,84;0;0;356867,16;356867,16;3532,84;360400;0;356867,16;3532,84;0;0;356867,16;356867,16;3532,84;0;0;0;0;0;0;0;0;0;0;0;0;0;0;0;0;0;0;0;28.23.06.182.3011.5.601.44903900.00.0;99;Outros Serviços de Terceiros - Pessoa Jurídica;99;Outros Serviços de Terceiros - Pessoa Jurídica;39;Outros Serviços de Terceiros - Pessoa Jurídica;0
247183;23044;2016;22;Secretaria Municipal de Infra-Estrutura Urbana e Obras;10;Gabinete do Secretário;2;Termo de Contrato - Serviços;1;Art. 22 - Inciso I Lei Federal  8.666/93;4;Concorrência;09/09/2016 00:00;07/12/2016 00:00;08/12/2016 00:00;0;0;90;192194,53;0;192194,53;0;E;9;umental;2014;16;22;Secretaria Municipal de Infra-Estrutura Urbana e Obras;;;41;SEM REAJUSTE;;;;26/08/2016 00:00;27/08/2016 00:00;92;;;;007/SIURB/2014;6,0182E+15;S;;;;Execução de serviços gerais de manutenção previstos na ATA DE REGISTRO DE PREÇOS nº 016/SIURB/2014 - AGRUPAMENTO  016  -  Subprefeitura M'Boi Mirim - SP/MB,  com fornecimento de materiais de primeira linha e mão-de-obra especializada para execução de serviços gerais de manutenção preventiva, corretiva, reparações, adaptações e modificações, no (a) UNIDADE BÁSICA DE SAÚDE JARDIM SANTA MARGARIDA, situado na Rua Capão Redondo, 175 - Parque Santo Amaro - São Paulo/SP.;;22;Secretaria Municipal de Infra-Estrutura Urbana e Obras;10;Gabinete do Secretário;192294,11;0;90;0;0;192294,11;192294,11;0;192194,53;99,58;0;0;192194,53;192194,53;99,58;192294,11;0;192194,53;99,58;0;0;192194,53;192194,53;99,58;0;0;0;0;0;0;0;0;0;0;0;0;0;0;0;0;0;0;0;84.10.10.302.3003.3.101.44905100.00.0;89;Obras em Andamento - Uso Comum do Povo;1;Hospitais e similares;51;Obras e Instalações;0
232749;10571;2016;22;Secretaria Municipal de Infra-Estrutura Urbana e Obras;10;Gabinete do Secretário;5;Nota de Empenho Fornecimento de Bens de Consumo e/ou Permanente;39;Não Aplicável;8;Não Aplicável;25/04/2016 00:00;09/05/2016 00:00;09/05/2016 00:00;0;0;15;516,8;0;516,8;0;E;9;umental;-1;-1;;;;;41;SEM REAJUSTE;;;;18/04/2016 00:00;20/04/2016 00:00;132;;;;;6,0222E+15;S;;;;Fornecimento de 240 (duzentos e quarenta) esponjas de espuma dupla face e 200 (duzentos) sacos de algodão branco, destinado ao uso de diversas unidades desta Secretaria;;22;Secretaria Municipal de Infra-Estrutura Urbana e Obras;10;Gabinete do Secretário;516,8;0;15;0;0;516,8;516,8;0;516,8;0;0;0;516,8;516,8;0;516,8;0;516,8;0;0;0;516,8;516,8;0;0;0;0;0;0;0;0;0;0;0;0;0;0;0;0;0;0;0;0;22.10.15.122.3024.2.100.33903000.00.0;22;Material de Limpeza e Produção de Higienização;99;Diversos Materiais de Limpeza e Higienização;30;Material de Consumo;0
235484;12847;2016;22;Secretaria Municipal de Infra-Estrutura Urbana e Obras;10;Gabinete do Secretário;5;Nota de Empenho Fornecimento de Bens de Consumo e/ou Permanente;39;Não Aplicável;8;Não Aplicável;11/05/2016 00:00;09/06/2016 00:00;09/06/2016 00:00;0;0;30;38772,14;0;0;0;N;1;;-1;-1;;;;;41;SEM REAJUSTE;;;;11/05/2016 00:00;13/05/2016 00:00;87;;;;;2,01103E+11;P;;;;Implantação de Núcleo Habitacional destinado à população de baixa renda - Int. Gabriel da Silva;;22;Secretaria Municipal de Infra-Estrutura Urbana e Obras;10;Gabinete do Secretário;38772,14;0;30;0;0;38772,14;38772,14;0;0;38772,14;0;0;0;0;38772,14;38772,14;0;0;38772,14;0;0;0;0;38772,14;0;0;0;0;0;0;0;0;0;0;0;0;0;0;0;0;0;0;0;37.30.16.451.3002.3.357.44906100.08.0;99;Outras Aquisições de Bens Imóveis;1;Desapropriações;61;Aquisição de Imóveis;0
238063;15110;2016;22;Secretaria Municipal de Infra-Estrutura Urbana e Obras;10;Gabinete do Secretário;5;Nota de Empenho Fornecimento de Bens de Consumo e/ou Permanente;39;Não Aplicável;8;Não Aplicável;11/05/2016 00:00;09/06/2016 00:00;09/06/2016 00:00;0;0;30;39710,44;0;39710,44;0;A;1;;-1;-1;;;;;41;SEM REAJUSTE;;;;11/05/2016 00:00;13/05/2016 00:00;;;;;;2,01103E+11;P;;;;Implantação de Núcleo Habitacional destinado à população de baixa renda.;;22;Secretaria Municipal de Infra-Estrutura Urbana e Obras;10;Gabinete do Secretário;39710,44;0;30;0;0;39710,44;39710,44;0;39710,44;0;0;0;39710,44;39710,44;0;39710,44;0;39710,44;0;0;0;39710,44;39710,44;0;0;0;0;0;0;0;0;0;0;0;0;0;0;0;0;0;0;0;0;37.30.16.451.3002.3.357.44906100.08.0;99;Outras Aquisições de Bens Imóveis;1;Desapropriações;61;Aquisição de Imóveis;0
229339;7584;2016;22;Secretaria Municipal de Infra-Estrutura Urbana e Obras;10;Gabinete do Secretário;2;Termo de Contrato - Serviços;1;Art. 22 - Inciso I Lei Federal  8.666/93;4;Concorrência;11/04/2016 00:00;09/07/2016 00:00;09/07/2016 00:00;0;0;90;638864,64;0;636327,87;0;A;9;umental;2014;26;22;Secretaria Municipal de Infra-Estrutura Urbana e Obras;;;41;SEM REAJUSTE;;;;18/03/2016 00:00;29/03/2016 00:00;83;;;;;2,01502E+11;P;;;;SP/MP - MANUTENÇÃO DA EMEI MARIA QUITERIA;;22;Secretaria Municipal de Infra-Estrutura Urbana e Obras;10;Gabinete do Secretário;638864,64;0;90;0;0;638864,64;638864,64;0;636327,87;0;2536,77;0;636327,87;636327,87;2536,77;638864,64;0;636327,87;0;2536,77;0;636327,87;636327,87;2536,77;0;0;0;0;0;0;0;0;0;0;0;0;0;0;0;0;0;0;0;16.10.12.368.3010.2.822.33903900.00.0;16;Manutenção e Conservação de Bens Imóveis;12;Pequenas Reformas - Escolas de Educação Infantil;39;Outros Serviços de Terceiros - Pessoa Jurídica;2536,77
229342;7587;2016;22;Secretaria Municipal de Infra-Estrutura Urbana e Obras;10;Gabinete do Secretário;2;Termo de Contrato - Serviços;1;Art. 22 - Inciso I Lei Federal  8.666/93;4;Concorrência;11/04/2016 00:00;09/07/2016 00:00;09/07/2016 00:00;0;0;90;1093294,65;0;1092907,37;0;E;9;umental;2014;23;22;Secretaria Municipal de Infra-Estrutura Urbana e Obras;;;41;SEM REAJUSTE;;;;21/03/2016 00:00;29/03/2016 00:00;83;;;;;2,01104E+11;P;;;;SP/ST - MANUTENÇÃO DA EMEF PROFESSORA NILCE CRUZ FIGUEIREDO;;22;Secretaria Municipal de Infra-Estrutura Urbana e Obras;10;Gabinete do Secretário;1093294,65;0;90;0;0;1093294,65;1093294,65;0;1092907,37;387,28;0;0;1092907,37;1092907,37;387,28;1093294,65;0;1092907,37;387,28;0;0;1092907,37;1092907,37;387,28;0;0;0;0;0;0;0;0;0;0;0;0;0;0;0;0;0;0;0;16.10.12.368.3010.2.822.33903900.00.0;16;Manutenção e Conservação de Bens Imóveis;14;Pequenas Reformas - Escolas de Ensino Fundamental;39;Outros Serviços de Terceiros - Pessoa Jurídica;0
229341;7586;2016;22;Secretaria Municipal de Infra-Estrutura Urbana e Obras;10;Gabinete do Secretário;2;Termo de Contrato - Serviços;1;Art. 22 - Inciso I Lei Federal  8.666/93;4;Concorrência;11/04/2016 00:00;09/07/2016 00:00;09/07/2016 00:00;0;0;90;747854,49;0;747649,42;0;A;9;umental;2014;8;22;Secretaria Municipal de Infra-Estrutura Urbana e Obras;;;41;SEM REAJUSTE;;;;21/03/2016 00:00;29/03/2016 00:00;82;;;;;2,01403E+11;P;;;;SP/EM - MANUTENÇÃO DO CEI DIRETO JARDIM COTINHA;;22;Secretaria Municipal de Infra-Estrutura Urbana e Obras;10;Gabinete do Secretário;747854,49;0;90;0;0;747854,49;747854,49;0;747649,42;0;205,07;0;747649,42;747649,42;205,07;747854,49;0;747649,42;0;205,07;0;747649,42;747649,42;205,07;0;0;0;0;0;0;0;0;0;0;0;0;0;0;0;0;0;0;0;16.10.12.368.3010.2.822.33903900.00.0;16;Manutenção e Conservação de Bens Imóveis;10;Pequenas Reformas - Centros de Educação Infantil;39;Outros Serviços de Terceiros - Pessoa Jurídica;205,07
229379;7617;2016;86;Fundo Municipal de Saneamento Ambiental e Infraestrutura;22;;5;Nota de Empenho Fornecimento de Bens de Consumo e/ou Permanente;1;Art. 22 - Inciso I Lei Federal  8.666/93;4;Concorrência;01/09/2011 00:00;09/08/2016 00:00;09/08/2016 00:00;0;0;1805;34101092,24;13333384,1;27163104,93;10525969,96;S;9;umental;-1;-1;;;;;2;ESTRUTURA GERAL;;;;01/09/2011 00:00;01/09/2011 00:00;;;;;;2,009E+11;P;;;;CT 093/SIURB/2011 - Córrego do cordeiro;;86;Fundo Municipal de Saneamento Ambiental e Infraestrutura;22;;5244076,16;0;1805;28857016,08;13333384,1;47434476,34;47434476,34;0;37689074,89;0;9745401,45;0;37689074,89;37689074,89;11712663,65;34101092,24;0;27163104,93;0;6937987,31;0;27163104,93;27163104,93;8905249,51;13333384,1;0;10525969,96;0;2807414,14;0;10525969,96;10525969,96;2807414,14;0;0;550,28;0;0;0;0;0;0;0;86.22.17.451.3008.5.013.44905100.03.0;89;Obras em Andamento - Uso Comum do Povo;22;Canalização de Córregos;51;Obras e Instalações;9745401,45
248400;24155;2016;22;Secretaria Municipal de Infra-Estrutura Urbana e Obras;10;Gabinete do Secretário;5;Nota de Empenho Fornecimento de Bens de Consumo e/ou Permanente;39;Não Aplicável;8;Não Aplicável;09/09/2016 00:00;08/10/2016 00:00;09/10/2016 00:00;0;0;30;0;0;0;0;E;9;umental;-1;-1;;;;;41;SEM REAJUSTE;;;18/08/2016 00:00;09/09/2016 00:00;10/09/2016 00:00;57;;;;;6,0222E+15;S;;;;03(três) Cartuchos de tinta  HP AMARELO 130ml, 03 (três) Cartuchos de tinta  HP CINZA 130ml, 03 (três) Cartuchos de tinta HP magenta 69ml, e 03(três) Cartuchos de tinta HP preto 130ml;;22;Secretaria Municipal de Infra-Estrutura Urbana e Obras;10;Gabinete do Secretário;3992,94;0;30;0;0;3992,94;3992,94;0;0;3992,94;0;0;0;0;3992,94;3992,94;0;0;3992,94;0;0;0;0;3992,94;0;0;0;0;0;0;0;0;0;0;0;0;0;0;0;0;0;0;0;22.10.15.122.3024.2.100.33903000.00.0;16;Material de Expediente;1;Materiais para Impressão e Encadernação;30;Material de Consumo;0
242557;19002;2016;22;Secretaria Municipal de Infra-Estrutura Urbana e Obras;10;Gabinete do Secretário;2;Termo de Contrato - Serviços;1;Art. 22 - Inciso I Lei Federal  8.666/93;4;Concorrência;12/07/2016 00:00;09/10/2016 00:00;09/10/2016 00:00;0;0;90;254687,58;0;0;0;N;9;umental;2014;3;18;Secretaria Municipal da Saúde;;;41;SEM REAJUSTE;;;;11/07/2016 00:00;12/07/2016 00:00;61;;;;Conconrrência;6,0182E+15;S;;;;Execução de serviços gerais de manutenção previstos na ATA DE REGISTRO DE PREÇOS nº 003/SIURB/2014 - AGRUPAMENTO  003  -  Subprefeitura Campo Limpo - SP/CL,  com fornecimento de materiais de primeira linha e mão-de-obra especializada para execução de serviços gerais de manutenção preventiva, corretiva, reparações, adaptações e modificações, no (a) UBS ALTO DO UMUARAMA, situada na Rua Odemis, 468 - Jardim Umuarama- São Paulo/SP.;;22;Secretaria Municipal de Infra-Estrutura Urbana e Obras;10;Gabinete do Secretário;254687,58;0;90;0;0;254687,58;254687,58;0;0;254687,58;0;0;0;0;254687,58;254687,58;0;0;254687,58;0;0;0;0;254687,58;0;0;0;0;0;0;0;0;0;0;0;0;0;0;0;0;0;0;0;84.10.10.302.3003.3.101.44905100.00.0;89;Obras em Andamento - Uso Comum do Povo;1;Hospitais e similares;51;Obras e Instalações;0
254112;29080;2016;22;Secretaria Municipal de Infra-Estrutura Urbana e Obras;10;Gabinete do Secretário;5;Nota de Empenho Fornecimento de Bens de Consumo e/ou Permanente;39;Não Aplicável;8;Não Aplicável;30/11/2016 00:00;09/12/2016 00:00;09/12/2016 00:00;0;0;10;83217,45;0;83217,45;0;A;1;;-1;-1;;;;;41;SEM REAJUSTE;;;;07/11/2016 00:00;09/11/2016 00:00;2016;;;;;2,01301E+11;P;;;;Desap - Melhoramento - Prolongamento da Av. Jornalista Roberto Marinho - Pq. Linear;;22;Secretaria Municipal de Infra-Estrutura Urbana e Obras;10;Gabinete do Secretário;83217,45;0;10;0;0;83217,45;83217,45;0;83217,45;0;0;0;83217,45;83217,45;0;83217,45;0;83217,45;0;0;0;83217,45;83217,45;0;0;0;0;0;0;0;0;0;0;0;0;0;0;0;0;0;0;0;0;37.30.15.451.3009.5.100.44906100.08.0;99;Outras Aquisições de Bens Imóveis;1;Desapropriações;61;Aquisição de Imóveis;0
254138;29106;2016;22;Secretaria Municipal de Infra-Estrutura Urbana e Obras;10;Gabinete do Secretário;5;Nota de Empenho Fornecimento de Bens de Consumo e/ou Permanente;39;Não Aplicável;8;Não Aplicável;30/11/2016 00:00;09/12/2016 00:00;09/12/2016 00:00;0;0;10;3210,94;0;3210,94;0;A;1;;-1;-1;;;;;41;SEM REAJUSTE;;;;23/11/2016 00:00;26/11/2016 00:00;83;;;;;2,01303E+11;P;;;;Desap - Melhoramento - Prolongamento da Av. Chucri Zaidan até Av. João Dias;;22;Secretaria Municipal de Infra-Estrutura Urbana e Obras;10;Gabinete do Secretário;3210,94;0;10;0;0;3210,94;3210,94;0;3210,94;0;0;0;3210,94;3210,94;0;3210,94;0;3210,94;0;0;0;3210,94;3210,94;0;0;0;0;0;0;0;0;0;0;0;0;0;0;0;0;0;0;0;0;37.30.15.451.3009.5.100.44906100.08.0;99;Outras Aquisições de Bens Imóveis;1;Desapropriações;61;Aquisição de Imóveis;0
254109;29078;2016;22;Secretaria Municipal de Infra-Estrutura Urbana e Obras;10;Gabinete do Secretário;5;Nota de Empenho Fornecimento de Bens de Consumo e/ou Permanente;39;Não Aplicável;8;Não Aplicável;30/11/2016 00:00;09/12/2016 00:00;09/12/2016 00:00;0;0;10;799650;0;794229,27;0;A;1;;-1;-1;;;;;41;SEM REAJUSTE;;;;21/11/2016 00:00;23/11/2016 00:00;85;;;;;2,01103E+11;P;;;;Desap - Melhoramento Núcleo Habitacional destinado a população de Baixa Renda.;;22;Secretaria Municipal de Infra-Estrutura Urbana e Obras;10;Gabinete do Secretário;799650;0;10;0;0;799650;799650;0;794229,27;0;5420,73;0;794229,27;794229,27;1593879,27;799650;0;794229,27;0;5420,73;0;794229,27;794229,27;1593879,27;0;0;0;0;0;0;0;0;0;0;0;0;0;0;0;0;0;0;0;37.30.15.451.3009.5.100.44906100.08.0;99;Outras Aquisições de Bens Imóveis;1;Desapropriações;61;Aquisição de Imóveis;5420,73
227557;5938;2016;22;Secretaria Municipal de Infra-Estrutura Urbana e Obras;10;Gabinete do Secretário;5;Nota de Empenho Fornecimento de Bens de Consumo e/ou Permanente;8;Art. 24 Inciso II da lei Federal 8.666/93;6;Dispensa de Licitação;16/03/2016 00:00;10/03/2017 00:00;10/03/2017 00:00;0;0;360;302500;0;0;0;A;9;umental;-1;-1;;;;;26;CONSULTORIA;;;;16/03/2016 00:00;18/03/2016 00:00;81;;;;;2,01502E+11;P;;;;Reembolso de Honorários Periciais relativo às Obras de Intevenções Viárias - Operação Urbana Água Espraida.;;22;Secretaria Municipal de Infra-Estrutura Urbana e Obras;10;Gabinete do Secretário;302500;0;360;0;0;302500;302500;0;0;0;302500;0;0;0;302500;302500;0;0;0;302500;0;0;0;302500;0;0;0;0;0;0;0;0;0;0;0;0;0;0;0;0;0;0;0;37.30.15.451.3009.5.100.44903900.08.0;99;Outros Serviços de Terceiros - Pessoa Jurídica;99;Outros Serviços de Terceiros - Pessoa Jurídica;39;Outros Serviços de Terceiros - Pessoa Jurídica;302500
227579;5957;2016;22;Secretaria Municipal de Infra-Estrutura Urbana e Obras;10;Gabinete do Secretário;5;Nota de Empenho Fornecimento de Bens de Consumo e/ou Permanente;8;Art. 24 Inciso II da lei Federal 8.666/93;6;Dispensa de Licitação;16/03/2016 00:00;10/03/2017 00:00;10/03/2017 00:00;0;0;360;10500000;0;10500000;0;A;9;umental;-1;-1;;;;;26;CONSULTORIA;;;;16/03/2016 00:00;18/03/2016 00:00;81;;;;;2,011E+11;P;;;;Reembolso de despesas com projetos viários - Água Espraiada;;22;Secretaria Municipal de Infra-Estrutura Urbana e Obras;10;Gabinete do Secretário;10500000;0;360;0;0;10500000;10500000;0;10500000;0;0;0;10500000;10500000;0;10500000;0;10500000;0;0;0;10500000;10500000;0;0;0;0;0;0;0;0;0;0;0;0;0;0;0;0;0;0;0;0;37.30.15.451.3009.5.100.44903900.08.0;99;Outros Serviços de Terceiros - Pessoa Jurídica;99;Outros Serviços de Terceiros - Pessoa Jurídica;39;Outros Serviços de Terceiros - Pessoa Jurídica;0
227568;5946;2016;22;Secretaria Municipal de Infra-Estrutura Urbana e Obras;10;Gabinete do Secretário;5;Nota de Empenho Fornecimento de Bens de Consumo e/ou Permanente;8;Art. 24 Inciso II da lei Federal 8.666/93;6;Dispensa de Licitação;16/03/2016 00:00;10/03/2017 00:00;10/03/2017 00:00;0;0;360;66000;0;30934,89;0;A;9;umental;-1;-1;;;;;26;CONSULTORIA;;;;16/03/2016 00:00;18/03/2016 00:00;81;;;;;2,01502E+11;P;;;;Reembolso de honorários Periciais relativos às obras de urbanização de favelas - Operação Urbana Água Espraiada;;22;Secretaria Municipal de Infra-Estrutura Urbana e Obras;10;Gabinete do Secretário;66000;0;360;0;0;66000;66000;0;30934,89;0;35065,11;0;30934,89;30934,89;35065,11;66000;0;30934,89;0;35065,11;0;30934,89;30934,89;35065,11;0;0;0;0;0;0;0;0;0;0;0;0;0;0;0;0;0;0;0;37.30.16.451.3002.3.357.44903900.08.0;99;Outros Serviços de Terceiros - Pessoa Jurídica;99;Outros Serviços de Terceiros - Pessoa Jurídica;39;Outros Serviços de Terceiros - Pessoa Jurídica;35065,11
236116;13383;2016;22;Secretaria Municipal de Infra-Estrutura Urbana e Obras;10;Gabinete do Secretário;2;Termo de Contrato - Serviços;8;Art. 24 Inciso II da lei Federal 8.666/93;6;Dispensa de Licitação;13/11/2015 00:00;10/05/2016 00:00;10/05/2016 00:00;0;0;180;3592567,04;0;3581511,67;0;A;9;umental;-1;-1;;;;;2;ESTRUTURA GERAL;;;;05/05/2016 00:00;06/05/2016 00:00;85;;;;;2,01503E+11;P;;;;Execução em caráter de emergência, das obras de reconstrução do pontilhão na Av. Profº Luiz Ignácio de Anhaia Mello sobre o Rio Tamanduateí para acesso da Av. Francisco Mesquita.;;22;Secretaria Municipal de Infra-Estrutura Urbana e Obras;10;Gabinete do Secretário;3592567,04;0;180;0;0;3592567,04;3592567,04;0;3581511,67;0;11055,37;0;3581511,67;3581511,67;11055,37;3592567,04;0;3581511,67;0;11055,37;0;3581511,67;3581511,67;11055,37;0;0;0;0;0;0;0;0;0;0;0;0;0;0;0;0;0;0;0;22.10.15.451.3009.5.100.44905100.00.0;89;Obras em Andamento - Uso Comum do Povo;15;Pontes, Pontilhões e Viadutos;51;Obras e Instalações;11055,37
237636;14741;2016;22;Secretaria Municipal de Infra-Estrutura Urbana e Obras;10;Gabinete do Secretário;5;Nota de Empenho Fornecimento de Bens de Consumo e/ou Permanente;6;Lei Federal 10.520/02;12;Pregão;01/06/2016 00:00;10/06/2016 00:00;10/06/2016 00:00;0;0;10;2385,34;0;2385,34;0;E;9;umental;-1;-1;;;;;41;SEM REAJUSTE;;;;20/05/2016 00:00;26/05/2016 00:00;128;;;;;6,0222E+15;S;;;;Aquisição de material de limpeza;;22;Secretaria Municipal de Infra-Estrutura Urbana e Obras;10;Gabinete do Secretário;2385,34;0;10;0;0;2385,34;2385,34;0;2385,34;0;0;0;2385,34;2385,34;0;2385,34;0;2385,34;0;0;0;2385,34;2385,34;0;0;0;0;0;0;0;0;0;0;0;0;0;0;0;0;0;0;0;0;22.10.15.122.3024.2.100.33903000.00.0;22;Material de Limpeza e Produção de Higienização;99;Diversos Materiais de Limpeza e Higienização;30;Material de Consumo;0
230945;8888;2016;22;Secretaria Municipal de Infra-Estrutura Urbana e Obras;10;Gabinete do Secretário;5;Nota de Empenho Fornecimento de Bens de Consumo e/ou Permanente;5;Art. 22 - Inciso V Lei Federal  8.666/93;13;Leilão;12/04/2016 00:00;10/07/2016 00:00;10/07/2016 00:00;0;0;90;56250,93;0;0;0;E;9;umental;-1;-1;;;;;41;SEM REAJUSTE;;FABIANO MAGNANI;;08/04/2016 00:00;09/04/2016 00:00;87;;;;;6,0222E+15;S;;;;ATA DE R. P. nº 027/SIURB/14 - Substituição de portas de aço (externo) e retirada da fachada de vidros bloqueio catracas (interno) do Edifício Olido;;22;Secretaria Municipal de Infra-Estrutura Urbana e Obras;10;Gabinete do Secretário;56250,93;0;90;0;0;56250,93;56250,93;0;0;56250,93;0;0;0;0;56250,93;56250,93;0;0;56250,93;0;0;0;0;56250,93;0;0;0;0;0;0;0;0;0;0;0;0;0;0;0;0;0;0;0;22.10.15.122.3024.2.100.33903900.00.0;16;Manutenção e Conservação de Bens Imóveis;17;Manutenção e Conservação de Bens Imóveis;39;Outros Serviços de Terceiros - Pessoa Jurídica;0
237139;14285;2016;22;Secretaria Municipal de Infra-Estrutura Urbana e Obras;10;Gabinete do Secretário;2;Termo de Contrato - Serviços;1;Art. 22 - Inciso I Lei Federal  8.666/93;4;Concorrência;13/06/2016 00:00;10/09/2016 00:00;10/09/2016 00:00;0;0;90;78765,57;0;72179,31;0;E;9;umental;2014;27;22;Secretaria Municipal de Infra-Estrutura Urbana e Obras;;;41;SEM REAJUSTE;;;;24/05/2016 00:00;25/05/2016 00:00;113;;;;;6,0712E+15;S;;;;SP/SE - MANUTENÇÃO E READEQUAÇÃO DE LAYOUT DO 10º ANDAR DO EDIFICIO MATARAZZO;;22;Secretaria Municipal de Infra-Estrutura Urbana e Obras;10;Gabinete do Secretário;78765,57;0;90;0;0;78765,57;78765,57;0;72179,31;6586,26;0;0;72179,31;72179,31;6586,26;78765,57;0;72179,31;6586,26;0;0;72179,31;72179,31;6586,26;0;0;0;0;0;0;0;0;0;0;0;0;0;0;0;0;0;0;0;11.20.04.122.3024.3.000.44903900.00.0;99;Outros Serviços de Terceiros - Pessoa Jurídica;99;Outros Serviços de Terceiros - Pessoa Jurídica;39;Outros Serviços de Terceiros - Pessoa Jurídica;0
237136;14282;2016;22;Secretaria Municipal de Infra-Estrutura Urbana e Obras;10;Gabinete do Secretário;2;Termo de Contrato - Serviços;1;Art. 22 - Inciso I Lei Federal  8.666/93;4;Concorrência;13/06/2016 00:00;10/09/2016 00:00;10/09/2016 00:00;0;0;90;67149,01;0;66759,71;0;A;9;umental;2014;27;22;Secretaria Municipal de Infra-Estrutura Urbana e Obras;;;41;SEM REAJUSTE;;;;16/05/2016 00:00;24/05/2016 00:00;111;;;;;2,016E+11;P;;;;SP/SÉ - MANUTENÇÃO DA CASA DE MEDIAÇÃO MODELO;;22;Secretaria Municipal de Infra-Estrutura Urbana e Obras;10;Gabinete do Secretário;67149,01;0;90;0;0;67149,01;67149,01;0;66759,71;0;389,3;0;66759,71;66759,71;389,3;67149,01;0;66759,71;0;389,3;0;66759,71;66759,71;389,3;0;0;0;0;0;0;0;0;0;0;0;0;0;0;0;0;0;0;0;11.20.04.122.3024.3.000.44903900.00.0;99;Outros Serviços de Terceiros - Pessoa Jurídica;99;Outros Serviços de Terceiros - Pessoa Jurídica;39;Outros Serviços de Terceiros - Pessoa Jurídica;389,3
239367;16265;2016;22;Secretaria Municipal de Infra-Estrutura Urbana e Obras;10;Gabinete do Secretário;2;Termo de Contrato - Serviços;7;Art. 24 - Inciso I Lei Federal  8.666/93;6;Dispensa de Licitação;12/09/2016 00:00;10/11/2016 00:00;10/11/2016 00:00;0;0;60;14450;0;14449,57;0;A;9;umental;-1;-1;;;;;41;SEM REAJUSTE;;;;10/06/2016 00:00;11/06/2016 00:00;66;;;;dl;2,01503E+11;P;;;;prestação  de  serviços  técnico-profissionais para consultoria em  estrutura  metálica para construção do Teatro no CEU Parelheiros - SP/PA;;22;Secretaria Municipal de Infra-Estrutura Urbana e Obras;10;Gabinete do Secretário;14450;0;60;0;0;14450;14450;0;14449,57;0;0,43;0;14449,57;14449,57;0,43;14450;0;14449,57;0;0,43;0;14449,57;14449,57;0,43;0;0;0;0;0;0;0;0;0;0;0;0;0;0;0;0;0;0;0;16.10.12.122.3010.3.360.44905100.00.0;89;Obras em Andamento - Uso Comum do Povo;1;Hospitais e similares;51;Obras e Instalações;0,43
246123;22124;2016;22;Secretaria Municipal de Infra-Estrutura Urbana e Obras;10;Gabinete do Secretário;2;Termo de Contrato - Serviços;1;Art. 22 - Inciso I Lei Federal  8.666/93;4;Concorrência;12/09/2016 00:00;10/12/2016 00:00;10/12/2016 00:00;0;0;90;215468,97;0;215167,89;0;E;9;umental;2014;24;22;Secretaria Municipal de Infra-Estrutura Urbana e Obras;;;41;SEM REAJUSTE;;;;11/08/2016 00:00;16/08/2016 00:00;108;;;;007/14/SIURB;6,0182E+15;S;;;;Execução de serviços gerais de manutenção previstos na ATA DE REGISTRO DE PREÇOS nº 024/SIURB/2014 - AGRUPAMENTO  024  -  Subprefeitura Santo Amaro - SP/SA,  com fornecimento de materiais de primeira linha e mão-de-obra especializada para execução de serviços gerais de manutenção preventiva, corretiva, reparações, adaptações e modificações, no (a) CENTRO DE REABILITAÇÃO  SANTO AMARO, situado na Avenida Vicente Rao, 429 - Jardim Petropolis - São Paulo - SP.;;22;Secretaria Municipal de Infra-Estrutura Urbana e Obras;10;Gabinete do Secretário;215468,97;0;90;0;0;215468,97;215468,97;0;215167,89;301,08;0;0;215167,89;215167,89;301,08;215468,97;0;215167,89;301,08;0;0;215167,89;215167,89;301,08;0;0;0;0;0;0;0;0;0;0;0;0;0;0;0;0;0;0;0;84.10.10.302.3003.3.101.44905100.00.0;99;Outras Obras e Instalações;99;Outras Obras e Instalações;51;Obras e Instalações;0
252783;27916;2016;22;Secretaria Municipal de Infra-Estrutura Urbana e Obras;10;Gabinete do Secretário;2;Termo de Contrato - Serviços;7;Art. 24 - Inciso I Lei Federal  8.666/93;6;Dispensa de Licitação;14/12/2016 00:00;11/02/2017 00:00;11/02/2017 00:00;0;0;60;14580,38;0;14580,38;0;A;9;umental;-1;-1;;;;;41;SEM REAJUSTE;;;;21/10/2016 00:00;08/11/2016 00:00;67;;;;DL;2,01503E+11;P;;;;Dispensa de Licitação - Prestação de serviços técnico-profissionais para desenvolvimento de desenhos técnicos de arquitetura, instalações elétricas e instalações hidro sanitárias para a construção do Teatro no CEU Parelheiros.;;22;Secretaria Municipal de Infra-Estrutura Urbana e Obras;10;Gabinete do Secretário;14580,38;0;60;0;0;14580,38;14580,38;0;14580,38;0;0;0;14580,38;14580,38;0;14580,38;0;14580,38;0;0;0;14580,38;14580,38;0;0;0;0;0;0;0;0;0;0;0;0;0;0;0;0;0;0;0;0;16.10.12.122.3010.3.360.44905100.00.0;89;Obras em Andamento - Uso Comum do Povo;2;Escolas e similares;51;Obras e Instalações;0
234567;12001;2016;22;Secretaria Municipal de Infra-Estrutura Urbana e Obras;10;Gabinete do Secretário;5;Nota de Empenho Fornecimento de Bens de Consumo e/ou Permanente;39;Não Aplicável;8;Não Aplicável;02/05/2016 00:00;11/05/2016 00:00;11/05/2016 00:00;0;0;10;6488;0;6488;0;E;9;umental;-1;-1;;;;;41;SEM REAJUSTE;;;04/04/2016 00:00;02/05/2016 00:00;06/05/2016 00:00;85;;;;mai/16;6,0222E+15;S;;;;copos descartavéis para água com capacidade para 180ml;;22;Secretaria Municipal de Infra-Estrutura Urbana e Obras;10;Gabinete do Secretário;6488;0;10;0;0;6488;6488;0;6488;0;0;0;6488;6488;0;6488;0;6488;0;0;0;6488;6488;0;0;0;0;0;0;0;0;0;0;0;0;0;0;0;0;0;0;0;0;22.10.15.122.3024.2.100.33903000.00.0;99;Outros Materiais de Consumo;99;Outros Materiais de Consumo;30;Material de Consumo;0
246398;22353;2016;22;Secretaria Municipal de Infra-Estrutura Urbana e Obras;10;Gabinete do Secretário;2;Termo de Contrato - Serviços;8;Art. 24 Inciso II da lei Federal 8.666/93;6;Dispensa de Licitação;12/01/2017 00:00;11/05/2017 00:00;11/05/2017 00:00;0;0;120;8780478,55;0;0;0;E;9;umental;-1;-1;;;;;10;PAVIMENTAÇÃO TRÁFEGO LEVE;;;;17/08/2016 00:00;19/08/2016 00:00;51;;;;;7,9102E+15;S;;;;ontratação para prestação de serviços de conservação e manutenção da malha viária na Av. Chucri Zaidan (Trecho da Rua João Dória até a Rua da Paz) - Ata de Registro de Preços nº 25/SMSP/COGEL/2014.;;22;Secretaria Municipal de Infra-Estrutura Urbana e Obras;10;Gabinete do Secretário;8780478,55;0;120;0;0;8780478,55;8780478,55;0;0;8780478,55;0;0;0;0;8780478,55;8780478,55;0;0;8780478,55;0;0;0;0;8780478,55;0;0;0;0;0;0;0;0;0;0;0;0;0;0;0;0;0;0;0;37.30.15.451.3009.5.100.44905100.08.0;99;Outras Obras e Instalações;99;Outras Obras e Instalações;51;Obras e Instalações;0
229990;8090;2016;22;Secretaria Municipal de Infra-Estrutura Urbana e Obras;10;Gabinete do Secretário;2;Termo de Contrato - Serviços;1;Art. 22 - Inciso I Lei Federal  8.666/93;4;Concorrência;13/04/2016 00:00;11/07/2016 00:00;11/07/2016 00:00;0;0;90;500358,97;0;499496,05;0;E;9;umental;2014;12;22;Secretaria Municipal de Infra-Estrutura Urbana e Obras;;;41;SEM REAJUSTE;;;;21/03/2016 00:00;31/03/2016 00:00;128;;;;;2,01304E+11;P;;;;SP/IT - MANUTENÇÃO DO CEI DIRETO JARDIM EVA;;22;Secretaria Municipal de Infra-Estrutura Urbana e Obras;10;Gabinete do Secretário;500358,97;0;90;0;0;500358,97;500358,97;0;499496,05;862,92;0;0;499496,05;499496,05;862,92;500358,97;0;499496,05;862,92;0;0;499496,05;499496,05;862,92;0;0;0;0;0;0;0;0;0;0;0;0;0;0;0;0;0;0;0;16.10.12.368.3010.2.822.33903900.00.0;16;Manutenção e Conservação de Bens Imóveis;10;Pequenas Reformas - Centros de Educação Infantil;39;Outros Serviços de Terceiros - Pessoa Jurídica;0
245452;21565;2016;86;Fundo Municipal de Saneamento Ambiental e Infraestrutura;22;FMSAI - Secretaria Municipal de Infraestrutura Urbana e Obras;5;Nota de Empenho Fornecimento de Bens de Consumo e/ou Permanente;39;Não Aplicável;8;Não Aplicável;09/08/2016 00:00;11/08/2016 00:00;11/08/2016 00:00;0;0;3;84951,6;0;84951,6;0;A;1;;-1;-1;;;;;41;SEM REAJUSTE;;;;02/08/2016 00:00;05/08/2016 00:00;56;;;;;2,016E+11;P;;;;Indenização de Benfeitorias - Obra Publica - Ivan Ferraz Torres Bonfim;;86;Fundo Municipal de Saneamento Ambiental e Infraestrutura;22;FMSAI - Secretaria Municipal de Infraestrutura Urbana e Obras;84951,6;0;3;0;0;84951,6;84951,6;0;84951,6;0;0;0;84951,6;84951,6;0;84951,6;0;84951,6;0;0;0;84951,6;84951,6;0;0;0;0;0;0;0;0;0;0;0;0;0;0;0;0;0;0;0;0;86.22.17.451.3008.5.013.44904800.03.0;99;Outros Auxílios Financeiros a Pessoa Física;99;Outros Auxílios Financeiros a Pessoas Físicas;48;Outros Auxílios Financeiros a Pessoas Físicas;0
248514;24251;2016;22;Secretaria Municipal de Infra-Estrutura Urbana e Obras;10;Gabinete do Secretário;5;Nota de Empenho Fornecimento de Bens de Consumo e/ou Permanente;36;Art. 25 - Inciso I Lei Federal  8.666/93;7;Inexigibilidade;12/09/2016 00:00;11/09/2017 00:00;11/09/2017 00:00;0;0;364;768;0;768;0;E;9;umental;-1;-1;;;;;41;SEM REAJUSTE;;;23/03/2016 00:00;12/09/2016 00:00;13/09/2016 00:00;68;;;;;6,0222E+15;S;;;;Assinatura anual da Revista Construção Mercado;;22;Secretaria Municipal de Infra-Estrutura Urbana e Obras;10;Gabinete do Secretário;768;0;364;0;0;768;768;0;768;0;0;0;768;768;0;768;0;768;0;0;0;768;768;0;0;0;0;0;0;0;0;0;0;0;0;0;0;0;0;0;0;0;0;22.10.15.122.3024.2.100.33903900.00.0;1;Assinatura de Periódicos e Anuidades;2;Assinaturas de Revistas;39;Outros Serviços de Terceiros - Pessoa Jurídica;0
248358;24118;2016;22;Secretaria Municipal de Infra-Estrutura Urbana e Obras;10;Gabinete do Secretário;5;Nota de Empenho Fornecimento de Bens de Consumo e/ou Permanente;36;Art. 25 - Inciso I Lei Federal  8.666/93;7;Inexigibilidade;12/09/2016 00:00;11/09/2017 00:00;11/09/2017 00:00;0;0;365;9960;0;9960;0;E;9;umental;-1;-1;;;;;41;SEM REAJUSTE;;;11/08/2016 00:00;09/09/2016 00:00;10/09/2016 00:00;57;;;;;6,0222E+15;S;;;;Renovação da licença de uso para manutenção do Software Scriptcase;;22;Secretaria Municipal de Infra-Estrutura Urbana e Obras;10;Gabinete do Secretário;9960;0;365;0;0;9960;9960;0;9960;0;0;0;9960;9960;0;9960;0;9960;0;0;0;9960;9960;0;0;0;0;0;0;0;0;0;0;0;0;0;0;0;0;0;0;0;0;22.10.15.122.3024.2.100.33903000.00.0;17;Material de Processamento de Dados;99;Diversos Materiais para Uso na Área de Informática;30;Material de Consumo;0
246611;22533;2016;22;Secretaria Municipal de Infra-Estrutura Urbana e Obras;10;Gabinete do Secretário;2;Termo de Contrato - Serviços;1;Art. 22 - Inciso I Lei Federal  8.666/93;4;Concorrência;12/09/2016 00:00;10/12/2016 00:00;11/12/2016 00:00;0;0;90;329573,45;0;329573,45;0;E;9;umental;2014;2;22;Secretaria Municipal de Infra-Estrutura Urbana e Obras;;;41;SEM REAJUSTE;;;;22/08/2016 00:00;23/08/2016 00:00;87;;;;007/14/SIURB;6,0182E+15;S;;;;Execução de serviços gerais de manutenção previstos na ATA DE REGISTRO DE PREÇOS nº 002/SIURB/2014 - AGRUPAMENTO  002  -  Subprefeitura Perus - SP/PR,  com fornecimento de materiais de primeira linha e mão-de-obra especializada para execução de serviços gerais de manutenção preventiva, corretiva, reparações, adaptações e modificações, no (a) CAPS INFANTIL - CENTRO DE ATENÇÃO PSICOSSOCIAL INFANTIL SÃO REMOL, situadoRua Baltazar Rabelo, 167 - São Remo  - São Paulo/SP.;;22;Secretaria Municipal de Infra-Estrutura Urbana e Obras;10;Gabinete do Secretário;329650,55;0;90;0;0;329650,55;329650,55;0;329573,45;77,1;0;0;329573,45;329573,45;329727,65;329650,55;0;329573,45;77,1;0;0;329573,45;329573,45;329727,65;0;0;0;0;0;0;0;0;0;0;0;0;0;0;0;0;0;0;0;84.10.10.302.3003.3.101.44905100.00.0;99;Outras Obras e Instalações;4;Remanejamento de Interferências;51;Obras e Instalações;0
252986;28072;2016;22;Secretaria Municipal de Infra-Estrutura Urbana e Obras;10;Gabinete do Secretário;2;Termo de Contrato - Serviços;7;Art. 24 - Inciso I Lei Federal  8.666/93;6;Dispensa de Licitação;14/12/2016 00:00;12/01/2017 00:00;12/01/2017 00:00;0;0;30;11178;0;11177,15;0;A;9;umental;-1;-1;;;;;41;SEM REAJUSTE;;;;06/10/2016 00:00;01/11/2016 00:00;2016;;;;DL;2,01503E+11;P;;;;Dispensa de Licitação - Prestação de serviços técnico-profissionais para avaliação preliminar de contaminação de solo da UBS Manoel Fernandes Leão - Jardim Brasília - SP/FB.;;22;Secretaria Municipal de Infra-Estrutura Urbana e Obras;10;Gabinete do Secretário;11178;0;30;0;0;11178;11178;0;11177,15;0;0,85;0;11177,15;11177,15;0,85;11178;0;11177,15;0;0,85;0;11177,15;11177,15;0,85;0;0;0;0;0;0;0;0;0;0;0;0;0;0;0;0;0;0;0;84.10.10.301.3003.3.367.44905100.02.0;89;Obras em Andamento - Uso Comum do Povo;1;Hospitais e similares;51;Obras e Instalações;0,85
252988;28074;2016;22;Secretaria Municipal de Infra-Estrutura Urbana e Obras;10;Gabinete do Secretário;2;Termo de Contrato - Serviços;7;Art. 24 - Inciso I Lei Federal  8.666/93;6;Dispensa de Licitação;14/12/2016 00:00;12/01/2017 00:00;12/01/2017 00:00;0;0;30;11400;0;11399,47;0;A;9;umental;-1;-1;;;;;41;SEM REAJUSTE;;;;06/10/2016 00:00;01/11/2016 00:00;;;;;DL;2,01503E+11;P;;;;Dispensa de Licitação - Prestação de serviços técnico-profissionais para investigação preliminar de contaminação de solo da UBS Jardim Antártica - SP/CV.;;22;Secretaria Municipal de Infra-Estrutura Urbana e Obras;10;Gabinete do Secretário;11400;0;30;0;0;11400;11400;0;11399,47;0;0,53;0;11399,47;11399,47;0,53;11400;0;11399,47;0;0,53;0;11399,47;11399,47;0,53;0;0;0;0;0;0;0;0;0;0;0;0;0;0;0;0;0;0;0;84.10.10.301.3003.3.367.44905100.02.0;89;Obras em Andamento - Uso Comum do Povo;1;Hospitais e similares;51;Obras e Instalações;0,53
227772;6131;2016;22;Secretaria Municipal de Infra-Estrutura Urbana e Obras;10;Gabinete do Secretário;5;Nota de Empenho Fornecimento de Bens de Consumo e/ou Permanente;8;Art. 24 Inciso II da lei Federal 8.666/93;6;Dispensa de Licitação;18/03/2016 00:00;12/03/2017 00:00;12/03/2017 00:00;0;0;360;270000;0;153916,36;0;A;9;umental;-1;-1;;;;;26;CONSULTORIA;;;;18/03/2016 00:00;19/03/2016 00:00;104;;;;;2,01303E+11;P;;;;Emprenho de recursos - Reembolso de custas judiciais - Operação Urbana Consorciada Água Espraiada.;;22;Secretaria Municipal de Infra-Estrutura Urbana e Obras;10;Gabinete do Secretário;150000;0;360;120000;0;270000;270000;0;153916,36;0;116083,64;0;153916,36;153916,36;116083,64;270000;0;153916,36;0;116083,64;0;153916,36;153916,36;116083,64;0;0;0;0;0;0;0;0;0;0;0;80;0;0;0;0;0;0;0;37.30.15.451.3009.5.100.44906100.08.0;99;Outras Aquisições de Bens Imóveis;1;Desapropriações;61;Aquisição de Imóveis;116083,64
225211;3844;2016;22;Secretaria Municipal de Infra-Estrutura Urbana e Obras;10;Gabinete do Secretário;2;Termo de Contrato - Serviços;1;Art. 22 - Inciso I Lei Federal  8.666/93;4;Concorrência;15/03/2016 00:00;12/06/2016 00:00;12/06/2016 00:00;0;0;90;498790,66;0;494778,83;0;A;9;umental;2014;27;22;Secretaria Municipal de Infra-Estrutura Urbana e Obras;;;41;SEM REAJUSTE;;;;25/02/2016 00:00;04/03/2016 00:00;71;;;;;2,01501E+11;P;;;;SP/SÉ - MANUTENÇÃO DO EDIFÍCIO MARROCOS;;22;Secretaria Municipal de Infra-Estrutura Urbana e Obras;10;Gabinete do Secretário;498790,66;0;90;0;0;498790,66;498790,66;0;494778,83;0;4011,83;0;494778,83;494778,83;4011,83;498790,66;0;494778,83;0;4011,83;0;494778,83;494778,83;4011,83;0;0;0;0;0;0;0;0;0;0;0;0;0;0;0;0;0;0;0;16.10.12.122.3024.2.100.33903900.00.0;16;Manutenção e Conservação de Bens Imóveis;17;Manutenção e Conservação de Bens Imóveis;39;Outros Serviços de Terceiros - Pessoa Jurídica;4011,83
247300;23151;2016;22;Secretaria Municipal de Infra-Estrutura Urbana e Obras;10;Gabinete do Secretário;2;Termo de Contrato - Serviços;10;Art. 24 Inciso IV da lei Federal 8.666/93;6;Dispensa de Licitação;15/02/2016 00:00;12/08/2016 00:00;12/08/2016 00:00;0;0;180;20135210,51;0;19715538,02;0;A;9;umental;-1;-1;;;;;41;SEM REAJUSTE;;;;12/08/2016 00:00;13/08/2016 00:00;61;;;;;2,016E+11;P;;;;Obra de Emergência - Formalização do Contrato - Recuperação Estrutural do Viaduto Santo Amaro.;;22;Secretaria Municipal de Infra-Estrutura Urbana e Obras;10;Gabinete do Secretário;20135210,51;0;180;0;0;20135210,51;20135210,51;0;19715538,02;0;419672,49;0;19715538,02;19715538,02;419672,49;20135210,51;0;19715538,02;0;419672,49;0;19715538,02;19715538,02;419672,49;0;0;0;0;0;0;0;0;0;0;0;0;0;0;0;0;0;0;0;22.10.15.451.3009.5.100.44905100.00.0;89;Obras em Andamento - Uso Comum do Povo;19;Sistemas Viários;51;Obras e Instalações;419672,49
250486;25966;2016;22;Secretaria Municipal de Infra-Estrutura Urbana e Obras;10;Gabinete do Secretário;5;Nota de Empenho Fornecimento de Bens de Consumo e/ou Permanente;39;Não Aplicável;8;Não Aplicável;03/10/2016 00:00;12/10/2016 00:00;12/10/2016 00:00;0;0;10;1305937,44;0;1305937,44;0;A;1;;-1;-1;;;;;41;SEM REAJUSTE;;;;28/09/2016 00:00;01/10/2016 00:00;116;;;;;2,011E+11;P;;;;Desap - Melhoramento do núcleo habitacional destinado a população de baixa renda - Depósito complementar!;;22;Secretaria Municipal de Infra-Estrutura Urbana e Obras;10;Gabinete do Secretário;1288411,06;0;10;17526,38;0;1305937,44;1305937,44;0;1305937,44;0;0;0;1305937,44;1305937,44;1288411,06;1305937,44;0;1305937,44;0;0;0;1305937,44;1305937,44;1288411,06;0;0;0;0;0;0;0;0;0;0;0;1,36;0;0;0;0;0;0;0;37.30.15.451.3009.5.100.44906100.08.0;99;Outras Aquisições de Bens Imóveis;1;Desapropriações;61;Aquisição de Imóveis;0
246933;22822;2016;22;Secretaria Municipal de Infra-Estrutura Urbana e Obras;10;Gabinete do Secretário;2;Termo de Contrato - Serviços;7;Art. 24 - Inciso I Lei Federal  8.666/93;6;Dispensa de Licitação;18/10/2016 00:00;11/11/2016 00:00;12/11/2016 00:00;0;0;25;13399,99;0;13399,99;0;E;9;umental;-1;-1;;;;;41;SEM REAJUSTE;;;;16/08/2016 00:00;18/08/2016 00:00;60;;;;Dispensa de Licit;6,0222E+15;S;;;;Dispensa de Licitação - Prestação de Serviços Técnicos-Profissionais para execução de sondagem e parecer técnico de fundações para construção da CEI/EMEI Chácara do Conde (Setor 3004) - SP/CL;;22;Secretaria Municipal de Infra-Estrutura Urbana e Obras;10;Gabinete do Secretário;13400;0;25;0;0;13400;13400;0;13399,99;0,01;0;0;13399,99;13399,99;0,01;13400;0;13399,99;0,01;0;0;13399,99;13399,99;0,01;0;0;0;0;0;0;0;0;0;0;0;0;0;0;0;0;0;0;0;16.10.12.365.3010.3.359.44905100.00.0;89;Obras em Andamento - Uso Comum do Povo;2;Escolas e similares;51;Obras e Instalações;0
251198;26560;2016;22;Secretaria Municipal de Infra-Estrutura Urbana e Obras;10;Gabinete do Secretário;2;Termo de Contrato - Serviços;1;Art. 22 - Inciso I Lei Federal  8.666/93;4;Concorrência;14/10/2016 00:00;12/12/2016 00:00;12/12/2016 00:00;0;0;60;5102475,88;0;5099822,63;0;A;9;umental;-1;-1;;;;;2;ESTRUTURA GERAL;;;;30/09/2016 00:00;01/10/2016 00:00;116;;;;;2,01602E+11;P;;;;Concorrência nº 140160150 - Execução das obras e serviços de reforma e adequação da Pista e Pit-Lane do Autódromo Municipal José Carlos Pace - Interlagos, visando a realização do 45ºPrêmio Brasil de Fórmula 1 - 2016;;22;Secretaria Municipal de Infra-Estrutura Urbana e Obras;10;Gabinete do Secretário;5102475,88;0;60;0;0;5102475,88;5102475,88;0;5099822,63;0;2653,25;0;5099822,63;5099822,63;2653,25;5102475,88;0;5099822,63;0;2653,25;0;5099822,63;5099822,63;2653,25;0;0;0;0;0;0;0;0;0;0;0;0;0;0;0;0;0;0;0;22.10.27.813.3015.1.109.44905100.00.0;99;Outras Obras e Instalações;99;Outras Obras e Instalações;51;Obras e Instalações;2653,25
253259;28316;2016;86;Fundo Municipal de Saneamento Ambiental e Infraestrutura;22;;2;Termo de Contrato - Serviços;1;Art. 22 - Inciso I Lei Federal  8.666/93;4;Concorrência;18/07/2013 00:00;13/01/2014 00:00;13/01/2014 00:00;0;0;180;297603,61;297603,61;0;297603,61;A;9;umental;-1;-1;;;;;2;ESTRUTURA GERAL;;;;16/07/2013 00:00;17/07/2013 00:00;56;;;;;2,01302E+11;P;;;;CT - 040/SIURB/13 - Lote 3;;86;Fundo Municipal de Saneamento Ambiental e Infraestrutura;22;;26992068,42;0;180;-26694464,81;297603,61;595207,22;595207,22;0;297603,61;0;297603,61;0;297603,61;297603,61;0;297603,61;0;0;0;297603,61;0;0;0;0;297603,61;0;297603,61;0;0;0;297603,61;297603,61;0;0;0;0;98,9;0;0;0;0;0;0;86.22.17.451.3008.5.013.44909200.03.0;99;Outras Despesas de Exercícios Anteriores;4;Obras e Instalações;92;Despesas de Exercícios Anteriores;297603,61
242924;19333;2016;22;Secretaria Municipal de Infra-Estrutura Urbana e Obras;10;Gabinete do Secretário;2;Termo de Contrato - Serviços;1;Art. 22 - Inciso I Lei Federal  8.666/93;4;Concorrência;15/07/2016 00:00;12/10/2016 00:00;13/10/2016 00:00;0;0;90;385011,56;0;385011,56;0;E;9;umental;2014;21;22;Secretaria Municipal de Infra-Estrutura Urbana e Obras;;;41;SEM REAJUSTE;;;;13/07/2016 00:00;13/07/2016 00:00;61;;;;007/SIURB/14;7,9102E+15;S;;;;Execução de serviços gerais de manutenção previstos na ATA DE REGISTRO DE PREÇOS nº 021/SIURB/2014 - AGRUPAMENTO  021  -  Subprefeitura Pinheiros - SP/PI,  com fornecimento de materiais de primeira linha e mão-de-obra especializada para execução de serviços gerais de manutenção preventiva, corretiva, reparações, adaptações e modificações, no (a) MANUTENÇÃO E  READEQUAÇÃO NA CALÇADA DA RUA JOÃO ELIAS SAADA - PINHEIROS - São Paulo/SP.;;22;Secretaria Municipal de Infra-Estrutura Urbana e Obras;10;Gabinete do Secretário;492970,55;0;90;0;0;492970,55;492970,55;0;385011,56;107958,99;0;0;385011,56;385011,56;107958,99;492970,55;0;385011,56;107958,99;0;0;385011,56;385011,56;107958,99;0;0;0;0;0;0;0;0;0;0;0;0;0;0;0;0;0;0;0;37.50.15.451.3022.3.352.44905100.08.0;99;Outras Obras e Instalações;99;Outras Obras e Instalações;51;Obras e Instalações;0
242918;19327;2016;22;Secretaria Municipal de Infra-Estrutura Urbana e Obras;10;Gabinete do Secretário;2;Termo de Contrato - Serviços;1;Art. 22 - Inciso I Lei Federal  8.666/93;4;Concorrência;15/07/2016 00:00;12/10/2016 00:00;13/10/2016 00:00;0;0;90;822705,01;0;822705,01;0;E;9;umental;2014;21;22;Secretaria Municipal de Infra-Estrutura Urbana e Obras;;;41;SEM REAJUSTE;;;;13/07/2016 00:00;13/07/2016 00:00;61;;;;007/SIURB/14;7,9102E+15;S;;;;Execução de serviços gerais de manutenção previstos na ATA DE REGISTRO DE PREÇOS nº 021/SIURB/2014 - AGRUPAMENTO  021  -  Subprefeitura Pinheiros - SP/PI,  com fornecimento de materiais de primeira linha e mão-de-obra especializada para execução de serviços gerais de manutenção preventiva, corretiva, reparações, adaptações e modificações, no (a) MANUTENÇÃO, READEQUAÇÃO  E ACESSIBILIDADE NO PASSEIO PÚBLICO, LOCALIZADO À  RUA AMARO CAVALHEIRO - PINHEIROS - SÃO PAULO/SP.;;22;Secretaria Municipal de Infra-Estrutura Urbana e Obras;10;Gabinete do Secretário;975192,31;0;90;0;0;975192,31;975192,31;0;822705,01;152487,3;0;0;822705,01;822705,01;152487,3;975192,31;0;822705,01;152487,3;0;0;822705,01;822705,01;152487,3;0;0;0;0;0;0;0;0;0;0;0;0;0;0;0;0;0;0;0;37.50.15.451.3022.3.352.44905100.08.0;99;Outras Obras e Instalações;99;Outras Obras e Instalações;51;Obras e Instalações;0
242833;19246;2016;22;Secretaria Municipal de Infra-Estrutura Urbana e Obras;10;Gabinete do Secretário;2;Termo de Contrato - Serviços;1;Art. 22 - Inciso I Lei Federal  8.666/93;4;Concorrência;15/07/2016 00:00;12/10/2016 00:00;13/10/2016 00:00;0;0;90;596171,41;0;596171,41;0;E;9;umental;2014;21;22;Secretaria Municipal de Infra-Estrutura Urbana e Obras;;;41;SEM REAJUSTE;;;;13/07/2016 00:00;13/07/2016 00:00;61;;;;007/SIURB/14;7,9102E+15;S;;;;Execução de serviços gerais de manutenção previstos na ATA DE REGISTRO DE PREÇOS nº 021/SIURB/2014 - AGRUPAMENTO  021  -  Subprefeitura Pinheiros - SP/PI,  com fornecimento de materiais de primeira linha e mão-de-obra especializada para execução de serviços gerais de manutenção preventiva, corretiva, reparações, adaptações e modificações, no (a) MANUTENÇÃO, READEQUAÇÃO E ACESSIBILIDADE NO PASSEIO PÚBLICO, LOCALIZADO À RUA AMARO CAVALHEIRO - PINHEIROS- SÃO PAULO/SP;;22;Secretaria Municipal de Infra-Estrutura Urbana e Obras;10;Gabinete do Secretário;736335,9;0;90;0;0;736335,9;736335,9;0;596171,41;140164,49;0;0;596171,41;596171,41;140164,49;736335,9;0;596171,41;140164,49;0;0;596171,41;596171,41;140164,49;0;0;0;0;0;0;0;0;0;0;0;0;0;0;0;0;0;0;0;37.50.15.451.3022.3.352.44905100.08.0;99;Outras Obras e Instalações;99;Outras Obras e Instalações;51;Obras e Instalações;0
242858;19270;2016;22;Secretaria Municipal de Infra-Estrutura Urbana e Obras;10;Gabinete do Secretário;2;Termo de Contrato - Serviços;1;Art. 22 - Inciso I Lei Federal  8.666/93;4;Concorrência;15/07/2016 00:00;12/10/2016 00:00;13/10/2016 00:00;0;0;90;69974,64;0;69974,64;0;E;9;umental;2014;21;22;Secretaria Municipal de Infra-Estrutura Urbana e Obras;;;41;SEM REAJUSTE;;;;14/07/2016 00:00;14/07/2016 00:00;61;;;;007/siurb/2014;7,9102E+15;S;;;;Execução de serviços gerais de manutenção previstos na ATA DE REGISTRO DE PREÇOS nº 021/SIURB/2014 - AGRUPAMENTO  021  -  Subprefeitura Pinheiros - SP/PI,  com fornecimento de materiais de primeira linha e mão-de-obra especializada para execução de serviços gerais de manutenção preventiva, corretiva, reparações, adaptações e modificações, no (a) RUA COSTA CARVALHO - PINHEIROS  - SÃO PAULO/SP.;;22;Secretaria Municipal de Infra-Estrutura Urbana e Obras;10;Gabinete do Secretário;352574,03;0;90;0;0;352574,03;352574,03;0;69974,64;282599,39;0;0;69974,64;69974,64;282599,39;352574,03;0;69974,64;282599,39;0;0;69974,64;69974,64;282599,39;0;0;0;0;0;0;0;0;0;0;0;0;0;0;0;0;0;0;0;37.50.15.451.3022.3.352.44905100.08.0;99;Outras Obras e Instalações;99;Outras Obras e Instalações;51;Obras e Instalações;0
242902;19314;2016;22;Secretaria Municipal de Infra-Estrutura Urbana e Obras;10;Gabinete do Secretário;2;Termo de Contrato - Serviços;1;Art. 22 - Inciso I Lei Federal  8.666/93;4;Concorrência;15/07/2016 00:00;12/10/2016 00:00;13/10/2016 00:00;0;0;90;451110,5;0;451110,5;0;E;9;umental;2014;21;22;Secretaria Municipal de Infra-Estrutura Urbana e Obras;;;41;SEM REAJUSTE;;;;13/07/2016 00:00;13/07/2016 00:00;61;;;;007/SIURB/2014;7,9102E+15;S;;;;Execução de serviços gerais de manutenção previstos na ATA DE REGISTRO DE PREÇOS nº 021/SIURB/2014 - AGRUPAMENTO  021  -  Subprefeitura Pinheiros - SP/PI,  com fornecimento de materiais de primeira linha e mão-de-obra especializada para execução de serviços gerais de manutenção preventiva, corretiva, reparações, adaptações e modificações, no (a) MANUTENÇÃO E READEQUAÇÃO AO ACESSO DA PONTE BERNARDO GOLDFARB  - PINHEIROS - SÃO PAULO/SP.;;22;Secretaria Municipal de Infra-Estrutura Urbana e Obras;10;Gabinete do Secretário;1024777,03;0;90;0;0;1024777,03;1024777,03;0;451110,5;573666,53;0;0;451110,5;451110,5;573666,53;1024777,03;0;451110,5;573666,53;0;0;451110,5;451110,5;573666,53;0;0;0;0;0;0;0;0;0;0;0;0;0;0;0;0;0;0;0;37.50.15.451.3022.3.352.44905100.08.0;99;Outras Obras e Instalações;99;Outras Obras e Instalações;51;Obras e Instalações;0
242894;19306;2016;22;Secretaria Municipal de Infra-Estrutura Urbana e Obras;10;Gabinete do Secretário;2;Termo de Contrato - Serviços;1;Art. 22 - Inciso I Lei Federal  8.666/93;4;Concorrência;15/07/2016 00:00;12/10/2016 00:00;13/10/2016 00:00;0;0;90;354048,71;0;354048,71;0;E;9;umental;2014;21;22;Secretaria Municipal de Infra-Estrutura Urbana e Obras;;;41;SEM REAJUSTE;;;;13/07/2016 00:00;13/07/2016 00:00;61;;;;007/siurb/2014;7,9102E+15;S;;;;Execução de serviços gerais de manutenção previstos na ATA DE REGISTRO DE PREÇOS nº 021/SIURB/2014 - AGRUPAMENTO  021  -  Subprefeitura Pinheiros - SP/PI,  com fornecimento de materiais de primeira linha e mão-de-obra especializada para execução de serviços gerais de manutenção preventiva, corretiva, reparações, adaptações e modificações, no (a) Manutenção, readequação e acessibilidade no passeio público, localizado à Rua Eugênio de Medeiros  - Pinheiros - São Paulo/SP.;;22;Secretaria Municipal de Infra-Estrutura Urbana e Obras;10;Gabinete do Secretário;597631,86;0;90;0;0;597631,86;597631,86;0;354048,71;243583,15;0;0;354048,71;354048,71;243583,15;597631,86;0;354048,71;243583,15;0;0;354048,71;354048,71;243583,15;0;0;0;0;0;0;0;0;0;0;0;0;0;0;0;0;0;0;0;37.50.15.451.3022.3.352.44905100.08.0;99;Outras Obras e Instalações;99;Outras Obras e Instalações;51;Obras e Instalações;0
242884;19296;2016;22;Secretaria Municipal de Infra-Estrutura Urbana e Obras;10;Gabinete do Secretário;2;Termo de Contrato - Serviços;1;Art. 22 - Inciso I Lei Federal  8.666/93;4;Concorrência;15/07/2016 00:00;12/10/2016 00:00;13/10/2016 00:00;0;0;90;1008659,59;0;1008659,59;0;E;9;umental;2014;21;22;Secretaria Municipal de Infra-Estrutura Urbana e Obras;;;41;SEM REAJUSTE;;;;13/07/2016 00:00;13/07/2016 00:00;61;;;;007/SIURB/2014;7,9102E+15;S;;;;Execução de serviços gerais de manutenção previstos na ATA DE REGISTRO DE PREÇOS nº 021/SIURB/2014 - AGRUPAMENTO  021  -  Subprefeitura Pinheiros - SP/PI,  com fornecimento de materiais de primeira linha e mão-de-obra especializada para execução de serviços gerais de manutenção preventiva, corretiva, reparações, adaptações e modificações, no (a) READEQUAÇÃO E ACESSIBILIDADE (PASSEIO PÚBLICO) NA RUA DE LIGAÇÃO ENTRE AS RUAS AMARO CAVALHEIRO E BUTANTÃ - PINHEIROS- SÃO PAULO/SP.;;22;Secretaria Municipal de Infra-Estrutura Urbana e Obras;10;Gabinete do Secretário;1092678,36;0;90;0;0;1092678,36;1092678,36;0;1008659,59;84018,77;0;0;1008659,59;1008659,59;84018,77;1092678,36;0;1008659,59;84018,77;0;0;1008659,59;1008659,59;84018,77;0;0;0;0;0;0;0;0;0;0;0;0;0;0;0;0;0;0;0;37.50.15.451.3022.3.352.44905100.08.0;99;Outras Obras e Instalações;99;Outras Obras e Instalações;51;Obras e Instalações;0
242852;19264;2016;22;Secretaria Municipal de Infra-Estrutura Urbana e Obras;10;Gabinete do Secretário;2;Termo de Contrato - Serviços;1;Art. 22 - Inciso I Lei Federal  8.666/93;4;Concorrência;15/07/2016 00:00;12/10/2016 00:00;13/10/2016 00:00;0;0;90;96950,71;0;96950,71;0;E;9;umental;2014;21;22;Secretaria Municipal de Infra-Estrutura Urbana e Obras;;;41;SEM REAJUSTE;;;;13/07/2016 00:00;13/07/2016 00:00;69;;;;007/SIURB/14;7,9102E+15;S;;;;Execução de serviços gerais de manutenção previstos na ATA DE REGISTRO DE PREÇOS nº 021/SIURB/2014 - AGRUPAMENTO  021  -  Subprefeitura Pinheiros - SP/PI,  com fornecimento de materiais de primeira linha e mão-de-obra especializada para execução de serviços gerais de manutenção preventiva, corretiva, reparações, adaptações e modificações, no (a) Manutenção e Readequação à Rua Eugênio de Medeiros - Pinheiros.;;22;Secretaria Municipal de Infra-Estrutura Urbana e Obras;10;Gabinete do Secretário;1329713,87;0;90;0;0;1329713,87;1329713,87;0;96950,71;1232763,16;0;0;96950,71;96950,71;1232763,16;1329713,87;0;96950,71;1232763,16;0;0;96950,71;96950,71;1232763,16;0;0;0;0;0;0;0;0;0;0;0;0;0;0;0;0;0;0;0;37.50.15.451.3022.3.352.44905100.08.0;99;Outras Obras e Instalações;99;Outras Obras e Instalações;51;Obras e Instalações;0
242928;19337;2016;22;Secretaria Municipal de Infra-Estrutura Urbana e Obras;10;Gabinete do Secretário;2;Termo de Contrato - Serviços;1;Art. 22 - Inciso I Lei Federal  8.666/93;4;Concorrência;15/07/2016 00:00;12/10/2016 00:00;13/10/2016 00:00;0;0;90;335802,51;0;335802,51;0;E;9;umental;2014;21;22;Secretaria Municipal de Infra-Estrutura Urbana e Obras;;;41;SEM REAJUSTE;;;;13/07/2016 00:00;13/07/2016 00:00;70;;;;007/SIURB/14;7,9102E+15;S;;;;Execução de serviços gerais de manutenção previstos na ATA DE REGISTRO DE PREÇOS nº 021/SIURB/2014 - AGRUPAMENTO  021  -  Subprefeitura Pinheiros - SP/PI,  com fornecimento de materiais de primeira linha e mão-de-obra especializada para execução de serviços gerais de manutenção preventiva, corretiva, reparações, adaptações e modificações, no (a) MANUTENÇÃO E READEQUAÇÃO DA CALÇADA DA RUA COSTA  CARVALHO - PINHEIROS - SÃO PAULO/SP.;;22;Secretaria Municipal de Infra-Estrutura Urbana e Obras;10;Gabinete do Secretário;1183847,27;0;90;0;0;1183847,27;1183847,27;0;335802,51;848044,76;0;0;335802,51;335802,51;848044,72;1183847,27;0;335802,51;848044,76;0;0;335802,51;335802,51;848044,72;0;0;0;0;0;0;0;0;0;0;0;0;0;0;0;0;0;0;0;37.50.15.451.3022.3.352.44905100.08.0;99;Outras Obras e Instalações;99;Outras Obras e Instalações;51;Obras e Instalações;0
243045;19441;2016;22;Secretaria Municipal de Infra-Estrutura Urbana e Obras;10;Gabinete do Secretário;2;Termo de Contrato - Serviços;1;Art. 22 - Inciso I Lei Federal  8.666/93;4;Concorrência;15/09/2016 00:00;13/03/2017 00:00;14/03/2017 00:00;0;0;180;172243,85;0;172243,85;0;E;9;umental;-1;-1;;;;;41;SEM REAJUSTE;;;;11/07/2016 00:00;12/07/2016 00:00;67;;;;;7,9102E+15;S;;;;Contratação para a prestação de serviços de conservação e manutenção da malha viária na Rua João Elias Saada, entre as ruas Ferreira de Araújo e Padre Carvalho - Pinheiros. Ata de Registro de Preços nº 26/SMSP/COGEL/2014 - Soebe Construção e Pavimentação Ltda.;;22;Secretaria Municipal de Infra-Estrutura Urbana e Obras;10;Gabinete do Secretário;346073,22;0;180;0;0;346073,22;346073,22;0;172243,85;173829,37;0;0;172243,85;172243,85;173829,37;346073,22;0;172243,85;173829,37;0;0;172243,85;172243,85;173829,37;0;0;0;0;0;0;0;0;0;0;0;0;0;0;0;0;0;0;0;37.50.15.451.3022.3.352.44905100.08.0;99;Outras Obras e Instalações;99;Outras Obras e Instalações;51;Obras e Instalações;0
243042;19438;2016;22;Secretaria Municipal de Infra-Estrutura Urbana e Obras;10;Gabinete do Secretário;2;Termo de Contrato - Serviços;1;Art. 22 - Inciso I Lei Federal  8.666/93;4;Concorrência;15/09/2016 00:00;13/03/2017 00:00;14/03/2017 00:00;0;0;180;785597,36;0;785597,36;0;E;9;umental;-1;-1;;;;;41;SEM REAJUSTE;;;;11/07/2016 00:00;12/07/2016 00:00;68;;;;;7,9102E+15;S;;;;Contratação para a prestação de serviços de requalificação, visando a conservação e manutenção da malha viária nas Ruas: Costa Carvalho, Sumidouro até Prof. Frederico Hermann Júnior - Pinheiros - Ata de Registro de Preços nº  26/SMSP/COGEL/2014 - Detentora: Soebe Construção e Pavimentação Ltda.;;22;Secretaria Municipal de Infra-Estrutura Urbana e Obras;10;Gabinete do Secretário;4128044,6;0;180;0;0;4128044,6;4128044,6;0;785597,36;3342447,24;0;0;785597,36;785597,36;3342447,24;4128044,6;0;785597,36;3342447,24;0;0;785597,36;785597,36;3342447,24;0;0;0;0;0;0;0;0;0;0;0;0;0;0;0;0;0;0;0;37.50.15.451.3022.3.352.44905100.08.0;99;Outras Obras e Instalações;99;Outras Obras e Instalações;51;Obras e Instalações;0
243048;19444;2016;22;Secretaria Municipal de Infra-Estrutura Urbana e Obras;10;Gabinete do Secretário;2;Termo de Contrato - Serviços;1;Art. 22 - Inciso I Lei Federal  8.666/93;4;Concorrência;15/09/2016 00:00;13/03/2017 00:00;14/03/2017 00:00;0;0;180;129680,75;0;129680,75;0;E;9;umental;-1;-1;;;;;41;SEM REAJUSTE;;;;11/07/2016 00:00;12/07/2016 00:00;67;;;;;7,9102E+15;S;;;;Contratação para a prestação de serviços de requalificação, visando à conservação e manutenção da malha viária na Rua Eugênio de Medeiros, entre as Ruas: Paes Leme e a Ponte Bernardo Goldfarb - Pinheiros - Ata de Registro de Preços nº 26/SMSP/COGEL/2014 - Soebe Construção e Pavimentação Ltda.;;22;Secretaria Municipal de Infra-Estrutura Urbana e Obras;10;Gabinete do Secretário;3068107,18;0;180;0;0;3068107,18;3068107,18;0;129680,75;2938426,43;0;0;129680,75;129680,75;2938426,43;3068107,18;0;129680,75;2938426,43;0;0;129680,75;129680,75;2938426,43;0;0;0;0;0;0;0;0;0;0;0;0;0;0;0;0;0;0;0;37.50.15.451.3022.3.352.44905100.08.0;99;Outras Obras e Instalações;99;Outras Obras e Instalações;51;Obras e Instalações;0
243043;19439;2016;22;Secretaria Municipal de Infra-Estrutura Urbana e Obras;10;Gabinete do Secretário;2;Termo de Contrato - Serviços;1;Art. 22 - Inciso I Lei Federal  8.666/93;4;Concorrência;15/09/2016 00:00;13/03/2017 00:00;14/03/2017 00:00;0;0;180;1999480,75;0;1999480,75;0;E;9;umental;-1;-1;;;;;41;SEM REAJUSTE;;;;11/07/2016 00:00;11/07/2016 00:00;68;;;;;7,9102E+15;S;;;;Contratação para a prestação de serviços de requalificação, visando à recuperação do pavimento dasRuas: Amaro Cavalheiro e Nova Amaro Cavalheiro, entre as Ruas: Paes Leme e Butantã e a Rua PascoalBianco - Pinheiros - Ata de Registro de Preços nº 26/SMSP/COGEL/2014 - Detentora: Soebe Construção ePavimentação;;22;Secretaria Municipal de Infra-Estrutura Urbana e Obras;10;Gabinete do Secretário;3442446,89;0;180;0;0;3442446,89;3442446,89;0;1999480,75;1442966,14;0;0;1999480,75;1999480,75;1422966,14;3442446,89;0;1999480,75;1442966,14;0;0;1999480,75;1999480,75;1422966,14;0;0;0;0;0;0;0;0;0;0;0;0;0;0;0;0;0;0;0;37.50.15.451.3022.3.352.44905100.08.0;99;Outras Obras e Instalações;99;Outras Obras e Instalações;51;Obras e Instalações;0
231049;8990;2016;86;Fundo Municipal de Saneamento Ambiental e Infraestrutura;22;;2;Termo de Contrato - Serviços;8;Art. 24 Inciso II da lei Federal 8.666/93;6;Dispensa de Licitação;17/12/2015 00:00;14/02/2016 00:00;14/04/2016 00:00;0;0;60;2677859,14;0;1788794,68;0;A;9;umental;-1;-1;;;;;2;ESTRUTURA GERAL;;;;17/12/2015 00:00;18/12/2015 00:00;74;;;;;2,01503E+11;P;;;;Contratação para a prestação de requalificação, visando a restauração das condições de uso da Av. Tenente Amaro Felicíssimo da Silveira, no cruzamento com a Alameda 1º Sargento Basílio Nogueira da Costa - Ata de Registro de Preços nº 29/SMSP/COGEL/2014.;;86;Fundo Municipal de Saneamento Ambiental e Infraestrutura;22;;2677859,14;0;60;0;0;2677859,14;2677859,14;0;1788794,68;0;889064,46;0;1788794,68;1788794,68;211205,32;2677859,14;0;1788794,68;0;889064,46;0;1788794,68;1788794,68;211205,32;0;0;0;0;0;0;0;0;0;0;0;0;0;0;0;0;0;60;0;86.22.17.451.3008.5.013.44905100.03.0;99;Outras Obras e Instalações;99;Outras Obras e Instalações;51;Obras e Instalações;889064,46
249267;24880;2016;22;Secretaria Municipal de Infra-Estrutura Urbana e Obras;10;Gabinete do Secretário;2;Termo de Contrato - Serviços;1;Art. 22 - Inciso I Lei Federal  8.666/93;4;Concorrência;17/10/2016 00:00;14/04/2017 00:00;14/04/2017 00:00;0;0;180;2668355,84;250000;2650565,05;53742,88;A;9;umental;-1;-1;;;;;41;SEM REAJUSTE;;;;19/09/2016 00:00;20/09/2016 00:00;85;;;;007/2015/SIURB;2,01304E+11;P;;;;EXECUÇÃO  DE  SERVIÇOS E OBRAS PARA CONSTRUÇÃO  DA CASA DE PASSAGEM;;22;Secretaria Municipal de Infra-Estrutura Urbana e Obras;10;Gabinete do Secretário;2518338,64;0;180;150017,2;250000;2918355,84;2918355,84;0;2704307,93;0;214047,91;0;2704307,93;2704307,93;3792076,09;2668355,84;0;2650565,05;0;17790,79;0;2650565,05;2650565,05;3775605,71;250000;0;53742,88;0;196257,12;0;53742,88;53742,88;16470,38;0;0;5,96;0;0;0;0;0;0;0;79.10.14.422.3013.3.412.44905100.02.0;99;Outras Obras e Instalações;99;Outras Obras e Instalações;51;Obras e Instalações;214047,91
238502;15483;2016;86;Fundo Municipal de Saneamento Ambiental e Infraestrutura;22;FMSAI - Secretaria Municipal de Infraestrutura Urbana e Obras;5;Nota de Empenho Fornecimento de Bens de Consumo e/ou Permanente;8;Art. 24 Inciso II da lei Federal 8.666/93;6;Dispensa de Licitação;10/06/2016 00:00;14/06/2016 00:00;14/06/2016 00:00;0;0;5;307225,02;0;0;0;A;1;;-1;-1;;;;;41;SEM REAJUSTE;;;;06/06/2016 00:00;10/06/2016 00:00;61;;;;;2,01601E+11;P;;;;Indenização de Benfeitorias - Obra Publica;;86;Fundo Municipal de Saneamento Ambiental e Infraestrutura;22;FMSAI - Secretaria Municipal de Infraestrutura Urbana e Obras;307225,02;0;5;0;0;307225,02;307225,02;0;0;0;307225,02;0;0;0;307225,02;307225,02;0;0;0;307225,02;0;0;0;307225,02;0;0;0;0;0;0;0;0;0;0;0;0;0;0;0;0;0;0;0;86.22.17.451.3008.5.013.44904800.03.0;99;Outros Auxílios Financeiros a Pessoa Física;99;Outros Auxílios Financeiros a Pessoas Físicas;48;Outros Auxílios Financeiros a Pessoas Físicas;307225,02
238489;15472;2016;86;Fundo Municipal de Saneamento Ambiental e Infraestrutura;22;FMSAI - Secretaria Municipal de Infraestrutura Urbana e Obras;5;Nota de Empenho Fornecimento de Bens de Consumo e/ou Permanente;8;Art. 24 Inciso II da lei Federal 8.666/93;6;Dispensa de Licitação;10/06/2016 00:00;14/06/2016 00:00;14/06/2016 00:00;0;0;5;95010,99;0;95010,99;0;A;1;;-1;-1;;;;;41;SEM REAJUSTE;;;;06/06/2016 00:00;10/06/2016 00:00;61;;;;;2,016E+11;P;;;;Indenização de Benfeitorias - Obra Publica;;86;Fundo Municipal de Saneamento Ambiental e Infraestrutura;22;FMSAI - Secretaria Municipal de Infraestrutura Urbana e Obras;95010,99;0;5;0;0;95010,99;95010,99;0;95010,99;0;0;0;95010,99;95010,99;0;95010,99;0;95010,99;0;0;0;95010,99;95010,99;0;0;0;0;0;0;0;0;0;0;0;0;0;0;0;0;0;0;0;0;86.22.17.451.3008.5.013.44904800.03.0;99;Outros Auxílios Financeiros a Pessoa Física;99;Outros Auxílios Financeiros a Pessoas Físicas;48;Outros Auxílios Financeiros a Pessoas Físicas;0
241468;18059;2016;22;Secretaria Municipal de Infra-Estrutura Urbana e Obras;10;Gabinete do Secretário;5;Nota de Empenho Fornecimento de Bens de Consumo e/ou Permanente;39;Não Aplicável;8;Não Aplicável;05/07/2016 00:00;14/07/2016 00:00;14/07/2016 00:00;0;0;10;2880;0;2880;0;E;9;umental;-1;-1;;;;;41;SEM REAJUSTE;;;;29/06/2016 00:00;02/07/2016 00:00;59;;;;;6,0222E+15;S;;;;Aquisição de 1.000 (um mil) kgs de açúcar refinado amorfo/microcristalino;;22;Secretaria Municipal de Infra-Estrutura Urbana e Obras;10;Gabinete do Secretário;2880;0;10;0;0;2880;2880;0;2880;0;0;0;2880;2880;0;2880;0;2880;0;0;0;2880;2880;0;0;0;0;0;0;0;0;0;0;0;0;0;0;0;0;0;0;0;0;22.10.15.122.3024.2.100.33903000.00.0;7;Gêneros de Alimentação;1;Açúcar;30;Material de Consumo;0
245596;21693;2016;22;Secretaria Municipal de Infra-Estrutura Urbana e Obras;10;Gabinete do Secretário;5;Nota de Empenho Fornecimento de Bens de Consumo e/ou Permanente;39;Não Aplicável;8;Não Aplicável;10/08/2016 00:00;14/08/2016 00:00;14/08/2016 00:00;0;0;5;284486,44;0;284486,44;0;A;1;;-1;-1;;;;;41;SEM REAJUSTE;;;;29/07/2016 00:00;02/08/2016 00:00;83;;;;;2,01102E+11;P;;;;Desap - Melhoramento do Núcleo Habitacional destinado à População de Baixa Renda;;22;Secretaria Municipal de Infra-Estrutura Urbana e Obras;10;Gabinete do Secretário;284486,44;0;5;0;0;284486,44;284486,44;0;284486,44;0;0;0;284486,44;284486,44;0;284486,44;0;284486,44;0;0;0;284486,44;284486,44;0;0;0;0;0;0;0;0;0;0;0;0;0;0;0;0;0;0;0;0;37.30.16.451.3002.3.357.44906100.08.0;99;Outras Aquisições de Bens Imóveis;1;Desapropriações;61;Aquisição de Imóveis;0
245938;21965;2016;22;Secretaria Municipal de Infra-Estrutura Urbana e Obras;10;Gabinete do Secretário;5;Nota de Empenho Fornecimento de Bens de Consumo e/ou Permanente;36;Art. 25 - Inciso I Lei Federal  8.666/93;7;Inexigibilidade;15/08/2016 00:00;14/08/2017 00:00;14/08/2017 00:00;0;0;365;989,9;0;989,9;0;E;9;umental;-1;-1;;;;;41;SEM REAJUSTE;;Maria Aparecida Rodrigues;13/07/2016 00:00;12/08/2016 00:00;13/08/2016 00:00;61;;;;;6,0222E+15;S;;;;Assinatura anual do jornal Folha de São Paulo;;22;Secretaria Municipal de Infra-Estrutura Urbana e Obras;10;Gabinete do Secretário;989,9;0;365;0;0;989,9;989,9;0;989,9;0;0;0;989,9;989,9;0;989,9;0;989,9;0;0;0;989,9;989,9;0;0;0;0;0;0;0;0;0;0;0;0;0;0;0;0;0;0;0;0;22.10.15.122.3024.2.100.33903900.00.0;1;Assinatura de Periódicos e Anuidades;1;Assinatura de Jornais;39;Outros Serviços de Terceiros - Pessoa Jurídica;0
249760;25323;2016;22;Secretaria Municipal de Infra-Estrutura Urbana e Obras;10;Gabinete do Secretário;2;Termo de Contrato - Serviços;7;Art. 24 - Inciso I Lei Federal  8.666/93;6;Dispensa de Licitação;31/10/2016 00:00;14/11/2016 00:00;14/11/2016 00:00;0;0;15;5961,09;0;5374,2;0;A;9;umental;-1;-1;;;;;41;SEM REAJUSTE;;;;22/09/2016 00:00;23/09/2016 00:00;57;;;;DL;2,01402E+11;P;;;;Dispensa de Licitação - Prestação de Serviços técnico-profissionais para levantamento topográfico para construção da UBS Arlindo Bettio - SP/EM.;;22;Secretaria Municipal de Infra-Estrutura Urbana e Obras;10;Gabinete do Secretário;5961,09;0;15;0;0;5961,09;5961,09;0;5374,2;0;586,89;0;5374,2;5374,2;586,89;5961,09;0;5374,2;0;586,89;0;5374,2;5374,2;586,89;0;0;0;0;0;0;0;0;0;0;0;0;0;0;0;0;0;0;0;84.10.10.301.3003.3.367.44905100.02.0;89;Obras em Andamento - Uso Comum do Povo;1;Hospitais e similares;51;Obras e Instalações;586,89
245328;21449;2016;22;Secretaria Municipal de Infra-Estrutura Urbana e Obras;10;Gabinete do Secretário;2;Termo de Contrato - Serviços;1;Art. 22 - Inciso I Lei Federal  8.666/93;4;Concorrência;16/08/2016 00:00;13/11/2016 00:00;14/11/2016 00:00;0;0;90;97872,35;0;97872,35;0;E;9;umental;2014;27;22;Secretaria Municipal de Infra-Estrutura Urbana e Obras;;;41;SEM REAJUSTE;;;;04/08/2016 00:00;05/08/2016 00:00;81;;;;007/SIURB/2014;6,0162E+15;S;;;;Execução de serviços gerais de manutenção previstos na ATA DE REGISTRO DE PREÇOS nº 027/SIURB/2014 - AGRUPAMENTO  027  -  Subprefeitura Sé - SP/SE,  com fornecimento de materiais de primeira linha e mão-de-obra especializada para execução de serviços gerais de manutenção preventiva, corretiva, reparações, adaptações e modificações, no (a) EDIFICIO MARROCOS, situado na Rua Conselheiro Crispiniano, nº 344 - Centro -  São Paulo - SP.;;22;Secretaria Municipal de Infra-Estrutura Urbana e Obras;10;Gabinete do Secretário;99293,16;0;90;0;0;99293,16;99293,16;0;97872,35;1420,81;0;0;97872,35;97872,35;1420,81;99293,16;0;97872,35;1420,81;0;0;97872,35;97872,35;1420,81;0;0;0;0;0;0;0;0;0;0;0;0;0;0;0;0;0;0;0;16.10.12.122.3024.2.100.33903900.00.0;16;Manutenção e Conservação de Bens Imóveis;17;Manutenção e Conservação de Bens Imóveis;39;Outros Serviços de Terceiros - Pessoa Jurídica;0
249631;25207;2016;22;Secretaria Municipal de Infra-Estrutura Urbana e Obras;10;Gabinete do Secretário;2;Termo de Contrato - Serviços;7;Art. 24 - Inciso I Lei Federal  8.666/93;6;Dispensa de Licitação;31/10/2016 00:00;14/11/2016 00:00;14/11/2016 00:00;0;0;15;6986,46;0;6986,46;0;A;9;umental;-1;-1;;;;;41;SEM REAJUSTE;;;;22/09/2016 00:00;23/09/2016 00:00;57;;;;DL;2,01402E+11;P;;;;Dispensa de Licitação - Prestação de serviços técnico-profissionais para levantamento topográfico para construção da UBS Coronel Bento Bicudo - SP/LA.;;22;Secretaria Municipal de Infra-Estrutura Urbana e Obras;10;Gabinete do Secretário;6986,46;0;15;0;0;6986,46;6986,46;0;6986,46;0;0;0;6986,46;6986,46;0;6986,46;0;6986,46;0;0;0;6986,46;6986,46;0;0;0;0;0;0;0;0;0;0;0;0;0;0;0;0;0;0;0;0;84.10.10.301.3003.3.367.44905100.02.0;89;Obras em Andamento - Uso Comum do Povo;1;Hospitais e similares;51;Obras e Instalações;0
248768;24469;2016;22;Secretaria Municipal de Infra-Estrutura Urbana e Obras;10;Gabinete do Secretário;2;Termo de Contrato - Serviços;7;Art. 24 - Inciso I Lei Federal  8.666/93;6;Dispensa de Licitação;31/10/2016 00:00;14/11/2016 00:00;14/11/2016 00:00;0;0;15;5374,2;0;5374,2;0;E;9;umental;-1;-1;;;;;41;SEM REAJUSTE;;;;09/09/2016 00:00;10/09/2016 00:00;57;;;;DL;6,0222E+15;S;;;;Dispensa de Licitação - Prestação de Serviços Técnico-Profissionais para execução de levantamento topográfico para construção do Centro Cultural M'Boi Mirim - SP/MB.;;22;Secretaria Municipal de Infra-Estrutura Urbana e Obras;10;Gabinete do Secretário;5374,2;0;15;0;0;5374,2;5374,2;0;5374,2;0;0;0;5374,2;5374,2;0;5374,2;0;5374,2;0;0;0;5374,2;5374,2;0;0;0;0;0;0;0;0;0;0;0;0;0;0;0;0;0;0;0;0;98.25.13.392.3001.3.400.44905100.08.0;99;Outras Obras e Instalações;99;Outras Obras e Instalações;51;Obras e Instalações;0
254569;29479;2016;86;Fundo Municipal de Saneamento Ambiental e Infraestrutura;22;FMSAI - Secretaria Municipal de Infraestrutura Urbana e Obras;5;Nota de Empenho Fornecimento de Bens de Consumo e/ou Permanente;8;Art. 24 Inciso II da lei Federal 8.666/93;6;Dispensa de Licitação;05/12/2016 00:00;14/12/2016 00:00;14/12/2016 00:00;0;0;10;571951,12;0;0;0;N;1;;-1;-1;;;;;41;SEM REAJUSTE;;;;05/12/2016 00:00;05/12/2016 00:00;100;;;;;2,01401E+11;P;;;;teste;;86;Fundo Municipal de Saneamento Ambiental e Infraestrutura;22;FMSAI - Secretaria Municipal de Infraestrutura Urbana e Obras;571951,12;0;10;0;0;571951,12;571951,12;0;0;571951,12;0;0;0;0;571951,12;571951,12;0;0;571951,12;0;0;0;0;571951,12;0;0;0;0;0;0;0;0;0;0;0;0;0;0;0;0;0;0;0;86.22.17.451.3008.5.013.44906100.03.0;99;Outras Aquisições de Bens Imóveis;1;Desapropriações;61;Aquisição de Imóveis;0
254997;29835;2016;22;Secretaria Municipal de Infra-Estrutura Urbana e Obras;10;Gabinete do Secretário;2;Termo de Contrato - Serviços;7;Art. 24 - Inciso I Lei Federal  8.666/93;6;Dispensa de Licitação;22/12/2016 00:00;15/01/2017 00:00;15/01/2017 00:00;0;0;25;14965,6;0;14965,59;0;A;9;umental;-1;-1;;;;;41;SEM REAJUSTE;;;;08/12/2016 00:00;08/12/2016 00:00;;;;;DL;2,01401E+11;P;;;;Dispensa de Licitação - Prestação de serviços técnicos profissionais de sondagem e parecer técnico de fundações para UPA Santo Amaro.;;22;Secretaria Municipal de Infra-Estrutura Urbana e Obras;10;Gabinete do Secretário;14965,6;0;25;0;0;14965,6;14965,6;0;14965,59;0;0,01;0;14965,59;14965,59;0,01;14965,6;0;14965,59;0;0,01;0;14965,59;14965,59;0,01;0;0;0;0;0;0;0;0;0;0;0;0;0;0;0;0;0;0;0;84.10.10.302.3003.3.369.44905100.02.0;89;Obras em Andamento - Uso Comum do Povo;1;Hospitais e similares;51;Obras e Instalações;0,01
251500;26836;2016;86;Fundo Municipal de Saneamento Ambiental e Infraestrutura;22;;2;Termo de Contrato - Serviços;1;Art. 22 - Inciso I Lei Federal  8.666/93;4;Concorrência;01/04/2015 00:00;15/03/2018 00:00;15/03/2018 00:00;0;0;1080;1068050,28;359317,25;539900,08;123691,19;A;9;umental;-1;-1;;;;;2;ESTRUTURA GERAL;;;;11/03/2015 00:00;12/03/2015 00:00;;;;;;2,01403E+11;P;;;;CT - 011/SIURB/15- Zavuvus - Lote 1;;86;Fundo Municipal de Saneamento Ambiental e Infraestrutura;22;;500000;0;1080;568050,28;359317,25;1427367,53;1427367,53;0;663591,27;0;763776,26;0;663591,27;663591,27;872724,97;1068050,28;0;539900,08;0;528150,2;0;539900,08;539900,08;637098,91;359317,25;0;123691,19;0;235626,06;0;123691,19;123691,19;235626,06;0;0;113,61;0;0;0;0;0;0;0;86.22.17.451.3008.5.013.44905100.03.0;89;Obras em Andamento - Uso Comum do Povo;22;Canalização de Córregos;51;Obras e Instalações;763776,26
254184;29145;2016;86;Fundo Municipal de Saneamento Ambiental e Infraestrutura;22;;2;Termo de Contrato - Serviços;1;Art. 22 - Inciso I Lei Federal  8.666/93;4;Concorrência;01/04/2015 00:00;15/03/2018 00:00;15/03/2018 00:00;0;0;1080;11459011,99;0;919648,79;0;A;9;umental;-1;-1;;;;;2;ESTRUTURA GERAL;;;;12/03/2015 00:00;13/03/2015 00:00;75;;;;;2,01503E+11;P;;;;CT - 012/SIURB/2015 - Córrego Aricanduva;;86;Fundo Municipal de Saneamento Ambiental e Infraestrutura;22;;1300000;0;1080;10159011,99;0;11459011,99;11459011,99;0;919648,79;0;10539363,2;0;919648,79;919648,79;3039363,2;11459011,99;0;919648,79;0;10539363,2;0;919648,79;919648,79;3039363,2;0;0;0;0;0;0;0;0;0;0;0;0;0;0;0;0;0;0;0;86.22.17.451.3008.5.013.44905100.03.0;89;Obras em Andamento - Uso Comum do Povo;22;Canalização de Córregos;51;Obras e Instalações;10539363,2
240180;16956;2016;86;Fundo Municipal de Saneamento Ambiental e Infraestrutura;22;;2;Termo de Contrato - Serviços;1;Art. 22 - Inciso I Lei Federal  8.666/93;4;Concorrência;01/04/2015 00:00;15/03/2018 00:00;15/03/2018 00:00;0;0;1080;5850093,45;1677287,83;5088019,11;721522,5;A;9;umental;-1;-1;;;;;2;ESTRUTURA GERAL;;;;11/03/2015 00:00;12/03/2015 00:00;71;;;;;2,01403E+11;P;;;;Córrego Zavuvus - Lote 3;;86;Fundo Municipal de Saneamento Ambiental e Infraestrutura;22;;2946689,5;0;1080;2903403,95;1677287,83;7527381,28;7527381,28;0;5809541,61;0;1717839,67;0;5809541,61;5809541,61;1172268,24;5850093,45;0;5088019,11;0;762074,34;0;5088019,11;5088019,11;565858,24;1677287,83;0;721522,5;0;955765,33;0;721522,5;721522,5;606410;0;0;98,53;0;0;0;0;0;0;0;86.22.17.451.3008.5.013.44905100.03.0;89;Obras em Andamento - Uso Comum do Povo;22;Canalização de Córregos;51;Obras e Instalações;1717839,67
240162;16939;2016;86;Fundo Municipal de Saneamento Ambiental e Infraestrutura;22;;2;Termo de Contrato - Serviços;1;Art. 22 - Inciso I Lei Federal  8.666/93;4;Concorrência;01/04/2015 00:00;15/03/2018 00:00;15/03/2018 00:00;0;0;1080;9391218,88;0;8577609,64;0;A;9;umental;-1;-1;;;;;2;ESTRUTURA GERAL;;;;12/03/2015 00:00;13/03/2015 00:00;75;;;;;2,01503E+11;P;;;;Córrego Aricanduva;;86;Fundo Municipal de Saneamento Ambiental e Infraestrutura;22;;9391218,88;0;1080;0;0;9391218,88;9391218,88;0;8577609,64;0;813609,24;0;8577609,64;8577609,64;813609,24;9391218,88;0;8577609,64;0;813609,24;0;8577609,64;8577609,64;813609,24;0;0;0;0;0;0;0;0;0;0;0;0;0;0;0;0;0;0;0;86.22.17.451.3008.5.013.44905100.03.0;89;Obras em Andamento - Uso Comum do Povo;22;Canalização de Córregos;51;Obras e Instalações;813609,24
234575;12007;2016;22;Secretaria Municipal de Infra-Estrutura Urbana e Obras;10;Gabinete do Secretário;5;Nota de Empenho Fornecimento de Bens de Consumo e/ou Permanente;39;Não Aplicável;8;Não Aplicável;06/05/2016 00:00;15/05/2016 00:00;15/05/2016 00:00;0;0;10;2206,5;0;2206,5;0;E;9;umental;-1;-1;;;;;41;SEM REAJUSTE;;;;02/05/2016 00:00;06/05/2016 00:00;28;;;;;6,0222E+15;S;;;;Aquisição de 1.200 (mil e duzentos) rolos de papel toalha em bobinas - 50 metros;;22;Secretaria Municipal de Infra-Estrutura Urbana e Obras;10;Gabinete do Secretário;2206,5;0;10;0;0;2206,5;2206,5;0;2206,5;0;0;0;2206,5;2206,5;0;2206,5;0;2206,5;0;0;0;2206,5;2206,5;0;0;0;0;0;0;0;0;0;0;0;0;0;0;0;0;0;0;0;0;22.10.15.122.3024.2.100.33903000.00.0;22;Material de Limpeza e Produção de Higienização;99;Diversos Materiais de Limpeza e Higienização;30;Material de Consumo;0
238019;15078;2016;22;Secretaria Municipal de Infra-Estrutura Urbana e Obras;10;Gabinete do Secretário;5;Nota de Empenho Fornecimento de Bens de Consumo e/ou Permanente;39;Não Aplicável;8;Não Aplicável;06/06/2016 00:00;15/06/2016 00:00;15/06/2016 00:00;0;0;10;7289,62;0;7289,62;0;E;9;umental;-1;-1;;;;;41;SEM REAJUSTE;;;;03/06/2016 00:00;04/06/2016 00:00;67;;;;;6,0222E+15;S;;;;Aquisição de Café Torrado e Moído;;22;Secretaria Municipal de Infra-Estrutura Urbana e Obras;10;Gabinete do Secretário;7289,62;0;10;0;0;7289,62;7289,62;0;7289,62;0;0;0;7289,62;7289,62;0;7289,62;0;7289,62;0;0;0;7289,62;7289,62;0;0;0;0;0;0;0;0;0;0;0;0;0;0;0;0;0;0;0;0;22.10.15.122.3024.2.100.33903000.00.0;7;Gêneros de Alimentação;2;Café;30;Material de Consumo;0
238120;15161;2016;22;Secretaria Municipal de Infra-Estrutura Urbana e Obras;10;Gabinete do Secretário;5;Nota de Empenho Fornecimento de Bens de Consumo e/ou Permanente;39;Não Aplicável;8;Não Aplicável;06/06/2016 00:00;15/06/2016 00:00;15/06/2016 00:00;0;0;9;7230;0;7230;0;E;9;umental;-1;-1;;;;;41;SEM REAJUSTE;;;;06/06/2016 00:00;07/06/2016 00:00;85;;;;;2,01502E+11;P;;;;Manutenção, recarga, teste hidrostático nos extintores de incêndio e testes de pressão nas mangueiras de incêndio.;;22;Secretaria Municipal de Infra-Estrutura Urbana e Obras;10;Gabinete do Secretário;7230;0;9;0;0;7230;7230;0;7230;0;0;0;7230;7230;0;7230;0;7230;0;0;0;7230;7230;0;0;0;0;0;0;0;0;0;0;0;0;0;0;0;0;0;0;0;0;22.10.15.122.3024.2.100.33903900.00.0;17;Manut. e Conserv. de Máquinas e Equipamentos;99;Outras Máquinas e Equipamentos;39;Outros Serviços de Terceiros - Pessoa Jurídica;0
235144;12529;2016;22;Secretaria Municipal de Infra-Estrutura Urbana e Obras;10;Gabinete do Secretário;2;Termo de Contrato - Serviços;1;Art. 22 - Inciso I Lei Federal  8.666/93;4;Concorrência;18/05/2016 00:00;15/08/2016 00:00;15/08/2016 00:00;0;0;90;126812,81;0;106463,63;0;A;9;umental;2014;11;22;Secretaria Municipal de Infra-Estrutura Urbana e Obras;;;41;SEM REAJUSTE;;;;02/05/2016 00:00;11/05/2016 00:00;79;;;;;2,01502E+11;P;;;;SMS/SIURB/EDIF - EXECUÇÃO DE OBRA - CER IV FLÁVIO GIANNOTTI (OFICINA DE PRÓTESES) - SP/IP;;22;Secretaria Municipal de Infra-Estrutura Urbana e Obras;10;Gabinete do Secretário;126812,81;0;90;0;0;126812,81;126812,81;0;106463,63;0;20349,18;0;106463,63;106463,63;20349,18;126812,81;0;106463,63;0;20349,18;0;106463,63;106463,63;20349,18;0;0;0;0;0;0;0;0;0;0;0;0;0;0;0;0;0;0;0;84.10.10.302.3003.3.101.44905100.00.0;99;Outras Obras e Instalações;99;Outras Obras e Instalações;51;Obras e Instalações;20349,18
250074;25583;2016;22;Secretaria Municipal de Infra-Estrutura Urbana e Obras;10;Gabinete do Secretário;2;Termo de Contrato - Serviços;1;Art. 22 - Inciso I Lei Federal  8.666/93;4;Concorrência;19/10/2016 00:00;16/01/2017 00:00;16/01/2017 00:00;0;0;90;49564,08;0;49475,01;0;E;9;umental;2014;25;22;Secretaria Municipal de Infra-Estrutura Urbana e Obras;;;41;SEM REAJUSTE;;;;27/09/2016 00:00;28/09/2016 00:00;70;;;;007/SIURB/2014;6,0162E+15;S;;;;Execução de serviços gerais de manutenção previstos na ATA DE REGISTRO DE PREÇOS nº 025/SIURB/2014 - AGRUPAMENTO  025  -  Subprefeitura São Mateus - SP/SM,  com fornecimento de materiais de primeira linha e mão-de-obra especializada para execução de serviços gerais de manutenção preventiva, corretiva, reparações, adaptações e modificações, no (a) CEU SÃO RAFAEL - ACADEMIA DE TERCEIRA IDADE, situado na Rua Cinira Polônio, s/nº, São Mateus - São Paulo/SP.;;22;Secretaria Municipal de Infra-Estrutura Urbana e Obras;10;Gabinete do Secretário;49564,08;0;90;0;0;49564,08;49564,08;0;49475,01;89,07;0;0;49475,01;49475,01;89,07;49564,08;0;49475,01;89,07;0;0;49475,01;49475,01;89,07;0;0;0;0;0;0;0;0;0;0;0;0;0;0;0;0;0;0;0;16.23.12.368.3010.1.627.44903900.00.0;99;Outros Serviços de Terceiros - Pessoa Jurídica;99;Outros Serviços de Terceiros - Pessoa Jurídica;39;Outros Serviços de Terceiros - Pessoa Jurídica;0
225167;3804;2016;22;Secretaria Municipal de Infra-Estrutura Urbana e Obras;10;Gabinete do Secretário;5;Nota de Empenho Fornecimento de Bens de Consumo e/ou Permanente;8;Art. 24 Inciso II da lei Federal 8.666/93;6;Dispensa de Licitação;07/03/2016 00:00;16/03/2016 00:00;16/03/2016 00:00;0;0;10;64951,25;0;64951,25;0;A;1;;-1;-1;;;;;26;CONSULTORIA;;;;02/03/2016 00:00;05/03/2016 00:00;92;;;;;2,01103E+11;P;;;;Desapropriação - Melhoramento Núcleo Habitacional à população de baixa renda - Prolongamento da Av. José Roberto Marinho.;;22;Secretaria Municipal de Infra-Estrutura Urbana e Obras;10;Gabinete do Secretário;64951,25;0;10;0;0;64951,25;64951,25;0;64951,25;0;0;0;64951,25;64951,25;0;64951,25;0;64951,25;0;0;0;64951,25;64951,25;0;0;0;0;0;0;0;0;0;0;0;0;0;0;0;0;0;0;0;0;37.30.16.451.3002.3.357.44906100.08.0;99;Outras Aquisições de Bens Imóveis;1;Desapropriações;61;Aquisição de Imóveis;0
251491;26828;2016;86;Fundo Municipal de Saneamento Ambiental e Infraestrutura;22;;2;Termo de Contrato - Serviços;1;Art. 22 - Inciso I Lei Federal  8.666/93;4;Concorrência;27/04/2012 00:00;16/06/2015 00:00;16/06/2015 00:00;0;0;1146;3371205,5;524310,15;2678879,45;416121,21;A;9;umental;-1;-1;;;;;26;CONSULTORIA;;;;27/04/2012 00:00;27/04/2012 00:00;;;;;;2,01201E+11;P;;;;CT - 049/SIURB/2012 - Lote 2;;86;Fundo Municipal de Saneamento Ambiental e Infraestrutura;22;;3371205,5;0;1146;0;524310,15;3895515,65;3895515,65;0;3095000,66;0;800514,99;0;3095000,66;3095000,66;800514,89;3371205,5;0;2678879,45;0;692326,05;0;2678879,45;2678879,45;692326;524310,15;0;416121,21;0;108188,94;0;416121,21;416121,21;108188,89;0;0;0;0;0;0;0;0;0;0;86.22.17.451.3008.5.013.44903900.03.0;5;Serviços Técnicos Profissionais;1;Gerenciamento;39;Outros Serviços de Terceiros - Pessoa Jurídica;800514,99
251486;26824;2016;86;Fundo Municipal de Saneamento Ambiental e Infraestrutura;22;;2;Termo de Contrato - Serviços;1;Art. 22 - Inciso I Lei Federal  8.666/93;4;Concorrência;27/04/2012 00:00;16/06/2015 00:00;16/06/2015 00:00;0;0;1146;3371205,5;524310,15;3371205,45;524310,1;A;9;umental;-1;-1;;;;;26;CONSULTORIA;;;;27/04/2012 00:00;27/04/2012 00:00;;;;;;2,01102E+11;P;;;;CT -048/SIURB/2012 - Lote  1;;86;Fundo Municipal de Saneamento Ambiental e Infraestrutura;22;;3371205,5;0;1146;0;524310,15;3895515,65;3895515,65;0;3895515,55;0;0,1;0;3895515,55;3895515,55;0;3371205,5;0;3371205,45;0;0,05;0;3371205,45;3371205,45;0;524310,15;0;524310,1;0;0,05;0;524310,1;524310,1;0;0;0;0;0;0;0;0;0;0;0;86.22.17.451.3008.5.013.44903900.03.0;5;Serviços Técnicos Profissionais;1;Gerenciamento;39;Outros Serviços de Terceiros - Pessoa Jurídica;0,1
241674;18238;2016;86;Fundo Municipal de Saneamento Ambiental e Infraestrutura;22;;2;Termo de Contrato - Serviços;9;Art. 24 Inciso III da lei Federal 8.666/93;6;Dispensa de Licitação;27/04/2012 00:00;16/06/2015 00:00;16/06/2015 00:00;0;0;1146;4690516,23;729497,23;4690516,23;729497,21;A;1;;-1;-1;;;;;26;CONSULTORIA;;;;27/04/2012 00:00;27/04/2012 00:00;;;;;;2,01102E+11;P;;;;CT - 048/SIURB/2012 - Lote 1;;86;Fundo Municipal de Saneamento Ambiental e Infraestrutura;22;;4690516,22;0;1146;0,01;729497,23;5420013,46;5420013,46;0;5420013,44;0;0,02;0;5420013,44;5420013,44;0;4690516,23;0;4690516,23;0;0;0;4690516,23;4690516,23;0;729497,23;0;729497,21;0;0,02;0;729497,21;729497,21;0;0;0;0;0;0;0;0;0;0;0;86.22.17.451.3008.5.013.44903900.03.0;5;Serviços Técnicos Profissionais;1;Gerenciamento;39;Outros Serviços de Terceiros - Pessoa Jurídica;0,02
252765;27899;2016;86;Fundo Municipal de Saneamento Ambiental e Infraestrutura;22;;2;Termo de Contrato - Serviços;1;Art. 22 - Inciso I Lei Federal  8.666/93;4;Concorrência;27/04/2012 00:00;16/06/2015 00:00;16/06/2015 00:00;0;0;1146;692326;107674;482176,41;75233,61;A;9;umental;-1;-1;;;;;26;CONSULTORIA;;;;27/04/2012 00:00;27/04/2016 00:00;;;;;;2,01102E+11;P;;;;CT 048/SIURB/2012 - Lote 1;;86;Fundo Municipal de Saneamento Ambiental e Infraestrutura;22;;692326;0;1146;0;107674;800000;800000;0;557410,02;0;242589,98;0;557410,02;557410,02;242589,98;692326;0;482176,41;0;210149,59;0;482176,41;482176,41;210149,59;107674;0;75233,61;0;32440,39;0;75233,61;75233,61;32440,39;0;0;0;0;0;0;0;0;0;0;86.22.17.451.3008.5.013.44903900.03.0;5;Serviços Técnicos Profissionais;1;Gerenciamento;39;Outros Serviços de Terceiros - Pessoa Jurídica;242589,98
238125;15166;2016;86;Fundo Municipal de Saneamento Ambiental e Infraestrutura;22;FMSAI - Secretaria Municipal de Infraestrutura Urbana e Obras;5;Nota de Empenho Fornecimento de Bens de Consumo e/ou Permanente;8;Art. 24 Inciso II da lei Federal 8.666/93;6;Dispensa de Licitação;07/06/2016 00:00;16/06/2016 00:00;16/06/2016 00:00;0;0;10;86087,68;0;86087,68;0;A;1;;-1;-1;;;;;41;SEM REAJUSTE;;;;26/04/2016 00:00;29/04/2016 00:00;93;;;;;2,016E+11;P;;;;Indenização de Benfeitorias - Obra Publica - Int. Francisca Maelma Costa Lira Pereira;;86;Fundo Municipal de Saneamento Ambiental e Infraestrutura;22;FMSAI - Secretaria Municipal de Infraestrutura Urbana e Obras;86087,68;0;10;0;0;86087,68;86087,68;0;86087,68;0;0;0;86087,68;86087,68;0;86087,68;0;86087,68;0;0;0;86087,68;86087,68;0;0;0;0;0;0;0;0;0;0;0;0;0;0;0;0;0;0;0;0;86.22.17.451.3008.5.013.44904800.03.0;99;Outros Auxílios Financeiros a Pessoa Física;99;Outros Auxílios Financeiros a Pessoas Físicas;48;Outros Auxílios Financeiros a Pessoas Físicas;0
238122;15163;2016;22;Secretaria Municipal de Infra-Estrutura Urbana e Obras;10;Gabinete do Secretário;5;Nota de Empenho Fornecimento de Bens de Consumo e/ou Permanente;8;Art. 24 Inciso II da lei Federal 8.666/93;6;Dispensa de Licitação;07/06/2016 00:00;16/06/2016 00:00;16/06/2016 00:00;0;0;10;26716,62;0;26716,62;0;A;1;;-1;-1;;;;;41;SEM REAJUSTE;;;;03/06/2016 00:00;04/06/2016 00:00;67;;;;;2,01303E+11;P;;;;Desap - Prolongamento da Av. Chucri Zaidan até a Av. João Dias. - Int. João Carlos Domingues;;22;Secretaria Municipal de Infra-Estrutura Urbana e Obras;10;Gabinete do Secretário;26109,3;0;10;607,32;0;26716,62;26716,62;0;26716,62;0;0;0;26716,62;26716,62;26109,3;26716,62;0;26716,62;0;0;0;26716,62;26716,62;26109,3;0;0;0;0;0;0;0;0;0;0;0;2,33;0;0;0;0;0;0;0;37.30.15.451.3009.5.100.44906100.08.0;99;Outras Aquisições de Bens Imóveis;1;Desapropriações;61;Aquisição de Imóveis;0
238124;15165;2016;86;Fundo Municipal de Saneamento Ambiental e Infraestrutura;22;FMSAI - Secretaria Municipal de Infraestrutura Urbana e Obras;5;Nota de Empenho Fornecimento de Bens de Consumo e/ou Permanente;8;Art. 24 Inciso II da lei Federal 8.666/93;6;Dispensa de Licitação;07/06/2016 00:00;16/06/2016 00:00;16/06/2016 00:00;0;0;10;145705,79;0;145705,79;0;A;1;;-1;-1;;;;;41;SEM REAJUSTE;;;;26/04/2016 00:00;29/04/2016 00:00;93;;;;;2,016E+11;P;;;;Indenização de Benfeitorias - Obra Publica - Int. Jaci Batista dos Santos Gonsalves;;86;Fundo Municipal de Saneamento Ambiental e Infraestrutura;22;FMSAI - Secretaria Municipal de Infraestrutura Urbana e Obras;145705,79;0;10;0;0;145705,79;145705,79;0;145705,79;0;0;0;145705,79;145705,79;0;145705,79;0;145705,79;0;0;0;145705,79;145705,79;0;0;0;0;0;0;0;0;0;0;0;0;0;0;0;0;0;0;0;0;86.22.17.451.3008.5.013.44904800.03.0;99;Outros Auxílios Financeiros a Pessoa Física;99;Outros Auxílios Financeiros a Pessoas Físicas;48;Outros Auxílios Financeiros a Pessoas Físicas;0
238127;15168;2016;86;Fundo Municipal de Saneamento Ambiental e Infraestrutura;22;FMSAI - Secretaria Municipal de Infraestrutura Urbana e Obras;5;Nota de Empenho Fornecimento de Bens de Consumo e/ou Permanente;8;Art. 24 Inciso II da lei Federal 8.666/93;6;Dispensa de Licitação;07/06/2016 00:00;16/06/2016 00:00;16/06/2016 00:00;0;0;10;110493,91;0;110493,91;0;A;1;;-1;-1;;;;;41;SEM REAJUSTE;;;;26/04/2016 00:00;29/04/2016 00:00;93;;;;;2,01601E+11;P;;;;Indenização de Benfeitorias - Obra Publica - Int. José Domingos Gomes de Sousa;;86;Fundo Municipal de Saneamento Ambiental e Infraestrutura;22;FMSAI - Secretaria Municipal de Infraestrutura Urbana e Obras;110193,91;0;10;300;0;110493,91;110493,91;0;110493,91;0;0;0;110493,91;110493,91;0;110493,91;0;110493,91;0;0;0;110493,91;110493,91;0;0;0;0;0;0;0;0;0;0;0;0;0,27;0;0;0;0;0;0;0;86.22.17.451.3008.5.013.44904800.03.0;99;Outros Auxílios Financeiros a Pessoa Física;99;Outros Auxílios Financeiros a Pessoas Físicas;48;Outros Auxílios Financeiros a Pessoas Físicas;0
238126;15167;2016;86;Fundo Municipal de Saneamento Ambiental e Infraestrutura;22;FMSAI - Secretaria Municipal de Infraestrutura Urbana e Obras;5;Nota de Empenho Fornecimento de Bens de Consumo e/ou Permanente;8;Art. 24 Inciso II da lei Federal 8.666/93;6;Dispensa de Licitação;07/06/2016 00:00;16/06/2016 00:00;16/06/2016 00:00;0;0;10;49012,98;0;49012,98;0;A;1;;-1;-1;;;;;41;SEM REAJUSTE;;;;26/04/2016 00:00;29/04/2016 00:00;93;;;;;2,01601E+11;P;;;;Indenização de Benfeitorias - Obra Publica - Int. Ailton Teixeira dos Santos;;86;Fundo Municipal de Saneamento Ambiental e Infraestrutura;22;FMSAI - Secretaria Municipal de Infraestrutura Urbana e Obras;49012,98;0;10;0;0;49012,98;49012,98;0;49012,98;0;0;0;49012,98;49012,98;0;49012,98;0;49012,98;0;0;0;49012,98;49012,98;0;0;0;0;0;0;0;0;0;0;0;0;0;0;0;0;0;0;0;0;86.22.17.451.3008.5.013.44904800.03.0;99;Outros Auxílios Financeiros a Pessoa Física;99;Outros Auxílios Financeiros a Pessoas Físicas;48;Outros Auxílios Financeiros a Pessoas Físicas;0
238129;15170;2016;86;Fundo Municipal de Saneamento Ambiental e Infraestrutura;22;FMSAI - Secretaria Municipal de Infraestrutura Urbana e Obras;5;Nota de Empenho Fornecimento de Bens de Consumo e/ou Permanente;8;Art. 24 Inciso II da lei Federal 8.666/93;6;Dispensa de Licitação;07/06/2016 00:00;16/06/2016 00:00;16/06/2016 00:00;0;0;10;153290,1;0;153290,1;0;A;1;;-1;-1;;;;;41;SEM REAJUSTE;;;;26/04/2016 00:00;29/04/2016 00:00;93;;;;;2,01601E+11;P;;;;Indenização de Benfeitorias - Obra Publica - Int. Bartolomeu Correia Dias;;86;Fundo Municipal de Saneamento Ambiental e Infraestrutura;22;FMSAI - Secretaria Municipal de Infraestrutura Urbana e Obras;153290,1;0;10;0;0;153290,1;153290,1;0;153290,1;0;0;0;153290,1;153290,1;0;153290,1;0;153290,1;0;0;0;153290,1;153290,1;0;0;0;0;0;0;0;0;0;0;0;0;0;0;0;0;0;0;0;0;86.22.17.451.3008.5.013.44904800.03.0;99;Outros Auxílios Financeiros a Pessoa Física;99;Outros Auxílios Financeiros a Pessoas Físicas;48;Outros Auxílios Financeiros a Pessoas Físicas;0
229991;8091;2016;22;Secretaria Municipal de Infra-Estrutura Urbana e Obras;10;Gabinete do Secretário;2;Termo de Contrato - Serviços;1;Art. 22 - Inciso I Lei Federal  8.666/93;4;Concorrência;18/04/2016 00:00;16/07/2016 00:00;16/07/2016 00:00;0;0;90;534273,86;0;532540,4;0;A;9;umental;2014;26;22;Secretaria Municipal de Infra-Estrutura Urbana e Obras;;;41;SEM REAJUSTE;;;;30/03/2016 00:00;02/04/2016 00:00;120;;;;;2,015E+11;P;;;;SP/MP - MANUTENÇÃO DO CEI DIRETO VILA PROGRESSO;;22;Secretaria Municipal de Infra-Estrutura Urbana e Obras;10;Gabinete do Secretário;534273,86;0;90;0;0;534273,86;534273,86;0;532540,4;0;1733,46;0;532540,4;532540,4;1733,46;534273,86;0;532540,4;0;1733,46;0;532540,4;532540,4;1733,46;0;0;0;0;0;0;0;0;0;0;0;0;0;0;0;0;0;0;0;16.10.12.368.3010.2.822.33903900.00.0;16;Manutenção e Conservação de Bens Imóveis;10;Pequenas Reformas - Centros de Educação Infantil;39;Outros Serviços de Terceiros - Pessoa Jurídica;1733,46
229340;7585;2016;22;Secretaria Municipal de Infra-Estrutura Urbana e Obras;10;Gabinete do Secretário;2;Termo de Contrato - Serviços;1;Art. 22 - Inciso I Lei Federal  8.666/93;4;Concorrência;18/04/2016 00:00;16/07/2016 00:00;16/07/2016 00:00;0;0;90;732483,98;0;731416,65;0;E;9;umental;2014;2;22;Secretaria Municipal de Infra-Estrutura Urbana e Obras;;;41;SEM REAJUSTE;;;;18/03/2016 00:00;29/03/2016 00:00;82;;;;;2,01503E+11;P;;;;SP/BT - MANUTENÇÃO DO CEU UIRAPURU - PARQUE INFANTIL E QUADRA;;22;Secretaria Municipal de Infra-Estrutura Urbana e Obras;10;Gabinete do Secretário;732483,98;0;90;0;0;732483,98;732483,98;0;731416,65;1067,33;0;0;731416,65;731416,65;1067,33;732483,98;0;731416,65;1067,33;0;0;731416,65;731416,65;1067,33;0;0;0;0;0;0;0;0;0;0;0;0;0;0;0;0;0;0;0;16.10.12.368.3010.2.851.33903900.00.0;16;Manutenção e Conservação de Bens Imóveis;16;Pequenas Reformas - Outros Imóveis;39;Outros Serviços de Terceiros - Pessoa Jurídica;0
234853;12269;2016;22;Secretaria Municipal de Infra-Estrutura Urbana e Obras;10;Gabinete do Secretário;2;Termo de Contrato - Serviços;1;Art. 22 - Inciso I Lei Federal  8.666/93;4;Concorrência;18/05/2016 00:00;15/08/2016 00:00;16/08/2016 00:00;0;0;90;385869,55;0;385869,55;0;E;9;umental;2014;11;22;Secretaria Municipal de Infra-Estrutura Urbana e Obras;;;41;SEM REAJUSTE;;;;02/05/2016 00:00;07/05/2016 00:00;125;;;;;6,0182E+15;S;;;;SMS/SIURB/EDIF - EXECUÇÃO DE OBRA - LABORATÓRIO MUNICIPAL DE SAÚDE PÚBLICA DA REGIÃO SUDESTE - SP/IP;;22;Secretaria Municipal de Infra-Estrutura Urbana e Obras;10;Gabinete do Secretário;424803,29;0;90;0;0;424803,29;424803,29;0;385869,55;38933,74;0;0;385869,55;385869,55;38933,74;424803,29;0;385869,55;38933,74;0;0;385869,55;385869,55;38933,74;0;0;0;0;0;0;0;0;0;0;0;0;0;0;0;0;0;0;0;84.10.10.302.3003.3.101.44905100.00.0;99;Outras Obras e Instalações;99;Outras Obras e Instalações;51;Obras e Instalações;0
234857;12273;2016;22;Secretaria Municipal de Infra-Estrutura Urbana e Obras;10;Gabinete do Secretário;2;Termo de Contrato - Serviços;1;Art. 22 - Inciso I Lei Federal  8.666/93;4;Concorrência;18/05/2016 00:00;15/08/2016 00:00;16/08/2016 00:00;0;0;90;29605,85;0;29605,85;0;E;9;umental;2014;28;22;Secretaria Municipal de Infra-Estrutura Urbana e Obras;;;41;SEM REAJUSTE;;;;02/05/2016 00:00;07/05/2016 00:00;125;;;;;6,0182E+15;S;;;;SMS/SIURB/EDIF - EXECUÇÃO DE OBRA - SUVIS JAÇANÃ/TREMEMBÉ - SP/JT;;22;Secretaria Municipal de Infra-Estrutura Urbana e Obras;10;Gabinete do Secretário;29756,61;0;90;0;0;29756,61;29756,61;0;29605,85;150,76;0;0;29605,85;29605,85;150,76;29756,61;0;29605,85;150,76;0;0;29605,85;29605,85;150,76;0;0;0;0;0;0;0;0;0;0;0;0;0;0;0;0;0;0;0;84.10.10.302.3003.3.101.44905100.00.0;99;Outras Obras e Instalações;99;Outras Obras e Instalações;51;Obras e Instalações;0
240511;17215;2016;98;Fundo de Desenvolvimento Urbano;22;FUNDURB - Secretaria Municipal de Infra-Estrutura Urbana e Obras;2;Termo de Contrato - Serviços;1;Art. 22 - Inciso I Lei Federal  8.666/93;4;Concorrência;17/09/2013 00:00;02/07/2016 00:00;16/12/2019 00:00;0;0;1020;2495020,84;425099,16;2495020,84;425099,16;E;9;umental;-1;-1;;;;;2;ESTRUTURA GERAL;;;;17/07/2013 00:00;19/07/2013 00:00;137;;;;;2,01301E+11;P;;;;Troca de dotação - CT 051/SIURB/2013- Terminal Itaquera;;98;Fundo de Desenvolvimento Urbano;22;FUNDURB - Secretaria Municipal de Infra-Estrutura Urbana e Obras;2495020,84;0;1020;0;425099,16;2920120;2920120;0;2920120;0;0;0;2920120;2920120;0;2495020,84;0;2495020,84;0;0;0;2495020,84;2495020,84;0;425099,16;0;425099,16;0;0;0;425099,16;425099,16;0;0;0;0;0;0;0;0;0;1262;0;98.22.26.453.3009.3.750.44905100.08.0;89;Obras em Andamento - Uso Comum do Povo;17;Corredores de Ônibus;51;Obras e Instalações;0
250213;25706;2016;22;Secretaria Municipal de Infra-Estrutura Urbana e Obras;10;Gabinete do Secretário;2;Termo de Contrato - Serviços;1;Art. 22 - Inciso I Lei Federal  8.666/93;4;Concorrência;19/10/2016 00:00;16/01/2017 00:00;17/01/2017 00:00;0;0;90;39955,67;0;39955,67;0;E;9;umental;2014;27;22;Secretaria Municipal de Infra-Estrutura Urbana e Obras;;;41;SEM REAJUSTE;;;;28/09/2016 00:00;29/09/2016 00:00;104;;;;007/SIURB/2014;6,0642E+15;S;;;;Execução de serviços gerais de manutenção previstos na ATA DE REGISTRO DE PREÇOS nº 027/SIURB/2014 - AGRUPAMENTO  027  -  Subprefeitura Sé - SP/SE,  com fornecimento de materiais de primeira linha e mão-de-obra especializada para execução de serviços gerais de manutenção preventiva, corretiva, reparações, adaptações e modificações, no (a) PROJETO DE BRAÇOS ABERTOS - EDIFÍCIO AV. DO ESTADO X R. CARLOS, situado na Rua Carlos de Souza Nazaré- São Paulo/SP.;;22;Secretaria Municipal de Infra-Estrutura Urbana e Obras;10;Gabinete do Secretário;39957,33;0;90;0;0;39957,33;39957,33;0;39955,67;1,66;0;0;39955,67;39955,67;1,66;39957,33;0;39955,67;1,66;0;0;39955,67;39955,67;1,66;0;0;0;0;0;0;0;0;0;0;0;0;0;0;0;0;0;0;0;93.10.08.244.3023.5.840.44903900.00.0;99;Outros Serviços de Terceiros - Pessoa Jurídica;99;Outros Serviços de Terceiros - Pessoa Jurídica;39;Outros Serviços de Terceiros - Pessoa Jurídica;0
250219;25712;2016;22;Secretaria Municipal de Infra-Estrutura Urbana e Obras;10;Gabinete do Secretário;2;Termo de Contrato - Serviços;1;Art. 22 - Inciso I Lei Federal  8.666/93;4;Concorrência;19/10/2016 00:00;16/01/2017 00:00;17/01/2017 00:00;0;0;90;99616,07;0;99616,07;0;E;9;umental;2014;29;22;Secretaria Municipal de Infra-Estrutura Urbana e Obras;;;41;SEM REAJUSTE;;;;28/09/2016 00:00;29/09/2016 00:00;104;;;;007/SIURB/2014;6,0292E+15;S;;;;Execução de serviços gerais de manutenção previstos na ATA DE REGISTRO DE PREÇOS nº 029/SIURB/2014 - AGRUPAMENTO  029  -  Subprefeitura Vila Maria/ Vila Guilherme - SP/MG,  com fornecimento de materiais de primeira linha e mão-de-obra especializada para execução de serviços gerais de manutenção preventiva, corretiva, reparações, adaptações e modificações, no (a) CANIL DA GCM, situada na Travessa Simis,  nº 09 - Vila Guilherme - São Paulo/SP.;;22;Secretaria Municipal de Infra-Estrutura Urbana e Obras;10;Gabinete do Secretário;9999669;0;90;0;0;9999669;9999669;0;99616,07;9900052,93;0;0;99616,07;99616,07;380,62;9999669;0;99616,07;9900052,93;0;0;99616,07;99616,07;380,62;0;0;0;0;0;0;0;0;0;0;0;0;0;0;0;0;0;0;0;38.10.06.181.3013.1.348.44903900.00.0;99;Outros Serviços de Terceiros - Pessoa Jurídica;99;Outros Serviços de Terceiros - Pessoa Jurídica;39;Outros Serviços de Terceiros - Pessoa Jurídica;0
230376;8406;2016;22;Secretaria Municipal de Infra-Estrutura Urbana e Obras;10;Gabinete do Secretário;2;Termo de Contrato - Serviços;1;Art. 22 - Inciso I Lei Federal  8.666/93;4;Concorrência;23/12/2015 00:00;06/12/2018 00:00;17/03/2028 00:00;0;0;1079;218048608,5;188060940,6;117285093,9;91679884,19;A;9;umental;-1;-1;;;;;2;ESTRUTURA GERAL;098/SIURB/2015;joSE FRANCISCO RIBEIRO GALASSO;23/12/2015 00:00;22/12/2015 00:00;22/12/2015 00:00;;23/12/2015 00:00;23/12/2021 00:00;;007/15;2,01502E+11;P;D618752;Osmar dias dos Santos;SEI  155153298;Execução de projeto executivo e de bras de prolongamento da Av. Carlos Caldeira Filho, da Estrada de Itapeceica até a estrada M'boi Mirim,passagem inferior para ligação com a estrada M'boi Mirim, elaboração de Corredor de ônibus na Av. Carlos Caldeira Filho, dois viadutos sobre o futuro reservatório, reservatório de amortecimento de cheias, canalização do Córrego Água do Brancos (Capãp Redondo) e Sistema de Microdrenagem;;22;Secretaria Municipal de Infra-Estrutura Urbana e Obras;10;Gabinete do Secretário;179324091,2;0;1079;38724517,33;188060940,6;406109549,1;406109549,1;0;208964978,1;0;197144571;4359012,26;204605965,9;204605965,9;221520957,7;218048608,5;0;117285093,9;0;100763514,6;4067140,7;113217953,2;113217953,2;154219104,7;188060940,6;0;91679884,19;0;96381056,41;291871,56;91388012,63;91388012,63;67301852,93;0;0;0;0;0;0;0;0;3389;0;87.10.26.453.3009.3.378.44905100.08.0;89;Obras em Andamento - Uso Comum do Povo;17;Corredores de Ônibus;51;Obras e Instalações;197144571
238615;15585;2016;86;Fundo Municipal de Saneamento Ambiental e Infraestrutura;22;FMSAI - Secretaria Municipal de Infraestrutura Urbana e Obras;5;Nota de Empenho Fornecimento de Bens de Consumo e/ou Permanente;8;Art. 24 Inciso II da lei Federal 8.666/93;6;Dispensa de Licitação;13/06/2016 00:00;17/06/2016 00:00;17/06/2016 00:00;0;0;5;58848,13;0;58848,13;0;A;1;;-1;-1;;;;;41;SEM REAJUSTE;;;;06/06/2016 00:00;10/06/2016 00:00;61;;;;;2,01503E+11;P;;;;Indenização de Benfeitorias - Obra Publica;;86;Fundo Municipal de Saneamento Ambiental e Infraestrutura;22;FMSAI - Secretaria Municipal de Infraestrutura Urbana e Obras;58848,13;0;5;0;0;58848,13;58848,13;0;58848,13;0;0;0;58848,13;58848,13;0;58848,13;0;58848,13;0;0;0;58848,13;58848,13;0;0;0;0;0;0;0;0;0;0;0;0;0;0;0;0;0;0;0;0;86.22.17.451.3008.5.013.44904800.03.0;99;Outros Auxílios Financeiros a Pessoa Física;99;Outros Auxílios Financeiros a Pessoas Físicas;48;Outros Auxílios Financeiros a Pessoas Físicas;0
238582;15558;2016;86;Fundo Municipal de Saneamento Ambiental e Infraestrutura;22;FMSAI - Secretaria Municipal de Infraestrutura Urbana e Obras;5;Nota de Empenho Fornecimento de Bens de Consumo e/ou Permanente;8;Art. 24 Inciso II da lei Federal 8.666/93;6;Dispensa de Licitação;13/06/2016 00:00;17/06/2016 00:00;17/06/2016 00:00;0;0;5;49452,17;0;49452,17;0;A;1;;-1;-1;;;;;41;SEM REAJUSTE;;;;06/06/2016 00:00;10/06/2016 00:00;61;;;;;2,01503E+11;P;;;;Indenização de Benfeitorias - Obra Pública;;86;Fundo Municipal de Saneamento Ambiental e Infraestrutura;22;FMSAI - Secretaria Municipal de Infraestrutura Urbana e Obras;49452,17;0;5;0;0;49452,17;49452,17;0;49452,17;0;0;0;49452,17;49452,17;0;49452,17;0;49452,17;0;0;0;49452,17;49452,17;0;0;0;0;0;0;0;0;0;0;0;0;0;0;0;0;0;0;0;0;86.22.17.451.3008.5.013.44904800.03.0;99;Outros Auxílios Financeiros a Pessoa Física;99;Outros Auxílios Financeiros a Pessoas Físicas;48;Outros Auxílios Financeiros a Pessoas Físicas;0
238585;15561;2016;86;Fundo Municipal de Saneamento Ambiental e Infraestrutura;22;FMSAI - Secretaria Municipal de Infraestrutura Urbana e Obras;5;Nota de Empenho Fornecimento de Bens de Consumo e/ou Permanente;8;Art. 24 Inciso II da lei Federal 8.666/93;6;Dispensa de Licitação;13/06/2016 00:00;17/06/2016 00:00;17/06/2016 00:00;0;0;5;175304,34;0;175304,34;0;A;1;;-1;-1;;;;;41;SEM REAJUSTE;;;;06/06/2016 00:00;10/06/2016 00:00;61;;;;;2,01503E+11;P;;;;Indenização de Benfeitorias - Obra Pública;;86;Fundo Municipal de Saneamento Ambiental e Infraestrutura;22;FMSAI - Secretaria Municipal de Infraestrutura Urbana e Obras;175304,34;0;5;0;0;175304,34;175304,34;0;175304,34;0;0;0;175304,34;175304,34;0;175304,34;0;175304,34;0;0;0;175304,34;175304,34;0;0;0;0;0;0;0;0;0;0;0;0;0;0;0;0;0;0;0;0;86.22.17.451.3008.5.013.44904800.03.0;99;Outros Auxílios Financeiros a Pessoa Física;99;Outros Auxílios Financeiros a Pessoas Físicas;48;Outros Auxílios Financeiros a Pessoas Físicas;0
238614;15584;2016;86;Fundo Municipal de Saneamento Ambiental e Infraestrutura;22;FMSAI - Secretaria Municipal de Infraestrutura Urbana e Obras;5;Nota de Empenho Fornecimento de Bens de Consumo e/ou Permanente;8;Art. 24 Inciso II da lei Federal 8.666/93;6;Dispensa de Licitação;13/06/2016 00:00;17/06/2016 00:00;17/06/2016 00:00;0;0;5;59017,08;0;59017,08;0;A;1;;-1;-1;;;;;41;SEM REAJUSTE;;;;06/06/2016 00:00;10/06/2016 00:00;61;;;;;2,01503E+11;P;;;;Indenização de Benfeitorias - Obra Publica;;86;Fundo Municipal de Saneamento Ambiental e Infraestrutura;22;FMSAI - Secretaria Municipal de Infraestrutura Urbana e Obras;59017,08;0;5;0;0;59017,08;59017,08;0;59017,08;0;0;0;59017,08;59017,08;0;59017,08;0;59017,08;0;0;0;59017,08;59017,08;0;0;0;0;0;0;0;0;0;0;0;0;0;0;0;0;0;0;0;0;86.22.17.451.3008.5.013.44904800.03.0;99;Outros Auxílios Financeiros a Pessoa Física;99;Outros Auxílios Financeiros a Pessoas Físicas;48;Outros Auxílios Financeiros a Pessoas Físicas;0
238640;15609;2016;86;Fundo Municipal de Saneamento Ambiental e Infraestrutura;22;FMSAI - Secretaria Municipal de Infraestrutura Urbana e Obras;5;Nota de Empenho Fornecimento de Bens de Consumo e/ou Permanente;8;Art. 24 Inciso II da lei Federal 8.666/93;6;Dispensa de Licitação;13/06/2016 00:00;17/06/2016 00:00;17/06/2016 00:00;0;0;5;307225,02;0;307225,02;0;A;1;;-1;-1;;;;;41;SEM REAJUSTE;;;;06/06/2016 00:00;10/06/2016 00:00;;;;;;2,01503E+11;P;;;;Indenização de Benfeitorias - Obra Publica;;86;Fundo Municipal de Saneamento Ambiental e Infraestrutura;22;FMSAI - Secretaria Municipal de Infraestrutura Urbana e Obras;307225,02;0;5;0;0;307225,02;307225,02;0;307225,02;0;0;0;307225,02;307225,02;0;307225,02;0;307225,02;0;0;0;307225,02;307225,02;0;0;0;0;0;0;0;0;0;0;0;0;0;0;0;0;0;0;0;0;86.22.17.451.3008.5.013.44904800.03.0;99;Outros Auxílios Financeiros a Pessoa Física;99;Outros Auxílios Financeiros a Pessoas Físicas;48;Outros Auxílios Financeiros a Pessoas Físicas;0
238613;15583;2016;86;Fundo Municipal de Saneamento Ambiental e Infraestrutura;22;FMSAI - Secretaria Municipal de Infraestrutura Urbana e Obras;5;Nota de Empenho Fornecimento de Bens de Consumo e/ou Permanente;8;Art. 24 Inciso II da lei Federal 8.666/93;6;Dispensa de Licitação;13/06/2016 00:00;17/06/2016 00:00;17/06/2016 00:00;0;0;5;133745,28;0;133745,28;0;A;1;;-1;-1;;;;;41;SEM REAJUSTE;;;;06/06/2016 00:00;10/06/2016 00:00;61;;;;;2,01503E+11;P;;;;Indenização de Benfeitorias - Obra Publica;;86;Fundo Municipal de Saneamento Ambiental e Infraestrutura;22;FMSAI - Secretaria Municipal de Infraestrutura Urbana e Obras;133745,28;0;5;0;0;133745,28;133745,28;0;133745,28;0;0;0;133745,28;133745,28;0;133745,28;0;133745,28;0;0;0;133745,28;133745,28;0;0;0;0;0;0;0;0;0;0;0;0;0;0;0;0;0;0;0;0;86.22.17.451.3008.5.013.44904800.03.0;99;Outros Auxílios Financeiros a Pessoa Física;99;Outros Auxílios Financeiros a Pessoas Físicas;48;Outros Auxílios Financeiros a Pessoas Físicas;0
238589;15565;2016;86;Fundo Municipal de Saneamento Ambiental e Infraestrutura;22;FMSAI - Secretaria Municipal de Infraestrutura Urbana e Obras;5;Nota de Empenho Fornecimento de Bens de Consumo e/ou Permanente;8;Art. 24 Inciso II da lei Federal 8.666/93;6;Dispensa de Licitação;13/06/2016 00:00;17/06/2016 00:00;17/06/2016 00:00;0;0;5;81678,66;0;81678,66;0;A;1;;-1;-1;;;;;41;SEM REAJUSTE;;;;06/06/2016 00:00;10/06/2016 00:00;61;;;;;2,01503E+11;P;;;;Indenização de Benfeitorias - Obra Publica;;86;Fundo Municipal de Saneamento Ambiental e Infraestrutura;22;FMSAI - Secretaria Municipal de Infraestrutura Urbana e Obras;81678,66;0;5;0;0;81678,66;81678,66;0;81678,66;0;0;0;81678,66;81678,66;0;81678,66;0;81678,66;0;0;0;81678,66;81678,66;0;0;0;0;0;0;0;0;0;0;0;0;0;0;0;0;0;0;0;0;86.22.17.451.3008.5.013.44904800.03.0;99;Outros Auxílios Financeiros a Pessoa Física;99;Outros Auxílios Financeiros a Pessoas Físicas;48;Outros Auxílios Financeiros a Pessoas Físicas;0
238587;15563;2016;86;Fundo Municipal de Saneamento Ambiental e Infraestrutura;22;FMSAI - Secretaria Municipal de Infraestrutura Urbana e Obras;5;Nota de Empenho Fornecimento de Bens de Consumo e/ou Permanente;8;Art. 24 Inciso II da lei Federal 8.666/93;6;Dispensa de Licitação;13/06/2016 00:00;17/06/2016 00:00;17/06/2016 00:00;0;0;5;45331,03;0;45331,03;0;A;1;;-1;-1;;;;;41;SEM REAJUSTE;;;;06/06/2016 00:00;10/06/2016 00:00;61;;;;;2,01503E+11;P;;;;Indenização de Benfeitorias - Obra Publica;;86;Fundo Municipal de Saneamento Ambiental e Infraestrutura;22;FMSAI - Secretaria Municipal de Infraestrutura Urbana e Obras;45331,03;0;5;0;0;45331,03;45331,03;0;45331,03;0;0;0;45331,03;45331,03;0;45331,03;0;45331,03;0;0;0;45331,03;45331,03;0;0;0;0;0;0;0;0;0;0;0;0;0;0;0;0;0;0;0;0;86.22.17.451.3008.5.013.44904800.03.0;99;Outros Auxílios Financeiros a Pessoa Física;99;Outros Auxílios Financeiros a Pessoas Físicas;48;Outros Auxílios Financeiros a Pessoas Físicas;0
238611;15581;2016;86;Fundo Municipal de Saneamento Ambiental e Infraestrutura;22;FMSAI - Secretaria Municipal de Infraestrutura Urbana e Obras;5;Nota de Empenho Fornecimento de Bens de Consumo e/ou Permanente;8;Art. 24 Inciso II da lei Federal 8.666/93;6;Dispensa de Licitação;13/06/2016 00:00;17/06/2016 00:00;17/06/2016 00:00;0;0;5;60143,36;0;60143,36;0;A;1;;-1;-1;;;;;41;SEM REAJUSTE;;;;06/06/2016 00:00;10/06/2016 00:00;61;;;;;2,01503E+11;P;;;;Indenização de Benfeitorias - Obra Publica;;86;Fundo Municipal de Saneamento Ambiental e Infraestrutura;22;FMSAI - Secretaria Municipal de Infraestrutura Urbana e Obras;60143,36;0;5;0;0;60143,36;60143,36;0;60143,36;0;0;0;60143,36;60143,36;0;60143,36;0;60143,36;0;0;0;60143,36;60143,36;0;0;0;0;0;0;0;0;0;0;0;0;0;0;0;0;0;0;0;0;86.22.17.451.3008.5.013.44904800.03.0;99;Outros Auxílios Financeiros a Pessoa Física;99;Outros Auxílios Financeiros a Pessoas Físicas;48;Outros Auxílios Financeiros a Pessoas Físicas;0
248536;24270;2016;86;Fundo Municipal de Saneamento Ambiental e Infraestrutura;22;FMSAI - Secretaria Municipal de Infraestrutura Urbana e Obras;5;Nota de Empenho Fornecimento de Bens de Consumo e/ou Permanente;39;Não Aplicável;8;Não Aplicável;13/09/2016 00:00;17/09/2016 00:00;17/09/2016 00:00;0;0;5;34428,41;0;34428,41;0;A;1;;-1;-1;;;;;41;SEM REAJUSTE;;;;06/08/2016 00:00;13/09/2016 00:00;68;;;;;2,01602E+11;P;;;;INDENIZAÇÃO DE BENFEITORIAS - OBRA PÚBLICA;;86;Fundo Municipal de Saneamento Ambiental e Infraestrutura;22;FMSAI - Secretaria Municipal de Infraestrutura Urbana e Obras;34428,41;0;5;0;0;34428,41;34428,41;0;34428,41;0;0;0;34428,41;34428,41;0;34428,41;0;34428,41;0;0;0;34428,41;34428,41;0;0;0;0;0;0;0;0;0;0;0;0;0;0;0;0;0;0;0;0;86.22.17.451.3008.5.013.44904800.03.0;99;Outros Auxílios Financeiros a Pessoa Física;99;Outros Auxílios Financeiros a Pessoas Físicas;48;Outros Auxílios Financeiros a Pessoas Físicas;0
248534;24268;2016;86;Fundo Municipal de Saneamento Ambiental e Infraestrutura;22;FMSAI - Secretaria Municipal de Infraestrutura Urbana e Obras;5;Nota de Empenho Fornecimento de Bens de Consumo e/ou Permanente;39;Não Aplicável;8;Não Aplicável;13/09/2016 00:00;17/09/2016 00:00;17/09/2016 00:00;0;0;5;92607,66;0;92607,66;0;A;1;;-1;-1;;;;;41;SEM REAJUSTE;;;;06/08/2016 00:00;13/09/2016 00:00;68;;;;;2,01602E+11;P;;;;Indenização de benfeitorias - Obra Publica;;86;Fundo Municipal de Saneamento Ambiental e Infraestrutura;22;FMSAI - Secretaria Municipal de Infraestrutura Urbana e Obras;92607,66;0;5;0;0;92607,66;92607,66;0;92607,66;0;0;0;92607,66;92607,66;0;92607,66;0;92607,66;0;0;0;92607,66;92607,66;0;0;0;0;0;0;0;0;0;0;0;0;0;0;0;0;0;0;0;0;86.22.17.451.3008.5.013.44904800.03.0;99;Outros Auxílios Financeiros a Pessoa Física;99;Outros Auxílios Financeiros a Pessoas Físicas;48;Outros Auxílios Financeiros a Pessoas Físicas;0
248554;24285;2016;22;Secretaria Municipal de Infra-Estrutura Urbana e Obras;10;Gabinete do Secretário;2;Termo de Contrato - Serviços;1;Art. 22 - Inciso I Lei Federal  8.666/93;4;Concorrência;19/09/2016 00:00;17/12/2016 00:00;17/12/2016 00:00;0;0;90;534961,18;0;534852,29;0;E;9;umental;2014;30;22;Secretaria Municipal de Infra-Estrutura Urbana e Obras;;;41;SEM REAJUSTE;;;;12/09/2016 00:00;13/09/2016 00:00;;;;;007/SIURB/2014;6,0162E+15;S;;;;Execução de serviços gerais de manutenção previstos na ATA DE REGISTRO DE PREÇOS nº 030/SIURB/2014 - AGRUPAMENTO  030  -  Subprefeitura Vila Mariana - SP/VM,  com fornecimento de materiais de primeira linha e mão-de-obra especializada para execução de serviços gerais de manutenção preventiva, corretiva, reparações, adaptações e modificações, no (a) CONAE COBERTURA E SALAS, Situada na Rua Dr. Diogo de Faria, 1247 - Vila Clementino - São Paulo/SP.;;22;Secretaria Municipal de Infra-Estrutura Urbana e Obras;10;Gabinete do Secretário;534961,18;0;90;0;0;534961,18;534961,18;0;534852,29;108,89;0;0;534852,29;534852,29;108,89;534961,18;0;534852,29;108,89;0;0;534852,29;534852,29;108,89;0;0;0;0;0;0;0;0;0;0;0;0;0;0;0;0;0;0;0;16.10.12.122.3024.2.100.33903900.00.0;16;Manutenção e Conservação de Bens Imóveis;17;Manutenção e Conservação de Bens Imóveis;39;Outros Serviços de Terceiros - Pessoa Jurídica;0
251936;27197;2016;22;Secretaria Municipal de Infra-Estrutura Urbana e Obras;10;Gabinete do Secretário;2;Termo de Contrato - Serviços;1;Art. 22 - Inciso I Lei Federal  8.666/93;4;Concorrência;21/10/2016 00:00;18/01/2017 00:00;18/01/2017 00:00;0;0;90;537131,03;0;536986,41;0;A;9;umental;2014;2;22;Secretaria Municipal de Infra-Estrutura Urbana e Obras;;;41;SEM REAJUSTE;;;;21/10/2016 00:00;21/10/2016 00:00;;;;;;2,01401E+11;P;;;;SP/BT - MANUTENÇÃO DA EMEF JOÃO XXIII;;22;Secretaria Municipal de Infra-Estrutura Urbana e Obras;10;Gabinete do Secretário;537131,03;0;90;0;0;537131,03;537131,03;0;536986,41;0;144,62;0;536986,41;536986,41;144,62;537131,03;0;536986,41;0;144,62;0;536986,41;536986,41;144,62;0;0;0;0;0;0;0;0;0;0;0;0;0;0;0;0;0;0;0;16.10.12.368.3010.2.822.33903900.00.0;16;Manutenção e Conservação de Bens Imóveis;14;Pequenas Reformas - Escolas de Ensino Fundamental;39;Outros Serviços de Terceiros - Pessoa Jurídica;144,62
251935;27196;2016;22;Secretaria Municipal de Infra-Estrutura Urbana e Obras;10;Gabinete do Secretário;2;Termo de Contrato - Serviços;1;Art. 22 - Inciso I Lei Federal  8.666/93;4;Concorrência;21/10/2016 00:00;18/01/2017 00:00;18/01/2017 00:00;0;0;89;707290,18;0;660023,7;0;S;9;umental;2014;3;22;Secretaria Municipal de Infra-Estrutura Urbana e Obras;;;5;EDIFICAÇÕES EM GERAL;160/SIURB/NMPME/201;;;21/10/2016 00:00;21/10/2016 00:00;;;;;0;6,0162E+15;S;;;;CEI PARQUE REGINA, situado na Rua Inácio Manuel Tourinho, nº 101 - Parque Regina - São Paulo/SP;;22;Secretaria Municipal de Infra-Estrutura Urbana e Obras;10;Gabinete do Secretário;707290,18;0;89;0;0;707290,18;707290,18;0;660023,7;0;47266,48;0;660023,7;660023,7;42266,48;707290,18;0;660023,7;0;47266,48;0;660023,7;660023,7;42266,48;0;0;0;0;0;0;0;0;0;0;0;0;0;0;0;0;0;0;0;16.10.12.368.3010.2.822.33903900.00.0;16;Manutenção e Conservação de Bens Imóveis;17;Manutenção e Conservação de Bens Imóveis;39;Outros Serviços de Terceiros - Pessoa Jurídica;47266,48
251771;27054;2016;22;Secretaria Municipal de Infra-Estrutura Urbana e Obras;10;Gabinete do Secretário;2;Termo de Contrato - Serviços;1;Art. 22 - Inciso I Lei Federal  8.666/93;4;Concorrência;21/10/2016 00:00;18/01/2017 00:00;18/01/2017 00:00;0;0;90;24153,68;0;24138,22;0;A;9;umental;2014;27;22;Secretaria Municipal de Infra-Estrutura Urbana e Obras;;;41;SEM REAJUSTE;;;;19/10/2016 00:00;20/10/2016 00:00;127;;;;;2,01503E+11;P;;;;SP/SÉ - MANUTENÇÃO PREVENTIVA, CORRETIVA, REPARAÇÕES, ADAPTAÇÕES E MODIFICAÇÕES NO EDIFÍCIO OLIDO - 18º e 19º ANDAR;;22;Secretaria Municipal de Infra-Estrutura Urbana e Obras;10;Gabinete do Secretário;24153,68;0;90;0;0;24153,68;24153,68;0;24138,22;0;15,46;0;24138,22;24138,22;15,46;24153,68;0;24138,22;0;15,46;0;24138,22;24138,22;15,46;0;0;0;0;0;0;0;0;0;0;0;0;0;0;0;0;0;0;0;22.10.15.122.3024.2.100.33903900.00.0;16;Manutenção e Conservação de Bens Imóveis;17;Manutenção e Conservação de Bens Imóveis;39;Outros Serviços de Terceiros - Pessoa Jurídica;15,46
251643;26963;2016;22;Secretaria Municipal de Infra-Estrutura Urbana e Obras;10;Gabinete do Secretário;2;Termo de Contrato - Serviços;1;Art. 22 - Inciso I Lei Federal  8.666/93;4;Concorrência;21/10/2016 00:00;18/01/2017 00:00;18/01/2017 00:00;0;0;90;109980,56;0;109637,56;0;E;9;umental;2014;13;22;Secretaria Municipal de Infra-Estrutura Urbana e Obras;;;41;SEM REAJUSTE;;;;18/10/2016 00:00;19/10/2016 00:00;94;;;;;6,0182E+15;S;;;;SMS/SIURB/EDIF - EXECUÇÃO DE OBRA - UBS AGUIA DE HAIA;;22;Secretaria Municipal de Infra-Estrutura Urbana e Obras;10;Gabinete do Secretário;109980,56;0;90;0;0;109980,56;109980,56;0;109637,56;343;0;0;109637,56;109637,56;343;109980,56;0;109637,56;343;0;0;109637,56;109637,56;343;0;0;0;0;0;0;0;0;0;0;0;0;0;0;0;0;0;0;0;84.10.10.302.3003.3.101.44905100.00.0;99;Outras Obras e Instalações;99;Outras Obras e Instalações;51;Obras e Instalações;0
251641;26961;2016;22;Secretaria Municipal de Infra-Estrutura Urbana e Obras;10;Gabinete do Secretário;2;Termo de Contrato - Serviços;1;Art. 22 - Inciso I Lei Federal  8.666/93;4;Concorrência;21/10/2016 00:00;18/01/2017 00:00;18/01/2017 00:00;0;0;90;40015,76;0;39926,75;0;E;9;umental;2014;27;22;Secretaria Municipal de Infra-Estrutura Urbana e Obras;;;41;SEM REAJUSTE;;;;18/10/2016 00:00;19/10/2016 00:00;94;;;;;6,0182E+15;S;;;;SMS/SIURB/EDIF - EXECUÇÃO DE OBRA - SMS/GABINETE;;22;Secretaria Municipal de Infra-Estrutura Urbana e Obras;10;Gabinete do Secretário;40015,76;0;90;0;0;40015,76;40015,76;0;39926,75;89,01;0;0;39926,75;39926,75;89,01;40015,76;0;39926,75;89,01;0;0;39926,75;39926,75;89,01;0;0;0;0;0;0;0;0;0;0;0;0;0;0;0;0;0;0;0;84.10.10.302.3003.3.101.44905100.00.0;99;Outras Obras e Instalações;99;Outras Obras e Instalações;51;Obras e Instalações;0
251938;27199;2016;22;Secretaria Municipal de Infra-Estrutura Urbana e Obras;10;Gabinete do Secretário;2;Termo de Contrato - Serviços;1;Art. 22 - Inciso I Lei Federal  8.666/93;4;Concorrência;21/10/2016 00:00;18/01/2017 00:00;18/01/2017 00:00;0;0;89;1200123,26;0;1198080,75;0;S;9;umental;2014;23;22;Secretaria Municipal de Infra-Estrutura Urbana e Obras;;;5;EDIFICAÇÕES EM GERAL;161/NMPME/SIURB/16;;;21/10/2016 00:00;21/10/2016 00:00;;;;;;6,0162E+15;S;;;;EMEF Profº MÁXIMO DE MOURA SANTOS, situado na Rua Julio Lopes de Almeida, 275 - Vila Pauliceia.- São Paulo/SP;;22;Secretaria Municipal de Infra-Estrutura Urbana e Obras;10;Gabinete do Secretário;1200123,26;0;89;0;0;1200123,26;1200123,26;0;1198080,75;0;2042,51;0;1198080,75;1198080,75;2042,51;1200123,26;0;1198080,75;0;2042,51;0;1198080,75;1198080,75;2042,51;0;0;0;0;0;0;0;0;0;0;0;0;0;0;0;0;0;0;0;16.10.12.368.3010.2.822.33903900.00.0;16;Manutenção e Conservação de Bens Imóveis;17;Manutenção e Conservação de Bens Imóveis;39;Outros Serviços de Terceiros - Pessoa Jurídica;2042,51
251858;27130;2016;22;Secretaria Municipal de Infra-Estrutura Urbana e Obras;10;Gabinete do Secretário;2;Termo de Contrato - Serviços;1;Art. 22 - Inciso I Lei Federal  8.666/93;4;Concorrência;21/10/2016 00:00;18/01/2017 00:00;18/01/2017 00:00;0;0;89;297051,3;0;263412,38;0;S;9;umental;2014;27;22;Secretaria Municipal de Infra-Estrutura Urbana e Obras;;;5;EDIFICAÇÕES EM GERAL;152/SIURB/NMPME/2016;;;21/10/2016 00:00;21/10/2016 00:00;;;;;;6,0162E+15;S;;;;Execução de serviços gerais de manutenção previstos na ATA DE REGISTRO DE PREÇOS nº 027/SIURB/2014 - AGRUPAMENTO  027 -  Subprefeitura Sé - SP/SE,  com fornecimento de materiais de primeira linha e mão-de-obra especializada para execução de serviços gerais de manutenção preventiva, corretiva, reparações, adaptações e modificações, no (a) EDIFÍCIO MARROCOS, situado na  Rua Conselheiro Crispiniano, 344 - Sé  - São Paulo/SP;;22;Secretaria Municipal de Infra-Estrutura Urbana e Obras;10;Gabinete do Secretário;297051,3;0;89;0;0;297051,3;297051,3;0;263412,38;0;33638,92;0;263412,38;263412,38;33638,92;297051,3;0;263412,38;0;33638,92;0;263412,38;263412,38;33638,92;0;0;0;0;0;0;0;0;0;0;0;0;0;0;0;0;0;0;0;16.10.12.122.3024.2.100.33903900.00.0;16;Manutenção e Conservação de Bens Imóveis;17;Manutenção e Conservação de Bens Imóveis;39;Outros Serviços de Terceiros - Pessoa Jurídica;33638,92
251680;26980;2016;22;Secretaria Municipal de Infra-Estrutura Urbana e Obras;10;Gabinete do Secretário;2;Termo de Contrato - Serviços;1;Art. 22 - Inciso I Lei Federal  8.666/93;4;Concorrência;21/10/2016 00:00;18/01/2017 00:00;18/01/2017 00:00;0;0;90;49999,74;0;49793,67;0;E;9;umental;2014;32;22;Secretaria Municipal de Infra-Estrutura Urbana e Obras;;;41;SEM REAJUSTE;;;;13/10/2016 00:00;14/10/2016 00:00;95;;;;;6,0162E+15;S;;;;SP/SP - MANUTENÇÃO DO CEU SAPOPEMBA - ACADEMIA PARA A 3ª IDADE;;22;Secretaria Municipal de Infra-Estrutura Urbana e Obras;10;Gabinete do Secretário;49999,74;0;90;0;0;49999,74;49999,74;0;49793,67;206,07;0;0;49793,67;49793,67;206,07;49999,74;0;49793,67;206,07;0;0;49793,67;49793,67;206,07;0;0;0;0;0;0;0;0;0;0;0;0;0;0;0;0;0;0;0;16.10.12.368.3010.2.851.33903900.00.0;16;Manutenção e Conservação de Bens Imóveis;16;Pequenas Reformas - Outros Imóveis;39;Outros Serviços de Terceiros - Pessoa Jurídica;0
251930;27191;2016;22;Secretaria Municipal de Infra-Estrutura Urbana e Obras;10;Gabinete do Secretário;2;Termo de Contrato - Serviços;1;Art. 22 - Inciso I Lei Federal  8.666/93;4;Concorrência;21/10/2016 00:00;18/01/2017 00:00;18/01/2017 00:00;0;0;90;222387,01;0;222383,16;0;A;9;umental;2014;16;22;Secretaria Municipal de Infra-Estrutura Urbana e Obras;;;41;SEM REAJUSTE;;;;21/10/2016 00:00;21/10/2016 00:00;;;;;;2,01304E+11;P;;;;SP/MB - MANUTENÇÃO DA EMEI JOAQUIM MANUEL DE MACEDO;;22;Secretaria Municipal de Infra-Estrutura Urbana e Obras;10;Gabinete do Secretário;222387,01;0;90;0;0;222387,01;222387,01;0;222383,16;0;3,85;0;222383,16;222383,16;3,85;222387,01;0;222383,16;0;3,85;0;222383,16;222383,16;3,85;0;0;0;0;0;0;0;0;0;0;0;0;0;0;0;0;0;0;0;16.10.12.368.3010.2.822.33903900.00.0;16;Manutenção e Conservação de Bens Imóveis;12;Pequenas Reformas - Escolas de Educação Infantil;39;Outros Serviços de Terceiros - Pessoa Jurídica;3,85
251644;26964;2016;22;Secretaria Municipal de Infra-Estrutura Urbana e Obras;10;Gabinete do Secretário;2;Termo de Contrato - Serviços;1;Art. 22 - Inciso I Lei Federal  8.666/93;4;Concorrência;21/10/2016 00:00;18/01/2017 00:00;18/01/2017 00:00;0;0;90;99935,66;0;99300,64;0;E;9;umental;2014;22;22;Secretaria Municipal de Infra-Estrutura Urbana e Obras;;;41;SEM REAJUSTE;;;;18/10/2016 00:00;19/10/2016 00:00;94;;;;;6,0182E+15;S;;;;SMS/SIURB/EDIF - EXECUÇÃO DE OBRA - CAPS ADULTO II - PIRITUBA/JARAGUÁ;;22;Secretaria Municipal de Infra-Estrutura Urbana e Obras;10;Gabinete do Secretário;99935,66;0;90;0;0;99935,66;99935,66;0;99300,64;635,02;0;0;99300,64;99300,64;635,02;99935,66;0;99300,64;635,02;0;0;99300,64;99300,64;635,02;0;0;0;0;0;0;0;0;0;0;0;0;0;0;0;0;0;0;0;84.10.10.302.3003.3.101.44905100.00.0;99;Outras Obras e Instalações;99;Outras Obras e Instalações;51;Obras e Instalações;0
251677;26978;2016;22;Secretaria Municipal de Infra-Estrutura Urbana e Obras;10;Gabinete do Secretário;2;Termo de Contrato - Serviços;1;Art. 22 - Inciso I Lei Federal  8.666/93;4;Concorrência;21/10/2016 00:00;18/01/2017 00:00;18/01/2017 00:00;0;0;89;99986,55;0;95867,42;0;S;9;umental;2014;32;22;Secretaria Municipal de Infra-Estrutura Urbana e Obras;;;41;SEM REAJUSTE;150/SIURB/NMPME/2016;;;18/10/2016 00:00;19/10/2016 00:00;95;;;;;6,0162E+15;S;;;;SP/SP - MANUTENÇÃO DA EMEFM RUBENS PAIVA;;22;Secretaria Municipal de Infra-Estrutura Urbana e Obras;10;Gabinete do Secretário;99986,55;0;89;0;0;99986,55;99986,55;0;95867,42;0;4119,13;0;95867,42;95867,42;4119,13;99986,55;0;95867,42;0;4119,13;0;95867,42;95867,42;4119,13;0;0;0;0;0;0;0;0;0;0;0;0;0;0;0;0;0;0;0;16.10.12.368.3010.2.864.33903900.00.0;16;Manutenção e Conservação de Bens Imóveis;17;Manutenção e Conservação de Bens Imóveis;39;Outros Serviços de Terceiros - Pessoa Jurídica;4119,13
251454;26793;2016;22;Secretaria Municipal de Infra-Estrutura Urbana e Obras;10;Gabinete do Secretário;2;Termo de Contrato - Serviços;1;Art. 22 - Inciso I Lei Federal  8.666/93;4;Concorrência;21/10/2016 00:00;18/01/2017 00:00;18/01/2017 00:00;0;0;90;129993,52;0;129464,73;0;A;9;umental;2014;17;22;Secretaria Municipal de Infra-Estrutura Urbana e Obras;;;5;EDIFICAÇÕES EM GERAL;;;;06/10/2016 00:00;14/10/2016 00:00;95;;;;;2,01503E+11;P;;;;MANUTENÇÃO ALMOXARIFADO ILUMES;;22;Secretaria Municipal de Infra-Estrutura Urbana e Obras;10;Gabinete do Secretário;129993,52;0;90;0;0;129993,52;129993,52;0;129464,73;0;528,79;0;129464,73;129464,73;528,79;129993,52;0;129464,73;0;528,79;0;129464,73;129464,73;528,79;0;0;0;0;0;0;0;0;0;0;0;0;0;0;0;0;0;0;0;99.10.15.122.3024.2.100.33903900.08.0;16;Manutenção e Conservação de Bens Imóveis;17;Manutenção e Conservação de Bens Imóveis;39;Outros Serviços de Terceiros - Pessoa Jurídica;528,79
251852;27124;2016;22;Secretaria Municipal de Infra-Estrutura Urbana e Obras;10;Gabinete do Secretário;2;Termo de Contrato - Serviços;1;Art. 22 - Inciso I Lei Federal  8.666/93;4;Concorrência;21/10/2016 00:00;18/01/2017 00:00;18/01/2017 00:00;0;0;90;63422,06;0;63401,39;0;E;9;umental;2014;31;22;Secretaria Municipal de Infra-Estrutura Urbana e Obras;;;41;SEM REAJUSTE;;;;18/10/2016 00:00;19/10/2016 00:00;94;;;;;6,0182E+15;S;;;;SMS/SIURB/EDIF - EXECUÇÃO DE OBRA - STS VILA PRUDENTE - SAPOPEMBA;;22;Secretaria Municipal de Infra-Estrutura Urbana e Obras;10;Gabinete do Secretário;63422,06;0;90;0;0;63422,06;63422,06;0;63401,39;20,67;0;0;63401,39;63401,39;20,67;63422,06;0;63401,39;20,67;0;0;63401,39;63401,39;20,67;0;0;0;0;0;0;0;0;0;0;0;0;0;0;0;0;0;0;0;84.10.10.302.3003.3.101.44905100.00.0;99;Outras Obras e Instalações;99;Outras Obras e Instalações;51;Obras e Instalações;0
251883;27149;2016;22;Secretaria Municipal de Infra-Estrutura Urbana e Obras;10;Gabinete do Secretário;2;Termo de Contrato - Serviços;1;Art. 22 - Inciso I Lei Federal  8.666/93;4;Concorrência;21/10/2016 00:00;18/01/2017 00:00;18/01/2017 00:00;0;0;89;294867,88;0;291339,15;0;S;9;umental;2014;20;22;Secretaria Municipal de Infra-Estrutura Urbana e Obras;;;41;SEM REAJUSTE;159/SIRUB/NMPME/2016;;;21/10/2016 00:00;21/10/2016 00:00;94;;;;;6,0162E+15;S;;;;SP/PR - MANUTENÇÃO E CONSERVAÇÃO DE SERVIÇOS DE 2º ESCALÃO NO CEU PARQUE - ANHANGUERA;;22;Secretaria Municipal de Infra-Estrutura Urbana e Obras;10;Gabinete do Secretário;294867,88;0;89;0;0;294867,88;294867,88;0;291339,15;0;3528,73;0;291339,15;291339,15;3528,73;294867,88;0;291339,15;0;3528,73;0;291339,15;291339,15;3528,73;0;0;0;0;0;0;0;0;0;0;0;0;0;0;0;0;0;0;0;16.10.12.368.3010.2.851.33903900.00.0;16;Manutenção e Conservação de Bens Imóveis;16;Pequenas Reformas - Outros Imóveis;39;Outros Serviços de Terceiros - Pessoa Jurídica;3528,73
251933;27194;2016;22;Secretaria Municipal de Infra-Estrutura Urbana e Obras;10;Gabinete do Secretário;2;Termo de Contrato - Serviços;1;Art. 22 - Inciso I Lei Federal  8.666/93;4;Concorrência;21/10/2016 00:00;18/01/2017 00:00;18/01/2017 00:00;0;0;90;641427,99;0;641421,81;0;A;9;umental;2014;16;22;Secretaria Municipal de Infra-Estrutura Urbana e Obras;;;41;SEM REAJUSTE;;;;21/10/2016 00:00;21/10/2016 00:00;;;;;;2,015E+11;P;;;;SP/MB - MANUTENÇÃO DA EMEI IBIAPABA MARTINS;;22;Secretaria Municipal de Infra-Estrutura Urbana e Obras;10;Gabinete do Secretário;641427,99;0;90;0;0;641427,99;641427,99;0;641421,81;0;6,18;0;641421,81;641421,81;6,18;641427,99;0;641421,81;0;6,18;0;641421,81;641421,81;6,18;0;0;0;0;0;0;0;0;0;0;0;0;0;0;0;0;0;0;0;16.10.12.368.3010.2.822.33903900.00.0;16;Manutenção e Conservação de Bens Imóveis;14;Pequenas Reformas - Escolas de Ensino Fundamental;39;Outros Serviços de Terceiros - Pessoa Jurídica;6,18
251833;27105;2016;22;Secretaria Municipal de Infra-Estrutura Urbana e Obras;10;Gabinete do Secretário;2;Termo de Contrato - Serviços;1;Art. 22 - Inciso I Lei Federal  8.666/93;4;Concorrência;21/10/2016 00:00;18/01/2017 00:00;18/01/2017 00:00;0;0;90;585691,11;0;576449,87;0;A;9;umental;2014;32;22;Secretaria Municipal de Infra-Estrutura Urbana e Obras;;;41;SEM REAJUSTE;;;;30/09/2016 00:00;18/10/2016 00:00;78;;;;;2,01202E+11;P;;;;SP/SP - MANUTENÇÃO DO MERCADO MUNICIPAL TEOTONIO VILELA;;22;Secretaria Municipal de Infra-Estrutura Urbana e Obras;10;Gabinete do Secretário;585691,11;0;90;0;0;585691,11;585691,11;0;576449,87;0;9241,24;0;576449,87;576449,87;9241,24;585691,11;0;576449,87;0;9241,24;0;576449,87;576449,87;9241,24;0;0;0;0;0;0;0;0;0;0;0;0;0;0;0;0;0;0;0;30.10.08.605.3011.7.000.44903900.00.0;99;Outros Serviços de Terceiros - Pessoa Jurídica;99;Outros Serviços de Terceiros - Pessoa Jurídica;39;Outros Serviços de Terceiros - Pessoa Jurídica;9241,24
251870;27140;2016;22;Secretaria Municipal de Infra-Estrutura Urbana e Obras;10;Gabinete do Secretário;2;Termo de Contrato - Serviços;1;Art. 22 - Inciso I Lei Federal  8.666/93;4;Concorrência;21/10/2016 00:00;18/01/2017 00:00;18/01/2017 00:00;0;0;90;197756,95;0;177587,63;0;A;9;umental;2014;32;22;Secretaria Municipal de Infra-Estrutura Urbana e Obras;;;5;EDIFICAÇÕES EM GERAL;;;;21/10/2016 00:00;21/10/2016 00:00;;;;;;2,01501E+11;P;;;;MANUTENÇÃO CEU SAPOPEMBA;;22;Secretaria Municipal de Infra-Estrutura Urbana e Obras;10;Gabinete do Secretário;197756,95;0;90;0;0;197756,95;197756,95;0;177587,63;0;20169,32;0;177587,63;177587,63;20169,32;197756,95;0;177587,63;0;20169,32;0;177587,63;177587,63;20169,32;0;0;0;0;0;0;0;0;0;0;0;0;0;0;0;0;0;0;0;16.10.12.368.3010.2.851.33903900.00.0;16;Manutenção e Conservação de Bens Imóveis;17;Manutenção e Conservação de Bens Imóveis;39;Outros Serviços de Terceiros - Pessoa Jurídica;20169,32
234746;12164;2016;22;Secretaria Municipal de Infra-Estrutura Urbana e Obras;10;Gabinete do Secretário;5;Nota de Empenho Fornecimento de Bens de Consumo e/ou Permanente;6;Lei Federal 10.520/02;12;Pregão;04/05/2016 00:00;18/05/2016 00:00;18/05/2016 00:00;0;0;15;74099,96;0;74099,96;0;A;9;umental;-1;-1;;;;;41;SEM REAJUSTE;;;05/04/2016 00:00;04/05/2016 00:00;07/05/2016 00:00;103;;;;;2,01502E+11;P;;;;Aquisição de materiais elétricos e hidráulicos diversos para manutenção das unidades desta Secretaria;;22;Secretaria Municipal de Infra-Estrutura Urbana e Obras;10;Gabinete do Secretário;74099,96;0;15;0;0;74099,96;74099,96;0;74099,96;0;0;0;74099,96;74099,96;0;74099,96;0;74099,96;0;0;0;74099,96;74099,96;0;0;0;0;0;0;0;0;0;0;0;0;0;0;0;0;0;0;0;0;22.10.15.122.3024.2.100.33903000.00.0;26;Material Elétrico e Eletrônico;99;Diversos Materiais Elétricos e Eletrônicos;30;Material de Consumo;0
231056;8997;2016;22;Secretaria Municipal de Infra-Estrutura Urbana e Obras;10;Gabinete do Secretário;2;Termo de Contrato - Serviços;1;Art. 22 - Inciso I Lei Federal  8.666/93;4;Concorrência;20/04/2016 00:00;18/07/2016 00:00;18/07/2016 00:00;0;0;90;1497041,33;0;1422726,03;0;A;9;umental;2014;1;22;Secretaria Municipal de Infra-Estrutura Urbana e Obras;;;41;SEM REAJUSTE;;;;06/04/2015 00:00;12/04/2016 00:00;74;;;;;2,01501E+11;P;;;;SP/AF - MANUTENÇÃO DA EMEI NAYL GOMES MARTINS;;22;Secretaria Municipal de Infra-Estrutura Urbana e Obras;10;Gabinete do Secretário;1497041,33;0;90;0;0;1497041,33;1497041,33;0;1422726,03;0;74315,3;0;1422726,03;1422726,03;74315,3;1497041,33;0;1422726,03;0;74315,3;0;1422726,03;1422726,03;74315,3;0;0;0;0;0;0;0;0;0;0;0;0;0;0;0;0;0;0;0;16.10.12.368.3010.2.822.33903900.00.0;16;Manutenção e Conservação de Bens Imóveis;12;Pequenas Reformas - Escolas de Educação Infantil;39;Outros Serviços de Terceiros - Pessoa Jurídica;74315,3
255211;30017;2016;22;Secretaria Municipal de Infraestrutura Urbana e Obras;10;Gabinete do Secretário;2;Termo de Contrato - Serviços;1;Art. 22 - Inciso I Lei Federal  8.666/93;4;Concorrência;25/10/2019 00:00;18/10/2020 00:00;18/10/2020 00:00;0;0;360;35614978,59;3000000;5827159,97;179738,52;A;9;umental;-1;-1;;;;;41;SEM REAJUSTE;;;;08/12/2016 00:00;08/12/2016 00:00;;;;;RDC 13//14/SIURB;2,01403E+11;P;;;;Execução de Obras e Serviços Relativos á Construção de Centros de Educação Infantil - CEI Com Estruturaem Concreto Armado Pré-Moldado, Agrupados nos Lotes 07 e 08 - RDC Nº 013/14/SIURB;;22;Secretaria Municipal de Infraestrutura Urbana e Obras;10;Gabinete do Secretário;35614978,59;0;360;0;3000000;38614978,59;38614978,59;0;6006898,49;0;32608080,1;0;6006898,49;6006898,49;5581356,33;35614978,59;0;5827159,97;0;29787818,62;0;5827159,97;5827159,97;5556818,77;3000000;0;179738,52;0;2820261,48;0;179738,52;179738,52;24537,56;0;0;0;0;0;0;0;0;0;0;16.10.12.365.3010.3.359.44905100.05.0;89;Obras em Andamento - Uso Comum do Povo;2;Escolas e similares;51;Obras e Instalações;32608080,1
255325;30108;2016;22;Secretaria Municipal de Infra-Estrutura Urbana e Obras;10;Gabinete do Secretário;5;Nota de Empenho Fornecimento de Bens de Consumo e/ou Permanente;39;Não Aplicável;8;Não Aplicável;09/12/2016 00:00;18/12/2016 00:00;18/12/2016 00:00;0;0;10;81984,12;0;81984,12;0;A;1;;-1;-1;;;;;41;SEM REAJUSTE;;;;01/12/2016 00:00;03/12/2016 00:00;121;;;;;2,01303E+11;P;;;;Desap - Melhoramento Núcleo Habitacional Destinado a População de Baixa Renda;;22;Secretaria Municipal de Infra-Estrutura Urbana e Obras;10;Gabinete do Secretário;81926,78;0;10;57,34;0;81984,12;81984,12;0;81984,12;0;0;0;81984,12;81984,12;81926,78;81984,12;0;81984,12;0;0;0;81984,12;81984,12;81926,78;0;0;0;0;0;0;0;0;0;0;0;0,07;0;0;0;0;0;0;0;37.30.15.451.3009.5.100.44906100.08.0;99;Outras Aquisições de Bens Imóveis;1;Desapropriações;61;Aquisição de Imóveis;0
247731;23533;2016;22;Secretaria Municipal de Infra-Estrutura Urbana e Obras;10;Gabinete do Secretário;2;Termo de Contrato - Serviços;1;Art. 22 - Inciso I Lei Federal  8.666/93;4;Concorrência;19/09/2016 00:00;17/12/2016 00:00;18/12/2016 00:00;0;0;90;272192,74;0;272192,74;0;E;9;umental;2014;14;22;Secretaria Municipal de Infra-Estrutura Urbana e Obras;;;41;SEM REAJUSTE;;;;02/09/2016 00:00;03/09/2016 00:00;118;;;;007/SIURB/2014;6,0182E+15;S;;;;Execução de serviços gerais de manutenção previstos na ATA DE REGISTRO DE PREÇOS nº 014/SIURB/2014 - AGRUPAMENTO  014  -  Subprefeitura Jabaquara - SP/JA,  com fornecimento de materiais de primeira linha e mão-de-obra especializada para execução de serviços gerais de manutenção preventiva, corretiva, reparações, adaptações e modificações, no (a) CAPS ALCOOL E DROGA JABAQUARA situado na : Praça Barão de Japurá, 01 Vila Guarani - Jabaquara - São Paulo/SP.;;22;Secretaria Municipal de Infra-Estrutura Urbana e Obras;10;Gabinete do Secretário;499657,89;0;90;0;0;499657,89;499657,89;0;272192,74;227465,15;0;0;272192,74;272192,74;227465,15;499657,89;0;272192,74;227465,15;0;0;272192,74;272192,74;227465,15;0;0;0;0;0;0;0;0;0;0;0;0;0;0;0;0;0;0;0;84.10.10.302.3003.3.101.44905100.00.0;99;Outras Obras e Instalações;99;Outras Obras e Instalações;51;Obras e Instalações;0
255322;30106;2016;22;Secretaria Municipal de Infra-Estrutura Urbana e Obras;10;Gabinete do Secretário;5;Nota de Empenho Fornecimento de Bens de Consumo e/ou Permanente;39;Não Aplicável;8;Não Aplicável;09/12/2016 00:00;18/12/2016 00:00;18/12/2016 00:00;0;0;10;2849,59;0;2849,59;0;A;1;;-1;-1;;;;;41;SEM REAJUSTE;;;;01/12/2016 00:00;03/12/2016 00:00;121;;;;;2,01103E+11;P;;;;Desap - Melhoramento Núcleo Habitacional Destinado a População de Baixa Renda;;22;Secretaria Municipal de Infra-Estrutura Urbana e Obras;10;Gabinete do Secretário;2847,6;0;10;1,99;0;2849,59;2849,59;0;2849,59;0;0;0;2849,59;2849,59;2847,6;2849,59;0;2849,59;0;0;0;2849,59;2849,59;2847,6;0;0;0;0;0;0;0;0;0;0;0;0,07;0;0;0;0;0;0;0;37.30.16.451.3002.3.357.44906100.08.0;99;Outras Aquisições de Bens Imóveis;1;Desapropriações;61;Aquisição de Imóveis;0
251642;26962;2016;22;Secretaria Municipal de Infra-Estrutura Urbana e Obras;10;Gabinete do Secretário;2;Termo de Contrato - Serviços;1;Art. 22 - Inciso I Lei Federal  8.666/93;4;Concorrência;21/10/2016 00:00;18/01/2017 00:00;19/01/2017 00:00;0;0;90;0;0;0;0;E;9;umental;2014;31;22;Secretaria Municipal de Infra-Estrutura Urbana e Obras;;;41;SEM REAJUSTE;;;;18/10/2016 00:00;19/10/2016 00:00;94;;;;;6,0182E+15;S;;;;SMS/SIURB/EDIF - EXECUÇÃO DE OBRA - STS VILA PRUDENTE - SAPOPEMBA;;22;Secretaria Municipal de Infra-Estrutura Urbana e Obras;10;Gabinete do Secretário;62422,06;0;90;0;0;62422,06;62422,06;0;0;62422,06;0;0;0;0;62422,06;62422,06;0;0;62422,06;0;0;0;0;62422,06;0;0;0;0;0;0;0;0;0;0;0;0;0;0;0;0;0;0;0;84.10.10.302.3003.3.101.44905100.00.0;99;Outras Obras e Instalações;99;Outras Obras e Instalações;51;Obras e Instalações;0
251318;26677;2016;22;Secretaria Municipal de Infra-Estrutura Urbana e Obras;10;Gabinete do Secretário;2;Termo de Contrato - Serviços;1;Art. 22 - Inciso I Lei Federal  8.666/93;4;Concorrência;21/10/2016 00:00;19/01/2017 00:00;19/01/2017 00:00;0;0;90;0;0;0;0;E;9;umental;2014;32;22;Secretaria Municipal de Infra-Estrutura Urbana e Obras;;;5;EDIFICAÇÕES EM GERAL;;;;13/10/2016 00:00;14/10/2016 00:00;95;;;;32;6,0162E+15;S;;;;CEU SAPOEPMBA - MANUTENÇÃO;;22;Secretaria Municipal de Infra-Estrutura Urbana e Obras;10;Gabinete do Secretário;49999,74;0;90;0;0;49999,74;49999,74;0;0;49999,74;0;0;0;0;0;49999,74;0;0;49999,74;0;0;0;0;0;0;0;0;0;0;0;0;0;0;0;0;0;0;0;0;0;0;0;0;;;;;;;;0
251640;26960;2016;22;Secretaria Municipal de Infra-Estrutura Urbana e Obras;10;Gabinete do Secretário;2;Termo de Contrato - Serviços;1;Art. 22 - Inciso I Lei Federal  8.666/93;4;Concorrência;21/10/2016 00:00;18/01/2017 00:00;19/01/2017 00:00;0;0;90;116919,87;0;116919,87;0;E;9;umental;2014;31;22;Secretaria Municipal de Infra-Estrutura Urbana e Obras;;;41;SEM REAJUSTE;;;;18/10/2016 00:00;19/10/2016 00:00;94;;;;;6,0182E+15;S;;;;SMS/SIURB/EDIF - EXECUÇÃO DE OBRA - UBS DOUTOR HERMINIO MOREIRA - VILA ALPINA;;22;Secretaria Municipal de Infra-Estrutura Urbana e Obras;10;Gabinete do Secretário;116997,42;0;90;0;0;116997,42;116997,42;0;116919,87;77,55;0;0;116919,87;116919,87;77,55;116997,42;0;116919,87;77,55;0;0;116919,87;116919,87;77,55;0;0;0;0;0;0;0;0;0;0;0;0;0;0;0;0;0;0;0;84.10.10.302.3003.3.101.44905100.00.0;99;Outras Obras e Instalações;99;Outras Obras e Instalações;51;Obras e Instalações;0
251908;27172;2016;22;Secretaria Municipal de Infra-Estrutura Urbana e Obras;10;Gabinete do Secretário;2;Termo de Contrato - Serviços;1;Art. 22 - Inciso I Lei Federal  8.666/93;4;Concorrência;21/10/2016 00:00;18/01/2017 00:00;19/01/2017 00:00;0;0;90;2415584,53;0;2415584,53;0;E;9;umental;2014;9;22;Secretaria Municipal de Infra-Estrutura Urbana e Obras;;;5;EDIFICAÇÕES EM GERAL;;;;21/10/2016 00:00;21/10/2016 00:00;;;;;;6,0132E+15;S;;;;MANUTENÇÃO Serviços de manutenção elétrica e da cobertura dos prédios desta Divisão, localizados na Rua da Balsa nº 331/401 -  São Paulo/SP;;22;Secretaria Municipal de Infra-Estrutura Urbana e Obras;10;Gabinete do Secretário;2415599,68;0;90;0;0;2415599,68;2415599,68;0;2415584,53;15,15;0;0;2415584,53;2415584,53;15,15;2415599,68;0;2415584,53;15,15;0;0;2415584,53;2415584,53;15,15;0;0;0;0;0;0;0;0;0;0;0;0;0;0;0;0;0;0;0;11.20.04.122.3024.3.000.44903900.00.0;99;Outros Serviços de Terceiros - Pessoa Jurídica;99;Outros Serviços de Terceiros - Pessoa Jurídica;39;Outros Serviços de Terceiros - Pessoa Jurídica;0
251900;27164;2016;22;Secretaria Municipal de Infra-Estrutura Urbana e Obras;10;Gabinete do Secretário;2;Termo de Contrato - Serviços;1;Art. 22 - Inciso I Lei Federal  8.666/93;4;Concorrência;21/10/2016 00:00;18/01/2017 00:00;19/01/2017 00:00;0;0;90;345908,61;0;345908,61;0;E;9;umental;2014;9;22;Secretaria Municipal de Infra-Estrutura Urbana e Obras;;;41;SEM REAJUSTE;;;;21/10/2016 00:00;21/10/2016 00:00;94;;;;;6,0162E+15;S;;;;SP/FB - MANUTENÇÃO E CONSERVAÇÃO DE SERVIÇOS DE 2º ESCALÃO NO CEU PAZ;;22;Secretaria Municipal de Infra-Estrutura Urbana e Obras;10;Gabinete do Secretário;738163,41;0;90;0;0;738163,41;738163,41;0;345908,61;392254,8;0;0;345908,61;345908,61;392254,8;738163,41;0;345908,61;392254,8;0;0;345908,61;345908,61;392254,8;0;0;0;0;0;0;0;0;0;0;0;0;0;0;0;0;0;0;0;16.10.12.368.3010.2.851.33903900.00.0;16;Manutenção e Conservação de Bens Imóveis;17;Manutenção e Conservação de Bens Imóveis;39;Outros Serviços de Terceiros - Pessoa Jurídica;0
251940;27201;2016;22;Secretaria Municipal de Infra-Estrutura Urbana e Obras;10;Gabinete do Secretário;2;Termo de Contrato - Serviços;1;Art. 22 - Inciso I Lei Federal  8.666/93;4;Concorrência;21/10/2016 00:00;18/01/2017 00:00;19/01/2017 00:00;0;0;90;332112,87;0;332112,87;0;E;9;umental;2014;26;22;Secretaria Municipal de Infra-Estrutura Urbana e Obras;;;5;EDIFICAÇÕES EM GERAL;;;;21/10/2016 00:00;21/10/2016 00:00;;;;;;6,0162E+15;S;;;;EMEF PADRE JOSÉ DE ANCHIETA, situado na Rua Inajaguaçu, 13 - Vila Progresso - São Paulo/SP;;22;Secretaria Municipal de Infra-Estrutura Urbana e Obras;10;Gabinete do Secretário;336309,02;0;90;0;0;336309,02;336309,02;0;332112,87;4196,15;0;0;332112,87;332112,87;4196,15;336309,02;0;332112,87;4196,15;0;0;332112,87;332112,87;4196,15;0;0;0;0;0;0;0;0;0;0;0;0;0;0;0;0;0;0;0;16.10.12.368.3010.2.822.33903900.00.0;16;Manutenção e Conservação de Bens Imóveis;17;Manutenção e Conservação de Bens Imóveis;39;Outros Serviços de Terceiros - Pessoa Jurídica;0
251914;27176;2016;22;Secretaria Municipal de Infra-Estrutura Urbana e Obras;10;Gabinete do Secretário;2;Termo de Contrato - Serviços;1;Art. 22 - Inciso I Lei Federal  8.666/93;4;Concorrência;21/10/2016 00:00;18/01/2017 00:00;19/01/2017 00:00;0;0;90;153534,78;0;153534,78;0;E;9;umental;2014;10;22;Secretaria Municipal de Infra-Estrutura Urbana e Obras;;;41;SEM REAJUSTE;;;;21/10/2016 00:00;21/10/2016 00:00;94;;;;;6,0252E+15;S;;;;SP/G - MANUTENÇÃO DA CASA DE CULTURA DE GUAIANASES;;22;Secretaria Municipal de Infra-Estrutura Urbana e Obras;10;Gabinete do Secretário;323662,42;0;90;0;0;323662,42;323662,42;0;153534,78;170127,64;0;0;153534,78;153534,78;170127,64;323662,42;0;153534,78;170127,64;0;0;153534,78;153534,78;170127,64;0;0;0;0;0;0;0;0;0;0;0;0;0;0;0;0;0;0;0;98.25.13.392.3001.3.400.44903900.08.0;99;Outros Serviços de Terceiros - Pessoa Jurídica;99;Outros Serviços de Terceiros - Pessoa Jurídica;39;Outros Serviços de Terceiros - Pessoa Jurídica;0
232815;10633;2016;22;Secretaria Municipal de Infra-Estrutura Urbana e Obras;10;Gabinete do Secretário;5;Nota de Empenho Fornecimento de Bens de Consumo e/ou Permanente;39;Não Aplicável;8;Não Aplicável;25/04/2016 00:00;19/05/2016 00:00;19/05/2016 00:00;0;0;25;27850;0;27850;0;E;9;umental;-1;-1;;;;;41;SEM REAJUSTE;;;;18/04/2016 00:00;20/04/2016 00:00;132;;;;;6,0222E+15;S;;;;Fornecimento de 2.500 (duas mil e quinhentas) resmas de Papel Sulfite com Certificado Ambiental - A4 - 75 g/m2 - 210 x 297 mm;;22;Secretaria Municipal de Infra-Estrutura Urbana e Obras;10;Gabinete do Secretário;27850;0;25;0;0;27850;27850;0;27850;0;0;0;27850;27850;0;27850;0;27850;0;0;0;27850;27850;0;0;0;0;0;0;0;0;0;0;0;0;0;0;0;0;0;0;0;0;22.10.15.122.3024.2.100.33903000.00.0;16;Material de Expediente;1;Materiais para Impressão e Encadernação;30;Material de Consumo;0
238497;15479;2016;86;Fundo Municipal de Saneamento Ambiental e Infraestrutura;22;FMSAI - Secretaria Municipal de Infraestrutura Urbana e Obras;5;Nota de Empenho Fornecimento de Bens de Consumo e/ou Permanente;8;Art. 24 Inciso II da lei Federal 8.666/93;6;Dispensa de Licitação;10/06/2016 00:00;19/06/2016 00:00;19/06/2016 00:00;0;0;10;180927,62;0;180927,62;0;A;1;;-1;-1;;;;;41;SEM REAJUSTE;;;;06/06/2016 00:00;10/06/2016 00:00;61;;;;;2,01601E+11;P;;;;Indenização de Benfeitorias - Obra Publica;;86;Fundo Municipal de Saneamento Ambiental e Infraestrutura;22;FMSAI - Secretaria Municipal de Infraestrutura Urbana e Obras;180927,62;0;10;0;0;180927,62;180927,62;0;180927,62;0;0;0;180927,62;180927,62;0;180927,62;0;180927,62;0;0;0;180927,62;180927,62;0;0;0;0;0;0;0;0;0;0;0;0;0;0;0;0;0;0;0;0;86.22.17.451.3008.5.013.44904800.03.0;99;Outros Auxílios Financeiros a Pessoa Física;99;Outros Auxílios Financeiros a Pessoas Físicas;48;Outros Auxílios Financeiros a Pessoas Físicas;0
236104;13373;2016;22;Secretaria Municipal de Infra-Estrutura Urbana e Obras;10;Gabinete do Secretário;2;Termo de Contrato - Serviços;7;Art. 24 - Inciso I Lei Federal  8.666/93;6;Dispensa de Licitação;15/06/2016 00:00;19/07/2016 00:00;19/07/2016 00:00;0;0;35;9232,6;0;8792,49;0;A;9;umental;-1;-1;;;;;41;SEM REAJUSTE;;;;17/05/2016 00:00;18/05/2016 00:00;58;;;;DL;2,015E+11;P;;;;Dispensa Licitação - Prestação de serviços técnico-profissionais para execução de levantamento topográfico e cadastramento arbóreo para construção do Centro Especializado em Reabilitação - CER - Butantã - SP/BT.;;22;Secretaria Municipal de Infra-Estrutura Urbana e Obras;10;Gabinete do Secretário;9232,6;0;35;0;0;9232,6;9232,6;0;8792,49;0;440,11;0;8792,49;8792,49;440,11;9232,6;0;8792,49;0;440,11;0;8792,49;8792,49;440,11;0;0;0;0;0;0;0;0;0;0;0;0;0;0;0;0;0;0;0;84.10.10.242.3006.3.365.44905100.02.0;89;Obras em Andamento - Uso Comum do Povo;1;Hospitais e similares;51;Obras e Instalações;440,11
245505;21611;2016;22;Secretaria Municipal de Infra-Estrutura Urbana e Obras;10;Gabinete do Secretário;2;Termo de Contrato - Serviços;7;Art. 24 - Inciso I Lei Federal  8.666/93;6;Dispensa de Licitação;05/09/2016 00:00;19/09/2016 00:00;19/09/2016 00:00;0;0;15;5484;0;5484;0;A;9;umental;-1;-1;;;;;41;SEM REAJUSTE;;;;04/08/2016 00:00;05/08/2016 00:00;55;;;;dispensa de licitaçã;2,01501E+11;P;;;;PRESTAÇÃO  DE  SERVIÇOS TÉCNICOS PROFISSIONAIS PARA CONSTRUÇÃO  DA CEI  SETOR 3005 I;;22;Secretaria Municipal de Infra-Estrutura Urbana e Obras;10;Gabinete do Secretário;5484;0;15;0;0;5484;5484;0;5484;0;0;0;5484;5484;0;5484;0;5484;0;0;0;5484;5484;0;0;0;0;0;0;0;0;0;0;0;0;0;0;0;0;0;0;0;0;16.10.12.365.3010.3.359.44905100.00.0;89;Obras em Andamento - Uso Comum do Povo;2;Escolas e similares;51;Obras e Instalações;0
238494;15476;2016;22;Secretaria Municipal de Infra-Estrutura Urbana e Obras;10;Gabinete do Secretário;2;Termo de Contrato - Serviços;1;Art. 22 - Inciso I Lei Federal  8.666/93;4;Concorrência;21/06/2016 00:00;18/09/2016 00:00;19/09/2016 00:00;0;0;90;328521,12;0;328521,12;0;E;9;umental;2014;27;22;Secretaria Municipal de Infra-Estrutura Urbana e Obras;;;41;SEM REAJUSTE;;;;08/06/2016 00:00;10/06/2016 00:00;76;;;;;6,0132E+15;S;;;;SP/SÉ - MANUTENÇÃO DO EDIFÍCIO GRANDE SÃO PAULO 1º, 2º, 3º, 4º PARCIAL E 7º PAVIMENTO;;22;Secretaria Municipal de Infra-Estrutura Urbana e Obras;10;Gabinete do Secretário;345806,96;0;90;0;0;345806,96;345806,96;0;328521,12;17285,84;0;0;328521,12;328521,12;17285,84;345806,96;0;328521,12;17285,84;0;0;328521,12;328521,12;17285,84;0;0;0;0;0;0;0;0;0;0;0;0;0;0;0;0;0;0;0;13.10.04.122.3024.2.100.33903900.00.0;16;Manutenção e Conservação de Bens Imóveis;17;Manutenção e Conservação de Bens Imóveis;39;Outros Serviços de Terceiros - Pessoa Jurídica;0
247031;22906;2016;22;Secretaria Municipal de Infra-Estrutura Urbana e Obras;10;Gabinete do Secretário;2;Termo de Contrato - Serviços;7;Art. 24 - Inciso I Lei Federal  8.666/93;6;Dispensa de Licitação;21/10/2016 00:00;19/12/2016 00:00;19/12/2016 00:00;0;0;60;8510,29;0;8510,26;0;A;9;umental;-1;-1;;;;;41;SEM REAJUSTE;;;;24/08/2016 00:00;26/08/2016 00:00;70;;;;DL;2,01503E+11;P;;;;DISPENSA DE LICITAÇÃO - PRESTAÇÃO DE SERVIÇOS TÉCNICO-PROFISSIONAIS DE CONSULTORIA PARA SISTEMAS DE AR CONDICIONADO PARA CONSTRUÇÃO DE TEATRO NO CEU PARELHEIROS.;;22;Secretaria Municipal de Infra-Estrutura Urbana e Obras;10;Gabinete do Secretário;8510,29;0;60;0;0;8510,29;8510,29;0;8510,26;0;0,03;0;8510,26;8510,26;8510,32;8510,29;0;8510,26;0;0,03;0;8510,26;8510,26;8510,32;0;0;0;0;0;0;0;0;0;0;0;0;0;0;0;0;0;0;0;16.10.12.122.3010.3.360.44905100.00.0;89;Obras em Andamento - Uso Comum do Povo;1;Hospitais e similares;51;Obras e Instalações;0,03
248548;24280;2016;22;Secretaria Municipal de Infra-Estrutura Urbana e Obras;10;Gabinete do Secretário;2;Termo de Contrato - Serviços;1;Art. 22 - Inciso I Lei Federal  8.666/93;4;Concorrência;20/09/2016 00:00;18/12/2016 00:00;19/12/2016 00:00;0;0;90;195050,93;0;195050,93;0;E;9;umental;2014;32;22;Secretaria Municipal de Infra-Estrutura Urbana e Obras;;;41;SEM REAJUSTE;;;;12/09/2016 00:00;13/09/2016 00:00;87;;;;;6,0182E+15;S;;;;Execução de serviços gerais de manutenção previstos na ATA DE REGISTRO DE PREÇOS nº 032/SIURB/2014 - AGRUPAMENTO  032  -  Subprefeitura Sapopemba - SP/SB,  com fornecimento de materiais de primeira linha e mão-de-obra especializada para execução de serviços gerais de manutenção preventiva, corretiva, reparações, adaptações e modificações, no (a) UNIDADE BÁSICA DE SAÚDE JARDIM SINHÁ, situado na RuaRua Jim Clark, 10 - Jardim Sinhá  - São Paulo/SP.;;22;Secretaria Municipal de Infra-Estrutura Urbana e Obras;10;Gabinete do Secretário;199992,58;0;90;0;0;199992,58;199992,58;0;195050,93;4941,65;0;0;195050,93;195050,93;4941,65;199992,58;0;195050,93;4941,65;0;0;195050,93;195050,93;4941,65;0;0;0;0;0;0;0;0;0;0;0;0;0;0;0;0;0;0;0;84.10.10.302.3003.3.101.44905100.00.0;99;Outras Obras e Instalações;99;Outras Obras e Instalações;51;Obras e Instalações;0
254205;29159;2016;22;SECRETARIA MUNICIPAL DE SERVIÇOS E OBRAS;10;Gabinete do Secretário;2;Termo de Contrato - Serviços;17;Art. 24 Inciso XI da lei Federal 8.666/93;6;Dispensa de Licitação;26/06/2017 00:00;20/02/2018 00:00;20/02/2018 00:00;0;0;240;39144703,84;13774520,24;6856856,84;2942783,71;A;9;umental;-1;-1;;;;;3;ESCOLAS;;;;18/11/2016 00:00;19/11/2016 00:00;91;;;;002/10/SIURB;2,01101E+11;P;;;;Execução de serviços e obras para construção de escolas para educação fundamental e infantil, integrantes Lote 15;;22;SECRETARIA MUNICIPAL DE SERVIÇOS E OBRAS;10;Gabinete do Secretário;38262556,21;0;240;882147,63;13774520,24;52919224,08;52919224,08;0;9799640,55;0;43119583,53;0;9799640,55;9799640,55;15031067,72;39144703,84;0;6856856,84;0;32287847;0;6856856,84;6856856,84;11325754,45;13774520,24;0;2942783,71;0;10831736,53;0;2942783,71;2942783,71;3705313,27;0;0;2,31;0;0;0;0;0;0;0;16.10.12.365.3010.3.358.44905100.00.0;89;Obras em Andamento - Uso Comum do Povo;2;Escolas e similares;51;Obras e Instalações;43119583,53
251679;26979;2016;22;Secretaria Municipal de Infra-Estrutura Urbana e Obras;10;Gabinete do Secretário;2;Termo de Contrato - Serviços;1;Art. 22 - Inciso I Lei Federal  8.666/93;4;Concorrência;21/01/2016 00:00;20/04/2016 00:00;20/04/2016 00:00;0;0;90;0;0;0;0;E;9;umental;2014;9;22;Secretaria Municipal de Infra-Estrutura Urbana e Obras;;;41;SEM REAJUSTE;140/SIURB/NMPME/2016;;;29/09/2016 00:00;01/10/2016 00:00;147;;;;;6,0162E+15;S;;;;SP/FB - MANUTENÇÃO DO CEU JARDIM PAULISTANO;;22;Secretaria Municipal de Infra-Estrutura Urbana e Obras;10;Gabinete do Secretário;49990,17;0;90;0;0;49990,17;49990,17;0;0;49990,17;0;0;0;0;49990,17;49990,17;0;0;49990,17;0;0;0;0;49990,17;0;0;0;0;0;0;0;0;0;0;0;0;0;0;0;0;0;0;0;16.13.12.368.3010.2.851.33903900.00.0;16;Manutenção e Conservação de Bens Imóveis;16;Pequenas Reformas - Outros Imóveis;39;Outros Serviços de Terceiros - Pessoa Jurídica;0
234579;12010;2016;22;Secretaria Municipal de Infra-Estrutura Urbana e Obras;10;Gabinete do Secretário;5;Nota de Empenho Fornecimento de Bens de Consumo e/ou Permanente;39;Não Aplicável;8;Não Aplicável;06/05/2016 00:00;20/05/2016 00:00;20/05/2016 00:00;0;0;15;1974,91;0;1974,91;0;E;9;umental;-1;-1;;;;;41;SEM REAJUSTE;;;;02/05/2016 00:00;06/05/2016 00:00;27;;;;;6,0222E+15;S;;;;Aquisição de Cartuchos de Toner para Impressora HP CM1312MFP;;22;Secretaria Municipal de Infra-Estrutura Urbana e Obras;10;Gabinete do Secretário;1974,91;0;15;0;0;1974,91;1974,91;0;1974,91;0;0;0;1974,91;1974,91;0;1974,91;0;1974,91;0;0;0;1974,91;1974,91;0;0;0;0;0;0;0;0;0;0;0;0;0;0;0;0;0;0;0;0;22.10.15.122.3024.2.100.33903000.00.0;16;Material de Expediente;1;Materiais para Impressão e Encadernação;30;Material de Consumo;0
233005;10805;2016;22;Secretaria Municipal de Infra-Estrutura Urbana e Obras;10;Gabinete do Secretário;5;Nota de Empenho Fornecimento de Bens de Consumo e/ou Permanente;39;Não Aplicável;8;Não Aplicável;26/04/2016 00:00;20/05/2016 00:00;20/05/2016 00:00;0;0;25;150;0;150;0;A;9;umental;-1;-1;;;;;41;SEM REAJUSTE;;;;25/04/2016 00:00;26/04/2016 00:00;80;;;;;2,01501E+11;P;;;;1 (UMA) ANTENA DIGITAL PARA TV;;22;Secretaria Municipal de Infra-Estrutura Urbana e Obras;10;Gabinete do Secretário;150;0;25;0;0;150;150;0;150;0;0;0;150;150;0;150;0;150;0;0;0;150;150;0;0;0;0;0;0;0;0;0;0;0;0;0;0;0;0;0;0;0;0;22.10.15.122.3024.2.100.33903000.00.0;17;Material de Processamento de Dados;99;Diversos Materiais para Uso na Área de Informática;30;Material de Consumo;0
240242;16991;2016;86;Fundo Municipal de Saneamento Ambiental e Infraestrutura;22;;2;Termo de Contrato - Serviços;1;Art. 22 - Inciso I Lei Federal  8.666/93;4;Concorrência;20/06/2012 00:00;20/06/2016 00:00;20/06/2016 00:00;0;0;1462;1689564,31;262771,18;0;0;N;9;umental;-1;-1;;;;;26;CONSULTORIA;;;;20/06/2012 00:00;20/06/2012 00:00;;;;;;2,01102E+11;P;;;;CT - 048/SIURB/2012 - Lote 1;;86;Fundo Municipal de Saneamento Ambiental e Infraestrutura;22;;1689564,31;0;1462;0;262771,18;1952335,49;1952335,49;0;0;1952335,49;0;0;0;0;1351651,44;1689564,31;0;0;1689564,31;0;0;0;0;1351651,44;262771,18;0;0;262771,18;0;0;0;0;0;0;0;0;0;0;0;0;0;0;0;86.22.17.451.3008.5.013.44903900.03.0;5;Serviços Técnicos Profissionais;1;Gerenciamento;39;Outros Serviços de Terceiros - Pessoa Jurídica;0
238183;15218;2016;86;Fundo Municipal de Saneamento Ambiental e Infraestrutura;22;;2;Termo de Contrato - Serviços;1;Art. 22 - Inciso I Lei Federal  8.666/93;4;Concorrência;20/06/2012 00:00;20/06/2016 00:00;20/06/2016 00:00;0;0;1462;2781444,76;418555,24;2781444,76;418555,24;A;9;umental;-1;-1;;;;;26;CONSULTORIA;;;;20/06/2012 00:00;20/06/2012 00:00;;;;;;2,01102E+11;P;;;;CT - 049/SIURB/2012 - Lote 1;;86;Fundo Municipal de Saneamento Ambiental e Infraestrutura;22;;2781444,76;0;1462;0;418555,24;3200000;3200000;0;3200000;0;0;0;3200000;3200000;0;2781444,76;0;2781444,76;0;0;0;2781444,76;2781444,76;0;418555,24;0;418555,24;0;0;0;418555,24;418555,24;0;0;0;0;0;0;0;0;0;0;0;86.22.17.451.3008.5.013.44903900.03.0;5;Serviços Técnicos Profissionais;1;Gerenciamento;39;Outros Serviços de Terceiros - Pessoa Jurídica;0
240304;17045;2016;86;Fundo Municipal de Saneamento Ambiental e Infraestrutura;22;;2;Termo de Contrato - Serviços;1;Art. 22 - Inciso I Lei Federal  8.666/93;4;Concorrência;20/06/2012 00:00;20/06/2016 00:00;20/06/2016 00:00;0;0;1462;5344838,07;991781,9;5344838,07;991781,9;A;9;umental;-1;-1;;;;;26;CONSULTORIA;;;;20/06/2012 00:00;20/06/2016 00:00;;;;;;2,01201E+11;P;;;;CT -049/SIURB/2012 - Lote 2;;86;Fundo Municipal de Saneamento Ambiental e Infraestrutura;22;;5344838,07;0;1462;0;991781,9;6336619,97;6336619,97;0;6336619,97;0;0;0;6336619,97;6336619,97;0;5344838,07;0;5344838,07;0;0;0;5344838,07;5344838,07;0;991781,9;0;991781,9;0;0;0;991781,9;991781,9;0;0;0;0;0;0;0;0;0;0;0;86.22.17.451.3008.5.013.44903900.03.0;5;Serviços Técnicos Profissionais;1;Gerenciamento;39;Outros Serviços de Terceiros - Pessoa Jurídica;0
238139;15180;2016;86;Fundo Municipal de Saneamento Ambiental e Infraestrutura;22;;2;Termo de Contrato - Serviços;1;Art. 22 - Inciso I Lei Federal  8.666/93;4;Concorrência;20/06/2012 00:00;20/06/2016 00:00;20/06/2016 00:00;0;0;1462;2346456,13;353543,87;2346456,13;353543,87;A;9;umental;-1;-1;;;;;26;CONSULTORIA;;;;20/06/2012 00:00;20/06/2012 00:00;;;;;;2,01201E+11;P;;;;CT - 049/SIURB/2012  - Lote 2;;86;Fundo Municipal de Saneamento Ambiental e Infraestrutura;22;;2346456,13;0;1462;0;353543,87;2700000;2700000;0;2700000;0;0;0;2700000;2700000;0;2346456,13;0;2346456,13;0;0;0;2346456,13;2346456,13;0;353543,87;0;353543,87;0;0;0;353543,87;353543,87;0;0;0;0;0;0;0;0;0;0;0;86.22.17.451.3008.5.013.44903900.03.0;5;Serviços Técnicos Profissionais;1;Gerenciamento;39;Outros Serviços de Terceiros - Pessoa Jurídica;0
240367;17095;2016;86;Fundo Municipal de Saneamento Ambiental e Infraestrutura;22;;2;Termo de Contrato - Serviços;1;Art. 22 - Inciso I Lei Federal  8.666/93;4;Concorrência;20/06/2012 00:00;20/06/2016 00:00;20/06/2016 00:00;0;0;1462;1690770,83;261564,66;1690770,83;261564,66;A;9;umental;-1;-1;;;;;26;CONSULTORIA;;;;20/06/2012 00:00;20/06/2012 00:00;;;;;;2,01102E+11;P;;;;CT 048/SIURB/2012;;86;Fundo Municipal de Saneamento Ambiental e Infraestrutura;22;;1690770,83;0;1462;0;261564,66;1952335,49;1952335,49;0;1952335,49;0;0;0;1952335,49;1952335,49;0;1690770,83;0;1690770,83;0;0;0;1690770,83;1690770,83;0;261564,66;0;261564,66;0;0;0;261564,66;261564,66;0;0;0;0;0;0;0;0;0;0;0;86.22.17.451.3008.5.013.44903900.03.0;5;Serviços Técnicos Profissionais;1;Gerenciamento;39;Outros Serviços de Terceiros - Pessoa Jurídica;0
235013;12418;2016;22;Secretaria Municipal de Infra-Estrutura Urbana e Obras;10;Gabinete do Secretário;2;Termo de Contrato - Serviços;1;Art. 22 - Inciso I Lei Federal  8.666/93;4;Concorrência;23/05/2016 00:00;20/08/2016 00:00;20/08/2016 00:00;0;0;90;190888,58;0;190848,29;0;A;9;umental;2014;17;22;Secretaria Municipal de Infra-Estrutura Urbana e Obras;;;41;SEM REAJUSTE;;;;02/05/2016 00:00;07/05/2016 00:00;125;;;;;2,01401E+11;P;;;;SMS/SIURB/EDIF - EXECUÇÃO DE OBRA - CECCO MOÓCA - SP/MO;;22;Secretaria Municipal de Infra-Estrutura Urbana e Obras;10;Gabinete do Secretário;190888,58;0;90;0;0;190888,58;190888,58;0;190848,29;0;40,29;0;190848,29;190848,29;40,29;190888,58;0;190848,29;0;40,29;0;190848,29;190848,29;40,29;0;0;0;0;0;0;0;0;0;0;0;0;0;0;0;0;0;0;0;84.10.10.302.3003.3.101.44905100.00.0;99;Outras Obras e Instalações;99;Outras Obras e Instalações;51;Obras e Instalações;40,29
247502;23327;2016;98;Fundo de Desenvolvimento Urbano;22;FUNDURB - Secretaria Municipal de Infra-Estrutura Urbana e Obras;2;Termo de Contrato - Serviços;10;Art. 24 Inciso IV da lei Federal 8.666/93;6;Dispensa de Licitação;23/06/2016 00:00;20/09/2016 00:00;20/09/2016 00:00;0;0;90;787759,8;0;685829,43;0;E;9;umental;-1;-1;;;;;41;SEM REAJUSTE;;;;18/08/2016 00:00;19/08/2016 00:00;61;;;;;2,01601E+11;P;;;;Obra de Emergência - Formalização do contrato - Recuperação do Pontilhão sobre o Córrego Maria Paula, na avenida Gustavo Adolfo.;;98;Fundo de Desenvolvimento Urbano;22;FUNDURB - Secretaria Municipal de Infra-Estrutura Urbana e Obras;787759,8;0;90;0;0;787759,8;787759,8;0;685829,43;101930,37;0;0;685829,43;685829,43;101930,37;787759,8;0;685829,43;101930,37;0;0;685829,43;685829,43;101930,37;0;0;0;0;0;0;0;0;0;0;0;0;0;0;0;0;0;0;0;98.22.26.453.3009.3.378.44905100.08.0;89;Obras em Andamento - Uso Comum do Povo;15;Pontes, Pontilhões e Viadutos;51;Obras e Instalações;0
241371;17964;2016;22;Secretaria Municipal de Infra-Estrutura Urbana e Obras;10;Gabinete do Secretário;2;Termo de Contrato - Serviços;7;Art. 24 - Inciso I Lei Federal  8.666/93;6;Dispensa de Licitação;22/08/2016 00:00;20/09/2016 00:00;20/09/2016 00:00;0;0;30;7014;0;7014;0;A;9;umental;-1;-1;;;;;41;SEM REAJUSTE;;;;29/06/2016 00:00;02/07/2016 00:00;59;;;;DL;2,01402E+11;P;;;;Dispensa de Licitação - Prestação de serviços técnico-profissionais para execução de levantamento topográfico e cadastramento arbóreo para construção da UBS Jardim Julieta - SP/MG;;22;Secretaria Municipal de Infra-Estrutura Urbana e Obras;10;Gabinete do Secretário;7014;0;30;0;0;7014;7014;0;7014;0;0;0;7014;7014;0;7014;0;7014;0;0;0;7014;7014;0;0;0;0;0;0;0;0;0;0;0;0;0;0;0;0;0;0;0;0;84.10.10.301.3003.3.367.44905100.02.0;89;Obras em Andamento - Uso Comum do Povo;1;Hospitais e similares;51;Obras e Instalações;0
249869;25422;2016;22;Secretaria Municipal de Infra-Estrutura Urbana e Obras;10;Gabinete do Secretário;5;Nota de Empenho Fornecimento de Bens de Consumo e/ou Permanente;39;Não Aplicável;8;Não Aplicável;21/09/2016 00:00;20/10/2016 00:00;20/10/2016 00:00;0;0;30;31500;0;31500;0;E;1;;-1;-1;;;;;41;SEM REAJUSTE;;;;21/09/2016 00:00;27/09/2016 00:00;81;;;;;2,01602E+11;P;;;;TC 0403.766-82/2013 - Gestão de Riscos e Respostas a Desastres / Córrego Zavuvus - Lote 2 - Meta 2 (Projetos executivos).;;22;Secretaria Municipal de Infra-Estrutura Urbana e Obras;10;Gabinete do Secretário;31500;0;30;0;0;31500;31500;0;31500;0;0;0;31500;31500;0;31500;0;31500;0;0;0;31500;31500;0;0;0;0;0;0;0;0;0;0;0;0;0;0;0;0;0;0;0;0;22.10.17.451.3008.5.013.44903900.00.0;99;Outros Serviços de Terceiros - Pessoa Jurídica;99;Outros Serviços de Terceiros - Pessoa Jurídica;39;Outros Serviços de Terceiros - Pessoa Jurídica;0
248682;24397;2016;22;Secretaria Municipal de Infra-Estrutura Urbana e Obras;10;Gabinete do Secretário;2;Termo de Contrato - Serviços;1;Art. 22 - Inciso I Lei Federal  8.666/93;4;Concorrência;21/09/2016 00:00;19/11/2016 00:00;20/11/2016 00:00;0;0;60;433966,19;0;433966,19;0;E;9;umental;2014;17;22;Secretaria Municipal de Infra-Estrutura Urbana e Obras;;;41;SEM REAJUSTE;;;;12/09/2016 00:00;13/09/2016 00:00;87;;;;007/SIURB/2014;6,0222E+15;S;;;;Execução de serviços gerais de manutenção previstos na ATA DE REGISTRO DE PREÇOS nº 017/SIURB/2014 - AGRUPAMENTO  017  -  Subprefeitura Mooca - SP/MO,  com fornecimento de materiais de primeira linha e mão-de-obra especializada para execução de serviços gerais de manutenção preventiva, corretiva, reparações, adaptações e modificações, no (a) PRAÇA CIRO PONTES, situado,  na Praça Ciro Pontes - Mooca -  São Paulo - SP.;;22;Secretaria Municipal de Infra-Estrutura Urbana e Obras;10;Gabinete do Secretário;434373,19;0;60;0;0;434373,19;434373,19;0;433966,19;407;0;0;433966,19;433966,19;434780,19;434373,19;0;433966,19;407;0;0;433966,19;433966,19;434780,19;0;0;0;0;0;0;0;0;0;0;0;0;0;0;0;0;0;0;0;22.10.15.451.3009.5.100.44905100.00.0;99;Outras Obras e Instalações;99;Outras Obras e Instalações;51;Obras e Instalações;0
242626;19060;2016;22;Secretaria Municipal de Infra-Estrutura Urbana e Obras;10;Gabinete do Secretário;2;Termo de Contrato - Serviços;1;Art. 22 - Inciso I Lei Federal  8.666/93;4;Concorrência;22/08/2016 00:00;19/11/2016 00:00;20/11/2016 00:00;0;0;90;254431,09;0;254431,09;0;E;9;umental;2014;3;22;Secretaria Municipal de Infra-Estrutura Urbana e Obras;;;41;SEM REAJUSTE;;;;11/07/2016 00:00;12/07/2016 00:00;61;;;;;6,0182E+15;S;;;;Execução de serviços gerais de manutenção previstos na ATA DE REGISTRO DE PREÇOS nº 003/SIURB/2014 - AGRUPAMENTO  003  -  Subprefeitura Campo Limpo - SP/CL,  com fornecimento de materiais de primeira linha e mão-de-obra especializada para execução de serviços gerais de manutenção preventiva, corretiva, reparações, adaptações e modificações, no (a) UBS ALTO DO UMUARAMA.;;22;Secretaria Municipal de Infra-Estrutura Urbana e Obras;10;Gabinete do Secretário;254687,58;0;90;0;0;254687,58;254687,58;0;254431,09;256,49;0;0;254431,09;254431,09;256,49;254687,58;0;254431,09;256,49;0;0;254431,09;254431,09;256,49;0;0;0;0;0;0;0;0;0;0;0;0;0;0;0;0;0;0;0;84.10.10.302.3003.3.101.44905100.00.0;99;Outras Obras e Instalações;99;Outras Obras e Instalações;51;Obras e Instalações;0
243592;19935;2016;22;Secretaria Municipal de Infra-Estrutura Urbana e Obras;10;Gabinete do Secretário;2;Termo de Contrato - Serviços;1;Art. 22 - Inciso I Lei Federal  8.666/93;4;Concorrência;22/08/2016 00:00;19/11/2016 00:00;20/11/2016 00:00;0;0;90;575013,18;0;575013,18;0;E;9;umental;2014;13;22;Secretaria Municipal de Infra-Estrutura Urbana e Obras;;;41;SEM REAJUSTE;;;;19/07/2016 00:00;21/07/2016 00:00;87;;;;007/SIURB/2014;6,0182E+15;S;;;;Execução de serviços gerais de manutenção previstos na ATA DE REGISTRO DE PREÇOS nº 013/SIURB/2014 - AGRUPAMENTO  013  -  Subprefeitura Itaquera - SP/IT,  com fornecimento de materiais de primeira linha e mão-de-obra especializada para execução de serviços gerais de manutenção preventiva, corretiva, reparações, adaptações e modificações, no (a) UNIDADE BÁSICA DE SAÚDE CONJUNTO HABITACIONAL A.E.CARVALHO, situado, na Rua Corre Corre, 30  - Itaquera - São Paulo/SP.;;22;Secretaria Municipal de Infra-Estrutura Urbana e Obras;10;Gabinete do Secretário;575406,99;0;90;0;0;575406,99;575406,99;0;575013,18;393,81;0;0;575013,18;575013,18;393,81;575406,99;0;575013,18;393,81;0;0;575013,18;575013,18;393,81;0;0;0;0;0;0;0;0;0;0;0;0;0;0;0;0;0;0;0;84.10.10.302.3003.3.101.44905100.00.0;99;Outras Obras e Instalações;99;Outras Obras e Instalações;51;Obras e Instalações;0
246569;22500;2016;22;Secretaria Municipal de Infra-Estrutura Urbana e Obras;10;Gabinete do Secretário;2;Termo de Contrato - Serviços;1;Art. 22 - Inciso I Lei Federal  8.666/93;4;Concorrência;23/08/2016 00:00;20/11/2016 00:00;20/11/2016 00:00;0;0;90;331393,76;0;0;0;N;9;umental;2014;8;22;Secretaria Municipal de Infra-Estrutura Urbana e Obras;;;41;SEM REAJUSTE;;;;22/08/2016 00:00;23/08/2016 00:00;87;;;;07/siurb/14;8,3102E+15;S;;;;Execução de serviços gerais de manutenção previstos na ATA DE REGISTRO DE PREÇOS nº 008/SIURB/2014 - AGRUPAMENTO  008  -  Subprefeitura Cidade Ademar - SP/AD,  com fornecimento de materiais de primeira linha e mão-de-obra especializada para execução de serviços gerais de manutenção preventiva, corretiva, reparações, adaptações e modificações, no (a) CENTRO DE COMPOSTAGEM ERMELINO MATARAZZO,  situado na Rua Eduardo Kiyoshi Shimuta x Rua Batalha das Canoas x Rua Morro do Descanso - São Paulo/SP.;;22;Secretaria Municipal de Infra-Estrutura Urbana e Obras;10;Gabinete do Secretário;331393,76;0;90;0;0;331393,76;331393,76;0;0;331393,76;0;0;0;0;0;331393,76;0;0;331393,76;0;0;0;0;0;0;0;0;0;0;0;0;0;0;0;0;0;0;0;0;0;0;0;0;;;;;;;;0
248702;24416;2016;22;Secretaria Municipal de Infra-Estrutura Urbana e Obras;10;Gabinete do Secretário;2;Termo de Contrato - Serviços;1;Art. 22 - Inciso I Lei Federal  8.666/93;4;Concorrência;21/09/2016 00:00;19/12/2016 00:00;20/12/2016 00:00;0;0;90;123356,2;0;123356,2;0;E;9;umental;2014;21;22;Secretaria Municipal de Infra-Estrutura Urbana e Obras;;;41;SEM REAJUSTE;;;;12/09/2016 00:00;13/09/2016 00:00;87;;;;007/SIURB/2014;6,0222E+15;S;;;;Execução de serviços gerais de manutenção previstos na ATA DE REGISTRO DE PREÇOS nº 021/SIURB/2014 - AGRUPAMENTO  021  -  Subprefeitura Pinheiros - SP/PI,  com fornecimento de materiais de primeira linha e mão-de-obra especializada para execução de serviços gerais de manutenção preventiva, corretiva, reparações, adaptações e modificações, no (a) ADEQUAÇÃO NA ESCADARIA, n º765 - situado na Rua Cristiano Viana - Pinheiros  - São Paulo/SP.;;22;Secretaria Municipal de Infra-Estrutura Urbana e Obras;10;Gabinete do Secretário;187102,44;0;90;0;0;187102,44;187102,44;0;123356,2;63746,24;0;0;123356,2;123356,2;250848,68;187102,44;0;123356,2;63746,24;0;0;123356,2;123356,2;250848,68;0;0;0;0;0;0;0;0;0;0;0;0;0;0;0;0;0;0;0;22.10.15.451.3009.5.100.44905100.00.0;99;Outras Obras e Instalações;99;Outras Obras e Instalações;51;Obras e Instalações;0
246471;22415;2016;22;Secretaria Municipal de Infra-Estrutura Urbana e Obras;10;Gabinete do Secretário;5;Nota de Empenho Fornecimento de Bens de Consumo e/ou Permanente;29;Art. 24 Inciso XXIII da lei Federal 8.666/93;6;Dispensa de Licitação;22/08/2016 00:00;19/12/2016 00:00;20/12/2016 00:00;0;0;120;174230,24;0;174230,24;0;E;1;;-1;-1;;;;;41;SEM REAJUSTE;;;;19/08/2016 00:00;20/08/2016 00:00;61;;;;;7,9102E+15;S;;;;Contratação da Concessionária AES Eletropaulo, visando o remanejamento das redes de distribuição de energia elétrica na área de implantação do prolongamento da Av. Chucri Zaidan até a Av. João Dias, especificamente no trecho da Rua Manoelito de Ornelas, entre a Rua Verbo Divino e Av. João Carlos da Silva Borges.;;22;Secretaria Municipal de Infra-Estrutura Urbana e Obras;10;Gabinete do Secretário;197400,77;0;120;0;0;197400,77;197400,77;0;174230,24;23170,53;0;0;174230,24;174230,24;23170,53;197400,77;0;174230,24;23170,53;0;0;174230,24;174230,24;23170,53;0;0;0;0;0;0;0;0;0;0;0;0;0;0;0;0;0;0;0;37.30.15.451.3009.5.100.44905100.08.0;99;Outras Obras e Instalações;4;Remanejamento de Interferências;51;Obras e Instalações;0
248694;24408;2016;22;Secretaria Municipal de Infra-Estrutura Urbana e Obras;10;Gabinete do Secretário;2;Termo de Contrato - Serviços;1;Art. 22 - Inciso I Lei Federal  8.666/93;4;Concorrência;21/09/2016 00:00;19/12/2016 00:00;20/12/2016 00:00;0;0;90;1114256,67;0;1114256,67;0;E;9;umental;2014;27;22;Secretaria Municipal de Infra-Estrutura Urbana e Obras;;;41;SEM REAJUSTE;;;;12/09/2016 00:00;13/09/2016 00:00;87;;;;007/siurb/2014;6,0222E+15;S;;;;Execução de serviços gerais de manutenção previstos na ATA DE REGISTRO DE PREÇOS nº 027/SIURB/2014 - AGRUPAMENTO  027  -  Subprefeitura Sé - SP/SE,  com fornecimento de materiais de primeira linha e mão-de-obra especializada para execução de serviços gerais de manutenção preventiva, corretiva, reparações, adaptações e modificações, no (a) PONTE CRUZEIRO DO SUL (LADO PISTA SENTIDO ZONA SUL), situado na Avenida Cruzeiro do Sul ( LADO IMPAR) X Avenida Marginal Tietê - Sé - São Paulo/SP.;;22;Secretaria Municipal de Infra-Estrutura Urbana e Obras;10;Gabinete do Secretário;1218166,8;0;90;0;0;1218166,8;1218166,8;0;1114256,67;103910,13;0;0;1114256,67;1114256,67;1322076,93;1218166,8;0;1114256,67;103910,13;0;0;1114256,67;1114256,67;1322076,93;0;0;0;0;0;0;0;0;0;0;0;0;0;0;0;0;0;0;0;22.10.15.451.3009.5.100.44905100.00.0;99;Outras Obras e Instalações;99;Outras Obras e Instalações;51;Obras e Instalações;0
248689;24404;2016;22;Secretaria Municipal de Infra-Estrutura Urbana e Obras;10;Gabinete do Secretário;2;Termo de Contrato - Serviços;1;Art. 22 - Inciso I Lei Federal  8.666/93;4;Concorrência;21/09/2016 00:00;19/12/2016 00:00;20/12/2016 00:00;0;0;90;1499027,94;0;1499027,94;0;E;9;umental;2014;8;22;Secretaria Municipal de Infra-Estrutura Urbana e Obras;;;41;SEM REAJUSTE;;;;12/09/2016 00:00;13/09/2016 00:00;87;;;;007/SIURB/2014;6,0222E+15;S;;;;Execução de serviços gerais de manutenção previstos na ATA DE REGISTRO DE PREÇOS nº 008/SIURB/2014 - AGRUPAMENTO  008  -  Subprefeitura Ermelino Matarazzo - SP/EM,  com fornecimento de materiais de primeira linha e mão-de-obra especializada para execução de serviços gerais de manutenção preventiva, corretiva, reparações, adaptações e modificações, no (a) SERVIÇOS DE ADEQUAÇÃO E REQUALIFICAÇÃO - PASSEADOURO E ESCADARIAS, situado na Avenida Paranaguá - Parque Boturussu -  São Paulo/SP.;;22;Secretaria Municipal de Infra-Estrutura Urbana e Obras;10;Gabinete do Secretário;1499179,03;0;90;0;0;1499179,03;1499179,03;0;1499027,94;151,09;0;0;1499027,94;1499027,94;1499330,12;1499179,03;0;1499027,94;151,09;0;0;1499027,94;1499027,94;1499330,12;0;0;0;0;0;0;0;0;0;0;0;0;0;0;0;0;0;0;0;22.10.15.451.3009.5.100.44905100.00.0;99;Outras Obras e Instalações;99;Outras Obras e Instalações;51;Obras e Instalações;0
234850;12266;2016;22;Secretaria Municipal de Infra-Estrutura Urbana e Obras;10;Gabinete do Secretário;2;Termo de Contrato - Serviços;1;Art. 22 - Inciso I Lei Federal  8.666/93;4;Concorrência;23/05/2016 00:00;21/06/2016 00:00;21/06/2016 00:00;0;0;30;20783,91;0;20774,87;0;E;9;umental;2014;17;22;Secretaria Municipal de Infra-Estrutura Urbana e Obras;;;41;SEM REAJUSTE;;;;02/05/2016 00:00;07/05/2016 00:00;125;;;;;6,0292E+15;S;;;;SP/MO - MANUTENÇÃO DO CFSU - CENTRO DE FORMAÇÃO EM SEGURANÇA URBANA - BELENZINHO;;22;Secretaria Municipal de Infra-Estrutura Urbana e Obras;10;Gabinete do Secretário;20783,91;0;30;0;0;20783,91;20783,91;0;20774,87;9,04;0;0;20774,87;20774,87;9,04;20783,91;0;20774,87;9,04;0;0;20774,87;20774,87;9,04;0;0;0;0;0;0;0;0;0;0;0;0;0;0;0;0;0;0;0;38.10.06.181.3013.2.192.33903900.00.0;16;Manutenção e Conservação de Bens Imóveis;17;Manutenção e Conservação de Bens Imóveis;39;Outros Serviços de Terceiros - Pessoa Jurídica;0
237976;15037;2016;22;Secretaria Municipal de Infra-Estrutura Urbana e Obras;10;Gabinete do Secretário;5;Nota de Empenho Fornecimento de Bens de Consumo e/ou Permanente;9;Art. 24 Inciso III da lei Federal 8.666/93;6;Dispensa de Licitação;24/03/2016 00:00;21/06/2016 00:00;21/06/2016 00:00;0;0;90;9998,72;0;9998,72;0;E;9;umental;-1;-1;;;;;41;SEM REAJUSTE;;;;02/06/2016 00:00;03/06/2016 00:00;75;;;;dispensa;6,0222E+15;S;;;;Parque Edu Chaves;;22;Secretaria Municipal de Infra-Estrutura Urbana e Obras;10;Gabinete do Secretário;9998,72;0;90;0;0;9998,72;9998,72;0;9998,72;0;0;0;9998,72;9998,72;0;9998,72;0;9998,72;0;0;0;9998,72;9998,72;0;0;0;0;0;0;0;0;0;0;0;0;0;0;0;0;0;0;0;0;24.10.08.122.3024.2.100.33903900.00.0;43;Serviços de Energia Elétrica e Iluminação Pública;3;Serviços de Instalação de Rede de Energia;39;Outros Serviços de Terceiros - Pessoa Jurídica;0
228529;6856;2016;98;Fundo de Desenvolvimento Urbano;22;FUNDURB - Secretaria Municipal de Infra-Estrutura Urbana e Obras;2;Termo de Contrato - Serviços;2;Art. 22 - Inciso II Lei Federal  8.666/93;3;Tomada de Preços;23/03/2016 00:00;20/07/2016 00:00;21/07/2016 00:00;0;0;120;227997,67;0;227997,67;0;E;9;umental;-1;-1;;;;;26;CONSULTORIA;;;;23/03/2016 00:00;23/03/2016 00:00;;;;;;2,01501E+11;P;;;;Necessidade de empenho.;;98;Fundo de Desenvolvimento Urbano;22;FUNDURB - Secretaria Municipal de Infra-Estrutura Urbana e Obras;537973,94;0;120;0;0;537973,94;537973,94;0;227997,67;309976,27;0;0;227997,67;227997,67;309940,27;537973,94;0;227997,67;309976,27;0;0;227997,67;227997,67;309940,27;0;0;0;0;0;0;0;0;0;0;0;0;0;0;0;0;0;0;0;98.22.17.451.3008.5.013.44903900.08.0;99;Outros Serviços de Terceiros - Pessoa Jurídica;99;Outros Serviços de Terceiros - Pessoa Jurídica;39;Outros Serviços de Terceiros - Pessoa Jurídica;0
243014;19411;2016;22;Secretaria Municipal de Infra-Estrutura Urbana e Obras;10;Gabinete do Secretário;5;Nota de Empenho Fornecimento de Bens de Consumo e/ou Permanente;39;Não Aplicável;8;Não Aplicável;12/07/2016 00:00;21/07/2016 00:00;21/07/2016 00:00;0;0;10;21438,97;0;21438,97;0;E;1;;-1;-1;22;Secretaria Municipal de Infra-Estrutura Urbana e Obras;;;41;SEM REAJUSTE;;;;12/07/2016 00:00;13/07/2016 00:00;53;;;;;2,01601E+11;P;;;;Recolhimento de tarifa de reprogramação - TC 0420.061-24/2013 - Programa de Redução de Alagamentos - PRA;;22;Secretaria Municipal de Infra-Estrutura Urbana e Obras;10;Gabinete do Secretário;21438,97;0;10;0;0;21438,97;21438,97;0;21438,97;0;0;0;21438,97;21438,97;0;21438,97;0;21438,97;0;0;0;21438,97;21438,97;0;0;0;0;0;0;0;0;0;0;0;0;0;0;0;0;0;0;0;0;22.10.17.451.3008.5.013.44903900.00.0;99;Outros Serviços de Terceiros - Pessoa Jurídica;99;Outros Serviços de Terceiros - Pessoa Jurídica;39;Outros Serviços de Terceiros - Pessoa Jurídica;0
253276;28332;2016;86;Fundo Municipal de Saneamento Ambiental e Infraestrutura;22;;5;Nota de Empenho Fornecimento de Bens de Consumo e/ou Permanente;1;Art. 22 - Inciso I Lei Federal  8.666/93;4;Concorrência;01/08/2013 00:00;21/07/2016 00:00;21/07/2016 00:00;0;0;1086;592994,73;592994,73;0;592994,73;A;9;umental;-1;-1;;;;;2;ESTRUTURA GERAL;;;;16/07/2013 00:00;17/07/2013 00:00;56;;;;;2,01302E+11;P;;;;Pagamento de DEA - PRA - Lote 4;;86;Fundo Municipal de Saneamento Ambiental e Infraestrutura;22;;25737604,72;0;1086;-25144609,99;592994,73;1185989,46;1185989,46;0;592994,73;0;592994,73;0;592994,73;592994,73;0;592994,73;0;0;0;592994,73;0;0;0;0;592994,73;0;592994,73;0;0;0;592994,73;592994,73;0;0;0;0;97,7;0;0;0;0;0;0;86.22.17.451.3008.5.013.44909200.03.0;99;Outras Despesas de Exercícios Anteriores;4;Obras e Instalações;92;Despesas de Exercícios Anteriores;592994,73
234848;12264;2016;22;Secretaria Municipal de Infra-Estrutura Urbana e Obras;10;Gabinete do Secretário;2;Termo de Contrato - Serviços;1;Art. 22 - Inciso I Lei Federal  8.666/93;4;Concorrência;23/05/2016 00:00;20/08/2016 00:00;21/08/2016 00:00;0;0;90;25946,33;0;25946,33;0;E;9;umental;2014;16;22;Secretaria Municipal de Infra-Estrutura Urbana e Obras;;;41;SEM REAJUSTE;;;;02/05/2016 00:00;07/05/2016 00:00;125;;;;;6,0162E+15;S;;;;SP/MB - CEU GUARAPIRANGA - FLORINDA LOTAIF SCHAHIN - UNICEU;;22;Secretaria Municipal de Infra-Estrutura Urbana e Obras;10;Gabinete do Secretário;29612,94;0;90;0;0;29612,94;29612,94;0;25946,33;3666,61;0;0;25946,33;25946,33;3666,61;29612,94;0;25946,33;3666,61;0;0;25946,33;25946,33;3666,61;0;0;0;0;0;0;0;0;0;0;0;0;0;0;0;0;0;0;0;16.10.12.128.3010.2.802.33903900.00.0;16;Manutenção e Conservação de Bens Imóveis;16;Pequenas Reformas - Outros Imóveis;39;Outros Serviços de Terceiros - Pessoa Jurídica;0
234846;12262;2016;22;Secretaria Municipal de Infra-Estrutura Urbana e Obras;10;Gabinete do Secretário;2;Termo de Contrato - Serviços;1;Art. 22 - Inciso I Lei Federal  8.666/93;4;Concorrência;23/05/2016 00:00;20/08/2016 00:00;21/08/2016 00:00;0;0;90;47586,09;0;47586,09;0;E;9;umental;2014;26;22;Secretaria Municipal de Infra-Estrutura Urbana e Obras;;;41;SEM REAJUSTE;;;;02/05/2016 00:00;07/05/2016 00:00;125;;;;;6,0162E+15;S;;;;SP/MP - MANUTENÇÃO DO CEU TRÊS PONTES - NILZETE LETICIA BISPO DOS SANTOS LIMA - PROFA - UNICEU;;22;Secretaria Municipal de Infra-Estrutura Urbana e Obras;10;Gabinete do Secretário;49432,64;0;90;0;0;49432,64;49432,64;0;47586,09;1846,55;0;0;47586,09;47586,09;1846,55;49432,64;0;47586,09;1846,55;0;0;47586,09;47586,09;1846,55;0;0;0;0;0;0;0;0;0;0;0;0;0;0;0;0;0;0;0;16.10.12.128.3010.2.802.33903900.00.0;16;Manutenção e Conservação de Bens Imóveis;16;Pequenas Reformas - Outros Imóveis;39;Outros Serviços de Terceiros - Pessoa Jurídica;0
247366;23210;2016;98;Fundo de Desenvolvimento Urbano;22;FUNDURB - Secretaria Municipal de Infra-Estrutura Urbana e Obras;2;Termo de Contrato - Serviços;10;Art. 24 Inciso IV da lei Federal 8.666/93;6;Dispensa de Licitação;24/02/2016 00:00;21/08/2016 00:00;21/08/2016 00:00;0;0;180;1780036,93;0;1743311,83;0;E;9;umental;-1;-1;;;;;41;SEM REAJUSTE;;;;17/08/2016 00:00;18/08/2016 00:00;60;;;;;2,016E+11;P;;;;Obra de Emergência - Formalização do contrato - Recuperação da margem do Córrego Ipiranga na Avenida Ricardo Jafet com a Rua Ouvidor Paleja.;;98;Fundo de Desenvolvimento Urbano;22;FUNDURB - Secretaria Municipal de Infra-Estrutura Urbana e Obras;1780036,93;0;180;0;0;1780036,93;1780036,93;0;1743311,83;36725,1;0;0;1743311,83;1743311,83;36725,1;1780036,93;0;1743311,83;36725,1;0;0;1743311,83;1743311,83;36725,1;0;0;0;0;0;0;0;0;0;0;0;0;0;0;0;0;0;0;0;98.22.26.453.3009.3.378.44905100.08.0;89;Obras em Andamento - Uso Comum do Povo;19;Sistemas Viários;51;Obras e Instalações;0
241395;17988;2016;22;Secretaria Municipal de Infra-Estrutura Urbana e Obras;10;Gabinete do Secretário;2;Termo de Contrato - Serviços;7;Art. 24 - Inciso I Lei Federal  8.666/93;6;Dispensa de Licitação;08/08/2016 00:00;21/09/2016 00:00;21/09/2016 00:00;0;0;45;9033,85;0;5334,01;0;A;9;umental;-1;-1;;;;;41;SEM REAJUSTE;;;;29/06/2016 00:00;02/07/2016 00:00;59;;;;DL;2,01503E+11;P;;;;Dispensa de Licitação - Prestação de serviços técnico-profissionais para execução de levantamento planialtimétrico e cadastramento - inventário de vegetação arbórea para construção da UBS Morada do Sol II - SP/PR.;;22;Secretaria Municipal de Infra-Estrutura Urbana e Obras;10;Gabinete do Secretário;9033,85;0;45;0;0;9033,85;9033,85;0;5334,01;0;3699,84;0;5334,01;5334,01;3699,84;9033,85;0;5334,01;0;3699,84;0;5334,01;5334,01;3699,84;0;0;0;0;0;0;0;0;0;0;0;0;0;0;0;0;0;0;0;84.10.10.301.3003.3.367.44905100.02.0;89;Obras em Andamento - Uso Comum do Povo;1;Hospitais e similares;51;Obras e Instalações;3699,84
241364;17957;2016;22;Secretaria Municipal de Infra-Estrutura Urbana e Obras;10;Gabinete do Secretário;2;Termo de Contrato - Serviços;7;Art. 24 - Inciso I Lei Federal  8.666/93;6;Dispensa de Licitação;08/08/2016 00:00;21/09/2016 00:00;21/09/2016 00:00;0;0;45;9949,16;0;9789,76;0;A;9;umental;-1;-1;;;;;41;SEM REAJUSTE;;;;29/06/2016 00:00;02/07/2016 00:00;59;;;;DL;2,01502E+11;P;;;;Dispensa de Licitação - Prestação de serviços técnico-profissionais para execução de levantamento topográfico e cadastramento arbóreo para construção do Centro Especializado em Reabilitação - CER  Ermelino Matarazzo - SP/EM.;;22;Secretaria Municipal de Infra-Estrutura Urbana e Obras;10;Gabinete do Secretário;9949,16;0;45;0;0;9949,16;9949,16;0;9789,76;0;159,4;0;9789,76;9789,76;159,4;9949,16;0;9789,76;0;159,4;0;9789,76;9789,76;159,4;0;0;0;0;0;0;0;0;0;0;0;0;0;0;0;0;0;0;0;84.10.10.242.3006.3.365.44905100.02.0;89;Obras em Andamento - Uso Comum do Povo;1;Hospitais e similares;51;Obras e Instalações;159,4
246468;22412;2016;22;Secretaria Municipal de Infra-Estrutura Urbana e Obras;10;Gabinete do Secretário;2;Termo de Contrato - Serviços;14;Art. 24 Inciso VIII da lei Federal 8.666/93;6;Dispensa de Licitação;27/09/2016 00:00;21/09/2017 00:00;21/09/2017 00:00;0;0;359;10545870,52;602914,82;10545870,52;602914,82;E;9;umental;-1;-1;;;;;26;CONSULTORIA;;;;19/08/2016 00:00;20/08/2016 00:00;61;;;;;6,0222E+15;S;;;;Prestação de serviços técnicos para consultoria e assessoria técnica especializada para suporte no desenvolvimento das ações desta Pasta;;98;Fundo de Desenvolvimento Urbano;22;FUNDURB - Secretaria Municipal de Infra-Estrutura Urbana e Obras;14355713,71;0;359;0;866463,89;15222177,6;15222177,6;0;11148785,34;4073392,26;0;0;11148785,34;11148785,34;1440766,19;14355713,71;0;10545870,52;3809843,19;0;0;10545870,52;10545870,52;1212028,17;866463,89;0;602914,82;263549,07;0;0;602914,82;602914,82;228738,02;0;0;0;0;0;0;0;0;0;0;87.10.26.453.3009.3.378.44903900.08.0;5;Serviços Técnicos Profissionais;1;Gerenciamento;39;Outros Serviços de Terceiros - Pessoa Jurídica;0
;;;;;;;;;;;;;;;;;;;;;;;;;;;;;;;;;;;;;;;;;;;;;;;;;;;;;;;;;;;;;;;;;;;;;;;;;;;;;;;;;;;;;;;;;;;;;;;;;;;;;;;;;
242797;19213;2016;22;Secretaria Municipal de Infra-Estrutura Urbana e Obras;10;Gabinete do Secretário;2;Termo de Contrato - Serviços;3;Art. 22 - Inciso III Lei Federal  8.666/93;2;Convite;01/09/2016 00:00;22/02/2018 00:00;22/02/2018 00:00;0;0;540;924889,37;26522;924889,37;15539,93;A;9;umental;-1;-1;;;;;26;CONSULTORIA;;;;12/06/2016 00:00;13/07/2016 00:00;69;;;;;2,01303E+11;P;;;;ELABORAÇÃO DE DIAGNÓSTICO DA SITUAÇÃO ATUAL, ESTUDO DE  ALTERNATIVAS, SOLUÇÃO ADOTADA, PROJETO BÁSICO E PROJETOS EXECUTIVOS DAS OBRAS HIDRAULICAS PRIORITÁRIAS DO CÓRREGO JACUPEVAL - PARALELO A RUA TANTAS PALAVRAS;;86;Fundo Municipal de Saneamento Ambiental e Infraestrutura;22;FMSAI - Secretaria Municipal de Infraestrutura Urbana e Obras;837478,94;0;540;87410,43;26522;951411,37;951411,37;0;940429,3;0;10982,07;0;940429,3;940429,3;93726,02;924889,37;0;924889,37;0;0;0;924889,37;924889,37;77316,15;26522;0;15539,93;0;10982,07;0;15539,93;15539,93;16409,87;0;0;10,44;0;0;0;0;0;0;0;22.10.17.451.3008.5.013.44903900.00.0;99;Outros Serviços de Terceiros - Pessoa Jurídica;99;Outros Serviços de Terceiros - Pessoa Jurídica;39;Outros Serviços de Terceiros - Pessoa Jurídica;10982,07
255208;30014;2016;22;Secretaria Municipal de Infra-Estrutura Urbana e Obras;10;Gabinete do Secretário;2;Termo de Contrato - Serviços;1;Art. 22 - Inciso I Lei Federal  8.666/93;4;Concorrência;26/12/2016 00:00;20/12/2017 00:00;22/05/2023 00:00;0;0;359;26825213,74;1146753,43;18313925,77;1144306,65;A;9;umental;-1;-1;;;;;41;SEM REAJUSTE;078/SIURB/2016;Gilberto Machado Giardino;22/12/2016 00:00;08/12/2016 00:00;08/12/2016 00:00;;22/12/2016 00:00;20/05/2022 00:00;11863;RDC 13//14/SIURB;2,01403E+11;P;6517137;Valdecir Guerra Lopes;Conforme SEI nº 061043717;Execução de Obras e Serviços Relativos á Construção de Centros de Educação Infantil - CEI Com Estrutura em  Concreto Armado Pré-Moldado, Agrupados nos Lotes 07 e 08 - RDC Nº 013/14/SIURB;;22;Secretaria Municipal de Infra-Estrutura Urbana e Obras;10;Gabinete do Secretário;30237060,81;0;359;-3411847,07;1146753,43;27971967,17;27971967,17;0;19458232,42;0;8513734,75;0;19458232,42;19458232,42;3810525,98;26825213,74;0;18313925,77;0;8511287,97;0;18313925,77;18313925,77;3808079,2;1146753,43;0;1144306,65;0;2446,78;0;1144306,65;1144306,65;2446,78;0;0;2,25;13,54;0;0;0;0;1979;0;16.10.12.365.3010.3.359.44905100.05.0;89;Obras em Andamento - Uso Comum do Povo;2;Escolas e similares;51;Obras e Instalações;8513734,75
241328;17921;2016;22;Secretaria Municipal de Infra-Estrutura Urbana e Obras;10;Gabinete do Secretário;5;Nota de Empenho Fornecimento de Bens de Consumo e/ou Permanente;36;Art. 25 - Inciso I Lei Federal  8.666/93;7;Inexigibilidade;23/06/2016 00:00;22/06/2017 00:00;22/06/2017 00:00;0;0;365;1111,5;0;0;0;R;9;umental;-1;-1;;;;;41;SEM REAJUSTE;;;;01/07/2016 00:00;02/07/2016 00:00;59;;;;;6,0222E+15;S;;;;ASSINATURA JORNAL O ESTADO DE SÃO PAULO PARA O PERIODO 2016/2017;;22;Secretaria Municipal de Infra-Estrutura Urbana e Obras;10;Gabinete do Secretário;1111,5;0;365;0;0;1111,5;1111,5;0;0;0;1111,5;0;0;0;0;1111,5;0;0;0;1111,5;0;0;0;0;0;0;0;0;0;0;0;0;0;0;0;0;0;0;0;0;0;0;0;;;;;;;;1111,5
246521;22459;2016;22;Secretaria Municipal de Infra-Estrutura Urbana e Obras;10;Gabinete do Secretário;5;Nota de Empenho Fornecimento de Bens de Consumo e/ou Permanente;36;Art. 25 - Inciso I Lei Federal  8.666/93;7;Inexigibilidade;23/08/2016 00:00;22/08/2017 00:00;22/08/2017 00:00;0;0;364;396;0;396;0;E;9;umental;-1;-1;;;;;41;SEM REAJUSTE;;Fatima Antunes;21/06/2016 00:00;19/08/2016 00:00;20/08/2016 00:00;85;;;;;6,0222E+15;S;;;;Assinatura anual da Revista Techne;;22;Secretaria Municipal de Infra-Estrutura Urbana e Obras;10;Gabinete do Secretário;396;0;364;0;0;396;396;0;396;0;0;0;396;396;0;396;0;396;0;0;0;396;396;0;0;0;0;0;0;0;0;0;0;0;0;0;0;0;0;0;0;0;0;22.10.15.122.3024.2.100.33903900.00.0;1;Assinatura de Periódicos e Anuidades;2;Assinaturas de Revistas;39;Outros Serviços de Terceiros - Pessoa Jurídica;0
243829;20121;2016;22;Secretaria Municipal de Infra-Estrutura Urbana e Obras;10;Gabinete do Secretário;2;Termo de Contrato - Serviços;1;Art. 22 - Inciso I Lei Federal  8.666/93;4;Concorrência;25/07/2016 00:00;22/10/2016 00:00;22/10/2016 00:00;0;0;90;373288,6;0;0;0;N;9;umental;2014;22;22;Secretaria Municipal de Infra-Estrutura Urbana e Obras;;;41;SEM REAJUSTE;;;;19/07/2016 00:00;23/07/2016 00:00;72;;;;007/SIURB/2014;2,01502E+11;P;;;;Execução de serviços gerais de manutenção no Central de Triagem Pirituba.;;22;Secretaria Municipal de Infra-Estrutura Urbana e Obras;10;Gabinete do Secretário;373288,6;0;90;0;0;373288,6;373288,6;0;0;373288,6;0;0;0;0;0;373288,6;0;0;373288,6;0;0;0;0;0;0;0;0;0;0;0;0;0;0;0;0;0;0;0;0;0;0;0;0;;;;;;;;0
237598;14708;2016;98;Fundo de Desenvolvimento Urbano;22;FUNDURB - Secretaria Municipal de Infra-Estrutura Urbana e Obras;2;Termo de Contrato - Serviços;1;Art. 22 - Inciso I Lei Federal  8.666/93;4;Concorrência;01/11/2016 00:00;21/10/2018 00:00;22/10/2018 00:00;0;0;720;90032,5;0;90032,5;0;E;9;umental;-1;-1;;;;;2;ESTRUTURA GERAL;;;;25/05/2016 00:00;31/05/2016 00:00;100;;;;;2,01503E+11;P;;;;Elaboração de projeto executivo e execução das obras de melhoramento e alargamentoda estrada do M'boi Mirim, desde a Rua Riberalta até Av. dos Funcionários Públicos e implantação do Corredor de Ônibus M'Boi Mirim, integrantes do Plano Municipal de Mobilidade Urbana da Secretaria de Transporte.;;98;Fundo de Desenvolvimento Urbano;22;FUNDURB - Secretaria Municipal de Infra-Estrutura Urbana e Obras;94584233,34;0;720;0;0;94584233,34;94584233,34;0;90032,5;94494200,84;0;0;90032,5;90032,5;2909804,37;94584233,34;0;90032,5;94494200,84;0;0;90032,5;90032,5;2909804,37;0;0;0;0;0;0;0;0;0;0;0;0;0;0;0;0;0;0;0;98.22.26.453.3009.3.378.44905100.08.0;89;Obras em Andamento - Uso Comum do Povo;17;Corredores de Ônibus;51;Obras e Instalações;0
246479;22420;2016;22;Secretaria Municipal de Infra-Estrutura Urbana e Obras;10;Gabinete do Secretário;5;Nota de Empenho Fornecimento de Bens de Consumo e/ou Permanente;29;Art. 24 Inciso XXIII da lei Federal 8.666/93;6;Dispensa de Licitação;26/07/2016 00:00;22/11/2016 00:00;22/11/2016 00:00;0;0;120;243552,86;0;243552,86;0;E;1;;-1;-1;;;;;41;SEM REAJUSTE;;;;19/08/2016 00:00;20/08/2016 00:00;;;;;;7,9102E+15;S;;;;ontratação da Concessionária AES Eletropaulo, visando o remanejamento das redes de distribuição de energia elétrica na área de implantação do prolongamento da Av. Chucri Zaidan até a Av. João Dias, especificamente no trecho da Rua José Guerra, entre a Rua Mesquita Sampaio e Rua Fernandes Moreira.;;22;Secretaria Municipal de Infra-Estrutura Urbana e Obras;10;Gabinete do Secretário;243552,86;0;120;0;0;243552,86;243552,86;0;243552,86;0;0;0;243552,86;243552,86;0;243552,86;0;243552,86;0;0;0;243552,86;243552,86;0;0;0;0;0;0;0;0;0;0;0;0;0;0;0;0;0;0;0;0;37.30.15.451.3009.5.100.44905100.08.0;99;Outras Obras e Instalações;4;Remanejamento de Interferências;51;Obras e Instalações;0
249073;24730;2016;86;Fundo Municipal de Saneamento Ambiental e Infraestrutura;22;FMSAI - Secretaria Municipal de Infraestrutura Urbana e Obras;2;Termo de Contrato - Serviços;8;Art. 24 Inciso II da lei Federal 8.666/93;6;Dispensa de Licitação;23/09/2016 00:00;21/12/2016 00:00;22/12/2016 00:00;0;0;90;385857,43;0;385857,43;0;E;9;umental;-1;-1;;;;;2;ESTRUTURA GERAL;;;;16/09/2016 00:00;17/09/2016 00:00;66;;;;;6,0222E+15;S;;;;Contratação para prestação de serviços de conservação e manutenção da malha viária na Rua Bicci di Lorenzo - Ata de Registro de Preços nº 028/SMSP/COGEL/2014.;;22;Secretaria Municipal de Infra-Estrutura Urbana e Obras;10;Gabinete do Secretário;1500495,82;0;90;0;0;1500495,82;1500495,82;0;385857,43;1114638,39;0;0;385857,43;385857,43;1178407,35;1500495,82;0;385857,43;1114638,39;0;0;385857,43;385857,43;1178407,35;0;0;0;0;0;0;0;0;0;0;0;0;0;0;0;0;0;0;0;86.22.17.451.3008.5.013.44905100.03.0;99;Outras Obras e Instalações;99;Outras Obras e Instalações;51;Obras e Instalações;0
251495;26831;2016;86;Fundo Municipal de Saneamento Ambiental e Infraestrutura;22;;2;Termo de Contrato - Serviços;1;Art. 22 - Inciso I Lei Federal  8.666/93;4;Concorrência;12/03/2015 00:00;23/02/2018 00:00;23/02/2018 00:00;0;0;1080;500000;0;230466,7;0;A;9;umental;-1;-1;;;;;2;ESTRUTURA GERAL;;;;11/03/2015 00:00;12/03/2015 00:00;;;;;;2,01403E+11;P;;;;CT - 009/SIURB/2015 - Zavuvus Lote 1;;86;Fundo Municipal de Saneamento Ambiental e Infraestrutura;22;;500000;0;1080;0;0;500000;500000;0;230466,7;0;269533,3;0;230466,7;230466,7;269533,3;500000;0;230466,7;0;269533,3;0;230466,7;230466,7;269533,3;0;0;0;0;0;0;0;0;0;0;0;0;0;0;0;0;0;0;0;86.22.17.451.3008.5.013.44905100.03.0;89;Obras em Andamento - Uso Comum do Povo;22;Canalização de Córregos;51;Obras e Instalações;269533,3
251905;27169;2016;22;Secretaria Municipal de Infra-Estrutura Urbana e Obras;10;Gabinete do Secretário;2;Termo de Contrato - Serviços;1;Art. 22 - Inciso I Lei Federal  8.666/93;4;Concorrência;24/01/2016 00:00;23/04/2016 00:00;23/04/2016 00:00;0;0;90;0;0;0;0;E;9;umental;2014;3;22;Secretaria Municipal de Infra-Estrutura Urbana e Obras;;;5;EDIFICAÇÕES EM GERAL;;;;21/10/2016 00:00;21/10/2016 00:00;;;;;;6,0292E+15;S;;;;GCM - REGULARIZAÇÃO DA ENTRADA DE ENERGIA, situado na Rua Manoel José Pereira, nº 300 - Capão Redondo - São Paulo/SP;;22;Secretaria Municipal de Infra-Estrutura Urbana e Obras;10;Gabinete do Secretário;69671,23;0;90;0;0;69671,23;69671,23;0;0;69671,23;0;0;0;0;0;69671,23;0;0;69671,23;0;0;0;0;0;0;0;0;0;0;0;0;0;0;0;0;0;0;0;0;0;0;0;0;;;;;;;;0
230157;8245;2016;22;Secretaria Municipal de Infra-Estrutura Urbana e Obras;10;Gabinete do Secretário;2;Termo de Contrato - Serviços;1;Art. 22 - Inciso I Lei Federal  8.666/93;4;Concorrência;25/04/2016 00:00;23/07/2016 00:00;23/07/2016 00:00;0;0;90;619505,65;0;619330,74;0;E;9;umental;2014;25;22;Secretaria Municipal de Infra-Estrutura Urbana e Obras;;;41;SEM REAJUSTE;;;;30/03/2016 00:00;05/04/2016 00:00;123;;;;;2,015E+11;P;;;;SP/SM - MANUTENÇÃO DO CEU SÃO RAFAEL - QUADRAS;;22;Secretaria Municipal de Infra-Estrutura Urbana e Obras;10;Gabinete do Secretário;619505,65;0;90;0;0;619505,65;619505,65;0;619330,74;174,91;0;0;619330,74;619330,74;174,91;619505,65;0;619330,74;174,91;0;0;619330,74;619330,74;174,91;0;0;0;0;0;0;0;0;0;0;0;0;0;0;0;0;0;0;0;16.10.12.368.3010.2.851.33903900.00.0;16;Manutenção e Conservação de Bens Imóveis;16;Pequenas Reformas - Outros Imóveis;39;Outros Serviços de Terceiros - Pessoa Jurídica;0
251299;26659;2016;22;Secretaria Municipal de Infra-Estrutura Urbana e Obras;10;Gabinete do Secretário;5;Nota de Empenho Fornecimento de Bens de Consumo e/ou Permanente;39;Não Aplicável;8;Não Aplicável;14/10/2016 00:00;23/10/2016 00:00;23/10/2016 00:00;0;0;10;19584,52;0;19584,52;0;A;1;;-1;-1;;;;;41;SEM REAJUSTE;;;;05/10/2016 00:00;07/10/2016 00:00;59;;;;;2,016E+11;P;;;;Desap - Melhoramento - Prolongamento da Av. Roberto Marinho - Pq. Linear;;22;Secretaria Municipal de Infra-Estrutura Urbana e Obras;10;Gabinete do Secretário;19568,86;0;10;15,66;0;19584,52;19584,52;0;19584,52;0;0;0;19584,52;19584,52;0;19584,52;0;19584,52;0;0;0;19584,52;19584,52;0;0;0;0;0;0;0;0;0;0;0;0;0,08;0;0;0;0;0;0;0;37.30.15.451.3009.5.100.44906100.08.0;99;Outras Aquisições de Bens Imóveis;1;Desapropriações;61;Aquisição de Imóveis;0
231458;9360;2016;22;Secretaria Municipal de Infra-Estrutura Urbana e Obras;10;Gabinete do Secretário;2;Termo de Contrato - Serviços;1;Art. 22 - Inciso I Lei Federal  8.666/93;4;Concorrência;24/10/2015 00:00;23/10/2016 00:00;23/10/2016 00:00;0;0;365;0;0;0;0;E;9;umental;2014;15;22;Secretaria Municipal de Infra-Estrutura Urbana e Obras;;;41;SEM REAJUSTE;;;;13/04/2016 00:00;14/04/2016 00:00;233;;;;;6,0162E+15;S;;;;SP/LA - MANUTENÇÃO DO CEU JAGUARÉ - UNICEU;;22;Secretaria Municipal de Infra-Estrutura Urbana e Obras;10;Gabinete do Secretário;31386,49;0;365;0;0;31386,49;31386,49;0;0;31386,49;0;0;0;0;31386,49;31386,49;0;0;31386,49;0;0;0;0;31386,49;0;0;0;0;0;0;0;0;0;0;0;0;0;0;0;0;0;0;0;16.10.12.128.3010.2.802.33903900.00.0;16;Manutenção e Conservação de Bens Imóveis;16;Pequenas Reformas - Outros Imóveis;39;Outros Serviços de Terceiros - Pessoa Jurídica;0
226920;5358;2016;22;Secretaria Municipal de Infra-Estrutura Urbana e Obras;10;Gabinete do Secretário;2;Termo de Contrato - Serviços;19;Art. 24 Inciso XIII da lei Federal 8.666/93;6;Dispensa de Licitação;30/01/2009 00:00;24/01/2010 00:00;24/01/2010 00:00;0;0;360;1826061,6;110087,65;1463048,4;83612,44;A;9;umental;-1;-1;;;;;41;SEM REAJUSTE;;MARIA HELENA ZOCKUN;05/09/2008 00:00;08/12/2008 00:00;09/12/2008 00:00;38;30/01/2009 00:00;06/02/2009 00:00;78;;2,00803E+11;P;;;;Prestação de serviços técnicos especializados, visando o levantamento dos preços de até 1200 insumos adotados nas Tabelas de Siurb,;;22;Secretaria Municipal de Infra-Estrutura Urbana e Obras;10;Gabinete do Secretário;396000;0;360;1430061,6;110087,65;1936149,25;1936149,25;0;1546660,84;0;389488,41;0;1546660,84;1546660,84;26991,2;1826061,6;0;1463048,4;0;363013,2;0;1463048,4;1463048,4;26991,2;110087,65;0;83612,44;0;26475,21;0;83612,44;83612,44;0;0;0;366,68;5,55;0;0;0;0;0;0;22.10.15.122.0251.4.900.33903900.00.0;5;SERVIÇOS TÉCNICOS PROFISSIONAIS;99;Outros Serviços Técnicos Profissionais;39;Outros Serviços de Terceiros - Pessoa Jurídica;389488,41
252318;27529;2016;86;Fundo Municipal de Saneamento Ambiental e Infraestrutura;22;;2;Termo de Contrato - Serviços;1;Art. 22 - Inciso I Lei Federal  8.666/93;4;Concorrência;10/04/2015 00:00;24/03/2018 00:00;24/03/2018 00:00;0;0;1080;2000000;0;0;0;A;9;umental;-1;-1;;;;;2;ESTRUTURA GERAL;;;;11/03/2015 00:00;12/03/2015 00:00;;;;;;2,01403E+11;P;;;;CT - 008/SIURB/2015 - Tremembé;;86;Fundo Municipal de Saneamento Ambiental e Infraestrutura;22;;2000000;0;1080;0;0;2000000;2000000;0;0;0;2000000;0;0;0;2000000;2000000;0;0;0;2000000;0;0;0;2000000;0;0;0;0;0;0;0;0;0;0;0;0;0;0;0;0;0;0;0;86.22.17.451.3008.5.013.44905100.03.0;89;Obras em Andamento - Uso Comum do Povo;22;Canalização de Córregos;51;Obras e Instalações;2000000
246643;22563;2016;86;Fundo Municipal de Saneamento Ambiental e Infraestrutura;22;;2;Termo de Contrato - Serviços;1;Art. 22 - Inciso I Lei Federal  8.666/93;4;Concorrência;10/04/2015 00:00;24/03/2018 00:00;24/03/2018 00:00;0;0;1080;3000000;0;2916279,76;0;A;9;umental;-1;-1;;;;;2;ESTRUTURA GERAL;;;;11/03/2015 00:00;12/03/2015 00:00;;;;;;2,01403E+11;P;;;;CT - 008/SIURB/2015 - Tremembé;;86;Fundo Municipal de Saneamento Ambiental e Infraestrutura;22;;3000000;0;1080;0;0;3000000;3000000;0;2916279,76;0;83720,24;0;2916279,76;2916279,76;83720,24;3000000;0;2916279,76;0;83720,24;0;2916279,76;2916279,76;83720,24;0;0;0;0;0;0;0;0;0;0;0;0;0;0;0;0;0;0;0;86.22.17.451.3008.5.013.44905100.03.0;89;Obras em Andamento - Uso Comum do Povo;22;Canalização de Córregos;51;Obras e Instalações;83720,24
233537;11272;2016;22;Secretaria Municipal de Infra-Estrutura Urbana e Obras;10;Gabinete do Secretário;5;Nota de Empenho Fornecimento de Bens de Consumo e/ou Permanente;8;Art. 24 Inciso II da lei Federal 8.666/93;6;Dispensa de Licitação;11/05/2016 00:00;24/06/2016 00:00;24/06/2016 00:00;0;0;45;481856,67;0;481856,67;0;A;1;;-1;-1;;;;;2;ESTRUTURA GERAL;;;;28/04/2016 00:00;29/04/2016 00:00;93;;;;;2,01601E+11;P;;;;Contratação dos serviços de remanejamento de redes de distribuição de energia elétrica - Concessionária AES Eletropaulo - Trecho da Av. Laguna a Av. João Dias e Ponte Laguna.;;22;Secretaria Municipal de Infra-Estrutura Urbana e Obras;10;Gabinete do Secretário;481856,67;0;45;0;0;481856,67;481856,67;0;481856,67;0;0;0;481856,67;481856,67;0;481856,67;0;481856,67;0;0;0;481856,67;481856,67;0;0;0;0;0;0;0;0;0;0;0;0;0;0;0;0;0;0;0;0;37.30.15.451.3009.5.100.44905100.08.0;99;Outras Obras e Instalações;99;Outras Obras e Instalações;51;Obras e Instalações;0
238263;15284;2016;22;Secretaria Municipal de Infra-Estrutura Urbana e Obras;10;Gabinete do Secretário;2;Termo de Contrato - Serviços;1;Art. 22 - Inciso I Lei Federal  8.666/93;4;Concorrência;27/06/2016 00:00;24/09/2016 00:00;24/09/2016 00:00;0;0;90;1029696,55;0;1029516,81;0;A;9;umental;2014;3;22;Secretaria Municipal de Infra-Estrutura Urbana e Obras;;;41;SEM REAJUSTE;;;;02/06/2016 00:00;07/06/2016 00:00;98;;;;;2,01401E+11;P;;;;SP/CL - MANUTENÇÃO DA EMEF PROFESSORA MARIA RITA DE CASSIA PINHEIRO SIMÕES BRAGA;;22;Secretaria Municipal de Infra-Estrutura Urbana e Obras;10;Gabinete do Secretário;1029696,55;0;90;0;0;1029696,55;1029696,55;0;1029516,81;0;179,74;0;1029516,81;1029516,81;179,74;1029696,55;0;1029516,81;0;179,74;0;1029516,81;1029516,81;179,74;0;0;0;0;0;0;0;0;0;0;0;0;0;0;0;0;0;0;0;16.10.12.368.3010.2.822.33903900.00.0;16;Manutenção e Conservação de Bens Imóveis;14;Pequenas Reformas - Escolas de Ensino Fundamental;39;Outros Serviços de Terceiros - Pessoa Jurídica;179,74
243136;19522;2016;22;Secretaria Municipal de Infra-Estrutura Urbana e Obras;10;Gabinete do Secretário;2;Termo de Contrato - Serviços;1;Art. 22 - Inciso I Lei Federal  8.666/93;4;Concorrência;27/07/2016 00:00;24/10/2016 00:00;24/10/2016 00:00;0;0;90;319317,45;0;315800,22;0;E;9;umental;2014;31;22;Secretaria Municipal de Infra-Estrutura Urbana e Obras;;;41;SEM REAJUSTE;;;;15/07/2016 00:00;16/07/2016 00:00;101;;;;007/SIURB/2014;6,0182E+15;S;;;;Execução de serviços gerais de manutenção previstos na ATA DE REGISTRO DE PREÇOS nº 031/SIURB/2014 - AGRUPAMENTO  031  -  Subprefeitura Vila  Prudente - SP/VP,  com fornecimento de materiais de primeira linha e mão-de-obra especializada para execução de serviços gerais de manutenção preventiva, corretiva, reparações, adaptações e modificações, no (a) UBS VILA HELOISA, situado Rua Aires Quaresma, 11 - Vila Heloisa  - São Paulo/SP.;;22;Secretaria Municipal de Infra-Estrutura Urbana e Obras;10;Gabinete do Secretário;319317,45;0;90;0;0;319317,45;319317,45;0;315800,22;3517,23;0;0;315800,22;315800,22;3517,23;319317,45;0;315800,22;3517,23;0;0;315800,22;315800,22;3517,23;0;0;0;0;0;0;0;0;0;0;0;0;0;0;0;0;0;0;0;84.10.10.302.3003.3.101.44905100.00.0;99;Outras Obras e Instalações;99;Outras Obras e Instalações;51;Obras e Instalações;0
243118;19507;2016;22;Secretaria Municipal de Infra-Estrutura Urbana e Obras;10;Gabinete do Secretário;2;Termo de Contrato - Serviços;1;Art. 22 - Inciso I Lei Federal  8.666/93;4;Concorrência;27/07/2016 00:00;24/10/2016 00:00;24/10/2016 00:00;0;0;90;121443,33;0;121271,15;0;E;9;umental;2014;31;22;Secretaria Municipal de Infra-Estrutura Urbana e Obras;;;41;SEM REAJUSTE;;;;11/07/2016 00:00;12/07/2016 00:00;86;;;;007/SIURB/2014;6,0182E+15;S;;;;Execução de serviços gerais de manutenção previstos na ATA DE REGISTRO DE PREÇOS nº 031/SIURB/2014 - AGRUPAMENTO  031  -  Subprefeitura Vila Prudente - SP/VP,  com fornecimento de materiais de primeira linha e mão-de-obra especializada para execução de serviços gerais de manutenção preventiva, corretiva, reparações, adaptações e modificações, no (a) UNIDADE BÁSICA DE SAÚDE VILA ALPINA, situada na Rua Rua Paramu, 398 - Vila Alpina - São Paulo/SP.;;22;Secretaria Municipal de Infra-Estrutura Urbana e Obras;10;Gabinete do Secretário;121443,33;0;90;0;0;121443,33;121443,33;0;121271,15;172,18;0;0;121271,15;121271,15;172,18;121443,33;0;121271,15;172,18;0;0;121271,15;121271,15;172,18;0;0;0;0;0;0;0;0;0;0;0;0;0;0;0;0;0;0;0;84.10.10.302.3003.3.101.44905100.00.0;99;Outras Obras e Instalações;99;Outras Obras e Instalações;51;Obras e Instalações;0
247497;23322;2016;22;Secretaria Municipal de Infra-Estrutura Urbana e Obras;10;Gabinete do Secretário;2;Termo de Contrato - Serviços;1;Art. 22 - Inciso I Lei Federal  8.666/93;4;Concorrência;26/09/2016 00:00;24/12/2016 00:00;24/12/2016 00:00;0;0;90;89920,43;0;89911,13;0;E;9;umental;2014;25;22;Secretaria Municipal de Infra-Estrutura Urbana e Obras;;;41;SEM REAJUSTE;;;;30/08/2016 00:00;01/09/2016 00:00;86;;;;007/14/SIURB;6,0162E+15;S;;;;Execução de serviços gerais de manutenção previstos na ATA DE REGISTRO DE PREÇOS nº 025/SIURB/2014 - AGRUPAMENTO  025  -  Subprefeitura São Mateus - SP/SM,  com fornecimento de materiais de primeira linha e mão-de-obra especializada para execução de serviços gerais de manutenção preventiva, corretiva, reparações, adaptações e modificações, no (a) EMEI DONA MARIA DE LOURDES COUTINHO TORRES, situado na Rua Bartolomeu Gonçalves, nº 45 -  São Paulo/SP.;;22;Secretaria Municipal de Infra-Estrutura Urbana e Obras;10;Gabinete do Secretário;89920,43;0;90;0;0;89920,43;89920,43;0;89911,13;9,3;0;0;89911,13;89911,13;9,3;89920,43;0;89911,13;9,3;0;0;89911,13;89911,13;9,3;0;0;0;0;0;0;0;0;0;0;0;0;0;0;0;0;0;0;0;16.10.12.368.3010.2.822.33903900.00.0;16;Manutenção e Conservação de Bens Imóveis;17;Manutenção e Conservação de Bens Imóveis;39;Outros Serviços de Terceiros - Pessoa Jurídica;0
227770;6129;2016;22;Secretaria Municipal de Infra-Estrutura Urbana e Obras;10;Gabinete do Secretário;5;Nota de Empenho Fornecimento de Bens de Consumo e/ou Permanente;7;Art. 24 - Inciso I Lei Federal  8.666/93;6;Dispensa de Licitação;21/03/2016 00:00;25/03/2016 00:00;25/03/2016 00:00;0;0;5;1485684,44;0;1485684,44;0;A;1;;-1;-1;;;;;41;SEM REAJUSTE;;;;16/03/2016 00:00;19/03/2016 00:00;104;;;;;2,00903E+11;P;;;;Desap - Melhoramento do Núcleo Habitacional à População de Baixa Renda - R. Ciridião Durval;;22;Secretaria Municipal de Infra-Estrutura Urbana e Obras;10;Gabinete do Secretário;1485684,44;0;5;0;0;1485684,44;1485684,44;0;1485684,44;0;0;0;1485684,44;1485684,44;0;1485684,44;0;1485684,44;0;0;0;1485684,44;1485684,44;0;0;0;0;0;0;0;0;0;0;0;0;0;0;0;0;0;0;0;0;37.30.16.451.3002.3.357.44906100.08.0;99;Outras Aquisições de Bens Imóveis;1;Desapropriações;61;Aquisição de Imóveis;0
230022;8118;2016;22;Secretaria Municipal de Infra-Estrutura Urbana e Obras;10;Gabinete do Secretário;2;Termo de Contrato - Serviços;1;Art. 22 - Inciso I Lei Federal  8.666/93;4;Concorrência;26/04/2016 00:00;24/07/2016 00:00;25/07/2016 00:00;0;0;90;22260,16;0;22260,16;0;E;9;umental;2014;27;22;Secretaria Municipal de Infra-Estrutura Urbana e Obras;;;41;SEM REAJUSTE;;;;31/03/2016 00:00;02/04/2016 00:00;120;;;;;6,0172E+15;S;;;;SP/SÉ - MANUTENÇÃO DO EDIFÍCIO MATARAZZO - 12º ANDAR;;22;Secretaria Municipal de Infra-Estrutura Urbana e Obras;10;Gabinete do Secretário;25301,64;0;90;0;0;25301,64;25301,64;0;22260,16;3041,48;0;0;22260,16;22260,16;3041,48;25301,64;0;22260,16;3041,48;0;0;22260,16;22260,16;3041,48;0;0;0;0;0;0;0;0;0;0;0;0;0;0;0;0;0;0;0;17.10.04.122.3024.2.100.33903900.00.0;16;Manutenção e Conservação de Bens Imóveis;17;Manutenção e Conservação de Bens Imóveis;39;Outros Serviços de Terceiros - Pessoa Jurídica;0
231004;8945;2016;22;Secretaria Municipal de Infra-Estrutura Urbana e Obras;10;Gabinete do Secretário;2;Termo de Contrato - Serviços;1;Art. 22 - Inciso I Lei Federal  8.666/93;4;Concorrência;26/04/2016 00:00;24/07/2016 00:00;25/07/2016 00:00;0;0;90;54578,16;0;54578,16;0;E;9;umental;2014;27;22;Secretaria Municipal de Infra-Estrutura Urbana e Obras;;;41;SEM REAJUSTE;;;;08/04/2016 00:00;09/04/2016 00:00;87;;;;;6,0222E+15;S;;;;SP/SÉ - MANUTENÇÃO DA PORTA DE ENROLAR EM AÇO DA GALERIA OLIDO (ENTRADA SÃO JOÃO);;22;Secretaria Municipal de Infra-Estrutura Urbana e Obras;10;Gabinete do Secretário;56250,93;0;90;0;0;56250,93;56250,93;0;54578,16;1672,77;0;0;54578,16;54578,16;1672,77;56250,93;0;54578,16;1672,77;0;0;54578,16;54578,16;1672,77;0;0;0;0;0;0;0;0;0;0;0;0;0;0;0;0;0;0;0;22.10.15.122.3024.2.100.33903900.00.0;16;Manutenção e Conservação de Bens Imóveis;17;Manutenção e Conservação de Bens Imóveis;39;Outros Serviços de Terceiros - Pessoa Jurídica;0
243958;20238;2016;22;Secretaria Municipal de Infra-Estrutura Urbana e Obras;10;Gabinete do Secretário;5;Nota de Empenho Fornecimento de Bens de Consumo e/ou Permanente;36;Art. 25 - Inciso I Lei Federal  8.666/93;7;Inexigibilidade;26/07/2016 00:00;25/07/2017 00:00;25/07/2017 00:00;0;0;365;446,9;0;446,9;0;A;9;umental;-1;-1;;;;;41;SEM REAJUSTE;;Maria Ap. Rodrigues;13/07/2016 00:00;21/07/2016 00:00;26/07/2016 00:00;56;;;;;2,01501E+11;P;;;;Fornecimento de exemplares diários do Jornal Agora São Paulo;;22;Secretaria Municipal de Infra-Estrutura Urbana e Obras;10;Gabinete do Secretário;446,9;0;365;0;0;446,9;446,9;0;446,9;0;0;0;446,9;446,9;0;446,9;0;446,9;0;0;0;446,9;446,9;0;0;0;0;0;0;0;0;0;0;0;0;0;0;0;0;0;0;0;0;22.10.15.122.3024.2.100.33903900.00.0;1;Assinatura de Periódicos e Anuidades;1;Assinatura de Jornais;39;Outros Serviços de Terceiros - Pessoa Jurídica;0
243611;19952;2016;22;Secretaria Municipal de Infra-Estrutura Urbana e Obras;10;Gabinete do Secretário;2;Termo de Contrato - Serviços;1;Art. 22 - Inciso I Lei Federal  8.666/93;4;Concorrência;27/07/2016 00:00;24/10/2016 00:00;25/10/2016 00:00;0;0;90;326820,65;0;326820,65;0;E;9;umental;2014;31;22;Secretaria Municipal de Infra-Estrutura Urbana e Obras;;;41;SEM REAJUSTE;;;;19/07/2016 00:00;21/07/2016 00:00;86;;;;007/SIURB/14;6,0182E+15;S;;;;Execução de serviços gerais de manutenção previstos na ATA DE REGISTRO DE PREÇOS nº 031/SIURB/14 - AGRUPAMENTO  031  -  Subprefeitura Vila Prudente - SP/VP,  com fornecimento de materiais de primeira linha e mão-de-obra especializada para execução de serviços gerais de manutenção preventiva, corretiva, reparações, adaptações e modificações, no (a) HD RHC VILA PRUDENTE, localizado na Praça do Centenário de Vila Prudente, 108 - Vila Prudente - SP/VILA PRUDENTE - São Paulo - SP.;;22;Secretaria Municipal de Infra-Estrutura Urbana e Obras;10;Gabinete do Secretário;381555,42;0;90;0;0;381555,42;381555,42;0;326820,65;54734,77;0;0;326820,65;326820,65;54734,77;381555,42;0;326820,65;54734,77;0;0;326820,65;326820,65;54734,77;0;0;0;0;0;0;0;0;0;0;0;0;0;0;0;0;0;0;0;84.10.10.302.3003.3.101.44905100.00.0;99;Outras Obras e Instalações;99;Outras Obras e Instalações;51;Obras e Instalações;0
247488;23315;2016;22;Secretaria Municipal de Infra-Estrutura Urbana e Obras;10;Gabinete do Secretário;2;Termo de Contrato - Serviços;1;Art. 22 - Inciso I Lei Federal  8.666/93;4;Concorrência;26/09/2016 00:00;25/11/2016 00:00;25/11/2016 00:00;0;0;60;52926,1;0;0;0;S;9;umental;2014;25;22;Secretaria Municipal de Infra-Estrutura Urbana e Obras;;;41;SEM REAJUSTE;114/SIURB/NMPME/2016;;;30/08/2016 00:00;01/09/2016 00:00;86;;;;007/SIURB/2014;6,0162E+15;S;;;;Execução de serviços gerais de manutenção previstos na ATA DE REGISTRO DE PREÇOS nº 025/SIURB/2014 - AGRUPAMENTO  025  -  Subprefeitura São Mateus - SP/SM,  com fornecimento de materiais de primeira linha e mão-de-obra especializada para execução de serviços gerais de manutenção preventiva, corretiva, reparações, adaptações e modificações, no (a) CEI INDIRETO MONTEIRO LOBATO, situado na Rua Gomes de Melo, nº 80 - São Mateus  - São Paulo - SP.;;22;Secretaria Municipal de Infra-Estrutura Urbana e Obras;10;Gabinete do Secretário;52926,1;0;60;0;0;52926,1;52926,1;0;0;0;52926,1;0;0;0;52926,1;52926,1;0;0;0;52926,1;0;0;0;52926,1;0;0;0;0;0;0;0;0;0;0;0;0;0;0;0;0;0;0;0;16.10.12.365.3010.1.607.44903900.00.0;99;Outros Serviços de Terceiros - Pessoa Jurídica;99;Outros Serviços de Terceiros - Pessoa Jurídica;39;Outros Serviços de Terceiros - Pessoa Jurídica;52926,1
250952;26352;2016;22;Secretaria Municipal de Infra-Estrutura Urbana e Obras;10;Gabinete do Secretário;2;Termo de Contrato - Serviços;17;Art. 24 Inciso XI da lei Federal 8.666/93;6;Dispensa de Licitação;01/12/2016 00:00;25/11/2017 00:00;25/11/2017 00:00;0;0;360;15551021,46;3900000;3855413,79;2069849,36;A;9;umental;-1;-1;;;;;3;ESCOLAS;;;;03/10/2016 00:00;06/10/2016 00:00;86;;;;027/2011/SIURB;2,01101E+11;P;;;;Obras remanescentes do Lote 02 para execução de serviços e obras das escolas de  educação fundamental e infantil  - Contrato 127/SIURB/2011;;22;Secretaria Municipal de Infra-Estrutura Urbana e Obras;10;Gabinete do Secretário;13223554,17;0;360;2327467,29;3900000;19451021,46;19451021,46;0;5925263,15;0;13525758,31;0;5925263,15;5925263,15;11003464,83;15551021,46;0;3855413,79;0;11695607,67;0;3855413,79;3855413,79;6736746,13;3900000;0;2069849,36;0;1830150,64;0;2069849,36;2069849,36;4266718,7;0;0;17,6;0;0;0;0;0;0;0;16.10.12.365.3010.3.358.44905100.00.0;89;Obras em Andamento - Uso Comum do Povo;2;Escolas e similares;51;Obras e Instalações;13525758,31
253434;28478;2016;22;Secretaria Municipal de Infra-Estrutura Urbana e Obras;10;Gabinete do Secretário;2;Termo de Contrato - Serviços;7;Art. 24 - Inciso I Lei Federal  8.666/93;6;Dispensa de Licitação;30/11/2016 00:00;24/12/2016 00:00;25/12/2016 00:00;0;0;25;6611,37;0;6611,37;0;E;9;umental;-1;-1;;;;;41;SEM REAJUSTE;;;;01/11/2016 00:00;02/11/2016 00:00;93;;;;dl;6,0222E+15;S;;;;Prestação de Serviços Técnico-Profissionais de sondagem e parecer técnico de fundações para Instalação de Elevador na CEI Indireta Menino Jesus - SP/FB.;;22;Secretaria Municipal de Infra-Estrutura Urbana e Obras;10;Gabinete do Secretário;8029,36;0;25;0;0;8029,36;8029,36;0;6611,37;1417,99;0;0;6611,37;6611,37;1417,99;8029,36;0;6611,37;1417,99;0;0;6611,37;6611,37;1417,99;0;0;0;0;0;0;0;0;0;0;0;0;0;0;0;0;0;0;0;16.10.12.368.3010.1.430.44903900.00.0;99;Outros Serviços de Terceiros - Pessoa Jurídica;99;Outros Serviços de Terceiros - Pessoa Jurídica;39;Outros Serviços de Terceiros - Pessoa Jurídica;0
229606;7761;2016;22;Secretaria Municipal de Infra-Estrutura Urbana e Obras;10;Gabinete do Secretário;2;Termo de Contrato - Serviços;8;Art. 24 Inciso II da lei Federal 8.666/93;6;Dispensa de Licitação;29/03/2016 00:00;27/04/2016 00:00;26/07/2016 00:00;0;0;30;18381227,57;0;18353422,28;0;A;1;;-1;-1;;;;;41;SEM REAJUSTE;;;;29/03/2016 00:00;31/03/2016 00:00;111;;;;;2,016E+11;P;;;;Contratação dos serviços de remanejamento de redes de distribuição de energia elétrica - Concessionaria AES Eletropaulo da Av. Chucri Zaidan;;22;Secretaria Municipal de Infra-Estrutura Urbana e Obras;10;Gabinete do Secretário;18358913,15;0;30;22314,42;0;18381227,57;18381227,57;0;18353422,28;0;27805,29;0;18353422,28;18353422,28;22537253,68;18381227,57;0;18353422,28;0;27805,29;0;18353422,28;18353422,28;22537253,68;0;0;0;0;0;0;0;0;0;0;0;0;0;0;0;0;0;90;0;37.30.15.451.3009.5.100.44905100.08.0;99;Outras Obras e Instalações;99;Outras Obras e Instalações;51;Obras e Instalações;27805,29
231460;9362;2016;22;Secretaria Municipal de Infra-Estrutura Urbana e Obras;10;Gabinete do Secretário;2;Termo de Contrato - Serviços;1;Art. 22 - Inciso I Lei Federal  8.666/93;4;Concorrência;27/04/2016 00:00;25/07/2016 00:00;26/07/2016 00:00;0;0;90;343018,74;0;343018,74;0;E;9;umental;2014;27;22;Secretaria Municipal de Infra-Estrutura Urbana e Obras;;;41;SEM REAJUSTE;;;;13/04/2016 00:00;14/04/2016 00:00;233;;;;;6,0132E+15;S;;;;SP/SÉ - MANUTENÇÃO DO EDIFÍCIO GRANDE SÃO PAULO 3º, 4º e 7º ANDARES;;22;Secretaria Municipal de Infra-Estrutura Urbana e Obras;10;Gabinete do Secretário;344629,08;0;90;0;0;344629,08;344629,08;0;343018,74;1610,34;0;0;343018,74;343018,74;1610,34;344629,08;0;343018,74;1610,34;0;0;343018,74;343018,74;1610,34;0;0;0;0;0;0;0;0;0;0;0;0;0;0;0;0;0;0;0;13.10.04.122.3024.2.100.33903900.00.0;16;Manutenção e Conservação de Bens Imóveis;17;Manutenção e Conservação de Bens Imóveis;39;Outros Serviços de Terceiros - Pessoa Jurídica;0
249506;25094;2016;86;Fundo Municipal de Saneamento Ambiental e Infraestrutura;22;FMSAI - Secretaria Municipal de Infraestrutura Urbana e Obras;5;Nota de Empenho Fornecimento de Bens de Consumo e/ou Permanente;39;Não Aplicável;8;Não Aplicável;22/09/2016 00:00;26/09/2016 00:00;26/09/2016 00:00;0;0;5;86933,2;0;86933,2;0;A;1;;-1;-1;;;;;41;SEM REAJUSTE;;;;19/09/2016 00:00;22/09/2016 00:00;75;;;;;2,01602E+11;P;;;;Indenização de benfeitorias - Obra Pública.;;86;Fundo Municipal de Saneamento Ambiental e Infraestrutura;22;FMSAI - Secretaria Municipal de Infraestrutura Urbana e Obras;86933,2;0;5;0;0;86933,2;86933,2;0;86933,2;0;0;0;86933,2;86933,2;0;86933,2;0;86933,2;0;0;0;86933,2;86933,2;0;0;0;0;0;0;0;0;0;0;0;0;0;0;0;0;0;0;0;0;86.22.17.451.3008.5.013.44904800.03.0;99;Outros Auxílios Financeiros a Pessoa Física;99;Outros Auxílios Financeiros a Pessoas Físicas;48;Outros Auxílios Financeiros a Pessoas Físicas;0
249489;25078;2016;86;Fundo Municipal de Saneamento Ambiental e Infraestrutura;22;FMSAI - Secretaria Municipal de Infraestrutura Urbana e Obras;5;Nota de Empenho Fornecimento de Bens de Consumo e/ou Permanente;39;Não Aplicável;8;Não Aplicável;22/09/2016 00:00;26/09/2016 00:00;26/09/2016 00:00;0;0;5;76893,03;0;76893,03;0;A;1;;-1;-1;;;;;41;SEM REAJUSTE;;;;16/09/2016 00:00;22/09/2016 00:00;76;;;;;2,01601E+11;P;;;;Indenização de benfeitorias - Obra Pública.;;86;Fundo Municipal de Saneamento Ambiental e Infraestrutura;22;FMSAI - Secretaria Municipal de Infraestrutura Urbana e Obras;76893,03;0;5;0;0;76893,03;76893,03;0;76893,03;0;0;0;76893,03;76893,03;0;76893,03;0;76893,03;0;0;0;76893,03;76893,03;0;0;0;0;0;0;0;0;0;0;0;0;0;0;0;0;0;0;0;0;86.22.17.451.3008.5.013.44904800.03.0;99;Outros Auxílios Financeiros a Pessoa Física;99;Outros Auxílios Financeiros a Pessoas Físicas;48;Outros Auxílios Financeiros a Pessoas Físicas;0
249491;25080;2016;86;Fundo Municipal de Saneamento Ambiental e Infraestrutura;22;FMSAI - Secretaria Municipal de Infraestrutura Urbana e Obras;5;Nota de Empenho Fornecimento de Bens de Consumo e/ou Permanente;39;Não Aplicável;8;Não Aplicável;22/09/2016 00:00;26/09/2016 00:00;26/09/2016 00:00;0;0;5;155550,29;0;155550,29;0;A;1;;-1;-1;;;;;41;SEM REAJUSTE;;;;16/09/2016 00:00;22/09/2016 00:00;76;;;;;2,01601E+11;P;;;;Indenização de benfeitorias - Obra Pública.;;86;Fundo Municipal de Saneamento Ambiental e Infraestrutura;22;FMSAI - Secretaria Municipal de Infraestrutura Urbana e Obras;155550,29;0;5;0;0;155550,29;155550,29;0;155550,29;0;0;0;155550,29;155550,29;0;155550,29;0;155550,29;0;0;0;155550,29;155550,29;0;0;0;0;0;0;0;0;0;0;0;0;0;0;0;0;0;0;0;0;86.22.17.451.3008.5.013.44904800.03.0;99;Outros Auxílios Financeiros a Pessoa Física;99;Outros Auxílios Financeiros a Pessoas Físicas;48;Outros Auxílios Financeiros a Pessoas Físicas;0
249508;25096;2016;86;Fundo Municipal de Saneamento Ambiental e Infraestrutura;22;FMSAI - Secretaria Municipal de Infraestrutura Urbana e Obras;5;Nota de Empenho Fornecimento de Bens de Consumo e/ou Permanente;39;Não Aplicável;8;Não Aplicável;22/09/2016 00:00;26/09/2016 00:00;26/09/2016 00:00;0;0;5;166746,97;0;166746,97;0;A;1;;-1;-1;;;;;41;SEM REAJUSTE;;;;16/09/2016 00:00;22/09/2016 00:00;75;;;;;2,01602E+11;P;;;;Indenização de benfeitorias - Obra Pública.;;86;Fundo Municipal de Saneamento Ambiental e Infraestrutura;22;FMSAI - Secretaria Municipal de Infraestrutura Urbana e Obras;166746,97;0;5;0;0;166746,97;166746,97;0;166746,97;0;0;0;166746,97;166746,97;0;166746,97;0;166746,97;0;0;0;166746,97;166746,97;0;0;0;0;0;0;0;0;0;0;0;0;0;0;0;0;0;0;0;0;86.22.17.451.3008.5.013.44904800.03.0;99;Outros Auxílios Financeiros a Pessoa Física;99;Outros Auxílios Financeiros a Pessoas Físicas;48;Outros Auxílios Financeiros a Pessoas Físicas;0
249493;25081;2016;86;Fundo Municipal de Saneamento Ambiental e Infraestrutura;22;FMSAI - Secretaria Municipal de Infraestrutura Urbana e Obras;5;Nota de Empenho Fornecimento de Bens de Consumo e/ou Permanente;39;Não Aplicável;8;Não Aplicável;22/09/2016 00:00;26/09/2016 00:00;26/09/2016 00:00;0;0;5;245983,52;0;245983,52;0;A;1;;-1;-1;;;;;41;SEM REAJUSTE;;;;16/09/2016 00:00;22/09/2016 00:00;75;;;;;2,01601E+11;P;;;;Indenização de benfeitorias - Obra Pública.;;86;Fundo Municipal de Saneamento Ambiental e Infraestrutura;22;FMSAI - Secretaria Municipal de Infraestrutura Urbana e Obras;245983,52;0;5;0;0;245983,52;245983,52;0;245983,52;0;0;0;245983,52;245983,52;0;245983,52;0;245983,52;0;0;0;245983,52;245983,52;0;0;0;0;0;0;0;0;0;0;0;0;0;0;0;0;0;0;0;0;86.22.17.451.3008.5.013.44904800.03.0;99;Outros Auxílios Financeiros a Pessoa Física;99;Outros Auxílios Financeiros a Pessoas Físicas;48;Outros Auxílios Financeiros a Pessoas Físicas;0
249494;25082;2016;86;Fundo Municipal de Saneamento Ambiental e Infraestrutura;22;FMSAI - Secretaria Municipal de Infraestrutura Urbana e Obras;5;Nota de Empenho Fornecimento de Bens de Consumo e/ou Permanente;39;Não Aplicável;8;Não Aplicável;22/09/2016 00:00;26/09/2016 00:00;26/09/2016 00:00;0;0;5;52765;0;52765;0;A;1;;-1;-1;;;;;41;SEM REAJUSTE;;;;19/09/2016 00:00;22/09/2016 00:00;75;;;;;2,01601E+11;P;;;;Indenização de benfeitorias - Obra Pública.;;86;Fundo Municipal de Saneamento Ambiental e Infraestrutura;22;FMSAI - Secretaria Municipal de Infraestrutura Urbana e Obras;52765;0;5;0;0;52765;52765;0;52765;0;0;0;52765;52765;0;52765;0;52765;0;0;0;52765;52765;0;0;0;0;0;0;0;0;0;0;0;0;0;0;0;0;0;0;0;0;86.22.17.451.3008.5.013.44904800.03.0;99;Outros Auxílios Financeiros a Pessoa Física;99;Outros Auxílios Financeiros a Pessoas Físicas;48;Outros Auxílios Financeiros a Pessoas Físicas;0
249498;25086;2016;86;Fundo Municipal de Saneamento Ambiental e Infraestrutura;22;FMSAI - Secretaria Municipal de Infraestrutura Urbana e Obras;5;Nota de Empenho Fornecimento de Bens de Consumo e/ou Permanente;39;Não Aplicável;8;Não Aplicável;22/09/2016 00:00;26/09/2016 00:00;26/09/2016 00:00;0;0;5;123752,68;0;123752,68;0;A;1;;-1;-1;;;;;41;SEM REAJUSTE;;;;16/09/2016 00:00;22/09/2016 00:00;76;;;;;2,01602E+11;P;;;;Indenização de benfeitorias - Obra Pública.;;86;Fundo Municipal de Saneamento Ambiental e Infraestrutura;22;FMSAI - Secretaria Municipal de Infraestrutura Urbana e Obras;123752,68;0;5;0;0;123752,68;123752,68;0;123752,68;0;0;0;123752,68;123752,68;0;123752,68;0;123752,68;0;0;0;123752,68;123752,68;0;0;0;0;0;0;0;0;0;0;0;0;0;0;0;0;0;0;0;0;86.22.17.451.3008.5.013.44904800.03.0;99;Outros Auxílios Financeiros a Pessoa Física;99;Outros Auxílios Financeiros a Pessoas Físicas;48;Outros Auxílios Financeiros a Pessoas Físicas;0
249503;25091;2016;86;Fundo Municipal de Saneamento Ambiental e Infraestrutura;22;FMSAI - Secretaria Municipal de Infraestrutura Urbana e Obras;5;Nota de Empenho Fornecimento de Bens de Consumo e/ou Permanente;39;Não Aplicável;8;Não Aplicável;22/09/2016 00:00;26/09/2016 00:00;26/09/2016 00:00;0;0;5;92900,8;0;92900,8;0;A;1;;-1;-1;;;;;41;SEM REAJUSTE;;;;19/09/2016 00:00;22/09/2016 00:00;75;;;;;2,01602E+11;P;;;;Indenização de benfeitorias - Obra Pública.;;86;Fundo Municipal de Saneamento Ambiental e Infraestrutura;22;FMSAI - Secretaria Municipal de Infraestrutura Urbana e Obras;92900,8;0;5;0;0;92900,8;92900,8;0;92900,8;0;0;0;92900,8;92900,8;0;92900,8;0;92900,8;0;0;0;92900,8;92900,8;0;0;0;0;0;0;0;0;0;0;0;0;0;0;0;0;0;0;0;0;86.22.17.451.3008.5.013.44904800.03.0;99;Outros Auxílios Financeiros a Pessoa Física;99;Outros Auxílios Financeiros a Pessoas Físicas;48;Outros Auxílios Financeiros a Pessoas Físicas;0
249505;25093;2016;86;Fundo Municipal de Saneamento Ambiental e Infraestrutura;22;FMSAI - Secretaria Municipal de Infraestrutura Urbana e Obras;5;Nota de Empenho Fornecimento de Bens de Consumo e/ou Permanente;39;Não Aplicável;8;Não Aplicável;22/09/2016 00:00;26/09/2016 00:00;26/09/2016 00:00;0;0;5;52975,93;0;52975,93;0;A;1;;-1;-1;;;;;41;SEM REAJUSTE;;;;16/09/2016 00:00;22/09/2016 00:00;75;;;;;2,01602E+11;P;;;;Indenização de benfeitorias - Obra Pública.;;86;Fundo Municipal de Saneamento Ambiental e Infraestrutura;22;FMSAI - Secretaria Municipal de Infraestrutura Urbana e Obras;52975,93;0;5;0;0;52975,93;52975,93;0;52975,93;0;0;0;52975,93;52975,93;0;52975,93;0;52975,93;0;0;0;52975,93;52975,93;0;0;0;0;0;0;0;0;0;0;0;0;0;0;0;0;0;0;0;0;86.22.17.451.3008.5.013.44904800.03.0;99;Outros Auxílios Financeiros a Pessoa Física;99;Outros Auxílios Financeiros a Pessoas Físicas;48;Outros Auxílios Financeiros a Pessoas Físicas;0
249510;25098;2016;86;Fundo Municipal de Saneamento Ambiental e Infraestrutura;22;FMSAI - Secretaria Municipal de Infraestrutura Urbana e Obras;5;Nota de Empenho Fornecimento de Bens de Consumo e/ou Permanente;39;Não Aplicável;8;Não Aplicável;22/09/2016 00:00;26/09/2016 00:00;26/09/2016 00:00;0;0;5;151039,94;0;151039,94;0;A;1;;-1;-1;;;;;41;SEM REAJUSTE;;;;19/09/2016 00:00;22/09/2016 00:00;75;;;;;2,01602E+11;P;;;;Indenização de benfeitorias - Obra Pública.;;86;Fundo Municipal de Saneamento Ambiental e Infraestrutura;22;FMSAI - Secretaria Municipal de Infraestrutura Urbana e Obras;151039,94;0;5;0;0;151039,94;151039,94;0;151039,94;0;0;0;151039,94;151039,94;0;151039,94;0;151039,94;0;0;0;151039,94;151039,94;0;0;0;0;0;0;0;0;0;0;0;0;0;0;0;0;0;0;0;0;86.22.17.451.3008.5.013.44904800.03.0;99;Outros Auxílios Financeiros a Pessoa Física;99;Outros Auxílios Financeiros a Pessoas Físicas;48;Outros Auxílios Financeiros a Pessoas Físicas;0
249497;25085;2016;86;Fundo Municipal de Saneamento Ambiental e Infraestrutura;22;FMSAI - Secretaria Municipal de Infraestrutura Urbana e Obras;5;Nota de Empenho Fornecimento de Bens de Consumo e/ou Permanente;39;Não Aplicável;8;Não Aplicável;22/09/2016 00:00;26/09/2016 00:00;26/09/2016 00:00;0;0;5;58298,76;0;58298,76;0;A;1;;-1;-1;;;;;41;SEM REAJUSTE;;;;16/09/2016 00:00;22/09/2016 00:00;75;;;;;2,01602E+11;P;;;;Indenização de benfeitorias - Obra Pública.;;86;Fundo Municipal de Saneamento Ambiental e Infraestrutura;22;FMSAI - Secretaria Municipal de Infraestrutura Urbana e Obras;58298,76;0;5;0;0;58298,76;58298,76;0;58298,76;0;0;0;58298,76;58298,76;0;58298,76;0;58298,76;0;0;0;58298,76;58298,76;0;0;0;0;0;0;0;0;0;0;0;0;0;0;0;0;0;0;0;0;86.22.17.451.3008.5.013.44904800.03.0;99;Outros Auxílios Financeiros a Pessoa Física;99;Outros Auxílios Financeiros a Pessoas Físicas;48;Outros Auxílios Financeiros a Pessoas Físicas;0
249495;25083;2016;86;Fundo Municipal de Saneamento Ambiental e Infraestrutura;22;FMSAI - Secretaria Municipal de Infraestrutura Urbana e Obras;5;Nota de Empenho Fornecimento de Bens de Consumo e/ou Permanente;39;Não Aplicável;8;Não Aplicável;22/09/2016 00:00;26/09/2016 00:00;26/09/2016 00:00;0;0;5;176301,44;0;176301,44;0;A;1;;-1;-1;;;;;41;SEM REAJUSTE;;;;16/09/2016 00:00;22/09/2016 00:00;75;;;;;2,01601E+11;P;;;;Indenização de benfeitorias - Obra Pública.;;86;Fundo Municipal de Saneamento Ambiental e Infraestrutura;22;FMSAI - Secretaria Municipal de Infraestrutura Urbana e Obras;176301,44;0;5;0;0;176301,44;176301,44;0;176301,44;0;0;0;176301,44;176301,44;0;176301,44;0;176301,44;0;0;0;176301,44;176301,44;0;0;0;0;0;0;0;0;0;0;0;0;0;0;0;0;0;0;0;0;86.22.17.451.3008.5.013.44904800.03.0;99;Outros Auxílios Financeiros a Pessoa Física;99;Outros Auxílios Financeiros a Pessoas Físicas;48;Outros Auxílios Financeiros a Pessoas Físicas;0
249500;25088;2016;86;Fundo Municipal de Saneamento Ambiental e Infraestrutura;22;FMSAI - Secretaria Municipal de Infraestrutura Urbana e Obras;5;Nota de Empenho Fornecimento de Bens de Consumo e/ou Permanente;39;Não Aplicável;8;Não Aplicável;22/09/2016 00:00;26/09/2016 00:00;26/09/2016 00:00;0;0;5;119058,21;0;119058,21;0;A;1;;-1;-1;;;;;41;SEM REAJUSTE;;;;19/09/2016 00:00;22/09/2016 00:00;76;;;;;2,01601E+11;P;;;;Indenização de benfeitorias - Obra Pública.;;86;Fundo Municipal de Saneamento Ambiental e Infraestrutura;22;FMSAI - Secretaria Municipal de Infraestrutura Urbana e Obras;119058,21;0;5;0;0;119058,21;119058,21;0;119058,21;0;0;0;119058,21;119058,21;0;119058,21;0;119058,21;0;0;0;119058,21;119058,21;0;0;0;0;0;0;0;0;0;0;0;0;0;0;0;0;0;0;0;0;86.22.17.451.3008.5.013.44904800.03.0;99;Outros Auxílios Financeiros a Pessoa Física;99;Outros Auxílios Financeiros a Pessoas Físicas;48;Outros Auxílios Financeiros a Pessoas Físicas;0
249484;25073;2016;86;Fundo Municipal de Saneamento Ambiental e Infraestrutura;22;FMSAI - Secretaria Municipal de Infraestrutura Urbana e Obras;5;Nota de Empenho Fornecimento de Bens de Consumo e/ou Permanente;39;Não Aplicável;8;Não Aplicável;22/09/2016 00:00;26/09/2016 00:00;26/09/2016 00:00;0;0;5;76521,4;0;76521,4;0;A;1;;-1;-1;;;;;41;SEM REAJUSTE;;;;19/09/2016 00:00;22/09/2016 00:00;76;;;;;2,01601E+11;P;;;;Indenização de benfeitorias - Obra Pública.;;86;Fundo Municipal de Saneamento Ambiental e Infraestrutura;22;FMSAI - Secretaria Municipal de Infraestrutura Urbana e Obras;76521,4;0;5;0;0;76521,4;76521,4;0;76521,4;0;0;0;76521,4;76521,4;0;76521,4;0;76521,4;0;0;0;76521,4;76521,4;0;0;0;0;0;0;0;0;0;0;0;0;0;0;0;0;0;0;0;0;86.22.17.451.3008.5.013.44904800.03.0;99;Outros Auxílios Financeiros a Pessoa Física;99;Outros Auxílios Financeiros a Pessoas Físicas;48;Outros Auxílios Financeiros a Pessoas Físicas;0
245454;21567;2016;22;Secretaria Municipal de Infra-Estrutura Urbana e Obras;10;Gabinete do Secretário;2;Termo de Contrato - Serviços;3;Art. 22 - Inciso III Lei Federal  8.666/93;2;Convite;12/09/2016 00:00;26/10/2016 00:00;26/10/2016 00:00;0;0;45;28634,84;0;22104,38;0;A;9;umental;-1;-1;;;;;41;SEM REAJUSTE;;;;04/08/2016 00:00;05/08/2016 00:00;79;;;;003/16/SIURB;2,01503E+11;P;;;;PRESTAÇÃO  DE  SERVIÇOS TÉCNICO PROFISSIONAIS PARA LEVANTAMENTO PLANIALTIMÉTRICO E CADASTRAMENTO/INVENTÁRIO DE VEGETAÇÃO ARBÓREA PARA CONSTRUÇÃO DA UBS VILA SONIA II - SP/BT;;22;Secretaria Municipal de Infra-Estrutura Urbana e Obras;10;Gabinete do Secretário;28634,84;0;45;0;0;28634,84;28634,84;0;22104,38;0;6530,46;0;22104,38;22104,38;6530,46;28634,84;0;22104,38;0;6530,46;0;22104,38;22104,38;6530,46;0;0;0;0;0;0;0;0;0;0;0;0;0;0;0;0;0;0;0;84.10.10.301.3003.3.367.44905100.02.0;89;Obras em Andamento - Uso Comum do Povo;1;Hospitais e similares;51;Obras e Instalações;6530,46
221445;708;2016;22;Secretaria Municipal de Infra-Estrutura Urbana e Obras;10;Gabinete do Secretário;2;Termo de Contrato - Serviços;39;Não Aplicável;8;Não Aplicável;28/01/2016 00:00;26/01/2017 00:00;27/01/2017 00:00;0;0;365;531979,7;0;531979,7;0;E;1;;-1;-1;;;;;41;SEM REAJUSTE;;;;28/01/2016 00:00;28/01/2016 00:00;;;;;;6,0222E+15;S;;;;Contratação de Empresa Super Estágio Ltda -ME;;22;Secretaria Municipal de Infra-Estrutura Urbana e Obras;10;Gabinete do Secretário;617693,58;0;365;0;0;617693,58;617693,58;0;531979,7;85713,88;0;0;531979,7;531979,7;94545,46;617693,58;0;531979,7;85713,88;0;0;531979,7;531979,7;94545,46;0;0;0;0;0;0;0;0;0;0;0;0;0;0;0;0;0;0;0;22.10.15.122.3024.2.100.33604800.00.0;1;Instituições Caráter Assist. Cult. Educ. - Outros Serv. Terceiros -PJ;1;Concessão de Bolsa-Auxílio para Estagiários;48;Outros Auxílios Financeiros a Pessoas Físicas;0
244756;20972;2016;86;Fundo Municipal de Saneamento Ambiental e Infraestrutura;22;;2;Termo de Contrato - Serviços;4;Art. 22 - Inciso IV Lei Federal  8.666/93;1;Concurso;01/08/2013 00:00;27/05/2017 00:00;27/05/2017 00:00;0;0;1396;1587066,47;220106,77;1587066,47;194530,42;A;9;umental;-1;-1;;;;;2;ESTRUTURA GERAL;;;;16/07/2013 00:00;17/07/2013 00:00;56;;;;;2,01302E+11;P;;;;PRA - LOTE 5;;86;Fundo Municipal de Saneamento Ambiental e Infraestrutura;22;;1379893,25;0;1396;207173,22;220106,77;1807173,24;1807173,24;0;1781596,89;0;25576,35;0;1781596,89;1781596,89;618403,11;1587066,47;0;1587066,47;0;0;0;1587066,47;1587066,47;536826,76;220106,77;0;194530,42;0;25576,35;0;194530,42;194530,42;81576,35;0;0;15,01;0;0;0;0;0;0;0;86.22.17.451.3008.5.013.44905100.03.0;99;Outras Obras e Instalações;99;Outras Obras e Instalações;51;Obras e Instalações;25576,35
229338;7583;2016;22;Secretaria Municipal de Infra-Estrutura Urbana e Obras;10;Gabinete do Secretário;2;Termo de Contrato - Serviços;1;Art. 22 - Inciso I Lei Federal  8.666/93;4;Concorrência;30/03/2016 00:00;27/06/2016 00:00;27/06/2016 00:00;0;0;90;431718,54;0;431698,63;0;A;9;umental;2014;4;22;Secretaria Municipal de Infra-Estrutura Urbana e Obras;;;41;SEM REAJUSTE;;;;18/03/2016 00:00;29/03/2016 00:00;82;;;;;2,01403E+11;P;;;;SPCS - MANUTENÇÃO DA CEI DIRETO JARDIM SOMARA;;22;Secretaria Municipal de Infra-Estrutura Urbana e Obras;10;Gabinete do Secretário;431718,54;0;90;0;0;431718,54;431718,54;0;431698,63;0;19,91;0;431698,63;431698,63;431738,45;431718,54;0;431698,63;0;19,91;0;431698,63;431698,63;431738,45;0;0;0;0;0;0;0;0;0;0;0;0;0;0;0;0;0;0;0;16.10.12.368.3010.2.822.33903900.00.0;16;Manutenção e Conservação de Bens Imóveis;17;Manutenção e Conservação de Bens Imóveis;39;Outros Serviços de Terceiros - Pessoa Jurídica;19,91
242789;19209;2016;22;Secretaria Municipal de Infra-Estrutura Urbana e Obras;10;Gabinete do Secretário;2;Termo de Contrato - Serviços;10;Art. 24 Inciso IV da lei Federal 8.666/93;6;Dispensa de Licitação;30/01/2016 00:00;27/07/2016 00:00;27/07/2016 00:00;0;0;180;2836327,11;0;2794867,32;0;A;9;umental;-1;-1;;;;;2;ESTRUTURA GERAL;;;;12/07/2016 00:00;13/07/2016 00:00;53;;;;;2,016E+11;P;;;;Obra de Emergência - Execução de obras de recuperação e contenção de margens do Córrego Tremembé e recuperação do pavimento da Av. Alfredo Ávila.;;22;Secretaria Municipal de Infra-Estrutura Urbana e Obras;10;Gabinete do Secretário;2836327,11;0;180;0;0;2836327,11;2836327,11;0;2794867,32;0;41459,79;0;2794867,32;2794867,32;41459,79;2836327,11;0;2794867,32;0;41459,79;0;2794867,32;2794867,32;41459,79;0;0;0;0;0;0;0;0;0;0;0;0;0;0;0;0;0;0;0;22.10.17.451.3008.5.013.44903900.00.0;99;Outros Serviços de Terceiros - Pessoa Jurídica;99;Outros Serviços de Terceiros - Pessoa Jurídica;39;Outros Serviços de Terceiros - Pessoa Jurídica;41459,79
235350;12728;2016;22;Secretaria Municipal de Infra-Estrutura Urbana e Obras;10;Gabinete do Secretário;2;Termo de Contrato - Serviços;1;Art. 22 - Inciso I Lei Federal  8.666/93;4;Concorrência;30/05/2016 00:00;27/08/2016 00:00;27/08/2016 00:00;0;0;90;240435,85;0;240378,76;0;E;9;umental;2014;1;22;Secretaria Municipal de Infra-Estrutura Urbana e Obras;;;41;SEM REAJUSTE;;;;10/05/2016 00:00;12/05/2016 00:00;90;;;;;2,01502E+11;P;;;;SP/CT - MANUTENÇÃO DO CENTRO DE REFERENCIA DA CIDADE TIRADENTES;;22;Secretaria Municipal de Infra-Estrutura Urbana e Obras;10;Gabinete do Secretário;240435,85;0;90;0;0;240435,85;240435,85;0;240378,76;57,09;0;0;240378,76;240378,76;57,09;240435,85;0;240378,76;57,09;0;0;240378,76;240378,76;57,09;0;0;0;0;0;0;0;0;0;0;0;0;0;0;0;0;0;0;0;39.10.14.422.3018.8.415.33903900.00.0;16;Manutenção e Conservação de Bens Imóveis;17;Manutenção e Conservação de Bens Imóveis;39;Outros Serviços de Terceiros - Pessoa Jurídica;0
249658;25230;2016;86;Fundo Municipal de Saneamento Ambiental e Infraestrutura;22;FMSAI - Secretaria Municipal de Infraestrutura Urbana e Obras;5;Nota de Empenho Fornecimento de Bens de Consumo e/ou Permanente;39;Não Aplicável;8;Não Aplicável;23/09/2016 00:00;27/09/2016 00:00;27/09/2016 00:00;0;0;5;76225,74;0;76225,74;0;A;1;;-1;-1;;;;;41;SEM REAJUSTE;;;;16/09/2016 00:00;22/09/2016 00:00;75;;;;;2,01602E+11;P;;;;Indenização de Benfeitorias - Obra publica;;86;Fundo Municipal de Saneamento Ambiental e Infraestrutura;22;FMSAI - Secretaria Municipal de Infraestrutura Urbana e Obras;76225,74;0;5;0;0;76225,74;76225,74;0;76225,74;0;0;0;76225,74;76225,74;0;76225,74;0;76225,74;0;0;0;76225,74;76225,74;0;0;0;0;0;0;0;0;0;0;0;0;0;0;0;0;0;0;0;0;86.22.17.451.3008.5.013.44904800.03.0;99;Outros Auxílios Financeiros a Pessoa Física;99;Outros Auxílios Financeiros a Pessoas Físicas;48;Outros Auxílios Financeiros a Pessoas Físicas;0
239691;16527;2016;22;Secretaria Municipal de Infra-Estrutura Urbana e Obras;10;Gabinete do Secretário;2;Termo de Contrato - Serviços;1;Art. 22 - Inciso I Lei Federal  8.666/93;4;Concorrência;30/06/2016 00:00;27/09/2016 00:00;27/09/2016 00:00;0;0;90;99979,45;0;99964,92;0;E;9;umental;2014;3;22;Secretaria Municipal de Infra-Estrutura Urbana e Obras;;;41;SEM REAJUSTE;;;;21/06/2016 00:00;22/06/2016 00:00;67;;;;;6,0182E+15;S;;;;SMS/SIURB/EDIF - MANUTENÇÃO/E.P. - UBS CAMPO LIMPO - DOUTOR FRANCISCO SCALAMANDRE SOBRINHO (ARRASTÃO);;22;Secretaria Municipal de Infra-Estrutura Urbana e Obras;10;Gabinete do Secretário;99979,45;0;90;0;0;99979,45;99979,45;0;99964,92;14,53;0;0;99964,92;99964,92;14,53;99979,45;0;99964,92;14,53;0;0;99964,92;99964,92;14,53;0;0;0;0;0;0;0;0;0;0;0;0;0;0;0;0;0;0;0;84.10.10.301.3003.1.525.44903900.00.0;99;Outros Serviços de Terceiros - Pessoa Jurídica;99;Outros Serviços de Terceiros - Pessoa Jurídica;39;Outros Serviços de Terceiros - Pessoa Jurídica;0
236070;13345;2016;22;Secretaria Municipal de Infra-Estrutura Urbana e Obras;10;Gabinete do Secretário;2;Termo de Contrato - Serviços;1;Art. 22 - Inciso I Lei Federal  8.666/93;4;Concorrência;04/07/2016 00:00;26/09/2017 00:00;27/09/2017 00:00;0;0;450;17270202,43;0;17270202,43;1171860,91;E;9;umental;-1;-1;;;;;2;ESTRUTURA GERAL;;;;17/05/2016 00:00;18/05/2016 00:00;58;;;;;2,01601E+11;P;;;;Contratação de empresa especializada em arquitetura e engenharia para elaboração de projero executivo e execução das obras complementares dos Corpos Artísticos e Praça junto à Rua Formosa - Complexo Praça das Artes.;;22;Secretaria Municipal de Infra-Estrutura Urbana e Obras;10;Gabinete do Secretário;15102403,24;0;450;2316922,86;1224467,92;18643794,02;18643794,02;0;18442063,34;1373591,59;-1171860,91;0;18442063,34;18442063,34;16436345,81;17419326,1;0;17270202,43;149123,67;0;0;17270202,43;17270202,43;16083406,16;1224467,92;0;1171860,91;1224467,92;-1171860,91;0;1171860,91;1171860,91;352939,65;0;0;15,34;0;0;0;0;0;0;0;37.40.13.392.3001.3.400.44905100.08.0;89;Obras em Andamento - Uso Comum do Povo;16;Praças, Parques e Jardins;51;Obras e Instalações;-1171860,91
246108;22111;2016;22;Secretaria Municipal de Infra-Estrutura Urbana e Obras;10;Gabinete do Secretário;2;Termo de Contrato - Serviços;1;Art. 22 - Inciso I Lei Federal  8.666/93;4;Concorrência;29/08/2016 00:00;26/11/2016 00:00;27/11/2016 00:00;0;0;90;53074,84;0;53074,84;0;E;9;umental;2014;14;22;Secretaria Municipal de Infra-Estrutura Urbana e Obras;;;41;SEM REAJUSTE;;;;11/08/2016 00:00;16/08/2016 00:00;108;;;;007/SIURB/14;6,0702E+15;S;;;;Execução de serviços gerais de manutenção previstos na ATA DE REGISTRO DE PREÇOS nº 014/SIURB/2014 - AGRUPAMENTO  014  -  Subprefeitura Jabaquara - SP/JB,  com fornecimento de materiais de primeira linha e mão-de-obra especializada para execução de serviços gerais de manutenção preventiva, corretiva, reparações, adaptações e modificações, no (a) CENTRO REFERÊNCIA E PROMOÇÃO SOCIAL DA IGUALDADE RACIAL, situado na Rua Filinto Elseo, nº 112 - Jardim Loures - São Paulo - SP.;;22;Secretaria Municipal de Infra-Estrutura Urbana e Obras;10;Gabinete do Secretário;101668,4;0;90;0;0;101668,4;101668,4;0;53074,84;48593,56;0;0;53074,84;53074,84;48593,56;101668,4;0;53074,84;48593,56;0;0;53074,84;53074,84;48593,56;0;0;0;0;0;0;0;0;0;0;0;0;0;0;0;0;0;0;0;39.10.14.422.3018.8.415.33903900.00.0;16;Manutenção e Conservação de Bens Imóveis;17;Manutenção e Conservação de Bens Imóveis;39;Outros Serviços de Terceiros - Pessoa Jurídica;0
246155;22150;2016;22;Secretaria Municipal de Infra-Estrutura Urbana e Obras;10;Gabinete do Secretário;2;Termo de Contrato - Serviços;1;Art. 22 - Inciso I Lei Federal  8.666/93;4;Concorrência;29/08/2016 00:00;26/11/2016 00:00;27/11/2016 00:00;0;0;90;35149,82;0;35149,82;0;E;9;umental;2014;9;22;Secretaria Municipal de Infra-Estrutura Urbana e Obras;;;41;SEM REAJUSTE;;;;15/08/2016 00:00;17/08/2016 00:00;65;;;;007/SIURB/14;6,0182E+15;S;;;;Execução de serviços gerais de manutenção previstos na ATA DE REGISTRO DE PREÇOS nº 009/SIURB/2014 - AGRUPAMENTO  009  -  Subprefeitura Freguesia / Brasilandia - SP/FO,  com fornecimento de materiais de primeira linha e mão-de-obra especializada para execução de serviços gerais de manutenção preventiva, corretiva, reparações, adaptações e modificações, no (a) UNIDADE BÁSICA DE SAÚDE BRASILÂNDIA, situado na  Rua Parapuã, 1646 - Brasilândia - São Paulo/SP.;;22;Secretaria Municipal de Infra-Estrutura Urbana e Obras;10;Gabinete do Secretário;35152;0;90;0;0;35152;35152;0;35149,82;2,18;0;0;35149,82;35149,82;2,18;35152;0;35149,82;2,18;0;0;35149,82;35149,82;2,18;0;0;0;0;0;0;0;0;0;0;0;0;0;0;0;0;0;0;0;84.10.10.302.3003.3.101.44905100.00.0;99;Outras Obras e Instalações;99;Outras Obras e Instalações;51;Obras e Instalações;0
253361;28413;2016;86;Fundo Municipal de Saneamento Ambiental e Infraestrutura;22;FMSAI - Secretaria Municipal de Infraestrutura Urbana e Obras;2;Termo de Contrato - Serviços;10;Art. 24 Inciso IV da lei Federal 8.666/93;6;Dispensa de Licitação;30/08/2016 00:00;27/12/2016 00:00;27/12/2016 00:00;0;0;120;1999928,69;0;1630827,4;0;A;9;umental;-1;-1;;;;;41;SEM REAJUSTE;;;;18/11/2016 00:00;19/11/2016 00:00;178;;;;;2,01602E+11;P;;;;Obra de Emergência - Formalização do Contrato - Contratação de obra para reconstrução de galeria de águas pluviais no conjunto Habitacional Cingapura na Av. Zaki Narchi;;86;Fundo Municipal de Saneamento Ambiental e Infraestrutura;22;FMSAI - Secretaria Municipal de Infraestrutura Urbana e Obras;1999928,69;0;120;0;0;1999928,69;1999928,69;0;1630827,4;0;369101,29;0;1630827,4;1630827,4;369101,29;1999928,69;0;1630827,4;0;369101,29;0;1630827,4;1630827,4;369101,29;0;0;0;0;0;0;0;0;0;0;0;0;0;0;0;0;0;0;0;86.22.17.451.3008.5.013.44905100.03.0;99;Outras Obras e Instalações;99;Outras Obras e Instalações;51;Obras e Instalações;369101,29
253441;28484;2016;22;Secretaria Municipal de Infra-Estrutura Urbana e Obras;10;Gabinete do Secretário;2;Termo de Contrato - Serviços;7;Art. 24 - Inciso I Lei Federal  8.666/93;6;Dispensa de Licitação;30/11/2016 00:00;28/01/2017 00:00;28/01/2017 00:00;0;0;59;14272,53;0;14272,53;0;A;9;umental;-1;-1;;;;;41;SEM REAJUSTE;064/SIURB/2016;;;01/11/2016 00:00;02/11/2016 00:00;93;;;;DL;6,0222E+15;S;;;;Prestação de Serviços Técnico-Profissionais para elaboração de projeto executivo de estrutura e instalações elétricas para Instalação de Elevador na CEI Indireta Menino Jesus - SP/FB.;;22;Secretaria Municipal de Infra-Estrutura Urbana e Obras;10;Gabinete do Secretário;14272,53;0;59;0;0;14272,53;14272,53;0;14272,53;0;0;0;14272,53;14272,53;0;14272,53;0;14272,53;0;0;0;14272,53;14272,53;0;0;0;0;0;0;0;0;0;0;0;0;0;0;0;0;0;0;0;0;16.10.12.368.3010.1.430.44903900.00.0;99;Outros Serviços de Terceiros - Pessoa Jurídica;99;Outros Serviços de Terceiros - Pessoa Jurídica;39;Outros Serviços de Terceiros - Pessoa Jurídica;0
238646;15614;2016;22;Secretaria Municipal de Infra-Estrutura Urbana e Obras;10;Gabinete do Secretário;2;Termo de Contrato - Serviços;8;Art. 24 Inciso II da lei Federal 8.666/93;6;Dispensa de Licitação;01/12/2016 00:00;28/02/2017 00:00;28/02/2017 00:00;0;0;90;284406,65;0;205556,55;0;A;9;umental;-1;-1;;;;;26;CONSULTORIA;;;;10/06/2016 00:00;11/06/2016 00:00;66;;;;;2,01601E+11;P;;;;Contratação, através da Ata de Registro de Preços nº006/COHAB-SP/2015, para Investigação Ambiental Preliminar de diversas áreas, denominadas HIS - Habitação de Interesse Social, inseridas no perímetro da Operação Urbana Consorciada Água Espraiada.;;22;Secretaria Municipal de Infra-Estrutura Urbana e Obras;10;Gabinete do Secretário;284406,65;0;90;0;0;284406,65;284406,65;0;205556,55;0;78850,1;0;205556,55;205556,55;432927,05;284406,65;0;205556,55;0;78850,1;0;205556,55;205556,55;432927,05;0;0;0;0;0;0;0;0;0;0;0;0;0;0;0;0;0;0;0;37.30.16.451.3002.3.357.44903900.08.0;99;Outros Serviços de Terceiros - Pessoa Jurídica;99;Outros Serviços de Terceiros - Pessoa Jurídica;39;Outros Serviços de Terceiros - Pessoa Jurídica;78850,1
242809;19223;2016;22;Secretaria Municipal de Infra-Estrutura Urbana e Obras;10;Gabinete do Secretário;2;Termo de Contrato - Serviços;3;Art. 22 - Inciso III Lei Federal  8.666/93;2;Convite;01/09/2016 00:00;28/04/2017 00:00;28/04/2017 00:00;0;0;240;1264145,2;58309,67;1261680,35;35906,81;A;9;umental;-1;-1;;;;;26;CONSULTORIA;;;;12/07/2016 00:00;13/07/2016 00:00;69;;;;;2,015E+11;P;;;;Elaboração dos projetos básicos de drenagem da Av. dos Sertanistas, Rua Antenor Baptista, Córrego Poli, complexo viário Paulista e Rua Augusto Farina-;;86;Fundo Municipal de Saneamento Ambiental e Infraestrutura;22;FMSAI - Secretaria Municipal de Infraestrutura Urbana e Obras;1154801,28;0;240;109343,92;58309,67;1322454,87;1322454,87;0;1297587,16;0;24867,71;0;1297587,16;1297587,16;629912,66;1264145,2;0;1261680,35;0;2464,85;0;1261680,35;1261680,35;597507,64;58309,67;0;35906,81;0;22402,86;0;35906,81;35906,81;32405,02;0;0;9,47;0;0;0;0;0;0;0;22.10.17.451.3008.5.013.44903900.00.0;99;Outros Serviços de Terceiros - Pessoa Jurídica;99;Outros Serviços de Terceiros - Pessoa Jurídica;39;Outros Serviços de Terceiros - Pessoa Jurídica;24867,71
242821;19235;2016;22;Secretaria Municipal de Infra-Estrutura Urbana e Obras;10;Gabinete do Secretário;2;Termo de Contrato - Serviços;3;Art. 22 - Inciso III Lei Federal  8.666/93;2;Convite;03/08/2016 00:00;28/07/2017 00:00;28/07/2017 00:00;0;0;360;1062260,49;65906,86;1062145,28;26897,17;A;9;umental;-1;-1;;;;;26;CONSULTORIA;;;;12/07/2016 00:00;13/07/2016 00:00;69;;;;;2,01502E+11;P;;;;Elaboração dos Projetos básicos de drenagem e canalização do Córrego Jardim Carumbé e seus afluentes.;;86;Fundo Municipal de Saneamento Ambiental e Infraestrutura;22;FMSAI - Secretaria Municipal de Infraestrutura Urbana e Obras;310000;0;360;752260,49;65906,86;1128167,35;1128167,35;0;1089042,45;0;39124,9;0;1089042,45;1089042,45;435056,26;1062260,49;0;1062145,28;0;115,21;0;1062145,28;1062145,28;396046,57;65906,86;0;26897,17;0;39009,69;0;26897,17;26897,17;39009,69;0;0;242,66;0;0;0;0;0;0;0;22.10.17.451.3008.5.013.44903900.00.0;99;Outros Serviços de Terceiros - Pessoa Jurídica;99;Outros Serviços de Terceiros - Pessoa Jurídica;39;Outros Serviços de Terceiros - Pessoa Jurídica;39124,9
249854;25411;2016;22;Secretaria Municipal de Infra-Estrutura Urbana e Obras;10;Gabinete do Secretário;2;Termo de Contrato - Serviços;7;Art. 24 - Inciso I Lei Federal  8.666/93;6;Dispensa de Licitação;03/11/2016 00:00;27/11/2016 00:00;28/11/2016 00:00;0;0;25;8892,37;0;8892,37;0;E;9;umental;-1;-1;;;;;41;SEM REAJUSTE;;;;23/09/2016 00:00;24/09/2016 00:00;51;;;;dispensa;7,9102E+15;S;;;;Dispensa de Licitação - Prestação de Serviços Técnico-Profissionais para execução de sondagem e parecer técnico de fundações para Reconversão Urbana no Largo da Batata - Fase III - SP/PI.;;22;Secretaria Municipal de Infra-Estrutura Urbana e Obras;10;Gabinete do Secretário;14570,98;0;25;0;0;14570,98;14570,98;0;8892,37;5678,61;0;0;8892,37;8892,37;5678,61;14570,98;0;8892,37;5678,61;0;0;8892,37;8892,37;5678,61;0;0;0;0;0;0;0;0;0;0;0;0;0;0;0;0;0;0;0;37.50.15.451.3009.5.100.44903900.08.0;99;Outros Serviços de Terceiros - Pessoa Jurídica;99;Outros Serviços de Terceiros - Pessoa Jurídica;39;Outros Serviços de Terceiros - Pessoa Jurídica;0
246181;22166;2016;22;Secretaria Municipal de Infra-Estrutura Urbana e Obras;10;Gabinete do Secretário;2;Termo de Contrato - Serviços;1;Art. 22 - Inciso I Lei Federal  8.666/93;4;Concorrência;30/08/2016 00:00;27/11/2016 00:00;28/11/2016 00:00;0;0;90;108202,17;0;108202,17;0;E;9;umental;2014;20;22;Secretaria Municipal de Infra-Estrutura Urbana e Obras;;;41;SEM REAJUSTE;;;;15/08/2016 00:00;17/08/2016 00:00;65;;;;;6,0182E+15;S;;;;Execução de serviços gerais de manutenção previstos na ATA DE REGISTRO DE PREÇOS nº 020/SIURB/2014 - AGRUPAMENTO  020  -  Subprefeitura Perus - SP/PR,  com fornecimento de materiais de primeira linha e mão-de-obra especializada para execução de serviços gerais de manutenção preventiva, corretiva, reparações, adaptações e modificações, no (a) CEO - CENTRO DE ESPECIALIDADES ODONTOLÓGICOS JARDIM ROSINHA.;;22;Secretaria Municipal de Infra-Estrutura Urbana e Obras;10;Gabinete do Secretário;109011,88;0;90;0;0;109011,88;109011,88;0;108202,17;809,71;0;0;108202,17;108202,17;809,71;109011,88;0;108202,17;809,71;0;0;108202,17;108202,17;809,71;0;0;0;0;0;0;0;0;0;0;0;0;0;0;0;0;0;0;0;84.10.10.302.3003.3.101.44905100.00.0;99;Outras Obras e Instalações;99;Outras Obras e Instalações;51;Obras e Instalações;0
241852;18393;2016;86;Fundo Municipal de Saneamento Ambiental e Infraestrutura;22;;2;Termo de Contrato - Serviços;1;Art. 22 - Inciso I Lei Federal  8.666/93;4;Concorrência;18/07/2013 00:00;29/08/2016 00:00;29/08/2016 00:00;0;0;1139;862433,27;156780,81;846045,98;137566,73;A;9;umental;-1;-1;;;;;2;ESTRUTURA GERAL;;;;16/07/2013 00:00;17/07/2013 00:00;56;;;;;2,01302E+11;P;;;;CT - 039/SIURB/2013 - PRA Lote 2;;86;Fundo Municipal de Saneamento Ambiental e Infraestrutura;22;;862433,27;0;1139;0;156780,81;1019214,08;1019214,08;0;983612,71;0;35601,37;0;983612,71;983612,71;35601,37;862433,27;0;846045,98;0;16387,29;0;846045,98;846045,98;35601,37;156780,81;0;137566,73;0;19214,08;0;137566,73;137566,73;0;0;0;0;0;0;0;0;0;0;0;86.22.17.451.3008.5.013.44905100.03.0;99;Outras Obras e Instalações;99;Outras Obras e Instalações;51;Obras e Instalações;35601,37
241847;18388;2016;86;Fundo Municipal de Saneamento Ambiental e Infraestrutura;22;;2;Termo de Contrato - Serviços;1;Art. 22 - Inciso I Lei Federal  8.666/93;4;Concorrência;18/07/2013 00:00;29/08/2016 00:00;29/08/2016 00:00;0;0;1139;862433,28;0;0;0;R;9;umental;-1;-1;;;;;2;ESTRUTURA GERAL;;;;16/07/2013 00:00;17/07/2013 00:00;56;;;;;2,01302E+11;P;;;;CT - 039/SIURB/2013 -;;86;Fundo Municipal de Saneamento Ambiental e Infraestrutura;22;;862433,28;0;1139;0;0;862433,28;862433,28;0;0;0;862433,28;0;0;0;0;862433,28;0;0;0;862433,28;0;0;0;0;0;0;0;0;0;0;0;0;0;0;0;0;0;0;0;0;0;0;0;;;;;;;;862433,28
243071;19461;2016;22;Secretaria Municipal de Infra-Estrutura Urbana e Obras;10;Gabinete do Secretário;2;Termo de Contrato - Serviços;1;Art. 22 - Inciso I Lei Federal  8.666/93;4;Concorrência;01/08/2016 00:00;29/10/2016 00:00;29/10/2016 00:00;0;0;90;58206,09;0;58169,32;0;E;9;umental;2014;27;22;Secretaria Municipal de Infra-Estrutura Urbana e Obras;;;41;SEM REAJUSTE;;;;11/07/2016 00:00;12/07/2016 00:00;61;;;;007/SIURB/14;6,0182E+15;S;;;;Execução de serviços gerais de manutenção previstos na ATA DE REGISTRO DE PREÇOS nº 027/SIURB/2014 - AGRUPAMENTO  027  -  Subprefeitura Sé - SP/SE,  com fornecimento de materiais de primeira linha e mão-de-obra especializada para execução de serviços gerais de manutenção preventiva, corretiva, reparações, adaptações e modificações, no (a) SMS/GABINTE (AR CONDICIONADO), situado na Rua General Jardim, 36 - Vila Buarque -  São Paulo/SP.;;22;Secretaria Municipal de Infra-Estrutura Urbana e Obras;10;Gabinete do Secretário;58206,09;0;90;0;0;58206,09;58206,09;0;58169,32;36,77;0;0;58169,32;58169,32;58242,86;58206,09;0;58169,32;36,77;0;0;58169,32;58169,32;58242,86;0;0;0;0;0;0;0;0;0;0;0;0;0;0;0;0;0;0;0;84.10.10.302.3003.3.101.44905100.00.0;99;Outras Obras e Instalações;99;Outras Obras e Instalações;51;Obras e Instalações;0
242612;19048;2016;22;Secretaria Municipal de Infra-Estrutura Urbana e Obras;10;Gabinete do Secretário;2;Termo de Contrato - Serviços;1;Art. 22 - Inciso I Lei Federal  8.666/93;4;Concorrência;01/08/2016 00:00;29/10/2016 00:00;29/10/2016 00:00;0;0;90;532045,48;0;527110,13;0;E;9;umental;2014;32;22;Secretaria Municipal de Infra-Estrutura Urbana e Obras;;;41;SEM REAJUSTE;;;;11/07/2016 00:00;12/07/2016 00:00;61;;;;032SIURB/2014;6,0182E+15;S;;;;Execução de serviços gerais de manutenção previstos na ATA DE REGISTRO DE PREÇOS nº 032/SIURB/2014 - AGRUPAMENTO  032  -  Subprefeitura Sapopemba - SP/SP,  com fornecimento de materiais de primeira linha e mão-de-obra especializada para execução de serviços gerais de manutenção preventiva, corretiva, reparações, adaptações e modificações, no (a) UBS JARDIM SAPOPEMBA;;22;Secretaria Municipal de Infra-Estrutura Urbana e Obras;10;Gabinete do Secretário;532045,48;0;90;0;0;532045,48;532045,48;0;527110,13;4935,35;0;0;527110,13;527110,13;4935,35;532045,48;0;527110,13;4935,35;0;0;527110,13;527110,13;4935,35;0;0;0;0;0;0;0;0;0;0;0;0;0;0;0;0;0;0;0;84.10.10.302.3003.3.101.44905100.00.0;99;Outras Obras e Instalações;99;Outras Obras e Instalações;51;Obras e Instalações;0
243163;19549;2016;22;Secretaria Municipal de Infra-Estrutura Urbana e Obras;10;Gabinete do Secretário;2;Termo de Contrato - Serviços;1;Art. 22 - Inciso I Lei Federal  8.666/93;4;Concorrência;01/08/2016 00:00;29/10/2016 00:00;29/10/2016 00:00;0;0;90;139806,06;0;136102,37;0;A;9;umental;2014;11;22;Secretaria Municipal de Infra-Estrutura Urbana e Obras;;;41;SEM REAJUSTE;;;;13/07/2016 00:00;15/07/2016 00:00;104;;;;007/SIURB/2014;2,01501E+11;P;;;;Execução de serviços gerais de manutenção do Centro de Especialidade Odontologia Visconde de Itaunas.;;22;Secretaria Municipal de Infra-Estrutura Urbana e Obras;10;Gabinete do Secretário;139806,06;0;90;0;0;139806,06;139806,06;0;136102,37;0;3703,69;0;136102,37;136102,37;3703,69;139806,06;0;136102,37;0;3703,69;0;136102,37;136102,37;3703,69;0;0;0;0;0;0;0;0;0;0;0;0;0;0;0;0;0;0;0;84.10.10.302.3003.3.101.44905100.00.0;99;Outras Obras e Instalações;99;Outras Obras e Instalações;51;Obras e Instalações;3703,69
243772;20075;2016;22;Secretaria Municipal de Infra-Estrutura Urbana e Obras;10;Gabinete do Secretário;2;Termo de Contrato - Serviços;1;Art. 22 - Inciso I Lei Federal  8.666/93;4;Concorrência;01/08/2016 00:00;29/10/2016 00:00;29/10/2016 00:00;0;0;90;10994,94;0;10828,88;0;E;9;umental;2014;27;22;Secretaria Municipal de Infra-Estrutura Urbana e Obras;;;41;SEM REAJUSTE;;;;21/07/2016 00:00;22/07/2016 00:00;83;;;;007/SIURB/2014;6,0652E+15;S;;;;Execução de serviços gerais de manutenção previstos na ATA DE REGISTRO DE PREÇOS nº 027/SIURB/2014 - AGRUPAMENTO  027  -  Subprefeitura Sé - SP/SE,  com fornecimento de materiais de primeira linha e mão-de-obra especializada para execução de serviços gerais de manutenção preventiva, corretiva, reparações, adaptações e modificações, no (a) EDIFICIO GRANDE SÃO PAULO TÉRREO - (SMPED), situado na Rua Libero Badaró,  nº 425 - São Paulo/SP.;;22;Secretaria Municipal de Infra-Estrutura Urbana e Obras;10;Gabinete do Secretário;10994,94;0;90;0;0;10994,94;10994,94;0;10828,88;166,06;0;0;10828,88;10828,88;166,06;10994,94;0;10828,88;166,06;0;0;10828,88;10828,88;166,06;0;0;0;0;0;0;0;0;0;0;0;0;0;0;0;0;0;0;0;36.10.14.242.3012.2.803.33903900.00.0;16;Manutenção e Conservação de Bens Imóveis;17;Manutenção e Conservação de Bens Imóveis;39;Outros Serviços de Terceiros - Pessoa Jurídica;0
243701;20035;2016;22;Secretaria Municipal de Infra-Estrutura Urbana e Obras;10;Gabinete do Secretário;2;Termo de Contrato - Serviços;1;Art. 22 - Inciso I Lei Federal  8.666/93;4;Concorrência;01/08/2016 00:00;29/10/2016 00:00;29/10/2016 00:00;0;0;90;199747,79;0;199742,94;0;E;9;umental;2014;23;22;Secretaria Municipal de Infra-Estrutura Urbana e Obras;;;41;SEM REAJUSTE;;;;06/07/2016 00:00;09/07/2016 00:00;102;;;;007/SIURB/2014;6,0292E+15;S;;;;Execução de serviços gerais de manutenção previstos na ATA DE REGISTRO DE PREÇOS nº 023/SIURB/2014 - AGRUPAMENTO  023  -  Subprefeitura Santana /Tucuruvi - SP/ST,  com fornecimento de materiais de primeira linha e mão-de-obra especializada para execução de serviços gerais de manutenção preventiva, corretiva, reparações, adaptações e modificações, no (a) COMANDO OPERACIONAL NORTE E INSPETORIA REGIONAL DE SANTANA, situada na Praça Heróis da FEB, s/nº - Santana - São Paulo/SP.;;22;Secretaria Municipal de Infra-Estrutura Urbana e Obras;10;Gabinete do Secretário;199747,79;0;90;0;0;199747,79;199747,79;0;199742,94;4,85;0;0;199742,94;199742,94;4,85;199747,79;0;199742,94;4,85;0;0;199742,94;199742,94;4,85;0;0;0;0;0;0;0;0;0;0;0;0;0;0;0;0;0;0;0;38.10.06.181.3013.2.192.33903900.00.0;16;Manutenção e Conservação de Bens Imóveis;17;Manutenção e Conservação de Bens Imóveis;39;Outros Serviços de Terceiros - Pessoa Jurídica;0
243172;19558;2016;22;Secretaria Municipal de Infra-Estrutura Urbana e Obras;10;Gabinete do Secretário;2;Termo de Contrato - Serviços;1;Art. 22 - Inciso I Lei Federal  8.666/93;4;Concorrência;01/08/2016 00:00;29/10/2016 00:00;29/10/2016 00:00;0;0;90;122556,95;0;122018,15;0;A;9;umental;2014;12;22;Secretaria Municipal de Infra-Estrutura Urbana e Obras;;;41;SEM REAJUSTE;;;;13/07/2016 00:00;15/07/2016 00:00;105;;;;007/SIURB/2014;2,01502E+11;P;;;;Execução de serviços gerais de manutenção na UBS Jardim Camargo Novo - SP/IT.;;22;Secretaria Municipal de Infra-Estrutura Urbana e Obras;10;Gabinete do Secretário;122556,95;0;90;0;0;122556,95;122556,95;0;122018,15;0;538,8;0;122018,15;122018,15;538,8;122556,95;0;122018,15;0;538,8;0;122018,15;122018,15;538,8;0;0;0;0;0;0;0;0;0;0;0;0;0;0;0;0;0;0;0;84.10.10.302.3003.3.101.44905100.00.0;99;Outras Obras e Instalações;99;Outras Obras e Instalações;51;Obras e Instalações;538,8
246618;22539;2016;22;Secretaria Municipal de Infra-Estrutura Urbana e Obras;10;Gabinete do Secretário;2;Termo de Contrato - Serviços;1;Art. 22 - Inciso I Lei Federal  8.666/93;4;Concorrência;31/08/2016 00:00;28/11/2016 00:00;29/11/2016 00:00;0;0;90;128950,68;0;128950,68;0;E;9;umental;2014;22;22;Secretaria Municipal de Infra-Estrutura Urbana e Obras;;;41;SEM REAJUSTE;;;;22/08/2016 00:00;23/08/2016 00:00;87;;;;07/14/siurb;6,0182E+15;S;;;;Execução de serviços gerais de manutenção previstos na ATA DE REGISTRO DE PREÇOS nº 022/SIURB/2014 - AGRUPAMENTO  022  -  Subprefeitura Pirituba/Jaraguá - SP/PJ,  com fornecimento de materiais de primeira linha e mão-de-obra especializada para execução de serviços gerais de manutenção preventiva, corretiva, reparações, adaptações e modificações, no (a) CEO - CENTRO DE ESPECIALIDADES ODONTOLÓGICAS JARDIM RINCÃO situado na Estrada da Cachoeira, 154 - Jaraguá - São Paulo/SP.;;22;Secretaria Municipal de Infra-Estrutura Urbana e Obras;10;Gabinete do Secretário;129505;0;90;0;0;129505;129505;0;128950,68;554,32;0;0;128950,68;128950,68;130059,32;129505;0;128950,68;554,32;0;0;128950,68;128950,68;130059,32;0;0;0;0;0;0;0;0;0;0;0;0;0;0;0;0;0;0;0;84.10.10.302.3003.3.101.44905100.00.0;99;Outras Obras e Instalações;4;Remanejamento de Interferências;51;Obras e Instalações;0
254276;29222;2016;22;Secretaria Municipal de Infra-Estrutura Urbana e Obras;10;Gabinete do Secretário;2;Termo de Contrato - Serviços;7;Art. 24 - Inciso I Lei Federal  8.666/93;6;Dispensa de Licitação;15/12/2016 00:00;29/12/2016 00:00;29/12/2016 00:00;0;0;15;4800;0;4800;0;A;9;umental;-1;-1;;;;;41;SEM REAJUSTE;;;;28/11/2016 00:00;01/12/2016 00:00;80;;;;DL;2,01502E+11;P;;;;Dispensa de Licitação - Prestação de serviços técnico-profissionais para execução de levantamento topográfico para implantação da CAPS AD III - Tietê - Zaki Narchi - SP/MG.;;22;Secretaria Municipal de Infra-Estrutura Urbana e Obras;10;Gabinete do Secretário;4800;0;15;0;0;4800;4800;0;4800;0;0;0;4800;4800;0;4800;0;4800;0;0;0;4800;4800;0;0;0;0;0;0;0;0;0;0;0;0;0;0;0;0;0;0;0;0;84.10.10.301.3003.3.364.44905100.02.0;89;Obras em Andamento - Uso Comum do Povo;1;Hospitais e similares;51;Obras e Instalações;0
254277;29223;2016;22;Secretaria Municipal de Infra-Estrutura Urbana e Obras;10;Gabinete do Secretário;2;Termo de Contrato - Serviços;7;Art. 24 - Inciso I Lei Federal  8.666/93;6;Dispensa de Licitação;15/12/2016 00:00;29/12/2016 00:00;29/12/2016 00:00;0;0;15;5753,15;0;5753,15;0;A;9;umental;-1;-1;;;;;41;SEM REAJUSTE;;;;28/11/2016 00:00;01/12/2016 00:00;80;;;;DL;2,01402E+11;P;;;;Dispensa de Licitação - Prestação de serviços técnico-profissionais para execução de levantamento topográfico para implantação do CAPS AD III - Cidade Tiradentes - SP/CT.;;22;Secretaria Municipal de Infra-Estrutura Urbana e Obras;10;Gabinete do Secretário;5753,15;0;15;0;0;5753,15;5753,15;0;5753,15;0;0;0;5753,15;5753,15;5753,15;5753,15;0;5753,15;0;0;0;5753,15;5753,15;5753,15;0;0;0;0;0;0;0;0;0;0;0;0;0;0;0;0;0;0;0;84.10.10.301.3003.3.364.44905100.02.0;89;Obras em Andamento - Uso Comum do Povo;2;Escolas e similares;51;Obras e Instalações;0
238463;15451;2016;22;Secretaria Municipal de Infra-Estrutura Urbana e Obras;10;Gabinete do Secretário;2;Termo de Contrato - Serviços;8;Art. 24 Inciso II da lei Federal 8.666/93;6;Dispensa de Licitação;01/10/2016 00:00;29/12/2016 00:00;29/12/2016 00:00;0;0;90;70463,26;0;65802,07;0;S;9;umental;-1;-1;;;;;26;CONSULTORIA;;;;08/06/2016 00:00;10/06/2016 00:00;61;;;;;2,016E+11;P;;;;Contratação, através da Ata de Registro de Preços nº008/COHAB-SP/2015, para investigação Preliminar para as Ruas Amaro Cavalheiro e Eugênio de Medeiros e Investigação Confirmatória para a Rua Butantã, áreas estas localizadas no perímetro da Operação Urbana Consórcioada Faria Lima.;;22;Secretaria Municipal de Infra-Estrutura Urbana e Obras;10;Gabinete do Secretário;70463,26;0;90;0;0;70463,26;70463,26;0;65802,07;0;4661,19;0;65802,07;65802,07;70463,26;70463,26;0;65802,07;0;4661,19;0;65802,07;65802,07;70463,26;0;0;0;0;0;0;0;0;0;0;0;0;0;0;0;0;0;0;0;37.50.15.451.3009.5.100.44903900.08.0;99;Outros Serviços de Terceiros - Pessoa Jurídica;99;Outros Serviços de Terceiros - Pessoa Jurídica;39;Outros Serviços de Terceiros - Pessoa Jurídica;4661,19
241366;17959;2016;22;Secretaria Municipal de Infraestrutura Urbana e Obras;10;Gabinete do Secretário;2;Termo de Contrato - Serviços;7;Art. 24 - Inciso I Lei Federal  8.666/93;6;Dispensa de Licitação;05/12/2018 00:00;29/12/2018 00:00;29/12/2018 00:00;0;0;25;9033,85;0;9033,85;0;A;9;umental;-1;-1;;;;;41;SEM REAJUSTE;;;;29/06/2016 00:00;02/07/2016 00:00;59;;;;DL;2,01402E+11;P;;;;Dispensa de Licitação - Prestação de serviços técnico-profissionais para execução de levantamento topográfico e cadastramento arbóreo para construção da UBS Sepetiba - SP/LA.;;22;Secretaria Municipal de Infraestrutura Urbana e Obras;10;Gabinete do Secretário;9033,85;0;25;0;0;9033,85;9033,85;0;9033,85;0;0;0;9033,85;9033,85;9033,85;9033,85;0;9033,85;0;0;0;9033,85;9033,85;9033,85;0;0;0;0;0;0;0;0;0;0;0;0;0;0;0;0;0;0;0;84.10.10.301.3003.3.367.44905100.02.0;89;Obras em Andamento - Uso Comum do Povo;1;Hospitais e similares;51;Obras e Instalações;0
227774;6132;2016;22;Secretaria Municipal de Infra-Estrutura Urbana e Obras;10;Gabinete do Secretário;5;Nota de Empenho Fornecimento de Bens de Consumo e/ou Permanente;7;Art. 24 - Inciso I Lei Federal  8.666/93;6;Dispensa de Licitação;21/03/2016 00:00;30/03/2016 00:00;30/03/2016 00:00;0;0;10;7215,94;0;7215,94;0;A;1;;-1;-1;;;;;41;SEM REAJUSTE;;;;18/03/2016 00:00;19/03/2016 00:00;104;;;;;2,01303E+11;P;;;;Desap - Prolongamento da Av. Chucri Zaidan até Av. João Dias.;;22;Secretaria Municipal de Infra-Estrutura Urbana e Obras;10;Gabinete do Secretário;7215,94;0;10;0;0;7215,94;7215,94;0;7215,94;0;0;0;7215,94;7215,94;0;7215,94;0;7215,94;0;0;0;7215,94;7215,94;0;0;0;0;0;0;0;0;0;0;0;0;0;0;0;0;0;0;0;0;37.30.15.451.3009.5.100.44906100.08.0;99;Outras Aquisições de Bens Imóveis;1;Desapropriações;61;Aquisição de Imóveis;0
227775;6133;2016;22;Secretaria Municipal de Infra-Estrutura Urbana e Obras;10;Gabinete do Secretário;5;Nota de Empenho Fornecimento de Bens de Consumo e/ou Permanente;7;Art. 24 - Inciso I Lei Federal  8.666/93;6;Dispensa de Licitação;21/03/2016 00:00;30/03/2016 00:00;30/03/2016 00:00;0;0;10;15236,3;0;15236,3;0;A;1;;-1;-1;;;;;41;SEM REAJUSTE;;;;18/03/2016 00:00;19/03/2016 00:00;104;;;;;2,01302E+11;P;;;;Desap - Prolongamento da Av. Chucri Zaidan até Av. João Dias.;;22;Secretaria Municipal de Infra-Estrutura Urbana e Obras;10;Gabinete do Secretário;15236,3;0;10;0;0;15236,3;15236,3;0;15236,3;0;0;0;15236,3;15236,3;0;15236,3;0;15236,3;0;0;0;15236,3;15236,3;0;0;0;0;0;0;0;0;0;0;0;0;0;0;0;0;0;0;0;0;37.30.15.451.3009.5.100.44906100.08.0;99;Outras Aquisições de Bens Imóveis;1;Desapropriações;61;Aquisição de Imóveis;0
241482;18072;2016;22;Secretaria Municipal de Infra-Estrutura Urbana e Obras;10;Gabinete do Secretário;5;Nota de Empenho Fornecimento de Bens de Consumo e/ou Permanente;36;Art. 25 - Inciso I Lei Federal  8.666/93;7;Inexigibilidade;01/07/2016 00:00;30/06/2017 00:00;30/06/2017 00:00;0;0;364;770,4;0;770,4;0;E;9;umental;-1;-1;;;;;41;SEM REAJUSTE;;;;01/07/2016 00:00;02/07/2016 00:00;59;;;;;6,0222E+15;S;;;;Assinatura anual do jornal Valor Econômico - 01/07/2016 a 30/06/2016;;22;Secretaria Municipal de Infra-Estrutura Urbana e Obras;10;Gabinete do Secretário;770,4;0;364;0;0;770,4;770,4;0;770,4;0;0;0;770,4;770,4;0;770,4;0;770,4;0;0;0;770,4;770,4;0;0;0;0;0;0;0;0;0;0;0;0;0;0;0;0;0;0;0;0;22.10.15.122.3024.2.100.33903900.00.0;1;Assinatura de Periódicos e Anuidades;99;Outras Assinaturas de Periódicos e Anuidades;39;Outros Serviços de Terceiros - Pessoa Jurídica;0
241342;17935;2016;22;Secretaria Municipal de Infra-Estrutura Urbana e Obras;10;Gabinete do Secretário;5;Nota de Empenho Fornecimento de Bens de Consumo e/ou Permanente;36;Art. 25 - Inciso I Lei Federal  8.666/93;7;Inexigibilidade;01/07/2016 00:00;30/06/2017 00:00;30/06/2017 00:00;0;0;364;1111,5;0;1111,5;0;E;9;umental;-1;-1;;;;;41;SEM REAJUSTE;;;;01/07/2016 00:00;02/07/2016 00:00;59;;;;;6,0222E+15;S;;;;Assinatura anual do jornal O Estado de São Paulo - 2016/2017;;22;Secretaria Municipal de Infra-Estrutura Urbana e Obras;10;Gabinete do Secretário;1111,5;0;364;0;0;1111,5;1111,5;0;1111,5;0;0;0;1111,5;1111,5;0;1111,5;0;1111,5;0;0;0;1111,5;1111,5;0;0;0;0;0;0;0;0;0;0;0;0;0;0;0;0;0;0;0;0;22.10.15.122.3024.2.100.33903900.00.0;1;Assinatura de Periódicos e Anuidades;99;Outras Assinaturas de Periódicos e Anuidades;39;Outros Serviços de Terceiros - Pessoa Jurídica;0
251292;26652;2016;22;Secretaria Municipal de Infra-Estrutura Urbana e Obras;10;Gabinete do Secretário;5;Nota de Empenho Fornecimento de Bens de Consumo e/ou Permanente;8;Art. 24 Inciso II da lei Federal 8.666/93;6;Dispensa de Licitação;01/08/2016 00:00;30/08/2016 00:00;30/08/2016 00:00;0;0;30;219395,4;0;179172,91;0;A;9;umental;-1;-1;;;;;41;SEM REAJUSTE;;;;06/10/2016 00:00;08/10/2016 00:00;77;;;;;2,01602E+11;P;;;;Autorização para empenho de recursos - Operação Urbana Água Espraiada;;22;Secretaria Municipal de Infra-Estrutura Urbana e Obras;10;Gabinete do Secretário;219395,4;0;30;0;0;219395,4;219395,4;0;179172,91;0;40222,49;0;179172,91;179172,91;40222,49;219395,4;0;179172,91;0;40222,49;0;179172,91;179172,91;40222,49;0;0;0;0;0;0;0;0;0;0;0;0;0;0;0;0;0;0;0;37.50.15.451.3009.5.100.44903900.08.0;99;Outros Serviços de Terceiros - Pessoa Jurídica;99;Outros Serviços de Terceiros - Pessoa Jurídica;39;Outros Serviços de Terceiros - Pessoa Jurídica;40222,49
236378;13617;2016;22;Secretaria Municipal de Infra-Estrutura Urbana e Obras;10;Gabinete do Secretário;2;Termo de Contrato - Serviços;1;Art. 22 - Inciso I Lei Federal  8.666/93;4;Concorrência;01/06/2016 00:00;29/08/2016 00:00;30/08/2016 00:00;0;0;90;48150,64;0;48150,64;0;E;9;umental;2014;20;22;Secretaria Municipal de Infra-Estrutura Urbana e Obras;;;41;SEM REAJUSTE;;;;13/05/2016 00:00;14/05/2016 00:00;83;;;;;6,0162E+15;S;;;;SP/PR - MANUTENÇÃO DO CEU PARQUE ANHANGUERA - UNICEU;;22;Secretaria Municipal de Infra-Estrutura Urbana e Obras;10;Gabinete do Secretário;48477,41;0;90;0;0;48477,41;48477,41;0;48150,64;326,77;0;0;48150,64;48150,64;326,77;48477,41;0;48150,64;326,77;0;0;48150,64;48150,64;326,77;0;0;0;0;0;0;0;0;0;0;0;0;0;0;0;0;0;0;0;16.10.12.128.3010.2.802.33903900.00.0;16;Manutenção e Conservação de Bens Imóveis;16;Pequenas Reformas - Outros Imóveis;39;Outros Serviços de Terceiros - Pessoa Jurídica;0
234960;12368;2016;22;Secretaria Municipal de Infra-Estrutura Urbana e Obras;10;Gabinete do Secretário;2;Termo de Contrato - Serviços;1;Art. 22 - Inciso I Lei Federal  8.666/93;4;Concorrência;19/05/2016 00:00;08/05/2018 00:00;30/09/2026 00:00;0;0;719;115446516,4;87215211,01;92814509,69;41195018,19;A;9;umental;-1;-1;;;;;2;ESTRUTURA GERAL;006/SIURB/2016;SOUZA COMPEC ENGEN;01/05/2016 00:00;09/05/2016 00:00;10/05/2016 00:00;50;06/05/2022 00:00;14/05/2022 00:00;103;010/006/2016/2022;2,01601E+11;P;2488;Alexandre M. Cobra;SEI 056275454;Concorrência nº078150120 - Contratação de empresa especializada em engenharia ou consórcio de empresas para elaboração dos projetos executivos e execução das obras de requalificação da Av. Santo Amaro / Reforma do corredor de ônibus Santo Amaro - Trecho Av. Presidente Juscelino Kubitschek até Av. dos Bandeirantes.;;22;Secretaria Municipal de Infra-Estrutura Urbana e Obras;10;Gabinete do Secretário;58699504,35;0;719;56747012,02;87215211,01;202661727,4;202661727,4;0;134009527,9;0;68652199,5;6874365,84;127135162;127135162;176215032,2;115446516,4;0;92814509,69;0;22632006,68;5874365,84;86940143,85;86940143,85;133425104,7;87215211,01;0;41195018,19;0;46020192,82;1000000;40195018,19;40195018,19;42789927,52;0;0;64,58;0;0;0;0;0;3067;0;37.50.15.451.3022.3.352.44905100.08.0;89;Obras em Andamento - Uso Comum do Povo;19;Sistemas Viários;51;Obras e Instalações;68652199,5
243148;19534;2016;22;Secretaria Municipal de Infra-Estrutura Urbana e Obras;10;Gabinete do Secretário;2;Termo de Contrato - Serviços;1;Art. 22 - Inciso I Lei Federal  8.666/93;4;Concorrência;01/08/2016 00:00;29/10/2016 00:00;30/10/2016 00:00;0;0;90;121524,78;0;121524,78;0;E;9;umental;2014;9;22;Secretaria Municipal de Infra-Estrutura Urbana e Obras;;;41;SEM REAJUSTE;;;;13/07/2016 00:00;15/07/2016 00:00;104;;;;007/SIURB/14;6,0182E+15;S;;;;Execução de serviços gerais de manutenção previstos na ATA DE REGISTRO DE PREÇOS nº 009/SIURB/2014 - AGRUPAMENTO  009  -  Subprefeitura FREGUESIA / BRASILÂNDIA - SP/FB,  com fornecimento de materiais de primeira linha e mão-de-obra especializada para execução de serviços gerais de manutenção preventiva, corretiva, reparações, adaptações e modificações, no (a) UBS JARDIM GUANABARA, situado na Av. Ministro Petrônio Portela,  nº 663 -  São Paulo - SP.;;22;Secretaria Municipal de Infra-Estrutura Urbana e Obras;10;Gabinete do Secretário;121968,8;0;90;0;0;121968,8;121968,8;0;121524,78;444,02;0;0;121524,78;121524,78;122412,82;121968,8;0;121524,78;444,02;0;0;121524,78;121524,78;122412,82;0;0;0;0;0;0;0;0;0;0;0;0;0;0;0;0;0;0;0;84.10.10.302.3003.3.101.44905100.00.0;99;Outras Obras e Instalações;99;Outras Obras e Instalações;51;Obras e Instalações;0
243108;19497;2016;22;Secretaria Municipal de Infra-Estrutura Urbana e Obras;10;Gabinete do Secretário;2;Termo de Contrato - Serviços;1;Art. 22 - Inciso I Lei Federal  8.666/93;4;Concorrência;01/08/2016 00:00;29/10/2016 00:00;30/10/2016 00:00;0;0;90;20324,29;0;20324,29;0;E;9;umental;2014;8;22;Secretaria Municipal de Infra-Estrutura Urbana e Obras;;;41;SEM REAJUSTE;;;;11/07/2016 00:00;12/07/2016 00:00;85;;;;007/SIURB/2014;6,0182E+15;S;;;;Execução de serviços gerais de manutenção previstos na ATA DE REGISTRO DE PREÇOS nº 008/SIURB/2014 - AGRUPAMENTO  008  -  Subprefeitura Ermelino  Matarazzo - SP/EM,  com fornecimento de materiais de primeira linha e mão-de-obra especializada para execução de serviços gerais de manutenção preventiva, corretiva, reparações, adaptações e modificações, no (a) AE VILA PARANAGUÁ, situada na Rua José Goes Nogueira, 70 - Vila Paranaguá- São Paulo/SP.;;22;Secretaria Municipal de Infra-Estrutura Urbana e Obras;10;Gabinete do Secretário;21315,48;0;90;0;0;21315,48;21315,48;0;20324,29;991,19;0;0;20324,29;20324,29;22306,67;21315,48;0;20324,29;991,19;0;0;20324,29;20324,29;22306,67;0;0;0;0;0;0;0;0;0;0;0;0;0;0;0;0;0;0;0;84.10.10.302.3003.3.101.44905100.00.0;99;Outras Obras e Instalações;99;Outras Obras e Instalações;51;Obras e Instalações;0
243111;19500;2016;22;Secretaria Municipal de Infra-Estrutura Urbana e Obras;10;Gabinete do Secretário;2;Termo de Contrato - Serviços;1;Art. 22 - Inciso I Lei Federal  8.666/93;4;Concorrência;01/08/2016 00:00;29/10/2016 00:00;30/10/2016 00:00;0;0;90;569985,86;0;569985,86;0;E;9;umental;2014;14;22;Secretaria Municipal de Infra-Estrutura Urbana e Obras;;;41;SEM REAJUSTE;;;;11/07/2016 00:00;12/07/2016 00:00;85;;;;007/SIURB/2014;6,0182E+15;S;;;;Execução de serviços gerais de manutenção previstos na ATA DE REGISTRO DE PREÇOS nº 014/SIURB/2014 - AGRUPAMENTO  014  -  Subprefeitura Jabaquara - SP/JA,  com fornecimento de materiais de primeira linha e mão-de-obra especializada para execução de serviços gerais de manutenção preventiva, corretiva, reparações, adaptações e modificações, no (a) UBS/AMA DR GERALDO DA SILVA FERREIRA, situada na Av. Eng. Armando de Arruda Pereira, 2944 - Parque Jabaquara - São Paulo/SP.;;22;Secretaria Municipal de Infra-Estrutura Urbana e Obras;10;Gabinete do Secretário;596983,78;0;90;0;0;596983,78;596983,78;0;569985,86;26997,92;0;0;569985,86;569985,86;623981,7;596983,78;0;569985,86;26997,92;0;0;569985,86;569985,86;623981,7;0;0;0;0;0;0;0;0;0;0;0;0;0;0;0;0;0;0;0;84.10.10.302.3003.3.101.44905100.00.0;99;Outras Obras e Instalações;99;Outras Obras e Instalações;51;Obras e Instalações;0
243062;19456;2016;22;Secretaria Municipal de Infra-Estrutura Urbana e Obras;10;Gabinete do Secretário;2;Termo de Contrato - Serviços;1;Art. 22 - Inciso I Lei Federal  8.666/93;4;Concorrência;01/08/2016 00:00;29/10/2016 00:00;30/10/2016 00:00;0;0;90;352012,11;0;352012,11;0;E;9;umental;14;23;22;Secretaria Municipal de Infra-Estrutura Urbana e Obras;;;41;SEM REAJUSTE;;;;13/07/2016 00:00;15/07/2016 00:00;61;;;;007/SIURB/14;6,0182E+15;S;;;;Execução de serviços gerais de manutenção previstos na ATA DE REGISTRO DE PREÇOS nº 023/SIURB/2014 - AGRUPAMENTO  023  -  Subprefeitura SANTANA / TUCURUVI - SP/ST,  com fornecimento de materiais de primeira linha e mão-de-obra especializada para execução de serviços gerais de manutenção preventiva, corretiva, reparações, adaptações e modificações, no (a) CER II TUCURUVI,situado na Avenida Zaki Narchi, 357 - Santana - São Paulo/SP.;;22;Secretaria Municipal de Infra-Estrutura Urbana e Obras;10;Gabinete do Secretário;353478,23;0;90;0;0;353478,23;353478,23;0;352012,11;1466,12;0;0;352012,11;352012,11;1466,12;353478,23;0;352012,11;1466,12;0;0;352012,11;352012,11;1466,12;0;0;0;0;0;0;0;0;0;0;0;0;0;0;0;0;0;0;0;84.10.10.302.3003.3.101.44905100.00.0;99;Outras Obras e Instalações;99;Outras Obras e Instalações;51;Obras e Instalações;0
242629;19063;2016;22;Secretaria Municipal de Infra-Estrutura Urbana e Obras;10;Gabinete do Secretário;2;Termo de Contrato - Serviços;1;Art. 22 - Inciso I Lei Federal  8.666/93;4;Concorrência;01/08/2016 00:00;29/10/2016 00:00;30/10/2016 00:00;0;0;90;88392,76;0;88392,76;0;E;9;umental;2014;5;22;Secretaria Municipal de Infra-Estrutura Urbana e Obras;;;41;SEM REAJUSTE;;;;11/07/2016 00:00;12/07/2016 00:00;61;;;;007/14/siurb;6,0182E+15;S;;;;Execução de serviços gerais de manutenção previstos na ATA DE REGISTRO DE PREÇOS nº 005/SIURB/2014 - AGRUPAMENTO  005  -  Subprefeitura Casa Verde / Cachoeirinha - SP/CV,  com fornecimento de materiais de primeira linha e mão-de-obra especializada para execução de serviços gerais de manutenção preventiva, corretiva, reparações, adaptações e modificações, no (a) HOSPITAL MUNICIPAL E MATERNIDADE ESCOLA DR. MARIO DE MORAES ALTENFELDER DA SILVA.;;22;Secretaria Municipal de Infra-Estrutura Urbana e Obras;10;Gabinete do Secretário;97290,39;0;90;0;0;97290,39;97290,39;0;88392,76;8897,63;0;0;88392,76;88392,76;8897,63;97290,39;0;88392,76;8897,63;0;0;88392,76;88392,76;8897,63;0;0;0;0;0;0;0;0;0;0;0;0;0;0;0;0;0;0;0;84.10.10.302.3003.3.101.44905100.00.0;99;Outras Obras e Instalações;99;Outras Obras e Instalações;51;Obras e Instalações;0
242571;19010;2016;22;Secretaria Municipal de Infra-Estrutura Urbana e Obras;10;Gabinete do Secretário;2;Termo de Contrato - Serviços;1;Art. 22 - Inciso I Lei Federal  8.666/93;4;Concorrência;01/08/2016 00:00;29/10/2016 00:00;30/10/2016 00:00;0;0;90;288418,21;0;288418,21;0;E;9;umental;2014;1;22;Secretaria Municipal de Infra-Estrutura Urbana e Obras;;;41;SEM REAJUSTE;;;;11/07/2016 00:00;12/07/2016 00:00;61;;;;;6,0162E+15;S;;;;Execução de serviços gerais de manutenção previstos na ATA DE REGISTRO DE PREÇOS nº 001/SIURB/2014 - AGRUPAMENTO  001  -  Subprefeitura Aricanduva / Formosa / Carrão - SP/AF,  com fornecimento de materiais de primeira linha e mão-de-obra especializada para execução de serviços gerais de manutenção preventiva, corretiva, reparações, adaptações e modificações, no (a) EMEI NEYL GOMEZ MARTIN.;;22;Secretaria Municipal de Infra-Estrutura Urbana e Obras;10;Gabinete do Secretário;299996,91;0;90;0;0;299996,91;299996,91;0;288418,21;11578,7;0;0;288418,21;288418,21;11578,7;299996,91;0;288418,21;11578,7;0;0;288418,21;288418,21;11578,7;0;0;0;0;0;0;0;0;0;0;0;0;0;0;0;0;0;0;0;16.10.12.368.3010.2.822.33903900.00.0;16;Manutenção e Conservação de Bens Imóveis;12;Pequenas Reformas - Escolas de Educação Infantil;39;Outros Serviços de Terceiros - Pessoa Jurídica;0
243705;20038;2016;22;Secretaria Municipal de Infra-Estrutura Urbana e Obras;10;Gabinete do Secretário;2;Termo de Contrato - Serviços;1;Art. 22 - Inciso I Lei Federal  8.666/93;4;Concorrência;01/08/2016 00:00;29/10/2016 00:00;30/10/2016 00:00;0;0;90;78699,67;0;78699,67;0;E;9;umental;2014;24;22;Secretaria Municipal de Infra-Estrutura Urbana e Obras;;;41;SEM REAJUSTE;;;;19/07/2016 00:00;21/07/2016 00:00;86;;;;007/SIURB/2014;6,0182E+15;S;;;;Execução de serviços gerais de manutenção previstos na ATA DE REGISTRO DE PREÇOS nº 024/SIURB/2014 - AGRUPAMENTO  024  -  Subprefeitura Santo Amaro - SP/SA,  com fornecimento de materiais de primeira linha e mão-de-obra especializada para execução de serviços gerais de manutenção preventiva, corretiva, reparações, adaptações e modificações, no (a) CR DST/AIDS SANTO AMARO, situado, naRua Carlos Gomes. 695 - Santo Amaro - São Paulo/SP.;;22;Secretaria Municipal de Infra-Estrutura Urbana e Obras;10;Gabinete do Secretário;78720,18;0;90;0;0;78720,18;78720,18;0;78699,67;20,51;0;0;78699,67;78699,67;20,51;78720,18;0;78699,67;20,51;0;0;78699,67;78699,67;20,51;0;0;0;0;0;0;0;0;0;0;0;0;0;0;0;0;0;0;0;84.10.10.302.3003.3.101.44905100.00.0;99;Outras Obras e Instalações;99;Outras Obras e Instalações;51;Obras e Instalações;0
236366;13605;2016;22;Secretaria Municipal de Infra-Estrutura Urbana e Obras;10;Gabinete do Secretário;2;Termo de Contrato - Serviços;1;Art. 22 - Inciso I Lei Federal  8.666/93;4;Concorrência;01/08/2016 00:00;29/10/2016 00:00;30/10/2016 00:00;0;0;90;57206,74;0;57206,74;0;E;9;umental;2014;32;22;Secretaria Municipal de Infra-Estrutura Urbana e Obras;;;41;SEM REAJUSTE;;;;13/05/2016 00:00;14/05/2016 00:00;83;;;;;6,0162E+15;S;;;;SP/SP - MANUTENÇÃO DA EMEF DEPUTADA IVETE VARGAS;;22;Secretaria Municipal de Infra-Estrutura Urbana e Obras;10;Gabinete do Secretário;59221,84;0;90;0;0;59221,84;59221,84;0;57206,74;2015,1;0;0;57206,74;57206,74;2015,1;59221,84;0;57206,74;2015,1;0;0;57206,74;57206,74;2015,1;0;0;0;0;0;0;0;0;0;0;0;0;0;0;0;0;0;0;0;16.10.12.368.3010.2.822.33903900.00.0;16;Manutenção e Conservação de Bens Imóveis;14;Pequenas Reformas - Escolas de Ensino Fundamental;39;Outros Serviços de Terceiros - Pessoa Jurídica;0
232604;10441;2016;86;Fundo Municipal de Saneamento Ambiental e Infraestrutura;22;FMSAI - Secretaria Municipal de Infraestrutura Urbana e Obras;2;Termo de Contrato - Serviços;8;Art. 24 Inciso II da lei Federal 8.666/93;6;Dispensa de Licitação;17/10/2016 00:00;30/11/2016 00:00;30/11/2016 00:00;0;0;45;252053,69;0;252053,69;0;A;9;umental;-1;-1;;;;;2;ESTRUTURA GERAL;;;;19/04/2016 00:00;20/04/2016 00:00;132;;;;;2,015E+11;P;;;;Remoção de Postes - Córrego Ponte Baixa - Rua Francisco Bento - Etapa XII.;;86;Fundo Municipal de Saneamento Ambiental e Infraestrutura;22;FMSAI - Secretaria Municipal de Infraestrutura Urbana e Obras;252053,69;0;45;0;0;252053,69;252053,69;0;252053,69;0;0;0;252053,69;252053,69;0;252053,69;0;252053,69;0;0;0;252053,69;252053,69;0;0;0;0;0;0;0;0;0;0;0;0;0;0;0;0;0;0;0;0;86.22.17.451.3008.5.013.44905100.03.0;99;Outras Obras e Instalações;99;Outras Obras e Instalações;51;Obras e Instalações;0
246871;22765;2016;22;Secretaria Municipal de Infra-Estrutura Urbana e Obras;10;Gabinete do Secretário;2;Termo de Contrato - Serviços;1;Art. 22 - Inciso I Lei Federal  8.666/93;4;Concorrência;01/09/2016 00:00;29/11/2016 00:00;30/11/2016 00:00;0;0;90;975625,94;0;975625,94;0;E;9;umental;2014;4;22;Secretaria Municipal de Infra-Estrutura Urbana e Obras;;;5;EDIFICAÇÕES EM GERAL;;;;23/08/2016 00:00;24/08/2016 00:00;49;;;;004/SIURB/2014;7,9102E+15;S;;;;AUTÓDROMO JOSE CARLOS PACE - INTERLAGOS - READEQUAÇÃO E MANUTENÇÃO  DA PINTURA;;22;Secretaria Municipal de Infra-Estrutura Urbana e Obras;10;Gabinete do Secretário;975703,78;0;90;0;0;975703,78;975703,78;0;975625,94;77,84;0;0;975625,94;975625,94;77,84;975703,78;0;975625,94;77,84;0;0;975625,94;975625,94;77,84;0;0;0;0;0;0;0;0;0;0;0;0;0;0;0;0;0;0;0;22.10.27.813.3015.1.109.44905100.00.0;92;Instalações;99;Outras Instalações;51;Obras e Instalações;0
246861;22755;2016;22;Secretaria Municipal de Infra-Estrutura Urbana e Obras;10;Gabinete do Secretário;2;Termo de Contrato - Serviços;1;Art. 22 - Inciso I Lei Federal  8.666/93;4;Concorrência;01/09/2016 00:00;29/11/2016 00:00;30/11/2016 00:00;0;0;90;924222,04;0;924222,04;0;E;9;umental;2014;4;22;Secretaria Municipal de Infra-Estrutura Urbana e Obras;;;5;EDIFICAÇÕES EM GERAL;;;;23/08/2016 00:00;24/08/2016 00:00;61;;;;004/SIURB/2014;7,9102E+15;S;;;;MANUTENÇÃO  AUTODROMO - INSTALAÇÕES;;22;Secretaria Municipal de Infra-Estrutura Urbana e Obras;10;Gabinete do Secretário;925229,29;0;90;0;0;925229,29;925229,29;0;924222,04;1007,25;0;0;924222,04;924222,04;1007,25;925229,29;0;924222,04;1007,25;0;0;924222,04;924222,04;1007,25;0;0;0;0;0;0;0;0;0;0;0;0;0;0;0;0;0;0;0;22.10.27.813.3015.1.109.44905100.00.0;92;Instalações;99;Outras Instalações;51;Obras e Instalações;0
246642;22562;2016;22;Secretaria Municipal de Infra-Estrutura Urbana e Obras;10;Gabinete do Secretário;2;Termo de Contrato - Serviços;1;Art. 22 - Inciso I Lei Federal  8.666/93;4;Concorrência;01/09/2016 00:00;29/11/2016 00:00;30/11/2016 00:00;0;0;90;195960,73;0;195960,73;0;E;9;umental;2014;21;22;Secretaria Municipal de Infra-Estrutura Urbana e Obras;;;41;SEM REAJUSTE;;;;22/08/2016 00:00;23/08/2016 00:00;87;;;;07/14/SIURB;7,9102E+15;S;;;;Execução de serviços gerais de manutenção previstos na ATA DE REGISTRO DE PREÇOS nº 021/SIURB/2014 - AGRUPAMENTO  021  -  Subprefeitura Pinheiros - SP/PI,  com fornecimento de materiais de primeira linha e mão-de-obra especializada para execução de serviços gerais de manutenção preventiva, corretiva, reparações, adaptações e modificações, no (a) RUA FUNCHAL, situada nas Ruas  Gomes de Carvalho X Rua São Tomé -  Pinheiros -  São Paulo- SP.;;22;Secretaria Municipal de Infra-Estrutura Urbana e Obras;10;Gabinete do Secretário;198671,66;0;90;0;0;198671,66;198671,66;0;195960,73;2710,93;0;0;195960,73;195960,73;2710,93;198671,66;0;195960,73;2710,93;0;0;195960,73;195960,73;2710,93;0;0;0;0;0;0;0;0;0;0;0;0;0;0;0;0;0;0;0;37.50.15.451.3022.3.352.44905100.08.0;89;Obras em Andamento - Uso Comum do Povo;19;Sistemas Viários;51;Obras e Instalações;0
;;;;;;;;;;;;;;;;;;;;;;;;;;;;;;;;;;;;;;;;;;;;;;;;;;;;;;;;;;;;;;;;;;;;;;;;;;;;;;;;;;;;;;;;;;;;;;;;;;;;;;;;;
227779;6136;2016;22;Secretaria Municipal de Infra-Estrutura Urbana e Obras;10;Gabinete do Secretário;5;Nota de Empenho Fornecimento de Bens de Consumo e/ou Permanente;36;Art. 25 - Inciso I Lei Federal  8.666/93;7;Inexigibilidade;01/04/2016 00:00;31/03/2017 00:00;31/03/2017 00:00;0;0;365;768;0;768;0;E;9;umental;-1;-1;;;;;41;SEM REAJUSTE;;Fátima Antunes;01/03/2016 00:00;17/03/2016 00:00;18/03/2016 00:00;81;;;;;6,0222E+15;S;;;;Renovação de Assinatura para Uso da Divisão Técnica de Orçamento - EDIF-2 - período de 01/04/2016 a 31/03/2017 - Penalidades: De acordo com a legislação vigente;;22;Secretaria Municipal de Infra-Estrutura Urbana e Obras;10;Gabinete do Secretário;768;0;365;0;0;768;768;0;768;0;0;0;768;768;768;768;0;768;0;0;0;768;768;768;0;0;0;0;0;0;0;0;0;0;0;0;0;0;0;0;0;0;0;22.10.15.122.3024.2.100.33903900.00.0;1;Assinatura de Periódicos e Anuidades;2;Assinaturas de Revistas;39;Outros Serviços de Terceiros - Pessoa Jurídica;0
230800;8758;2016;22;Secretaria Municipal de Infra-Estrutura Urbana e Obras;10;Gabinete do Secretário;2;Termo de Contrato - Serviços;1;Art. 22 - Inciso I Lei Federal  8.666/93;4;Concorrência;02/05/2016 00:00;30/07/2016 00:00;31/07/2016 00:00;0;0;90;11478,55;0;11478,55;0;E;9;umental;2014;27;22;Secretaria Municipal de Infra-Estrutura Urbana e Obras;;;41;SEM REAJUSTE;;;;06/04/2016 00:00;08/04/2016 00:00;195;;;;2052016;6,0172E+15;S;;;;SP/SÉ - MANUTENÇÃO DO EDIFÍCIO MATARAZZO - LAYOUT DAS SALAS DO 10º ANDAR;;22;Secretaria Municipal de Infra-Estrutura Urbana e Obras;10;Gabinete do Secretário;11540,43;0;90;0;0;11540,43;11540,43;0;11478,55;61,88;0;0;11478,55;11478,55;61,88;11540,43;0;11478,55;61,88;0;0;11478,55;11478,55;61,88;0;0;0;0;0;0;0;0;0;0;0;0;0;0;0;0;0;0;0;17.10.04.122.3024.2.100.33903900.00.0;16;Manutenção e Conservação de Bens Imóveis;17;Manutenção e Conservação de Bens Imóveis;39;Outros Serviços de Terceiros - Pessoa Jurídica;0
234855;12271;2016;22;Secretaria Municipal de Infra-Estrutura Urbana e Obras;10;Gabinete do Secretário;2;Termo de Contrato - Serviços;1;Art. 22 - Inciso I Lei Federal  8.666/93;4;Concorrência;02/05/2016 00:00;31/07/2016 00:00;31/07/2016 00:00;0;0;90;0;0;0;0;E;9;umental;2014;26;22;Secretaria Municipal de Infra-Estrutura Urbana e Obras;;;41;SEM REAJUSTE;;;;02/05/2016 00:00;07/05/2016 00:00;125;;;;;6,0182E+15;S;;;;SMS/SIURB/EDIF - EXECUÇÃO DE OBRA - LABORATÓRIO MUNICIPAL DE SAÚDE PÚBLICA DE SÃO MIGUEL PAULISTA - SP/MP;;22;Secretaria Municipal de Infra-Estrutura Urbana e Obras;10;Gabinete do Secretário;255445,92;0;90;0;0;255445,92;255445,92;0;0;255445,92;0;0;0;0;403828,98;255445,92;0;0;255445,92;0;0;0;0;403828,98;0;0;0;0;0;0;0;0;0;0;0;0;0;0;0;0;0;0;0;84.10.10.302.3003.3.101.44905100.00.0;99;Outras Obras e Instalações;99;Outras Obras e Instalações;51;Obras e Instalações;0
231451;9353;2016;22;Secretaria Municipal de Infra-Estrutura Urbana e Obras;10;Gabinete do Secretário;2;Termo de Contrato - Serviços;1;Art. 22 - Inciso I Lei Federal  8.666/93;4;Concorrência;02/05/2016 00:00;30/07/2016 00:00;31/07/2016 00:00;0;0;90;33032,68;0;33032,68;0;E;9;umental;2014;32;22;Secretaria Municipal de Infra-Estrutura Urbana e Obras;;;41;SEM REAJUSTE;;;;13/04/2016 00:00;14/04/2016 00:00;233;;;;;6,0162E+15;S;;;;SP/SP - MANUTENÇÃO DO CEU SAPOPEMBA - DORA MANCINI - UNICEU;;22;Secretaria Municipal de Infra-Estrutura Urbana e Obras;10;Gabinete do Secretário;33606,29;0;90;0;0;33606,29;33606,29;0;33032,68;573,61;0;0;33032,68;33032,68;573,61;33606,29;0;33032,68;573,61;0;0;33032,68;33032,68;573,61;0;0;0;0;0;0;0;0;0;0;0;0;0;0;0;0;0;0;0;16.10.12.128.3010.2.802.33903900.00.0;16;Manutenção e Conservação de Bens Imóveis;16;Pequenas Reformas - Outros Imóveis;39;Outros Serviços de Terceiros - Pessoa Jurídica;0
231453;9355;2016;22;Secretaria Municipal de Infra-Estrutura Urbana e Obras;10;Gabinete do Secretário;2;Termo de Contrato - Serviços;1;Art. 22 - Inciso I Lei Federal  8.666/93;4;Concorrência;02/05/2016 00:00;30/07/2016 00:00;31/07/2016 00:00;0;0;90;59754,65;0;59754,65;0;E;9;umental;2014;3;22;Secretaria Municipal de Infra-Estrutura Urbana e Obras;;;41;SEM REAJUSTE;;;;13/04/2016 00:00;14/04/2016 00:00;233;;;;;6,0162E+15;S;;;;SP/CL - MANUTENÇÃO DO CEU FEITIÇO DA VILA - UNICEU;;22;Secretaria Municipal de Infra-Estrutura Urbana e Obras;10;Gabinete do Secretário;60049,18;0;90;0;0;60049,18;60049,18;0;59754,65;294,53;0;0;59754,65;59754,65;294,53;60049,18;0;59754,65;294,53;0;0;59754,65;59754,65;294,53;0;0;0;0;0;0;0;0;0;0;0;0;0;0;0;0;0;0;0;16.10.12.128.3010.2.802.33903900.00.0;16;Manutenção e Conservação de Bens Imóveis;16;Pequenas Reformas - Outros Imóveis;39;Outros Serviços de Terceiros - Pessoa Jurídica;0
243461;19817;2016;22;Secretaria Municipal de Infra-Estrutura Urbana e Obras;10;Gabinete do Secretário;2;Termo de Contrato - Serviços;1;Art. 22 - Inciso I Lei Federal  8.666/93;4;Concorrência;01/08/2016 00:00;31/07/2017 00:00;31/07/2017 00:00;0;0;364;93452057,92;18500000;84481312,91;6600312,2;A;9;umental;-1;-1;;;;;3;ESCOLAS;;;;19/07/2016 00:00;20/07/2016 00:00;95;;;;009/15/SIURB;2,01503E+11;P;;;;EXECUÇÃO  DE  SERVIÇOS E OBRAS PARA CONSTRUÇÃO DE  TERRITÓRIOS  CEU's - Lote 05;;22;Secretaria Municipal de Infra-Estrutura Urbana e Obras;10;Gabinete do Secretário;81864460,86;0;364;11587597,06;18500000;111952057,9;111952057,9;0;91081625,11;0;20870432,81;0;91081625,11;91081625,11;40509244,87;93452057,92;0;84481312,91;0;8970745,01;0;84481312,91;84481312,91;36091179,38;18500000;0;6600312,2;0;11899687,8;0;6600312,2;6600312,2;4418065,49;0;0;28,96;14,8;0;0;0;0;0;0;16.10.12.122.3010.3.360.44905100.00.0;89;Obras em Andamento - Uso Comum do Povo;2;Escolas e similares;51;Obras e Instalações;20870432,81
244547;20779;2016;22;Secretaria Municipal de Infra-Estrutura Urbana e Obras;10;Gabinete do Secretário;2;Termo de Contrato - Serviços;39;Não Aplicável;8;Não Aplicável;01/08/2016 00:00;31/07/2017 00:00;31/07/2017 00:00;0;0;365;1235560,92;0;0;0;N;9;umental;2016;4;15;Secretaria Municipal  de Modernização, Gestão e Desburocratização;;;41;SEM REAJUSTE;;;;28/07/2016 00:00;29/07/2016 00:00;61;;;;;6,0222E+15;S;;;;ATA de RP 004/SMG-COBES/2016 - prestação de Serviços por Instituição especializada em Adm. de Programa de Estágio;;22;Secretaria Municipal de Infra-Estrutura Urbana e Obras;10;Gabinete do Secretário;1235560,92;0;365;0;0;1235560,92;1235560,92;0;0;1235560,92;0;0;0;0;96259,65;1235560,92;0;0;1235560,92;0;0;0;0;96259,65;0;0;0;0;0;0;0;0;0;0;0;0;0;0;0;0;0;0;0;22.10.15.122.3024.2.100.33503900.00.0;1;Auxílios a Pessoas Físicas;1;Concessão de auxílio-transporte a estagiários;39;Outros Serviços de Terceiros - Pessoa Jurídica;0
244949;21143;2016;22;Secretaria Municipal de Infra-Estrutura Urbana e Obras;10;Gabinete do Secretário;2;Termo de Contrato - Serviços;39;Não Aplicável;8;Não Aplicável;01/08/2016 00:00;31/07/2017 00:00;31/07/2017 00:00;0;0;365;7359,65;0;0;0;N;9;umental;2016;4;13;Secretaria Municipal de Gestão;;;41;SEM REAJUSTE;;Patricia G. Ortega Cardereli;13/07/2016 00:00;28/07/2016 00:00;29/07/2016 00:00;61;;;;;6,0222E+15;S;;;;ATA de RP 004/SMG-COBES/2016 - prestação de Serviços por Instituição especializada em Adm. dePrograma de Estágio;;22;Secretaria Municipal de Infra-Estrutura Urbana e Obras;10;Gabinete do Secretário;7359,65;0;365;0;0;7359,65;7359,65;0;0;7359,65;0;0;0;0;7359,65;7359,65;0;0;7359,65;0;0;0;0;7359,65;0;0;0;0;0;0;0;0;0;0;0;0;0;0;0;0;0;0;0;22.10.15.122.3024.2.100.33503900.00.0;99;Outros Serviços de Terceiros - Pessoa Jurídica;10;Taxa de Administração - Estagiário;39;Outros Serviços de Terceiros - Pessoa Jurídica;0
246171;22160;2016;22;Secretaria Municipal de Infra-Estrutura Urbana e Obras;10;Gabinete do Secretário;2;Termo de Contrato - Serviços;1;Art. 22 - Inciso I Lei Federal  8.666/93;4;Concorrência;01/08/2016 00:00;31/07/2017 00:00;31/07/2017 00:00;0;0;364;95920840,51;14000000;90498845,23;10176679,05;A;9;umental;-1;-1;;;;;3;ESCOLAS;;;;19/07/2015 00:00;20/07/2015 00:00;95;;;;009/2015/SIURB;2,01503E+11;P;;;;EXECUÇÃO DE SERVIÇOS E OBRAS PARA CONSTRUÇÃO DA DE TERRITÓRIOS CEUS - LOTE 07;;22;Secretaria Municipal de Infra-Estrutura Urbana e Obras;10;Gabinete do Secretário;78728786,45;0;364;17192054,06;14000000;109920840,5;109920840,5;0;100675524,3;0;9245316,23;0;100675524,3;100675524,3;27763446,72;95920840,51;0;90498845,23;0;5421995,28;0;90498845,23;90498845,23;26695566,27;14000000;0;10176679,05;0;3823320,95;0;10176679,05;10176679,05;1067880,45;0;0;21,84;0;0;0;0;0;0;0;16.10.12.122.3010.3.360.44905100.00.0;89;Obras em Andamento - Uso Comum do Povo;2;Escolas e similares;51;Obras e Instalações;9245316,23
244947;21142;2016;22;Secretaria Municipal de Infra-Estrutura Urbana e Obras;10;Gabinete do Secretário;2;Termo de Contrato - Serviços;39;Não Aplicável;8;Não Aplicável;01/08/2016 00:00;31/07/2017 00:00;31/07/2017 00:00;0;0;365;507457,4;0;0;0;N;12;;2016;4;13;Secretaria Municipal de Gestão;;;41;SEM REAJUSTE;;;;28/07/2016 00:00;29/07/2016 00:00;61;;;;;6,0222E+15;S;;;;ATA de RP 004/SMG-COBES/2016 - prestação de Serviços por Instituição especializada em Adm. dePrograma de Estágio;;22;Secretaria Municipal de Infra-Estrutura Urbana e Obras;10;Gabinete do Secretário;507457,4;0;365;0;0;507457,4;507457,4;0;0;507457,4;0;0;0;0;507457,4;507457,4;0;0;507457,4;0;0;0;0;507457,4;0;0;0;0;0;0;0;0;0;0;0;0;0;0;0;0;0;0;0;22.10.15.122.3024.2.100.33503900.00.0;1;Auxílios a Pessoas Físicas;1;Concessão de auxílio-transporte a estagiários;39;Outros Serviços de Terceiros - Pessoa Jurídica;0
235260;12641;2016;22;Secretaria Municipal de Infra-Estrutura Urbana e Obras;10;Gabinete do Secretário;2;Termo de Contrato - Serviços;6;Lei Federal 10.520/02;12;Pregão;04/07/2016 00:00;31/10/2016 00:00;31/10/2016 00:00;0;0;120;742468,39;0;702812,03;0;A;9;umental;-1;-1;;;;;2;ESTRUTURA GERAL;;;;11/05/2016 00:00;12/05/2016 00:00;67;;;;;2,01601E+11;P;;;;Contratação de empresa para instalaçao e implantação do mobiliário urbano,Largo da Batata, fase 3, conforme descrição do Termo de Referência e Memorial descritivo.;;22;Secretaria Municipal de Infra-Estrutura Urbana e Obras;10;Gabinete do Secretário;742468,39;0;120;0;0;742468,39;742468,39;0;702812,03;0;39656,36;0;702812,03;702812,03;39656,36;742468,39;0;702812,03;0;39656,36;0;702812,03;702812,03;39656,36;0;0;0;0;0;0;0;0;0;0;0;0;0;0;0;0;0;0;0;37.50.15.451.3022.3.352.44905100.08.0;99;Outras Obras e Instalações;99;Outras Obras e Instalações;51;Obras e Instalações;39656,36
249643;25216;2016;22;Secretaria Municipal de Infra-Estrutura Urbana e Obras;10;Gabinete do Secretário;2;Termo de Contrato - Serviços;7;Art. 24 - Inciso I Lei Federal  8.666/93;6;Dispensa de Licitação;07/12/2016 00:00;31/12/2016 00:00;31/12/2016 00:00;0;0;25;14715,62;0;10964,04;0;A;9;umental;-1;-1;;;;;41;SEM REAJUSTE;;;;22/09/2016 00:00;23/09/2016 00:00;57;;;;DL;2,01402E+11;P;;;;Dispensa de Licitação - Prestação de serviços técnico-profissionais de sondagem e parecer técnico de fundações para construção da UBS Coronel Bento Bicudo - SP/LA;;22;Secretaria Municipal de Infra-Estrutura Urbana e Obras;10;Gabinete do Secretário;14715,62;0;25;0;0;14715,62;14715,62;0;10964,04;0;3751,58;0;10964,04;10964,04;3751,58;14715,62;0;10964,04;0;3751,58;0;10964,04;10964,04;3751,58;0;0;0;0;0;0;0;0;0;0;0;0;0;0;0;0;0;0;0;84.10.10.301.3003.3.367.44905100.02.0;89;Obras em Andamento - Uso Comum do Povo;1;Hospitais e similares;51;Obras e Instalações;3751,58
249219;24842;2016;22;Secretaria Municipal de Infra-Estrutura Urbana e Obras;10;Gabinete do Secretário;2;Termo de Contrato - Serviços;1;Art. 22 - Inciso I Lei Federal  8.666/93;4;Concorrência;03/10/2016 00:00;31/12/2016 00:00;31/12/2016 00:00;0;0;90;49999,27;0;49167,07;0;E;9;umental;2014;32;22;Secretaria Municipal de Infra-Estrutura Urbana e Obras;;;41;SEM REAJUSTE;;;;15/09/2016 00:00;17/09/2016 00:00;89;;;;07/SIURB/2014;6,0162E+15;S;;;;Execução de serviços gerais de manutenção previstos na ATA DE REGISTRO DE PREÇOS nº 032/SIURB/2014 - AGRUPAMENTO  032  -  Subprefeitura Sapopemba - SP/SB,  com fornecimento de materiais de primeira linha e mão-de-obra especializada para execução de serviços gerais de manutenção preventiva, corretiva, reparações, adaptações e modificações, no (a) CEU ROSA DA CHINA, situada na Rua Clara Petrela, nº 113 - Sapopemba - São Paulo/SP.;;22;Secretaria Municipal de Infra-Estrutura Urbana e Obras;10;Gabinete do Secretário;49999,27;0;90;0;0;49999,27;49999,27;0;49167,07;832,2;0;0;49167,07;49167,07;832,2;49999,27;0;49167,07;832,2;0;0;49167,07;49167,07;832,2;0;0;0;0;0;0;0;0;0;0;0;0;0;0;0;0;0;0;0;16.23.12.368.3010.1.628.44903900.00.0;99;Outros Serviços de Terceiros - Pessoa Jurídica;99;Outros Serviços de Terceiros - Pessoa Jurídica;39;Outros Serviços de Terceiros - Pessoa Jurídica;0
244972;21161;2016;22;Secretaria Municipal de Infra-Estrutura Urbana e Obras;10;Gabinete do Secretário;5;Nota de Empenho Fornecimento de Bens de Consumo e/ou Permanente;8;Art. 24 Inciso II da lei Federal 8.666/93;6;Dispensa de Licitação;01/08/2016 00:00;31/12/2016 00:00;31/12/2016 00:00;0;0;153;4036163,45;0;1449230,85;0;A;9;umental;-1;-1;;;;;26;CONSULTORIA;;;;01/08/2016 00:00;03/08/2016 00:00;56;;;;;2,011E+11;P;;;;Empenho de Recursos - Intervenções no Sistema viário - Operação Urbana Água Espraiada;;22;Secretaria Municipal de Infra-Estrutura Urbana e Obras;10;Gabinete do Secretário;4036163,45;0;153;0;0;4036163,45;4036163,45;0;1449230,85;0;2586932,6;0;1449230,85;1449230,85;2586932,6;4036163,45;0;1449230,85;0;2586932,6;0;1449230,85;1449230,85;2586932,6;0;0;0;0;0;0;0;0;0;0;0;0;0;0;0;0;0;0;0;37.30.15.451.3009.5.100.44903900.08.0;99;Outros Serviços de Terceiros - Pessoa Jurídica;99;Outros Serviços de Terceiros - Pessoa Jurídica;39;Outros Serviços de Terceiros - Pessoa Jurídica;2586932,6
253396;28446;2016;22;Secretaria Municipal de Infra-Estrutura Urbana e Obras;10;Gabinete do Secretário;5;Nota de Empenho Fornecimento de Bens de Consumo e/ou Permanente;36;Art. 25 - Inciso I Lei Federal  8.666/93;7;Inexigibilidade;01/01/2017 00:00;31/12/2017 00:00;31/12/2017 00:00;0;0;364;768;0;0;0;E;9;umental;-1;-1;;;;;41;SEM REAJUSTE;;FATIMA ANTUNES;20/09/2016 00:00;17/11/2016 00:00;19/11/2016 00:00;;;;;;6,0222E+15;S;115977;SILVIA MARIA S. G. PEREIRA;;contratação direta por inexigibilidade de licitação, para assinatura anual da Revista Construção Mercado da EDITORA PSE LTDA.;;22;Secretaria Municipal de Infra-Estrutura Urbana e Obras;10;Gabinete do Secretário;768;0;364;0;0;768;768;0;0;768;0;0;0;0;768;768;0;0;768;0;0;0;0;768;0;0;0;0;0;0;0;0;0;0;0;0;0;0;0;0;0;0;0;22.10.15.122.3024.2.100.33903900.00.0;1;Assinatura de Periódicos e Anuidades;2;Assinaturas de Revistas;39;Outros Serviços de Terceiros - Pessoa Jurídica;0
246682;22594;2016;86;Fundo Municipal de Saneamento Ambiental e Infraestrutura;22;;2;Termo de Contrato - Serviços;1;Art. 22 - Inciso I Lei Federal  8.666/93;4;Concorrência;;;;0;0;510;800000;0;0;0;A;9;umental;-1;-1;;;;;2;ESTRUTURA GERAL;;;;12/08/2015 00:00;14/08/2015 00:00;83;;;;;2,01404E+11;P;;;;CT - 066/SIURB/2015 - Paraguaia Éguas;;86;Fundo Municipal de Saneamento Ambiental e Infraestrutura;22;;800000;0;;0;0;800000;800000;0;0;0;800000;0;0;0;800000;800000;0;0;0;800000;0;0;0;800000;0;0;0;0;0;0;0;0;0;0;0;0;0;0;0;0;0;0;0;86.22.17.451.3008.5.013.44905100.03.0;89;Obras em Andamento - Uso Comum do Povo;22;Canalização de Córregos;51;Obras e Instalações;800000
225781;4340;2016;22;Secretaria Municipal de Infra-Estrutura Urbana e Obras;10;Gabinete do Secretário;2;Termo de Contrato - Serviços;1;Art. 22 - Inciso I Lei Federal  8.666/93;4;Concorrência;;;;0;0;90;199706,85;0;0;0;E;9;umental;2014;2;22;Secretaria Municipal de Infra-Estrutura Urbana e Obras;;;41;SEM REAJUSTE;;;;07/03/2016 00:00;10/03/2016 00:00;93;;;;;2,01502E+11;P;;;;SP/BT - MANUTENÇÃO DO CEU GESTÃO UIRAPURU;;22;Secretaria Municipal de Infra-Estrutura Urbana e Obras;10;Gabinete do Secretário;199706,85;0;;0;0;199706,85;199706,85;0;0;199706,85;0;0;0;0;199706,85;199706,85;0;0;199706,85;0;0;0;0;199706,85;0;0;0;0;0;0;0;0;0;0;0;0;0;0;0;0;0;0;0;16.10.12.368.3010.2.851.33903900.00.0;16;Manutenção e Conservação de Bens Imóveis;17;Manutenção e Conservação de Bens Imóveis;39;Outros Serviços de Terceiros - Pessoa Jurídica;0
252456;27658;2016;22;Secretaria Municipal de Infra-Estrutura Urbana e Obras;10;Gabinete do Secretário;2;Termo de Contrato - Serviços;3;Art. 22 - Inciso III Lei Federal  8.666/93;2;Convite;;;;0;0;120;33978,73;0;0;0;A;9;umental;-1;-1;;;;;41;SEM REAJUSTE;;;;27/10/2016 00:00;28/10/2016 00:00;151;;;;004/2016/SIURB;2,01401E+11;P;;;;PRESTAÇÃO  DE  SERVIÇOS TÉCNICOS PROFISSIONAIS PARA ELABORAÇÃO DE PROJETO  EXECUTIVO COMPLETO DE COMBATE A INCÊNDIO E OBETENÇÃO DE  AVCB NA INCUBADORA DE PROJETOS SOCIAIS AUTO FINANCIÁVEIS E POLO DE IDOSO;;22;Secretaria Municipal de Infra-Estrutura Urbana e Obras;10;Gabinete do Secretário;33978,73;0;;0;0;33978,73;33978,73;0;0;0;33978,73;0;0;0;33978,73;33978,73;0;0;0;33978,73;0;0;0;33978,73;0;0;0;0;0;0;0;0;0;0;0;0;0;0;0;0;0;0;0;34.10.14.122.3024.2.100.33903900.00.0;5;Serviços Técnicos Profissionais;26;Elaboração de Projetos;39;Outros Serviços de Terceiros - Pessoa Jurídica;33978,73
250574;26045;2016;22;Secretaria Municipal de Infra-Estrutura Urbana e Obras;10;Gabinete do Secretário;2;Termo de Contrato - Serviços;7;Art. 24 - Inciso I Lei Federal  8.666/93;6;Dispensa de Licitação;;;;0;0;25;14249,57;0;0;0;A;9;umental;-1;-1;;;;;41;SEM REAJUSTE;;;;28/09/2016 00:00;01/10/2016 00:00;116;;;;DL;2,01402E+11;P;;;;Dispensa de Licitação - Prestação de serviços técnico-profissionais de sondagem e parecer técnico de fundações para construção da UBS Arlindo Bettio - SP/EM.;;22;Secretaria Municipal de Infra-Estrutura Urbana e Obras;10;Gabinete do Secretário;14249,57;0;;0;0;14249,57;14249,57;0;0;0;14249,57;0;0;0;14249,57;14249,57;0;0;0;14249,57;0;0;0;14249,57;0;0;0;0;0;0;0;0;0;0;0;0;0;0;0;0;0;0;0;84.10.10.301.3003.3.367.44905100.02.0;89;Obras em Andamento - Uso Comum do Povo;1;Hospitais e similares;51;Obras e Instalações;14249,57
250485;25965;2016;22;Secretaria Municipal de Infra-Estrutura Urbana e Obras;10;Gabinete do Secretário;2;Termo de Contrato - Serviços;7;Art. 24 - Inciso I Lei Federal  8.666/93;6;Dispensa de Licitação;;;;0;0;25;14570,99;0;0;0;A;9;umental;-1;-1;;;;;41;SEM REAJUSTE;;;;29/09/2016 00:00;01/10/2016 00:00;116;;;;DL;2,01502E+11;P;;;;Dispensa de Licitação - Prestação de serviços técnico-profissionais de sondagem e parecer técnico de fundações para construção da CAPS AD III Vila Maria / Zaki Narchi - SP/MG.;;22;Secretaria Municipal de Infra-Estrutura Urbana e Obras;10;Gabinete do Secretário;14570,99;0;;0;0;14570,99;14570,99;0;0;0;14570,99;0;0;0;14570,99;14570,99;0;0;0;14570,99;0;0;0;14570,99;0;0;0;0;0;0;0;0;0;0;0;0;0;0;0;0;0;0;0;84.10.10.301.3003.3.367.44905100.02.0;89;Obras em Andamento - Uso Comum do Povo;1;Hospitais e similares;51;Obras e Instalações;14570,99
254041;29019;2016;22;Secretaria Municipal de Infra-Estrutura Urbana e Obras;10;Gabinete do Secretário;2;Termo de Contrato - Serviços;7;Art. 24 - Inciso I Lei Federal  8.666/93;6;Dispensa de Licitação;;;;0;0;45;10886,2;0;0;0;A;9;umental;-1;-1;;;;;41;SEM REAJUSTE;;;;23/11/2016 00:00;26/11/2016 00:00;83;;;;DL;2,01502E+11;P;;;;Dispensa de Licitação - Prestação de serviços técnicos profissionais para execução de levantamento topográfico e cadastramento arbóreo para construção da UBS Integral Jardim Primavera - SP/VP.;;22;Secretaria Municipal de Infra-Estrutura Urbana e Obras;10;Gabinete do Secretário;10886,2;0;;0;0;10886,2;10886,2;0;0;0;10886,2;0;0;0;10886,2;10886,2;0;0;0;10886,2;0;0;0;10886,2;0;0;0;0;0;0;0;0;0;0;0;0;0;0;0;0;0;0;0;84.10.10.301.3003.3.367.44905100.02.0;89;Obras em Andamento - Uso Comum do Povo;1;Hospitais e similares;51;Obras e Instalações;10886,2
251646;26966;2016;22;Secretaria Municipal de Infra-Estrutura Urbana e Obras;10;Gabinete do Secretário;2;Termo de Contrato - Serviços;1;Art. 22 - Inciso I Lei Federal  8.666/93;4;Concorrência;;;;0;0;90;99986,55;0;0;0;E;9;umental;2014;32;22;Secretaria Municipal de Infra-Estrutura Urbana e Obras;;;41;SEM REAJUSTE;;;;18/10/2016 00:00;19/10/2016 00:00;94;;;;;6,0162E+15;S;;;;SP/PJ - MANUTENÇÃO DA EMEFM RUBENS PAIVA;;22;Secretaria Municipal de Infra-Estrutura Urbana e Obras;10;Gabinete do Secretário;99986,55;0;;0;0;99986,55;99986,55;0;0;99986,55;0;0;0;0;99986,55;99986,55;0;0;99986,55;0;0;0;0;99986,55;0;0;0;0;0;0;0;0;0;0;0;0;0;0;0;0;0;0;0;16.10.12.368.3010.2.864.33903900.00.0;16;Manutenção e Conservação de Bens Imóveis;17;Manutenção e Conservação de Bens Imóveis;39;Outros Serviços de Terceiros - Pessoa Jurídica;0
252784;27917;2016;22;Secretaria Municipal de Infra-Estrutura Urbana e Obras;10;Gabinete do Secretário;2;Termo de Contrato - Serviços;7;Art. 24 - Inciso I Lei Federal  8.666/93;6;Dispensa de Licitação;;;;0;0;25;14950,24;0;0;0;A;9;umental;-1;-1;;;;;41;SEM REAJUSTE;;;;06/10/2016 00:00;01/11/2016 00:00;62;;;;DL;2,01402E+11;P;;;;Dispensa de Licitação - Prestação de serviços técnico-profissionais de sondagem e parecer técnico de fundações para construção da CAPS AD III Cidade Tiradentes - SP/CT.;;22;Secretaria Municipal de Infra-Estrutura Urbana e Obras;10;Gabinete do Secretário;14950,24;0;;0;0;14950,24;14950,24;0;0;0;14950,24;0;0;0;14950,24;14950,24;0;0;0;14950,24;0;0;0;14950,24;0;0;0;0;0;0;0;0;0;0;0;0;0;0;0;0;0;0;0;84.10.10.301.3003.3.364.44905100.02.0;89;Obras em Andamento - Uso Comum do Povo;1;Hospitais e similares;51;Obras e Instalações;14950,24
246630;22550;2016;22;Secretaria Municipal de Infra-Estrutura Urbana e Obras;10;Gabinete do Secretário;2;Termo de Contrato - Serviços;1;Art. 22 - Inciso I Lei Federal  8.666/93;4;Concorrência;;;;0;0;90;198671,66;0;0;0;E;9;umental;2014;21;22;Secretaria Municipal de Infra-Estrutura Urbana e Obras;;;41;SEM REAJUSTE;;;;22/08/2016 00:00;23/08/2016 00:00;87;;;;007/14/SIURB;7,9102E+15;S;;;;Execução de serviços gerais de manutenção previstos na ATA DE REGISTRO DE PREÇOS nº 022/SIURB/2014 - AGRUPAMENTO  022  -  Subprefeitura Pirituba/Jaraguá - SP/PJ,  com fornecimento de materiais de primeira linha e mão-de-obra especializada para execução de serviços gerais de manutenção preventiva, corretiva, reparações, adaptações e modificações, no (a) CEO - CENTRO DE ESPECIALIDADES ODONTOLÓGICAS JARDIM RINCÃO situado na Estrada da Cachoeira, 154 - Jaraguá - São Paulo/SP.;;22;Secretaria Municipal de Infra-Estrutura Urbana e Obras;10;Gabinete do Secretário;198671,66;0;;0;0;198671,66;198671,66;0;0;198671,66;0;0;0;0;198671,66;198671,66;0;0;198671,66;0;0;0;0;198671,66;0;0;0;0;0;0;0;0;0;0;0;0;0;0;0;0;0;0;0;37.50.15.451.3022.3.352.44905100.08.0;89;Obras em Andamento - Uso Comum do Povo;19;Sistemas Viários;51;Obras e Instalações;0
246477;22419;2016;22;Secretaria Municipal de Infra-Estrutura Urbana e Obras;10;Gabinete do Secretário;5;Nota de Empenho Fornecimento de Bens de Consumo e/ou Permanente;29;Art. 24 Inciso XXIII da lei Federal 8.666/93;6;Dispensa de Licitação;;;;0;0;45;3817389,05;0;0;0;S;1;;-1;-1;;;;;41;SEM REAJUSTE;;;;19/08/2016 00:00;20/08/2016 00:00;61;;;;;7,9102E+15;S;;;;Contratação da Concessionária AES Eletropaulo, visando a conversão de Rede Aérea para Rede Subterrânea - Rua Eugenio de Medeiros (entre as Ruas Paes Leme e Rua Butantã).;;22;Secretaria Municipal de Infra-Estrutura Urbana e Obras;10;Gabinete do Secretário;3817389,05;0;;0;0;3817389,05;3817389,05;0;0;0;3817389,05;0;0;0;3817389,05;3817389,05;0;0;0;3817389,05;0;0;0;3817389,05;0;0;0;0;0;0;0;0;0;0;0;0;0;0;0;0;0;0;0;37.50.15.451.3022.3.352.44905100.08.0;99;Outras Obras e Instalações;4;Remanejamento de Interferências;51;Obras e Instalações;3817389,05
242818;19232;2016;22;Secretaria Municipal de Infra-Estrutura Urbana e Obras;10;Gabinete do Secretário;2;Termo de Contrato - Serviços;1;Art. 22 - Inciso I Lei Federal  8.666/93;4;Concorrência;;;;0;0;90;1183847,23;0;0;0;R;9;umental;2014;21;22;Secretaria Municipal de Infra-Estrutura Urbana e Obras;;;41;SEM REAJUSTE;;;;14/07/2016 00:00;14/07/2016 00:00;61;;;;007/14/SIURB;7,9102E+15;S;;;;Execução de serviços gerais de manutenção previstos na ATA DE REGISTRO DE PREÇOS nº 021/SIURB/2014 - AGRUPAMENTO  021  -  Subprefeitura Pinheiros - SP/PI,  com fornecimento de materiais de primeira linha e mão-de-obra especializada para execução de serviços gerais de manutenção preventiva, corretiva, reparações, adaptações e modificações, no (a) MANUTENÇÃO E READEQUAÇÃO DA CALÇADA DA RUA COSTA  CARVALHO - PINHEIROS - SÃO PAULO/SP.;;22;Secretaria Municipal de Infra-Estrutura Urbana e Obras;10;Gabinete do Secretário;1183847,23;0;;0;0;1183847,23;1183847,23;0;0;0;1183847,23;0;0;0;0;1183847,23;0;0;0;1183847,23;0;0;0;0;0;0;0;0;0;0;0;0;0;0;0;0;0;0;0;0;0;0;0;;;;;;;;1183847,23
243460;19816;2016;22;Secretaria Municipal de Infra-Estrutura Urbana e Obras;10;Gabinete do Secretário;2;Termo de Contrato - Serviços;1;Art. 22 - Inciso I Lei Federal  8.666/93;4;Concorrência;;;;0;0;180;2162753,12;0;0;0;A;9;umental;-1;-1;;;;;41;SEM REAJUSTE;;;;19/07/2016 00:00;20/07/2016 00:00;95;;;;07/15/SIURB;2,01304E+11;P;;;;Execução de serviços e obras para construção da Casa de Passagem - Rua Estado de Israel x Rua Dr. Bacelar.;;22;Secretaria Municipal de Infra-Estrutura Urbana e Obras;10;Gabinete do Secretário;2162753,12;0;;0;0;2162753,12;2162753,12;0;0;0;2162753,12;0;0;0;5819637,02;2162753,12;0;0;0;2162753,12;0;0;0;5819637,02;0;0;0;0;0;0;0;0;0;0;0;0;0;0;0;0;0;0;0;79.10.14.422.3013.3.412.44905100.02.0;99;Outras Obras e Instalações;99;Outras Obras e Instalações;51;Obras e Instalações;2162753,12
242529;18979;2016;22;Secretaria Municipal de Infra-Estrutura Urbana e Obras;10;Gabinete do Secretário;2;Termo de Contrato - Serviços;1;Art. 22 - Inciso I Lei Federal  8.666/93;4;Concorrência;;;;0;0;360;83021750,73;0;0;0;A;9;umental;-1;-1;;;;;41;SEM REAJUSTE;;;;26/11/2015 00:00;27/11/2015 00:00;113;;;;;2,01403E+11;P;;;;EXECUÇÃO  CEUS LOTE 01;;22;Secretaria Municipal de Infra-Estrutura Urbana e Obras;10;Gabinete do Secretário;83021750,73;0;;0;0;83021750,73;83021750,73;0;0;0;83021750,73;0;0;0;0;83021750,73;0;0;0;83021750,73;0;0;0;0;0;0;0;0;0;0;0;0;0;0;0;0;0;0;0;0;0;0;0;;;;;;;;83021750,73
243480;19831;2016;22;Secretaria Municipal de Infra-Estrutura Urbana e Obras;10;Gabinete do Secretário;2;Termo de Contrato - Serviços;1;Art. 22 - Inciso I Lei Federal  8.666/93;4;Concorrência;;;;0;0;360;89919332,92;0;0;0;A;9;umental;-1;-1;;;;;3;ESCOLAS;;;;19/07/2015 00:00;20/07/2015 00:00;95;;;;009/2015/SIURB;2,01503E+11;P;;;;EXECUÇÃO  DE  SERVIÇOS E OBRAS PARA CONSTRUÇÃO  DA DE TERRITÓRIOS  CEUS - LOTE  06;;22;Secretaria Municipal de Infra-Estrutura Urbana e Obras;10;Gabinete do Secretário;89919332,92;0;;0;0;89919332,92;89919332,92;0;0;0;89919332,92;0;0;0;6500000;89919332,92;0;0;0;89919332,92;0;0;0;6500000;0;0;0;0;0;0;0;0;0;0;0;0;0;0;0;0;0;0;0;16.10.12.122.3010.3.360.44905100.00.0;89;Obras em Andamento - Uso Comum do Povo;2;Escolas e similares;51;Obras e Instalações;89919332,92
238261;15282;2016;22;Secretaria Municipal de Infra-Estrutura Urbana e Obras;10;Gabinete do Secretário;2;Termo de Contrato - Serviços;1;Art. 22 - Inciso I Lei Federal  8.666/93;4;Concorrência;;;;0;0;90;534961,18;0;0;0;A;9;umental;2014;30;22;Secretaria Municipal de Infra-Estrutura Urbana e Obras;;;41;SEM REAJUSTE;;;;02/06/2016 00:00;07/06/2016 00:00;98;;;;;2,01503E+11;P;;;;SP/VM - MANUTENÇÃO DO PREDIO DA CONAE - ESTACIONAMENTO E COBERTURA;;22;Secretaria Municipal de Infra-Estrutura Urbana e Obras;10;Gabinete do Secretário;534961,18;0;;0;0;534961,18;534961,18;0;0;0;534961,18;0;0;0;534961,18;534961,18;0;0;0;534961,18;0;0;0;534961,18;0;0;0;0;0;0;0;0;0;0;0;0;0;0;0;0;0;0;0;16.10.12.122.3024.2.100.33903900.00.0;16;Manutenção e Conservação de Bens Imóveis;17;Manutenção e Conservação de Bens Imóveis;39;Outros Serviços de Terceiros - Pessoa Jurídica;534961,18
234723;12144;2016;22;Secretaria Municipal de Infra-Estrutura Urbana e Obras;10;Gabinete do Secretário;2;Termo de Contrato - Serviços;8;Art. 24 Inciso II da lei Federal 8.666/93;6;Dispensa de Licitação;;;;0;0;90;86592,41;0;0;0;A;9;umental;-1;-1;;;;;26;CONSULTORIA;;;;06/05/2016 00:00;07/05/2016 00:00;103;;;;;2,016E+11;P;;;;Contratação, atráves da Ata de Registro de Preços nº 008/COHAB-SP/2015, da Investigação detalhada e avaliação de risco à saúde humana visando à descontaminação dos terrenos a serem desapropriados em área localizada no perímetro da Operação Urbana Água Branca, para execução da Intervenção 1 - Praça Linear de Ligação entre a Av. Francisco Matarazzo e Rua Tagipuru.;;22;Secretaria Municipal de Infra-Estrutura Urbana e Obras;10;Gabinete do Secretário;86592,41;0;;0;0;86592,41;86592,41;0;0;0;86592,41;0;0;0;86592,41;86592,41;0;0;0;86592,41;0;0;0;86592,41;0;0;0;0;0;0;0;0;0;0;0;0;0;0;0;0;0;0;0;37.20.15.451.3022.3.352.44903900.08.0;99;Outros Serviços de Terceiros - Pessoa Jurídica;99;Outros Serviços de Terceiros - Pessoa Jurídica;39;Outros Serviços de Terceiros - Pessoa Jurídica;86592,41
232657;10491;2016;86;Fundo Municipal de Saneamento Ambiental e Infraestrutura;22;FMSAI - Secretaria Municipal de Infraestrutura Urbana e Obras;2;Termo de Contrato - Serviços;8;Art. 24 Inciso II da lei Federal 8.666/93;6;Dispensa de Licitação;;;;0;0;120;828457,63;0;0;0;A;9;umental;-1;-1;;;;;2;ESTRUTURA GERAL;;;;19/04/2016 00:00;20/04/2016 00:00;132;;;;;2,01501E+11;P;;;;Remoção de poste - Viaduto M'Boi Mirim x Rua Bonifácio de Mont Ferrat.;;86;Fundo Municipal de Saneamento Ambiental e Infraestrutura;22;FMSAI - Secretaria Municipal de Infraestrutura Urbana e Obras;828457,63;0;;0;0;828457,63;828457,63;0;0;0;828457,63;0;0;0;828457,63;828457,63;0;0;0;828457,63;0;0;0;828457,63;0;0;0;0;0;0;0;0;0;0;0;0;0;0;0;0;0;0;0;86.22.17.451.3008.5.013.44905100.03.0;99;Outras Obras e Instalações;99;Outras Obras e Instalações;51;Obras e Instalações;828457,63
